"country","iso_code","year","cfr_estimate","cfr_lower","cfr_upper","cfr_se"
"Angola","AGO",1970,0.0429796484035891,0.0333477188794008,0.0552346342372304,0.134567106349413
"Angola","AGO",1971,0.0458773567556471,0.0365408528982759,0.0574571522206241,0.121060537088957
"Angola","AGO",1972,0.0485554559910098,0.0394926981639488,0.0595689491427828,0.110240281113585
"Angola","AGO",1973,0.0506662136715356,0.041925175018598,0.0611134349602611,0.101295014527593
"Angola","AGO",1974,0.0521997119310276,0.0438985095497955,0.0619689281343848,0.0928147261955521
"Angola","AGO",1975,0.0535666385017961,0.045777821722284,0.0625937449660181,0.0843483157838688
"Angola","AGO",1976,0.0553690452261555,0.0480222985307047,0.0637644590561178,0.076582916287802
"Angola","AGO",1977,0.0580384670114917,0.0509670135110542,0.0660227982165127,0.0701053594004739
"Angola","AGO",1978,0.0615392472200274,0.0546260629879893,0.0692632276887623,0.0645426215298518
"Angola","AGO",1979,0.0652607988175579,0.0585403458360338,0.072693191389363,0.0591016714233973
"Angola","AGO",1980,0.0682263795389278,0.061868618996961,0.0751851172871226,0.053376690880141
"Angola","AGO",1981,0.069651785867416,0.0638753094613324,0.0759082907575258,0.0473291792396171
"Angola","AGO",1982,0.0695336022292527,0.0645138099486074,0.0749127045748624,0.0409751186290426
"Angola","AGO",1983,0.0687509448078273,0.0645434120348961,0.073211296917675,0.0345206179794249
"Angola","AGO",1984,0.0685737930849805,0.065081207648037,0.0722393259253706,0.0285802568081706
"Angola","AGO",1985,0.069989224273226,0.0670180747711744,0.0730817774565844,0.0237594849816912
"Angola","AGO",1986,0.0731997260743287,0.070586228503048,0.0759020873864334,0.01998600156831
"Angola","AGO",1987,0.0773406731019816,0.0750154760858055,0.0797317299765406,0.016858409499143
"Angola","AGO",1988,0.0805472699307587,0.0784411449962929,0.0827048688312183,0.014685524092045
"Angola","AGO",1989,0.080734406015184,0.078687116659273,0.0828301730472147,0.0142397984803806
"Angola","AGO",1990,0.0769681047474312,0.0748691077877088,0.0791209154578799,0.0152659159429147
"Angola","AGO",1991,0.0702920336551274,0.0681730457596698,0.072471762516043,0.0167784763975127
"Angola","AGO",1992,0.0630669602353437,0.0609815417169962,0.0652187417248599,0.018290366496043
"Angola","AGO",1993,0.0575226976589405,0.0554745211089793,0.0596417199526113,0.0196054089728565
"Angola","AGO",1994,0.0548870916042938,0.0528539727760127,0.0569937117751181,0.0203541816122239
"Angola","AGO",1995,0.0553468129569577,0.0533068832806694,0.0574600678704396,0.0202605778645208
"Angola","AGO",1996,0.0581983457113117,0.0561329816601941,0.0603348453091079,0.0195530476853105
"Angola","AGO",1997,0.0618636455105999,0.0597544301675717,0.0640422410200814,0.0188444612093613
"Angola","AGO",1998,0.0641667118644165,0.0620081342144434,0.0663951132723952,0.0186341446142095
"Angola","AGO",1999,0.0633223163619913,0.0611445309713701,0.0655722505200755,0.0190406663839398
"Angola","AGO",2000,0.0590950405259517,0.0569684628086882,0.0612958415369942,0.0198503898657519
"Angola","AGO",2001,0.0528987419911423,0.0509172577506438,0.0549528724089422,0.0205446993442216
"Angola","AGO",2002,0.0466832392253582,0.0449269078352392,0.048504744009842,0.020504561698806
"Angola","AGO",2003,0.0418006901687077,0.0402959929350127,0.0433590359632233,0.0195050634003111
"Angola","AGO",2004,0.0386786938894991,0.0373878164976036,0.0400122883983497,0.0180030248301641
"Angola","AGO",2005,0.0370569540569923,0.0359002582206039,0.0382494397186675,0.0167918509393295
"Angola","AGO",2006,0.036311414257484,0.0352078228280436,0.0374482551414186,0.0163307938624798
"Angola","AGO",2007,0.0357345181150429,0.0346244120030416,0.0368788560989043,0.0166881205384768
"Angola","AGO",2008,0.0348128356089054,0.0336528839495778,0.0360112787020437,0.0179022801945054
"Angola","AGO",2009,0.0334284401218398,0.0322020106499313,0.0346999040320355,0.0197174417586813
"Angola","AGO",2010,0.0318363479582142,0.0305670648022135,0.0331565348437204,0.0214263783555864
"Angola","AGO",2011,0.0304356682068131,0.0291595396871852,0.0317658174518333,0.0225247029657623
"Angola","AGO",2012,0.0295263233102079,0.0282528752173275,0.0308553472708197,0.0231623893808298
"Angola","AGO",2013,0.0291929210330611,0.0279063490095244,0.030536944845992,0.0236716358996415
"Angola","AGO",2014,0.0293152068003093,0.0280106519515744,0.0306786016919368,0.0239104953842608
"Angola","AGO",2015,0.0296540718556106,0.0283512112181654,0.031014893459665,0.0236078926522993
"Angola","AGO",2016,0.0299734091854312,0.0286790417154558,0.031324311224797,0.0232028057891476
"Angola","AGO",2017,0.0301461430980088,0.028823118769316,0.0315279247481751,0.0235930661071905
"Angola","AGO",2018,0.0301795998040747,0.0287881132410004,0.0316361536443761,0.0248149924775957
"Angola","AGO",2019,0.030141555022344,0.0286872261729706,0.0316672088501705,0.025995533839382
"Angola","AGO",2020,0.0300440099191065,0.0285522350171223,0.0316111896869261,0.0267677995881072
"Angola","AGO",2021,0.0297707863636012,0.0282454735271983,0.0313758096405462,0.0276353342687096
"Angola","AGO",2022,0.0291070782291259,0.0275525352895393,0.0307465569563705,0.0288197415920369
"Angola","AGO",2023,0.027869571334933,0.0263340102080208,0.0294919603562115,0.0297206786416249
"Angola","AGO",2024,0.0260549125608624,0.0245974274374694,0.0275963155147919,0.030132565161115
"Angola","AGO",2025,0.0238792974015621,0.0224934146075632,0.025348354092858,0.0312286036399328
"Angola","AGO",2026,0.02165730167433,0.0202729586532262,0.0231339427282462,0.0344228229983258
"Burundi","BDI",1970,0.00756698858705805,0.00496463741248581,0.0115176441293223,0.216364119726178
"Burundi","BDI",1971,0.00907300556029166,0.00622726278895708,0.013201923579605,0.193486933353251
"Burundi","BDI",1972,0.0107789694909862,0.00771622161496167,0.0150389685731281,0.172124228584549
"Burundi","BDI",1973,0.0126072263082894,0.00939825669130029,0.0168931912157766,0.151525829139815
"Burundi","BDI",1974,0.0145294304257823,0.0112821977430762,0.0186936081874076,0.13073464603414
"Burundi","BDI",1975,0.0166378937155946,0.0134625725584545,0.0205465571330659,0.109690438343621
"Burundi","BDI",1976,0.0191365763056478,0.0161045270485874,0.022726293150717,0.0895854665251721
"Burundi","BDI",1977,0.0222429603015388,0.0193635286917899,0.025539423059782,0.072232062805831
"Burundi","BDI",1978,0.0260343159015904,0.0232450861563654,0.0291482438759362,0.0592762460324326
"Burundi","BDI",1979,0.0302981161562159,0.0274467787819076,0.0334354841310574,0.051924916929616
"Burundi","BDI",1980,0.0345087704583157,0.0313551059022093,0.037967194643525,0.0505599218323969
"Burundi","BDI",1981,0.0380632744043919,0.0343736467352476,0.0421316626499478,0.053973464379589
"Burundi","BDI",1982,0.0406943021515711,0.0363427145732938,0.0455423134833684,0.0600103335897581
"Burundi","BDI",1983,0.0427099900557682,0.0376504373937616,0.0484152509812062,0.0670202293851653
"Burundi","BDI",1984,0.0448218084855401,0.0389989238551235,0.0514675391704477,0.074101215803275
"Burundi","BDI",1985,0.0477051621025258,0.0410214856192517,0.055414890458197,0.0805804200023563
"Burundi","BDI",1986,0.051550654724401,0.0439214704594937,0.0604212843650431,0.0858027065226471
"Burundi","BDI",1987,0.0557327233695606,0.0472029448008333,0.0656975892757865,0.089338702226227
"Burundi","BDI",1988,0.0587883255405039,0.0496508481858403,0.0694844649535379,0.0911169393039985
"Burundi","BDI",1989,0.05904974788475,0.0498602933666915,0.0698084204874214,0.0912622823850545
"Burundi","BDI",1990,0.0558148991112137,0.0472232842864406,0.0658615854476734,0.0899041389905769
"Burundi","BDI",1991,0.0500268260483712,0.0425021240346793,0.0588019107453068,0.0871913709391125
"Burundi","BDI",1992,0.0436469696613502,0.0373122332421174,0.051000218724535,0.0833748063635174
"Burundi","BDI",1993,0.0384019239080299,0.0330913733835558,0.0445254738327898,0.0787461075959343
"Burundi","BDI",1994,0.0351036485511131,0.0305359146550119,0.0403262283094901,0.0735328028529452
"Burundi","BDI",1995,0.0337131549077931,0.0296326457078939,0.0383333659081131,0.067972168243388
"Burundi","BDI",1996,0.0335930830891467,0.0298355092800562,0.0378054557855742,0.0625007985961248
"Burundi","BDI",1997,0.0336808848153883,0.0301823976880279,0.0375691778525391,0.0577987000762007
"Burundi","BDI",1998,0.0327944336782866,0.0295629184855598,0.036365947891676,0.054629331163952
"Burundi","BDI",1999,0.0302308245102471,0.0272973771185753,0.033468661207043,0.0536182593148758
"Burundi","BDI",2000,0.0262384645335026,0.0236197195910621,0.0291388877388341,0.055015411034667
"Burundi","BDI",2001,0.0217822023550123,0.0194675572288428,0.024365214572097,0.0585241190307246
"Burundi","BDI",2002,0.0178149210065571,0.0157639441429049,0.0201272845177023,0.0634678823095664
"Burundi","BDI",2003,0.0148014916640121,0.0129485279919226,0.0169150745365408,0.0691963706893476
"Burundi","BDI",2004,0.0127413429939707,0.0110130660779093,0.0147367964586855,0.0752646521256976
"Burundi","BDI",2005,0.0113949247683663,0.00973279942994527,0.0133370777291533,0.0812991664092357
"Burundi","BDI",2006,0.0104627241213523,0.00883871789203071,0.0123813941722083,0.0868963560433086
"Burundi","BDI",2007,0.0096872548715773,0.0081060878725852,0.0115732444330767,0.091730144352052
"Burundi","BDI",2008,0.00891664548209006,0.0074035482814775,0.0107356366783946,0.0956561082366552
"Burundi","BDI",2009,0.00812693538171898,0.00670790755825866,0.00984317742262087,0.0986359540212483
"Burundi","BDI",2010,0.00738449524477908,0.00607059565017558,0.00898020155927775,0.100637057897992
"Burundi","BDI",2011,0.00677405573284,0.00555672940986911,0.00825585072041655,0.101691408473224
"Burundi","BDI",2012,0.0063443437692677,0.00520088179540083,0.00773725111609396,0.101982441274206
"Burundi","BDI",2013,0.00609319901408431,0.00499702205355067,0.00742804483037247,0.101751723036756
"Burundi","BDI",2014,0.00597919648609673,0.00490907237226272,0.00728088912774912,0.10116182465847
"Burundi","BDI",2015,0.00594331629619992,0.00488682153805998,0.00722655872767703,0.100401746771373
"Burundi","BDI",2016,0.00593287632301942,0.00488288055470854,0.00720702388722978,0.0999130219996538
"Burundi","BDI",2017,0.00591989338790694,0.00486835782331162,0.00719691161680083,0.100315816760598
"Burundi","BDI",2018,0.00590354315256453,0.00483849080546388,0.00720133915650409,0.102051353928315
"Burundi","BDI",2019,0.00589441214864516,0.00480075523445772,0.00723540296778165,0.105270969145961
"Burundi","BDI",2020,0.00589149532584809,0.0047534376001079,0.00730002581761403,0.110094860587533
"Burundi","BDI",2021,0.00586778216614636,0.0046737226038684,0.00736464715749766,0.116694509344339
"Burundi","BDI",2022,0.00577557855270369,0.00452601632191184,0.00736757209302892,0.125026689886405
"Burundi","BDI",2023,0.00557233124402332,0.00428431993842637,0.00724474488088143,0.134768398369195
"Burundi","BDI",2024,0.00525159616670923,0.00395247978200836,0.00697472114922036,0.145660209232725
"Burundi","BDI",2025,0.00485295236265335,0.0035671322228682,0.00659919381636245,0.157712518785171
"Burundi","BDI",2026,0.00443856427878707,0.0031788282397369,0.00619441815840178,0.170960645512435
"Benin","BEN",1970,0.134299974187587,0.120127582298066,0.149859614827274,0.0651836768117243
"Benin","BEN",1971,0.130112066057364,0.117869199799889,0.14341982891001,0.0575492576985594
"Benin","BEN",1972,0.125086942848393,0.113622283542306,0.137528916114843,0.0556877813543166
"Benin","BEN",1973,0.118699788696992,0.10753246848812,0.130856798384829,0.0568349443485919
"Benin","BEN",1974,0.11131360834268,0.100617321151854,0.122991483988419,0.0576486246657717
"Benin","BEN",1975,0.104009140937017,0.0939653086273275,0.114990292191636,0.0575002637410836
"Benin","BEN",1976,0.097893639025131,0.0883489978880701,0.108346872283793,0.0577099647036908
"Benin","BEN",1977,0.093461506464238,0.0840947886534479,0.103753332437582,0.0591247153158206
"Benin","BEN",1978,0.0903497335784199,0.0809642789935504,0.100703943697354,0.061196325990861
"Benin","BEN",1979,0.0875140969530854,0.0781299523698121,0.0979056615106784,0.0630908279955247
"Benin","BEN",1980,0.083766927035473,0.0745527380106561,0.0940042475483389,0.0645601350925555
"Benin","BEN",1981,0.0784950881585587,0.0696738510802641,0.0883271259326729,0.0656826954774274
"Benin","BEN",1982,0.0720972349542374,0.0638517037447427,0.0813150689567075,0.066479275295711
"Benin","BEN",1983,0.065738866675373,0.0581223463095148,0.074274770257018,0.0669691440270514
"Benin","BEN",1984,0.0606285304882843,0.0535466727719905,0.0685791385322887,0.0672053963937806
"Benin","BEN",1985,0.0574063711335215,0.0506961642138156,0.064943987556969,0.067040151778936
"Benin","BEN",1986,0.0559181362013901,0.0494609829735318,0.0631622582808583,0.0660821220181862
"Benin","BEN",1987,0.0552549319390395,0.0490550338361855,0.0621871714029611,0.064059114532639
"Benin","BEN",1988,0.0540217949314346,0.0482185579820341,0.06047908679054,0.0611017901137629
"Benin","BEN",1989,0.0509790959329967,0.0457872042754944,0.0567247080524532,0.0575851390982842
"Benin","BEN",1990,0.04585929685906,0.041458177136158,0.0507029172051553,0.0538239044871655
"Benin","BEN",1991,0.0396148102840006,0.0360460403127523,0.0435209572289547,0.0500587331668932
"Benin","BEN",1992,0.0337355794553468,0.030880636533186,0.0368444297741149,0.0466193749676807
"Benin","BEN",1993,0.0293417142920234,0.0269895992193582,0.0318920949939451,0.043866789260814
"Benin","BEN",1994,0.0268444729013359,0.0247758044496816,0.0290807153201531,0.0419978955779122
"Benin","BEN",1995,0.0261037545481473,0.02413139418557,0.0282326603060328,0.041116672807271
"Benin","BEN",1996,0.0266129545147467,0.0245879684947812,0.02879978782021,0.0414382962779947
"Benin","BEN",1997,0.0275502095504604,0.0253720121480546,0.0299096673886576,0.043163704925424
"Benin","BEN",1998,0.0279135918033171,0.0255588247468623,0.0304785208673972,0.0461992543849261
"Benin","BEN",1999,0.0269535904288875,0.0244899218605469,0.0296575673279465,0.0501956870241126
"Benin","BEN",2000,0.024644850179232,0.0221927437697194,0.0273603120015961,0.0547517821168873
"Benin","BEN",2001,0.0216560357893684,0.0193193333705709,0.0242683718455979,0.0594711530040673
"Benin","BEN",2002,0.0188166031933293,0.016635315687202,0.0212777208456331,0.0639961192214507
"Benin","BEN",2003,0.0166489872251478,0.0145984151000916,0.0189820452896892,0.0681222133255364
"Benin","BEN",2004,0.0152796454857345,0.0133003619486318,0.0175482362110504,0.0718052609448612
"Benin","BEN",2005,0.014568159107426,0.0126019109385745,0.0168359655946225,0.0749913918760355
"Benin","BEN",2006,0.0142452004766928,0.012261707126,0.0165441759187965,0.077525006230191
"Benin","BEN",2007,0.0140190182972888,0.0120252913850339,0.0163378279392196,0.0792973688934989
"Benin","BEN",2008,0.0136791549619426,0.011707904432956,0.0159769378389569,0.0804109832992501
"Benin","BEN",2009,0.0131733625689081,0.0112585651699922,0.0154087434837138,0.0811255584049471
"Benin","BEN",2010,0.0125986995389766,0.0107538722786702,0.0147552864767289,0.0817317952940062
"Benin","BEN",2011,0.0121116131360997,0.0103201294491843,0.0142096175620048,0.0825919680042833
"Benin","BEN",2012,0.0118317628581192,0.0100496851834032,0.0139254052749707,0.0842082473806047
"Benin","BEN",2013,0.0117950032915046,0.0099632428302342,0.01395878802787,0.0870537224847291
"Benin","BEN",2014,0.0119552558315991,0.010014771659861,0.0142663141923419,0.0913631984654997
"Benin","BEN",2015,0.0122163326158229,0.0101176368232262,0.0147438756381308,0.0972530978007363
"Benin","BEN",2016,0.0124800555918733,0.0101833613907658,0.0152867326908785,0.104948818489879
"Benin","BEN",2017,0.0126909096876825,0.0101625729293502,0.0158382040484715,0.11465912047447
"Benin","BEN",2018,0.0128492033064834,0.0100600569217029,0.0163988293945024,0.126291048032766
"Benin","BEN",2019,0.0129818301591276,0.00990665742709867,0.016995196326296,0.139517590253276
"Benin","BEN",2020,0.013092307833034,0.00971260921188771,0.0176271074739933,0.154091118691928
"Benin","BEN",2021,0.013126954127242,0.009443929800262,0.0182198962889527,0.16990845151441
"Benin","BEN",2022,0.012985014563055,0.00903980762082648,0.0186196607164701,0.186809803875441
"Benin","BEN",2023,0.012575935207766,0.0084577408751977,0.0186615973723151,0.204522935072961
"Benin","BEN",2024,0.0118891886690979,0.00771408275045927,0.0182823603439019,0.222856288287008
"Benin","BEN",2025,0.0110171627181707,0.00688740727536661,0.0175793265818644,0.241799315571397
"Benin","BEN",2026,0.0101028077483153,0.00607759881072132,0.016748998375589,0.26135803032718
"Burkina Faso","BFA",1970,0.267859245165583,0.246056149306375,0.29084901941997,0.0582892816294058
"Burkina Faso","BFA",1971,0.252179592727332,0.235570241650188,0.269547084076637,0.0459692133926547
"Burkina Faso","BFA",1972,0.235605517125255,0.221659245722307,0.250147249989921,0.0403561308177138
"Burkina Faso","BFA",1973,0.217426167162395,0.204391550222925,0.231050635541627,0.0399697490053929
"Burkina Faso","BFA",1974,0.198408415594821,0.186022872323457,0.211404424230493,0.0407096993781167
"Burkina Faso","BFA",1975,0.180423421673722,0.168732992674892,0.192736011019503,0.0414041343222401
"Burkina Faso","BFA",1976,0.165268800421141,0.153880967697583,0.177322764116441,0.0433388616280671
"Burkina Faso","BFA",1977,0.153656727807996,0.142080427699192,0.16599373641798,0.0468944412269519
"Burkina Faso","BFA",1978,0.144923591715442,0.133029349593381,0.157687877600724,0.0507403904526975
"Burkina Faso","BFA",1979,0.137424416220423,0.125433808114325,0.150364174335313,0.0536229979503936
"Burkina Faso","BFA",1980,0.129394390663806,0.117673773854075,0.142094406830422,0.0552661485800574
"Burkina Faso","BFA",1981,0.119950174908495,0.108855838508311,0.132007725347483,0.055908015107808
"Burkina Faso","BFA",1982,0.109633595046351,0.099397209172661,0.120782790497197,0.0558423739327107
"Burkina Faso","BFA",1983,0.1000361424492,0.0906641983848351,0.110259396184277,0.055473893907157
"Burkina Faso","BFA",1984,0.0928107810562387,0.0840795131608227,0.102347433366778,0.0552950913165996
"Burkina Faso","BFA",1985,0.0888422021922936,0.0804248321358433,0.0980466146053682,0.0554767828259779
"Burkina Faso","BFA",1986,0.0879127098227426,0.0795429116211098,0.0970703313252212,0.0557053198700515
"Burkina Faso","BFA",1987,0.088686866064794,0.0802618755832513,0.0979020811162527,0.0556221897788756
"Burkina Faso","BFA",1988,0.088989616576448,0.0805966820519785,0.0981632338428899,0.055220821095661
"Burkina Faso","BFA",1989,0.0866694176332319,0.0785477593377362,0.0955437634556751,0.0547180071494278
"Burkina Faso","BFA",1990,0.0808896945957777,0.0733237807828132,0.0891611823360794,0.0542854734698963
"Burkina Faso","BFA",1991,0.072780306911756,0.0659418923962433,0.0802669485480753,0.0540916285993384
"Burkina Faso","BFA",1992,0.0646643537551701,0.0585053599433357,0.0714225330380545,0.0544157859008331
"Burkina Faso","BFA",1993,0.058633608360113,0.0529138709155661,0.0649292351056813,0.0554592599979133
"Burkina Faso","BFA",1994,0.0557589971299606,0.0501503747978114,0.0619539537527766,0.0571097155575678
"Burkina Faso","BFA",1995,0.0560926761773808,0.0502689224103436,0.0625466898418279,0.0590658643048203
"Burkina Faso","BFA",1996,0.0588052813870646,0.0525150383100785,0.0657966470045511,0.0611189375287755
"Burkina Faso","BFA",1997,0.06217666050004,0.0553307400786548,0.0698070161774688,0.0632267074239516
"Burkina Faso","BFA",1998,0.0638904634599531,0.0566314316196418,0.0720089359607796,0.0654747477758094
"Burkina Faso","BFA",1999,0.0620982013358531,0.0547593455335574,0.070347412867102,0.0681445307814268
"Burkina Faso","BFA",2000,0.0566355796207862,0.0495694512708634,0.0646404782955537,0.0717985183450767
"Burkina Faso","BFA",2001,0.0490646303211925,0.042465351404879,0.0566288111092614,0.0772274182973865
"Burkina Faso","BFA",2002,0.041424517273129,0.0352685231344149,0.0486008869937142,0.085348739799401
"Burkina Faso","BFA",2003,0.0350248479407746,0.0291300315432952,0.0420608728526093,0.0971317802786468
"Burkina Faso","BFA",2004,0.0301661318268382,0.0242991791166414,0.037395348135932,0.113422694057387
"Burkina Faso","BFA",2005,0.0264866793414082,0.0204657552464904,0.0342170536642454,0.134721743337435
"Burkina Faso","BFA",2006,0.0233929618236471,0.0171652371878761,0.031807046389672,0.161176330729364
"Burkina Faso","BFA",2007,0.0203854280514844,0.0140612745697712,0.0294688976877764,0.192770820228319
"Burkina Faso","BFA",2008,0.0172604762571019,0.011078053270785,0.0267996742607062,0.229451333207891
"Burkina Faso","BFA",2009,0.0141296784923435,0.00835393682006287,0.0238027994664119,0.271115288757464
"Burkina Faso","BFA",2010,0.0112513710159165,0.00606915865112489,0.0207660193905265,0.317600763891453
"Burkina Faso","BFA",2011,0.00882342781021854,0.00430270878491362,0.018008018611118,0.368732782379931
"Burkina Faso","BFA",2012,0.00689310747224235,0.00301230041431716,0.0156949287570275,0.424345958842273
"Burkina Faso","BFA",2013,0.00539194015695865,0.00209404330558116,0.0138117891962899,0.484244271574325
"Burkina Faso","BFA",2014,0.00421201690162754,0.00144239838185667,0.0122345548757585,0.548169290164741
"Burkina Faso","BFA",2015,0.00326187935837192,0.000977821637767926,0.010823381851707,0.615826750248313
"Burkina Faso","BFA",2016,0.00248667694097106,0.000648190346664648,0.00949021256415304,0.686918118139141
"Burkina Faso","BFA",2017,0.00186075999593538,0.000419215698512555,0.00821854255473628,0.76112137343738
"Burkina Faso","BFA",2018,0.00136929410082339,0.00026521956629878,0.00703713513242733,0.838059986662985
"Burkina Faso","BFA",2019,0.000994863982922201,0.000164923393669605,0.00597633323553892,0.917324165371653
"Burkina Faso","BFA",2020,0.000715153598083955,0.000101089315311921,0.00504053091284672,0.998524092370762
"Burkina Faso","BFA",2021,0.000507440005493652,6.09750899593195e-05,0.00420919894799385,1.08130594926076
"Burkina Faso","BFA",2022,0.000353238382969782,3.5996446616089e-05,0.00345671481887418,1.16532663780425
"Burkina Faso","BFA",2023,0.000239758218570828,2.06840217549151e-05,0.00277271649198752,1.25024928028073
"Burkina Faso","BFA",2024,0.000158412301220397,1.1556142010202e-05,0.00216748038818374,1.33578108817624
"Burkina Faso","BFA",2025,0.000102432655538307,6.31397290101946e-06,0.0016593543468155,1.42170234141785
"Burkina Faso","BFA",2026,6.55077058223968e-05,3.41041993185957e-06,0.00125685782273723,1.5078543114308
"Botswana","BWA",1970,0.0777599723103694,0.00037556088437735,0.949805744086513,2.76200796275223
"Botswana","BWA",1971,0.0799430614895216,0.000511931267009095,0.936467683025378,2.61922817132102
"Botswana","BWA",1972,0.0815397211696202,0.000686686068655323,0.919807148367206,2.48027450397175
"Botswana","BWA",1973,0.0820821870456568,0.000899943263826377,0.898758428105578,2.34586309004299
"Botswana","BWA",1974,0.081688688815356,0.0011526148669631,0.872731289540263,2.21681016999654
"Botswana","BWA",1975,0.0810899828152764,0.00145401580305153,0.842468843656641,2.09405213808948
"Botswana","BWA",1976,0.0812098698467119,0.00182553299241328,0.81030822848346,1.97858935898273
"Botswana","BWA",1977,0.0826390700274016,0.00229461800580355,0.779173221202424,1.87136388718955
"Botswana","BWA",1978,0.0852878337289855,0.00287747212705902,0.750785538726475,1.77315502838548
"Botswana","BWA",1979,0.0883371339921763,0.00355519307038122,0.724633882844569,1.68452790068153
"Botswana","BWA",1980,0.0905821625225133,0.00426133211398167,0.69863543439539,1.60579371610399
"Botswana","BWA",1981,0.0911444983917256,0.00490702033050537,0.670995130373509,1.53695372631615
"Botswana","BWA",1982,0.0901430906747326,0.00544227729642672,0.642061397521469,1.47765893067765
"Botswana","BWA",1983,0.0887533078443302,0.00590343599052366,0.615003540800863,1.42721777652653
"Botswana","BWA",1984,0.0885916783737324,0.00640122258379081,0.594581594157689,1.38463846946331
"Botswana","BWA",1985,0.0909240738028957,0.00706275203155446,0.584439500535194,1.34868820026184
"Botswana","BWA",1986,0.0960745428239163,0.00796370961866661,0.584583919880345,1.31798073758103
"Botswana","BWA",1987,0.103045821787226,0.00906369417451143,0.590664109117184,1.29109309224538
"Botswana","BWA",1988,0.109505393945686,0.0101660618260515,0.595530389391151,1.2666729854616
"Botswana","BWA",1989,0.112644615896158,0.0109730799740621,0.592246757092841,1.24350452174979
"Botswana","BWA",1990,0.11089350095029,0.0112740695729108,0.57703618488344,1.22054340799289
"Botswana","BWA",1991,0.105183445990919,0.0111299513988142,0.55109539708351,1.19694404508876
"Botswana","BWA",1992,0.0984477315455005,0.0108588681683801,0.520655842055716,1.17207279432473
"Botswana","BWA",1993,0.093907987149321,0.0108573655929571,0.494586211771925,1.14549460119119
"Botswana","BWA",1994,0.0937705566495701,0.0114567304652781,0.480203309850081,1.11694562894892
"Botswana","BWA",1995,0.0988581495607851,0.0128795745915685,0.479809976377964,1.08631258166654
"Botswana","BWA",1996,0.108475831191942,0.0151947663154804,0.489672103227186,1.0536161678969
"Botswana","BWA",1997,0.120111838647841,0.0181889709697559,0.501460098408395,1.01898567488573
"Botswana","BWA",1998,0.129712482848569,0.0212595751585657,0.505612879949441,0.982630494284235
"Botswana","BWA",1999,0.133431967049007,0.0235958565617247,0.495227067254769,0.944824781628317
"Botswana","BWA",2000,0.130002002538777,0.0246861295218845,0.468699907186627,0.905906507221215
"Botswana","BWA",2001,0.121458185061294,0.0246838202324621,0.430264229371616,0.866285852428789
"Botswana","BWA",2002,0.111495753824393,0.024234577572751,0.388014930953562,0.82647390521901
"Botswana","BWA",2003,0.103198093082525,0.0240098509580542,0.349922256456265,0.787144728229143
"Botswana","BWA",2004,0.0979164256845475,0.024385874983534,0.320358965278591,0.74921949971269
"Botswana","BWA",2005,0.0953672832314355,0.0253539207726389,0.29933933488306,0.713952846345979
"Botswana","BWA",2006,0.0942084741471962,0.0265447605112146,0.284025888755963,0.683020623359831
"Botswana","BWA",2007,0.0927495782638699,0.0273485460610417,0.270977603562311,0.658595447243229
"Botswana","BWA",2008,0.0897447582803014,0.0271810879170572,0.258106324222578,0.643327088829673
"Botswana","BWA",2009,0.084966127836349,0.0257978828854596,0.245623734315165,0.640111205292633
"Botswana","BWA",2010,0.0791471060455203,0.0234036695616178,0.235627406304395,0.651626779950575
"Botswana","BWA",2011,0.0733620435719915,0.0204610836064993,0.230807851124965,0.679796426129024
"Botswana","BWA",2012,0.0683765172212971,0.0174002809993528,0.233244071843157,0.725416420336603
"Botswana","BWA",2013,0.0643707802817386,0.0144673182992918,0.243823756333762,0.788127875532827
"Botswana","BWA",2014,0.0610351774937945,0.0117500088055386,0.262198383118123,0.866711257992666
"Botswana","BWA",2015,0.0578564959599249,0.00927750843297083,0.287093508443844,0.959515090730135
"Botswana","BWA",2016,0.0544279006762601,0.0070902578388395,0.316931731342631,1.06479837827586
"Botswana","BWA",2017,0.0506351543018687,0.0052425239708716,0.350555514734119,1.18089225263617
"Botswana","BWA",2018,0.0466266545230055,0.00376563567118628,0.387554709434522,1.30624062730817
"Botswana","BWA",2019,0.0426203789822374,0.00264318654704478,0.427854152162732,1.43941627864377
"Botswana","BWA",2020,0.0387148563472446,0.00181989321676327,0.47079841017382,1.57913685269512
"Botswana","BWA",2021,0.0348372235138604,0.00122798541773363,0.514478691512519,1.72425575155203
"Botswana","BWA",2022,0.0308429711093709,0.000808083628435092,0.556014151836855,1.87373409500238
"Botswana","BWA",2023,0.0266819669134027,0.00051598002735825,0.592782592256064,2.02663440836398
"Botswana","BWA",2024,0.0224981564094492,0.000319455306487934,0.623736909974288,2.18214635918205
"Botswana","BWA",2025,0.0185734400308165,0.000192945628634445,0.64984546387678,2.33960947942543
"Botswana","BWA",2026,0.0151611162732923,0.000114958089179074,0.673342056531881,2.49851220693049
"Central African Republic","CAF",1970,0.0774905911353449,0.000494128856799717,0.934523035218353,2.62004026999863
"Central African Republic","CAF",1971,0.0822463508687611,0.000699902937284339,0.919786429550376,2.47533610681506
"Central African Republic","CAF",1972,0.0865811347815296,0.000981794750799187,0.901403816869616,2.33113948985913
"Central African Republic","CAF",1973,0.08992636309042,0.00135525507187684,0.877969483386515,2.18769135449381
"Central African Republic","CAF",1974,0.0923032652004276,0.0018427270029509,0.848515196821953,2.04532321292758
"Central African Republic","CAF",1975,0.0944433589053433,0.00248900039780758,0.81340412665848,1.90450634854463
"Central African Republic","CAF",1976,0.0973908821098238,0.00337631874597301,0.774600541793154,1.76583176752032
"Central African Republic","CAF",1977,0.101894922640989,0.00462794147881909,0.734644155901945,1.62992830061398
"Central African Republic","CAF",1978,0.107922008812155,0.00638716316126812,0.694823580027574,1.4974044251684
"Central African Republic","CAF",1979,0.114494055047852,0.00876153531403111,0.654145455701754,1.36885087336313
"Central African Republic","CAF",1980,0.120044829656464,0.011751854826583,0.610142516909817,1.24485562739143
"Central African Republic","CAF",1981,0.12332296132245,0.0152431056449627,0.56109405061831,1.12598746907986
"Central African Republic","CAF",1982,0.124333808083189,0.0191326190389364,0.508252391105852,1.01276916928332
"Central African Republic","CAF",1983,0.124534447667354,0.0235387112855653,0.456346892024632,0.905671078104025
"Central African Republic","CAF",1984,0.126093920936488,0.0289177566766572,0.411459194358952,0.805106869732796
"Central African Republic","CAF",1985,0.130798582504153,0.0359757399756837,0.37764386068598,0.711405796541906
"Central African Republic","CAF",1986,0.1391436565776,0.0453470071687918,0.354838538581911,0.624787241764209
"Central African Republic","CAF",1987,0.149739340826779,0.0570233090257207,0.339009270440192,0.545374767452591
"Central African Republic","CAF",1988,0.159322097340254,0.0697327260672031,0.323932198195489,0.473225270568456
"Central African Republic","CAF",1989,0.164015540602023,0.0809911667388417,0.303995750519997,0.408319794610829
"Central African Republic","CAF",1990,0.161682863796612,0.0884432531253795,0.277133210235525,0.350527052382669
"Central African Republic","CAF",1991,0.153610237610404,0.0916391975115622,0.246133646906052,0.299602583015271
"Central African Republic","CAF",1992,0.143865361456568,0.0924734199326258,0.216989361617984,0.255230522662979
"Central African Republic","CAF",1993,0.13698844268343,0.093982484050023,0.195428881550604,0.217050353774533
"Central African Republic","CAF",1994,0.136111964724265,0.0988642521591428,0.184519476367304,0.18466471243363
"Central African Republic","CAF",1995,0.142340522951757,0.108604543533155,0.184388244849703,0.157698986985018
"Central African Republic","CAF",1996,0.154577963281706,0.122870489911042,0.192670415439317,0.135911435570533
"Central African Republic","CAF",1997,0.169296419786848,0.138916574380184,0.204740370385176,0.119232621438427
"Central African Republic","CAF",1998,0.181144895478397,0.151918041187936,0.214571954404096,0.107666426441409
"Central African Republic","CAF",1999,0.185308027787616,0.157228349248793,0.217110616846732,0.101125614216286
"Central African Republic","CAF",2000,0.18035526396762,0.153355878114168,0.21092386308267,0.0992738871971435
"Central African Republic","CAF",2001,0.16898515450971,0.142871247951347,0.198765281015305,0.101432393360069
"Central African Republic","CAF",2002,0.155986556807386,0.130392881242862,0.18553200676517,0.106679016587993
"Central African Republic","CAF",2003,0.145430657874834,0.119778396882455,0.175481471405073,0.114098010617667
"Central African Republic","CAF",2004,0.139196519077419,0.112757838277025,0.170642083555146,0.122906107052204
"Central African Republic","CAF",2005,0.137011315386101,0.109116016497586,0.170671794013459,0.132379826082475
"Central African Republic","CAF",2006,0.137144438022881,0.107441232111008,0.173463488435607,0.141803923814661
"Central African Republic","CAF",2007,0.137313350882757,0.105941726550783,0.176144538469481,0.150559070919249
"Central African Republic","CAF",2008,0.135731709225588,0.103281238592326,0.176372588286853,0.15820587253329
"Central African Republic","CAF",2009,0.131925201468838,0.0991810629859438,0.173398776334336,0.164446123940194
"Central African Republic","CAF",2010,0.126764679580521,0.0943857722721725,0.168188263249044,0.169056352833472
"Central African Republic","CAF",2011,0.121718886335817,0.0900364414306621,0.162558288982647,0.171906897043087
"Central African Republic","CAF",2012,0.117953820595849,0.0869851055944903,0.15803962760295,0.172991874985837
"Central African Republic","CAF",2013,0.115839223565069,0.0854689318533772,0.155170163345474,0.172358574680892
"Central African Republic","CAF",2014,0.114956676154032,0.085150957323411,0.153445501330131,0.170026608229267
"Central African Republic","CAF",2015,0.114445852693203,0.0853643071212373,0.151790571842805,0.166064273876902
"Central African Republic","CAF",2016,0.113490752394131,0.0854385959813074,0.149250232238128,0.160753300029768
"Central African Republic","CAF",2017,0.111705936544918,0.084986740989037,0.145489772712527,0.154597097504279
"Central African Republic","CAF",2018,0.109194680386389,0.0839868666762099,0.140805374538283,0.148151380284017
"Central African Republic","CAF",2019,0.10626059392106,0.0825837805721553,0.135721331545054,0.141953179274125
"Central African Republic","CAF",2020,0.103011774678712,0.0807618083572659,0.13052125707852,0.136653904715404
"Central African Republic","CAF",2021,0.0991543584201163,0.0781746914892013,0.125000842561714,0.133037584914095
"Central African Republic","CAF",2022,0.094129186540167,0.0743028712797857,0.118568172279089,0.13171886158679
"Central African Republic","CAF",2023,0.087526199650406,0.0688334353440518,0.110691825515214,0.13292212498675
"Central African Republic","CAF",2024,0.0794906671865716,0.0619630473909952,0.101440191405653,0.13671613633337
"Central African Republic","CAF",2025,0.0707706654609181,0.0543857928063401,0.0916135874898826,0.143275881676246
"Central African Republic","CAF",2026,0.0623170100017324,0.0469575183215991,0.0822668175684643,0.152672778623327
"Cote d'Ivoire","CIV",1970,0.0328740270237382,0.0250083933576835,0.0431041873296964,0.143658925746938
"Cote d'Ivoire","CIV",1971,0.0359182465379915,0.0277907938517609,0.0463093645981749,0.135171190560075
"Cote d'Ivoire","CIV",1972,0.0389020877886841,0.0304678847255631,0.0495517419331618,0.129138806634544
"Cote d'Ivoire","CIV",1973,0.0415226218785779,0.032846076984243,0.052367042883772,0.124192737884186
"Cote d'Ivoire","CIV",1974,0.0437339804639421,0.0349637939921867,0.054579628678809,0.118847856418871
"Cote d'Ivoire","CIV",1975,0.0458497866938537,0.0370890226710268,0.0565583743195655,0.112851711525387
"Cote d'Ivoire","CIV",1976,0.0483784872816649,0.0395821590916678,0.059009514012394,0.107080512324598
"Cote d'Ivoire","CIV",1977,0.0517135726673299,0.0427139987188754,0.0624855320182524,0.102366924836719
"Cote d'Ivoire","CIV",1978,0.0558449273588234,0.0464722208120186,0.0669751842252539,0.0987765801292004
"Cote d'Ivoire","CIV",1979,0.0602187425292323,0.0504153153755469,0.0717843704839058,0.0959521467856372
"Cote d'Ivoire","CIV",1980,0.0638946781223822,0.0537574089258791,0.0757904621307886,0.0936354882036111
"Cote d'Ivoire","CIV",1981,0.0660665898211494,0.0558081123697075,0.0780548630077734,0.0916674511195077
"Cote d'Ivoire","CIV",1982,0.0666567925188985,0.0565004186684453,0.078486977359465,0.0898631840271902
"Cote d'Ivoire","CIV",1983,0.0664615137472499,0.0565138519739746,0.0780153916435333,0.0881309984092028
"Cote d'Ivoire","CIV",1984,0.0666983304066135,0.0568871189526509,0.0780616054352872,0.0865145328243391
"Cote d'Ivoire","CIV",1985,0.0683375845895007,0.0584686294923317,0.0797312634918212,0.0849523842024198
"Cote d'Ivoire","CIV",1986,0.0715831533095488,0.0614807014566591,0.0831984716566084,0.0831423612309051
"Cote d'Ivoire","CIV",1987,0.0755782362913212,0.0652348774345967,0.0874082398785904,0.0807658042342804
"Cote d'Ivoire","CIV",1988,0.0784817006969227,0.0681485145641834,0.0902299708866707,0.0777178268603268
"Cote d'Ivoire","CIV",1989,0.078266665061416,0.0684199108462118,0.0893945436005659,0.0740225051834885
"Cote d'Ivoire","CIV",1990,0.0740864332341943,0.0652478745825148,0.0840146634631408,0.0696629866478803
"Cote d'Ivoire","CIV",1991,0.0670535630196143,0.0595483928452441,0.0754287790823527,0.0646504307318401
"Cote d'Ivoire","CIV",1992,0.0595262899750158,0.0533533388203479,0.0663633795805116,0.0591957748560073
"Cote d'Ivoire","CIV",1993,0.0536560704198002,0.048559232889553,0.0592545610622989,0.0536640967073364
"Cote d'Ivoire","CIV",1994,0.0505603780558269,0.0461982146248623,0.0553105438672447,0.0483729658807205
"Cote d'Ivoire","CIV",1995,0.0503371467090859,0.0464089073834547,0.0545788574544708,0.0435611339631225
"Cote d'Ivoire","CIV",1996,0.0522685876185679,0.0485609788437441,0.0562425372419722,0.0395304710710961
"Cote d'Ivoire","CIV",1997,0.0548916365653334,0.0512835022640895,0.0587379100266066,0.0366338342758613
"Cote d'Ivoire","CIV",1998,0.0562846540859399,0.052740742367516,0.060051602320676,0.0350928111767736
"Cote d'Ivoire","CIV",1999,0.0549492288813003,0.0514955051382091,0.0586202727678968,0.0349811218574417
"Cote d'Ivoire","CIV",2000,0.050782924572862,0.0474592854098119,0.0543260478716504,0.0363180157116614
"Cote d'Ivoire","CIV",2001,0.0450870294696029,0.0419104341566466,0.0484922081894712,0.0389698210348778
"Cote d'Ivoire","CIV",2002,0.0395534591671775,0.0365009487842469,0.042849892697681,0.0425959588269387
"Cote d'Ivoire","CIV",2003,0.0353076980882099,0.0323102324112141,0.0385721586235092,0.0468466320668123
"Cote d'Ivoire","CIV",2004,0.0326780138937028,0.0296362453164929,0.0360203908600253,0.0514510047698905
"Cote d'Ivoire","CIV",2005,0.0314270313376596,0.0282489713060339,0.0349497697247708,0.0560648758208768
"Cote d'Ivoire","CIV",2006,0.0310272170118245,0.0276668563861872,0.034781120685011,0.0602508027040382
"Cote d'Ivoire","CIV",2007,0.0308821218525209,0.0273549228339454,0.0348478303608135,0.0637315914498104
"Cote d'Ivoire","CIV",2008,0.030546845015384,0.0269108255921308,0.0346566434099509,0.0665695589705958
"Cote d'Ivoire","CIV",2009,0.0299008172250109,0.0262161562939297,0.034085227306059,0.0690311096366725
"Cote d'Ivoire","CIV",2010,0.0291477036269182,0.0254391460678942,0.0333783836583892,0.0713773377766659
"Cote d'Ivoire","CIV",2011,0.028639609449065,0.0248750197907702,0.0329546783956827,0.0738748576306045
"Cote d'Ivoire","CIV",2012,0.0286718779793188,0.0247614009460629,0.0331789118181113,0.0768615198375521
"Cote d'Ivoire","CIV",2013,0.0293678803289636,0.0251847980583337,0.0342213628624945,0.0805925500100598
"Cote d'Ivoire","CIV",2014,0.0306632196498232,0.0260756804129495,0.0360279960476823,0.0850929991240433
"Cote d'Ivoire","CIV",2015,0.0323595006493908,0.0272506388969794,0.0383883571811755,0.0903553653630701
"Cote d'Ivoire","CIV",2016,0.0342284275876804,0.0284924758233528,0.0410702942378768,0.0966010936324413
"Cote d'Ivoire","CIV",2017,0.0361267760169597,0.0296549742029553,0.0439469951051392,0.104130797100781
"Cote d'Ivoire","CIV",2018,0.0380478171995222,0.0307228368061297,0.0470344831893427,0.112971084581249
"Cote d'Ivoire","CIV",2019,0.0400604300344283,0.0317577850250145,0.0504206562065963,0.122889344667094
"Cote d'Ivoire","CIV",2020,0.0421694578759279,0.0327657775147858,0.0541209552782395,0.133715008305632
"Cote d'Ivoire","CIV",2021,0.0441922681141913,0.0336004071694524,0.0579228814836396,0.145424637504296
"Cote d'Ivoire","CIV",2022,0.0457525287860581,0.0339865526843164,0.0613332079726791,0.157926959308363
"Cote d'Ivoire","CIV",2023,0.0464420310566358,0.0336615915730034,0.0637547341585619,0.171000659433326
"Cote d'Ivoire","CIV",2024,0.0460778963339049,0.0325491976114016,0.0648527038034648,0.18452204238159
"Cote d'Ivoire","CIV",2025,0.0448544746616427,0.0308385128213102,0.0648146073507157,0.198584983621379
"Cote d'Ivoire","CIV",2026,0.0432296905978013,0.0288859240032625,0.064225025634926,0.213292712552537
"Cameroon","CMR",1970,0.147385119870619,0.132923813228394,0.163123742479569,0.0612713177912154
"Cameroon","CMR",1971,0.147217267861172,0.134650724523851,0.160738761251268,0.0529865895666029
"Cameroon","CMR",1972,0.145971094757627,0.134089118858861,0.158712977815581,0.0503678217051842
"Cameroon","CMR",1973,0.14294857357421,0.131212353385273,0.155546589756728,0.0506473046551291
"Cameroon","CMR",1974,0.138441011773876,0.127121880125025,0.150594132368731,0.0501787883209085
"Cameroon","CMR",1975,0.133664995822525,0.123113625629023,0.144971161081461,0.0481299344795132
"Cameroon","CMR",1976,0.130023258026431,0.120177568520868,0.140546714297719,0.0459166236734259
"Cameroon","CMR",1977,0.128285313260664,0.118808575596339,0.138399238051237,0.0446713829726213
"Cameroon","CMR",1978,0.128143188186985,0.118822919329658,0.138079965510948,0.0439527479606024
"Cameroon","CMR",1979,0.128286463789674,0.119179515021572,0.137980296407234,0.0428713579769491
"Cameroon","CMR",1980,0.127029000556534,0.118328106993523,0.136270801395883,0.0412610842791561
"Cameroon","CMR",1981,0.123319355184978,0.115201478907674,0.13192398041397,0.0394448808998984
"Cameroon","CMR",1982,0.117516922472016,0.110066109826165,0.125401038495903,0.0377085340885266
"Cameroon","CMR",1983,0.111263330222794,0.104406497914053,0.118510891656576,0.0363742189745753
"Cameroon","CMR",1984,0.106533574378512,0.100032309617315,0.113404124692045,0.0358250323122626
"Cameroon","CMR",1985,0.104622314825838,0.0981997974021657,0.111412986288396,0.0359694276875038
"Cameroon","CMR",1986,0.105565834911509,0.0990692093047821,0.112435319625748,0.0360985899641115
"Cameroon","CMR",1987,0.107971438148913,0.101430312040858,0.114880463922996,0.0356126837928757
"Cameroon","CMR",1988,0.109312279461548,0.102892949079377,0.116080280573591,0.0345412913390313
"Cameroon","CMR",1989,0.107022269756279,0.100955133075498,0.113408031272438,0.0332306370359413
"Cameroon","CMR",1990,0.100134252428305,0.0946517497975637,0.105897172664276,0.0318273158553553
"Cameroon","CMR",1991,0.0901149463569685,0.0853606453759087,0.0951065114939211,0.0303124654810399
"Cameroon","CMR",1992,0.0799236774045565,0.0758683246374956,0.0841760542332942,0.0288116434227845
"Cameroon","CMR",1993,0.0722342565456706,0.0687050551959985,0.0759299633253891,0.0274940728135602
"Cameroon","CMR",1994,0.0684338663403879,0.0652240440639168,0.0717895198967927,0.0262649723859229
"Cameroon","CMR",1995,0.0686387274674851,0.0655825912047507,0.071826331984581,0.0249095031000132
"Cameroon","CMR",1996,0.0719137760802242,0.0689013438893837,0.075047299026116,0.023486102836677
"Cameroon","CMR",1997,0.0763028163894622,0.073278348382241,0.0794414144668648,0.0223028703932875
"Cameroon","CMR",1998,0.0791539778042116,0.0761272666190167,0.0822903080900403,0.0215663428262157
"Cameroon","CMR",1999,0.078283028245217,0.0753232009848566,0.0813489298741782,0.0213003524651121
"Cameroon","CMR",2000,0.0733466360162809,0.0705353562607443,0.0762607697776456,0.0214855898508797
"Cameroon","CMR",2001,0.0659884429477968,0.0633824166594453,0.0686937598266268,0.0219792831174092
"Cameroon","CMR",2002,0.058544626750381,0.0561611302371855,0.0610227394857279,0.0224964002290302
"Cameroon","CMR",2003,0.0526760416571021,0.0504767509305233,0.054965609279948,0.02294223152948
"Cameroon","CMR",2004,0.0489326801500252,0.0468305077138366,0.051124155584536,0.023529849402655
"Cameroon","CMR",2005,0.0470081080467918,0.0449179901787845,0.0491904738761866,0.0243227179003706
"Cameroon","CMR",2006,0.0461260051970418,0.0440227737791775,0.0483246411063068,0.0249348561852786
"Cameroon","CMR",2007,0.0453929996900916,0.0433187093606265,0.0475616781366615,0.0249713476232098
"Cameroon","CMR",2008,0.0441576166266808,0.0421743069716311,0.0462296927673383,0.0245035801994123
"Cameroon","CMR",2009,0.0422716911652414,0.0404167439983395,0.0442078499839419,0.0238818441373789
"Cameroon","CMR",2010,0.0400619326515064,0.0383421977324574,0.0418554443980073,0.0232986827155625
"Cameroon","CMR",2011,0.0380350029928023,0.0364267352129502,0.0397113506549291,0.0228950709615573
"Cameroon","CMR",2012,0.0365648268505747,0.0350056162504421,0.0381907388242339,0.0230588412553519
"Cameroon","CMR",2013,0.0357470521991748,0.0341632700052286,0.0374014140289573,0.0239580961578739
"Cameroon","CMR",2014,0.0354205256570409,0.0337840774729959,0.0371331944912654,0.0249984516104529
"Cameroon","CMR",2015,0.0352856930915429,0.033623574806805,0.0370268269609456,0.0254956963088568
"Cameroon","CMR",2016,0.0350611785467907,0.0334007322813873,0.0368010276311566,0.0256305967792712
"Cameroon","CMR",2017,0.0346091326647254,0.0329347581818532,0.0363654299059312,0.0261846507900507
"Cameroon","CMR",2018,0.0339547586276286,0.0322397597280732,0.0357576163246079,0.027348086240023
"Cameroon","CMR",2019,0.0331904824928828,0.031438609055861,0.0350364453748587,0.0285902106836277
"Cameroon","CMR",2020,0.0323431652739415,0.0305618599134949,0.0342246290946315,0.0298413533507136
"Cameroon","CMR",2021,0.0313038165136511,0.0294671971660548,0.0332509860413045,0.0318145482885495
"Cameroon","CMR",2022,0.0298729831412824,0.0279531293962311,0.0319203647095118,0.0348991615206965
"Cameroon","CMR",2023,0.0279026204083672,0.0259178254567266,0.0300347249293442,0.0386884266868148
"Cameroon","CMR",2024,0.0254365225535634,0.0234278164150524,0.0276125858816423,0.0430209173427592
"Cameroon","CMR",2025,0.0227254105483885,0.0207073457925934,0.0249351409865995,0.0484990115823893
"Cameroon","CMR",2026,0.0200877778185998,0.01805288678873,0.0223468184292916,0.0555512289585171
"Democratic Republic of Congo","COD",1970,0.0275522122054774,0.0233185297052182,0.0325289559547496,0.0873360737243682
"Democratic Republic of Congo","COD",1971,0.032049457372651,0.0276219581386456,0.03715951605822,0.078180040093832
"Democratic Republic of Congo","COD",1972,0.0369319127966269,0.032194621646073,0.0423357819119178,0.0725426086057368
"Democratic Republic of Congo","COD",1973,0.0419022732434773,0.0368457770903419,0.0476183853604281,0.0682973612580709
"Democratic Republic of Congo","COD",1974,0.0468557282602683,0.0416594710034262,0.052664505909818,0.0627456252217598
"Democratic Republic of Congo","COD",1975,0.0520669711920547,0.0469891390079681,0.0576603339705977,0.0550799758119014
"Democratic Republic of Congo","COD",1976,0.0581032585300825,0.0533085521248369,0.0633003776572823,0.0465319098976565
"Democratic Republic of Congo","COD",1977,0.0654956676350215,0.0609948204261233,0.0703037692517349,0.0387753981084654
"Democratic Republic of Congo","COD",1978,0.0743184312452292,0.0700581307543206,0.0788158472588274,0.0324619541499277
"Democratic Republic of Congo","COD",1979,0.0838713725409324,0.079836300630208,0.0880908603686237,0.0273983981280213
"Democratic Republic of Congo","COD",1980,0.0927611013279068,0.0889416190723426,0.0967271919731363,0.0235961051271544
"Democratic Republic of Congo","COD",1981,0.0995935318546661,0.0959287874059509,0.103382270005441,0.021200480897646
"Democratic Republic of Congo","COD",1982,0.103933680790316,0.100364842318711,0.107614242215468,0.0198550585575265
"Democratic Republic of Congo","COD",1983,0.10671115996888,0.103167911090812,0.110361125017798,0.0192482419549909
"Democratic Republic of Congo","COD",1984,0.10967565671079,0.105980279052807,0.1134835307479,0.0196002101264287
"Democratic Republic of Congo","COD",1985,0.114345098102405,0.110295975636353,0.118523067149745,0.0207219842446608
"Democratic Republic of Congo","COD",1986,0.121049780765071,0.116610677586107,0.125633837576543,0.0216320293609545
"Democratic Republic of Congo","COD",1987,0.12835482138403,0.123692529486956,0.133166142131135,0.021599067761652
"Democratic Republic of Congo","COD",1988,0.133211865544415,0.128589785363046,0.137973778287471,0.0207304646586166
"Democratic Republic of Congo","COD",1989,0.132347309256321,0.128030056341503,0.136787305182334,0.0194530575227358
"Democratic Republic of Congo","COD",1990,0.124484682785495,0.120723290894001,0.12834616228359,0.0178411249667561
"Democratic Republic of Congo","COD",1991,0.111556466197936,0.10852216873471,0.114664690793376,0.0158091278983299
"Democratic Republic of Congo","COD",1992,0.0975319539494501,0.0951859441296914,0.0999293990528926,0.0137469121666349
"Democratic Republic of Congo","COD",1993,0.0859998132532985,0.0841104536112747,0.0879275389021848,0.0123873800165485
"Democratic Republic of Congo","COD",1994,0.0787200073881585,0.0770514698747107,0.0804215284494514,0.0118536622371613
"Democratic Republic of Congo","COD",1995,0.0756495237662608,0.0740790447565102,0.0772505192294474,0.0115693959069597
"Democratic Republic of Congo","COD",1996,0.0754369201789178,0.0739162958936475,0.0769862265649715,0.0112279797367109
"Democratic Republic of Congo","COD",1997,0.0758039772032645,0.0743132733099201,0.0773220864181916,0.0109555380904169
"Democratic Republic of Congo","COD",1998,0.074198151324798,0.0727547995370909,0.0756678004798865,0.0108174352199054
"Democratic Republic of Congo","COD",1999,0.0690321988469507,0.0676796331549227,0.0704097539370514,0.0108365082291865
"Democratic Republic of Congo","COD",2000,0.0606973656498937,0.0594580327503867,0.061960829204825,0.0111980174947815
"Democratic Republic of Congo","COD",2001,0.0511752789237846,0.0500590458790016,0.0523150313533466,0.0118515825282721
"Democratic Republic of Congo","COD",2002,0.042560609481857,0.0415847030713313,0.0435583775041335,0.0123548720692484
"Democratic Republic of Congo","COD",2003,0.0359766675530774,0.0351340863192205,0.036838683970888,0.01253697417986
"Democratic Republic of Congo","COD",2004,0.0315207215244477,0.0307625196623927,0.0322969880384176,0.0128217721036055
"Democratic Republic of Congo","COD",2005,0.0287096251521548,0.0279804654470215,0.029457210619826,0.0135082981326001
"Democratic Republic of Congo","COD",2006,0.026872651791585,0.026155130444418,0.0276092990550882,0.0141840852408134
"Democratic Republic of Congo","COD",2007,0.0253958759545362,0.0247060165233926,0.0261044825620459,0.0144120326884436
"Democratic Republic of Congo","COD",2008,0.023893583719103,0.023244079665932,0.0245607803570057,0.0144003465850264
"Democratic Republic of Congo","COD",2009,0.0222911951115476,0.0216779952849785,0.0229213339724835,0.014551552240458
"Democratic Republic of Congo","COD",2010,0.0207578406324386,0.0201783733487799,0.0213535859633199,0.0147470450335692
"Democratic Republic of Congo","COD",2011,0.0195338231733419,0.0189880104105637,0.0200950040109686,0.0147429938110287
"Democratic Republic of Congo","COD",2012,0.0187817852313637,0.0182525410562083,0.0193260730945542,0.0148583940791932
"Democratic Republic of Congo","COD",2013,0.0185306263263134,0.0179897530382537,0.0190874452309522,0.0153946192331231
"Democratic Republic of Congo","COD",2014,0.0186916413392052,0.0181342831562878,0.0192657938294733,0.0157346970829234
"Democratic Republic of Congo","COD",2015,0.0191100626218217,0.0185633770846175,0.0196725251611338,0.0150926277439584
"Democratic Republic of Congo","COD",2016,0.0196336518652234,0.0191177830687247,0.0201631545752879,0.0138531300564311
"Democratic Republic of Congo","COD",2017,0.0201750039335289,0.0196606196244351,0.0207025619701654,0.0134447019578688
"Democratic Republic of Congo","COD",2018,0.020730082955233,0.0201735755006605,0.0213016084515786,0.0141736991480834
"Democratic Republic of Congo","COD",2019,0.0213350334834218,0.0207418931255842,0.0219447553291444,0.0146943345775715
"Democratic Republic of Congo","COD",2020,0.0219878893546538,0.0213877666509265,0.0226044620416096,0.0144317029457939
"Democratic Republic of Congo","COD",2021,0.0225879573450297,0.0219765063024078,0.0232160169198045,0.0143205622811497
"Democratic Republic of Congo","COD",2022,0.0229412699502603,0.0222967002155108,0.0236040235295658,0.0148766639658578
"Democratic Republic of Congo","COD",2023,0.0228503651431008,0.0222015291793648,0.0235177071578582,0.0150355700044549
"Democratic Republic of Congo","COD",2024,0.0222434399665318,0.0216363079053394,0.0228672104425085,0.014436254283214
"Democratic Republic of Congo","COD",2025,0.0212390935898743,0.0206170955599842,0.0218794374922483,0.0154888781295415
"Democratic Republic of Congo","COD",2026,0.0200753838173524,0.0193023406877513,0.0208787275760872,0.0204370307681561
"Congo","COG",1970,0.968447090619594,0.912378730562084,0.98906752291126,0.551528899560795
"Congo","COG",1971,0.946903994635569,0.866503227402711,0.979999670635902,0.51566708224774
"Congo","COG",1972,0.911372452583872,0.800281180688311,0.963489622491855,0.480845029033602
"Congo","COG",1973,0.854200800976307,0.709315549096311,0.933628432353719,0.446874386815482
"Congo","COG",1974,0.768019406063068,0.595451053391698,0.881611104351535,0.413578991278055
"Congo","COG",1975,0.652542749538403,0.470820129782342,0.79856060479821,0.381166978960514
"Congo","COG",1976,0.520545150378001,0.353376538602823,0.68323609992694,0.350233101466818
"Congo","COG",1977,0.392648567539497,0.256135063985926,0.548291338032836,0.321409170221276
"Congo","COG",1978,0.284149493555659,0.182073984690097,0.414453948348425,0.295095868913122
"Congo","COG",1979,0.199490995996032,0.127680465019847,0.297896998362916,0.271503235881275
"Congo","COG",1980,0.136501580029007,0.0881699312502794,0.20536008889144,0.250781519032088
"Congo","COG",1981,0.0914151153886244,0.0599071077891569,0.137078328617553,0.233013294200981
"Congo","COG",1982,0.0606281499205413,0.0403860852503671,0.0900636119615176,0.218160014467869
"Congo","COG",1983,0.0406958545114429,0.0275442049686043,0.0597413026551801,0.206097199640551
"Congo","COG",1984,0.0283817800925045,0.019481666177392,0.0411771202926702,0.196628551248277
"Congo","COG",1985,0.0209895710323096,0.0145757314795965,0.0301394066352418,0.189386612934687
"Congo","COG",1986,0.0165479907201218,0.0116004806444597,0.0235552866466235,0.183794032007386
"Congo","COG",1987,0.0137323078771445,0.00970418807968217,0.0193997085296054,0.179219199120484
"Congo","COG",1988,0.0116968122307991,0.00832639960624345,0.016408947124666,0.175147807941033
"Congo","COG",1989,0.00996734335447912,0.00714662293088027,0.0138858111442543,0.17118327769059
"Congo","COG",1990,0.00838669351980744,0.00606005314561367,0.0115961808733228,0.166975176029267
"Congo","COG",1991,0.00701895291442939,0.00511689677068995,0.0096212050843692,0.162234470572383
"Congo","COG",1992,0.00599833282752614,0.00441840871544692,0.00813858419544758,0.156780690183892
"Congo","COG",1993,0.00541866003239595,0.00403999270954896,0.00726437275590626,0.150505555959743
"Congo","COG",1994,0.00531936834183918,0.0040219364651386,0.00703238208312748,0.143313566084297
"Congo","COG",1995,0.00571822999936971,0.00439328929384972,0.00743976420439327,0.135159578654935
"Congo","COG",1996,0.0066176441488435,0.00517563061399339,0.00845800989938515,0.126137150821826
"Congo","COG",1997,0.00795456702255959,0.00634115704495106,0.00997436369900043,0.11648469732654
"Congo","COG",1998,0.00953340945495819,0.0077511158591367,0.0117206831984275,0.106511954333572
"Congo","COG",1999,0.0110505944342047,0.00916282097126681,0.0133220678430781,0.0965495775049765
"Congo","COG",2000,0.0122696157968063,0.0103674986324429,0.0145155942440156,0.0869255398202548
"Congo","COG",2001,0.0132074169237309,0.0113584025414621,0.0153527548695007,0.0779044829256679
"Congo","COG",2002,0.014141208094852,0.0123587007719285,0.0161765972393894,0.0696628607442653
"Congo","COG",2003,0.0154610958254739,0.0137049816258977,0.017438254562744,0.0624232837042152
"Congo","COG",2004,0.017522962660072,0.0157118280983676,0.0195387261309303,0.0566020928794507
"Congo","COG",2005,0.0205511946069713,0.0185732402349483,0.0227349113715116,0.0526605323878831
"Congo","COG",2006,0.024549620853385,0.0222771955822536,0.0270474364130866,0.0507447866255741
"Congo","COG",2007,0.029241003901821,0.0265536852765057,0.0321912941104451,0.0505958495714169
"Congo","COG",2008,0.0341508009992147,0.0309584401052918,0.037659557418347,0.0517551861808258
"Congo","COG",2009,0.0388757897041725,0.0351317811037077,0.0430010167181446,0.0536496930870665
"Congo","COG",2010,0.0433513498830483,0.0390476273726903,0.0481056710166237,0.0556348910293214
"Congo","COG",2011,0.04787728285659,0.0430135364267959,0.0532603883536422,0.0572559076199828
"Congo","COG",2012,0.0528895743218718,0.0474374397126851,0.0589295739004823,0.0584359924312021
"Congo","COG",2013,0.0586594417662928,0.0525651397324177,0.0654115240664602,0.0592594848034113
"Congo","COG",2014,0.0650902642821169,0.0583256956039021,0.0725789137415331,0.0596641449529431
"Congo","COG",2015,0.0717111949473911,0.0643177952883601,0.0798819171719075,0.0595630211983992
"Congo","COG",2016,0.0778952725516371,0.0699589302160014,0.0866480571875462,0.059197371491434
"Congo","COG",2017,0.0831857624561302,0.0747726658150372,0.0924508773034103,0.059060418112352
"Congo","COG",2018,0.087482492799596,0.078621165218621,0.0972371705944899,0.0594192655879678
"Congo","COG",2019,0.0909255989592979,0.0816262945049654,0.101167624020644,0.0602385641983594
"Congo","COG",2020,0.0935747278181204,0.0838153174238675,0.10434110026172,0.0616601736938126
"Congo","COG",2021,0.095152098195283,0.0848688332661452,0.106536297551209,0.0641174794479265
"Congo","COG",2022,0.0950786854499018,0.0842485156701762,0.107138193822549,0.0677708640951507
"Congo","COG",2023,0.0928395121719009,0.0815760749448555,0.105479514457069,0.0722836760705411
"Congo","COG",2024,0.0884430871578326,0.0769478144550217,0.10146687125559,0.0774303803931416
"Congo","COG",2025,0.0825815533385548,0.0709976075618838,0.0958605059528545,0.0835141708230431
"Congo","COG",2026,0.0762924087183706,0.0646462444851188,0.0898351469664031,0.0909044240687694
"Eritrea","ERI",1970,0.0782286775531101,0.000384445201038259,0.94930982150914,2.75339995492321
"Eritrea","ERI",1971,0.0803835156998537,0.00052142598517403,0.93608346034177,2.6128949320081
"Eritrea","ERI",1972,0.0819454186100708,0.000696260001274324,0.919582208470489,2.47596298625559
"Eritrea","ERI",1973,0.0824426689705214,0.000908856093278001,0.898729837453268,2.34326662565349
"Eritrea","ERI",1974,0.0819916122272101,0.0011601074056589,0.872906205250024,2.21555731160602
"Eritrea","ERI",1975,0.081322137122862,0.00145956192987663,0.842788470828353,2.09369441130752
"Eritrea","ERI",1976,0.0813551056197261,0.00182908225860022,0.810606838720162,1.97858884103116
"Eritrea","ERI",1977,0.0826736493718886,0.00229692509594668,0.77915684884375,1.87108266427979
"Eritrea","ERI",1978,0.085176131873807,0.00288070654135447,0.750037860782177,1.7718492467691
"Eritrea","ERI",1979,0.0880316950354482,0.00356381869827384,0.722628165162756,1.68134905157154
"Eritrea","ERI",1980,0.090030390979935,0.00428274105509062,0.694733314792762,1.5997990771936
"Eritrea","ERI",1981,0.090298424587439,0.00495118865191128,0.664446047733912,1.52712628589552
"Eritrea","ERI",1982,0.088962315006161,0.00552065050678319,0.63204055075843,1.46293480853322
"Eritrea","ERI",1983,0.0871928520134512,0.00602870591531412,0.600697306627973,1.40651718008338
"Eritrea","ERI",1984,0.0865776566864948,0.00658946830726037,0.575263243233428,1.35689528314988
"Eritrea","ERI",1985,0.0883311320660686,0.0073373274197428,0.559478978492273,1.31287347585104
"Eritrea","ERI",1986,0.0927233878694826,0.00835805632884839,0.553416110099949,1.27311711908416
"Eritrea","ERI",1987,0.0987387437396667,0.00961863394777301,0.552741149581272,1.2362602375355
"Eritrea","ERI",1988,0.104104240690892,0.0109175819362917,0.550215252942226,1.20100601880134
"Eritrea","ERI",1989,0.106155829656891,0.0119340862274813,0.53869845429842,1.1661874322667
"Eritrea","ERI",1990,0.103486577023234,0.0124262744270174,0.514319911003672,1.13079931868076
"Eritrea","ERI",1991,0.0970946692680796,0.0124412151554033,0.478602773985851,1.09402552306019
"Eritrea","ERI",1992,0.0898112590095226,0.012318690651179,0.438404246613648,1.05525549523941
"Eritrea","ERI",1993,0.084618748454635,0.012508332388241,0.402851808010097,1.01407563965991
"Eritrea","ERI",1994,0.0834458982922593,0.0134119463621215,0.378777947539911,0.970247016154197
"Eritrea","ERI",1995,0.0868977821764745,0.0153291757947584,0.36779658489612,0.923690891495953
"Eritrea","ERI",1996,0.0942207661648734,0.0183945684910657,0.366055603478323,0.874479079683467
"Eritrea","ERI",1997,0.103113567973618,0.0224049693808142,0.365775368526524,0.822813500338811
"Eritrea","ERI",1998,0.110025482446719,0.0266560093115985,0.35818770405942,0.769001075397547
"Eritrea","ERI",1999,0.11171348746657,0.0301279643173781,0.337377394903513,0.713445642395267
"Eritrea","ERI",2000,0.107276782194837,0.0321107272346286,0.30326436173852,0.65666489526675
"Eritrea","ERI",2001,0.0986671321658593,0.0327099291448989,0.26164700211011,0.599335202269259
"Eritrea","ERI",2002,0.0891232532096556,0.0326890857544808,0.220750888535908,0.542393571752367
"Eritrea","ERI",2003,0.0811938581120037,0.0328872052635949,0.186754266075345,0.487242805146007
"Eritrea","ERI",2004,0.0758869648787002,0.0337543799028678,0.161803346990356,0.43608082427911
"Eritrea","ERI",2005,0.0728718510272316,0.0351502534947021,0.144991266896225,0.392322037078512
"Eritrea","ERI",2006,0.0710229957334168,0.0363170845458505,0.134273936540786,0.360915182808264
"Eritrea","ERI",2007,0.0690092156922811,0.0361285477020914,0.127845503222238,0.347890442599216
"Eritrea","ERI",2008,0.0659002638909976,0.0337767970281159,0.124633986862655,0.35825510599423
"Eritrea","ERI",2009,0.061570459534972,0.029459542557264,0.124203115616086,0.393270220250178
"Eritrea","ERI",2010,0.0566067852301171,0.0242246126955407,0.126657038196376,0.450259660217365
"Eritrea","ERI",2011,0.0518105324006502,0.0191521093018907,0.132628287400922,0.525022270657179
"Eritrea","ERI",2012,0.0477186143848933,0.0148226916411128,0.143021777299683,0.613838471469065
"Eritrea","ERI",2013,0.044428290544934,0.0113415842904799,0.158558371355575,0.713999756488016
"Eritrea","ERI",2014,0.041692320066101,0.00858473425386785,0.179379665342817,0.823620402958079
"Eritrea","ERI",2015,0.0391352596168803,0.00639464119564029,0.204933562318492,0.941362229038494
"Eritrea","ERI",2016,0.0364703357397591,0.0046607678022402,0.23427908042769,1.06622415930158
"Eritrea","ERI",2017,0.033620066401375,0.003317249874902,0.266672419574797,1.19737880931439
"Eritrea","ERI",2018,0.0306857444828436,0.00231147936114344,0.301950282347913,1.33406261103979
"Eritrea","ERI",2019,0.0278108992653031,0.00158406089436082,0.340275568778433,1.47553872256056
"Eritrea","ERI",2020,0.0250554762417664,0.0010703998922196,0.381325885031065,1.62110400077427
"Eritrea","ERI",2021,0.0223662241229607,0.000711831631255987,0.423551894757768,1.77008872143369
"Eritrea","ERI",2022,0.0196462258134313,0.000463222172990042,0.464257055193305,1.9218429504706
"Eritrea","ERI",2023,0.016862918869643,0.000293279853048546,0.50070673719335,2.07574410783751
"Eritrea","ERI",2024,0.0141082990535882,0.000180427175956278,0.531567026077245,2.23123447614691
"Eritrea","ERI",2025,0.0115580247586278,0.000108468237969676,0.557604282387533,2.38785445421312
"Eritrea","ERI",2026,0.00936414194929693,6.44116610405965e-05,0.581085931511738,2.5452510949979
"Ethiopia","ETH",1970,0.073429509163233,0.0634229506840176,0.0848717846755323,0.0802253874221929
"Ethiopia","ETH",1971,0.0613637833696402,0.0535723529596958,0.0702043238629333,0.0734965399913368
"Ethiopia","ETH",1972,0.050776753618096,0.0434427053394046,0.0592722240893869,0.083516512888197
"Ethiopia","ETH",1973,0.041404541468433,0.0340486923183972,0.0502668443671963,0.103695521793098
"Ethiopia","ETH",1974,0.0333578692651,0.0261604747362452,0.0424491302658407,0.127786845557381
"Ethiopia","ETH",1975,0.0268349226631988,0.0200046886508876,0.0359117569359397,0.153434442080435
"Ethiopia","ETH",1976,0.0218501490274511,0.0154584864255169,0.0308019090894336,0.17987897472121
"Ethiopia","ETH",1977,0.0181761571557884,0.0122033069848601,0.0269925059599893,0.20636158347512
"Ethiopia","ETH",1978,0.0154432049302032,0.00985673562336962,0.024118773227139,0.231975568173832
"Ethiopia","ETH",1979,0.0132725507670351,0.00807773765510293,0.0217349576665723,0.256039331243809
"Ethiopia","ETH",1980,0.011385746041688,0.0066317746663845,0.0194807589610509,0.278207644184882
"Ethiopia","ETH",1981,0.00966672105221614,0.00541050740060589,0.0172131687570854,0.29828308134716
"Ethiopia","ETH",1982,0.00814678232895711,0.00440144282925193,0.0150310440796152,0.316050832209124
"Ethiopia","ETH",1983,0.00691839215749981,0.003626326100292,0.0131596028166222,0.331261669030383
"Ethiopia","ETH",1984,0.00604498724269738,0.00309144050182961,0.0117869740480624,0.343652710634095
"Ethiopia","ETH",1985,0.00552370962095715,0.00277326834124904,0.0109719404955677,0.352951549416554
"Ethiopia","ETH",1986,0.00529113674723703,0.00262533390350355,0.0106349716602296,0.358929294796888
"Ethiopia","ETH",1987,0.00523593118565028,0.00258484050669509,0.0105772263041877,0.361501223793313
"Ethiopia","ETH",1988,0.00521352987407579,0.00257748320654076,0.010517090578542,0.36076024540564
"Ethiopia","ETH",1989,0.00508839887380568,0.00253456736504562,0.010189186586522,0.356889726639302
"Ethiopia","ETH",1990,0.00480408522921186,0.00242480961066081,0.0094957349319106,0.350051807570496
"Ethiopia","ETH",1991,0.00442067304920405,0.00227355326561593,0.00857807661543594,0.340358350287799
"Ethiopia","ETH",1992,0.00407198446230158,0.00214546755896256,0.00771503708735412,0.327910961153566
"Ethiopia","ETH",1993,0.0038890566368976,0.00211019548170992,0.00715671483399271,0.312841960953588
"Ethiopia","ETH",1994,0.00396217371571767,0.00222477233663083,0.00704678932083818,0.295347446995427
"Ethiopia","ETH",1995,0.00434316480898097,0.00253447439674551,0.00743298209269167,0.2757305898827
"Ethiopia","ETH",1996,0.00504139144371204,0.00306794217268488,0.00827372390544702,0.254416619116025
"Ethiopia","ETH",1997,0.00598602150429656,0.00380804102326905,0.00939793001403771,0.231888169156989
"Ethiopia","ETH",1998,0.00698869033357776,0.0046544728817994,0.0104811907290382,0.208577752776307
"Ethiopia","ETH",1999,0.00779300059357128,0.00543775636420922,0.0111569232599561,0.184811407253055
"Ethiopia","ETH",2000,0.00823142420295392,0.0060192170334536,0.0112474707513843,0.160831603988278
"Ethiopia","ETH",2001,0.0083479314199528,0.0063964705057593,0.0108882277264923,0.136853762359381
"Ethiopia","ETH",2002,0.00835292537629228,0.00670270647593489,0.0104051752495709,0.113144470184488
"Ethiopia","ETH",2003,0.00847952567731774,0.00711592741226504,0.0101017666008304,0.0901496223770001
"Ethiopia","ETH",2004,0.00888020586681309,0.00777118482987768,0.010145876276965,0.0686328731975608
"Ethiopia","ETH",2005,0.00959235369447075,0.00870876120416001,0.0105646402041244,0.0497594334836022
"Ethiopia","ETH",2006,0.0105341107135738,0.00983689663415169,0.0112801785764622,0.0352973169246052
"Ethiopia","ETH",2007,0.0115260898296113,0.0109166424735081,0.0121691424133983,0.0280311495970554
"Ethiopia","ETH",2008,0.0123665510526174,0.0116794644508696,0.0130935225016598,0.0295197222056564
"Ethiopia","ETH",2009,0.0129416897713185,0.0120643836812018,0.0138818959728474,0.0362676862779683
"Ethiopia","ETH",2010,0.0132860367642223,0.0121959136842826,0.0144721721438887,0.0442432940443557
"Ethiopia","ETH",2011,0.0135390838122976,0.0122524736877024,0.0149587524757689,0.0516102900726646
"Ethiopia","ETH",2012,0.0138437045682712,0.0123822615293386,0.0154749348271508,0.0576767962763159
"Ethiopia","ETH",2013,0.0142648689489326,0.0126532347360289,0.0160784331933129,0.0620002685984844
"Ethiopia","ETH",2014,0.0147640491473091,0.0130441308369338,0.0167069064054179,0.0640821405904335
"Ethiopia","ETH",2015,0.0152276858146504,0.0134668765805689,0.0172147054278049,0.0636064095126205
"Ethiopia","ETH",2016,0.0155335031933715,0.0138124900428278,0.0174651541022371,0.06080233227753
"Ethiopia","ETH",2017,0.0156180311453926,0.0140069612107654,0.0174111329216994,0.056381095471869
"Ethiopia","ETH",2018,0.0154976616162299,0.0140433483101763,0.0170999699093942,0.0510287815491948
"Ethiopia","ETH",2019,0.0152282942864247,0.0139575966856619,0.0166127269819093,0.0451126295740111
"Ethiopia","ETH",2020,0.014840465877284,0.0137610597802606,0.0160031658345742,0.0390866574652223
"Ethiopia","ETH",2021,0.0143032685908645,0.013392577687638,0.0152749274117592,0.0340361804002286
"Ethiopia","ETH",2022,0.0135456050836195,0.0127474723276534,0.0143929812454247,0.0313968922272463
"Ethiopia","ETH",2023,0.0125229970394461,0.0117685952743461,0.0133251061211336,0.0320897082995494
"Ethiopia","ETH",2024,0.0112793964033178,0.0105083614123295,0.0121063127405078,0.036523467423062
"Ethiopia","ETH",2025,0.00994671214496488,0.00911780832622505,0.0108501468139572,0.0448211632702983
"Ethiopia","ETH",2026,0.00867578698476497,0.00777786099364822,0.00967636435479034,0.056204107649099
"Gabon","GAB",1970,0.698155728452359,0.0719356866227758,0.985718283854923,1.73258138387611
"Gabon","GAB",1971,0.640815195846205,0.0715096556484361,0.976374870672633,1.60338345685368
"Gabon","GAB",1972,0.577079177733933,0.0701143598871925,0.961079012289908,1.47741249458175
"Gabon","GAB",1973,0.507139417953299,0.0673318482935285,0.936167702142826,1.35559985624657
"Gabon","GAB",1974,0.433934506720401,0.0632977380484846,0.89686657301092,1.23913250656236
"Gabon","GAB",1975,0.36297886259926,0.0586123092436557,0.839092846814327,1.12956739214268
"Gabon","GAB",1976,0.299696864231969,0.0538990432810451,0.762738618477088,1.02882386423876
"Gabon","GAB",1977,0.24664061772003,0.0494024815874242,0.673458627688204,0.939020409694046
"Gabon","GAB",1978,0.202991864337373,0.044885595252542,0.579888631927763,0.862252662496862
"Gabon","GAB",1979,0.166164884942468,0.0398588407833223,0.488908290108629,0.800347439522848
"Gabon","GAB",1980,0.133865865334232,0.0340248263749488,0.40411329193255,0.754513364899798
"Gabon","GAB",1981,0.105313535361243,0.0276432055021454,0.327674925699623,0.72490380505958
"Gabon","GAB",1982,0.0810815176398617,0.0214572502926662,0.262022515998379,0.710336480102205
"Gabon","GAB",1983,0.061963664513879,0.0162109648464679,0.209364974540266,0.708409742250008
"Gabon","GAB",1984,0.0479962510881818,0.0122399414796341,0.170207580603073,0.715963902714243
"Gabon","GAB",1985,0.0383379113154807,0.00944939739107693,0.142810827578735,0.729635770324152
"Gabon","GAB",1986,0.031700940367865,0.00752497710369906,0.123855528842237,0.746316039819233
"Gabon","GAB",1987,0.0267830306696176,0.00612538220903608,0.109436768112665,0.763434366994958
"Gabon","GAB",1988,0.0225514545191275,0.00498614853923361,0.0960244654271883,0.779054487986492
"Gabon","GAB",1989,0.0184555019038025,0.00396711175714067,0.0815262949770902,0.791825075107267
"Gabon","GAB",1990,0.014499378037689,0.00305238029488167,0.066031458336464,0.80088393710373
"Gabon","GAB",1991,0.0110272499125088,0.00229292558972114,0.0513213420628569,0.805782583819016
"Gabon","GAB",1992,0.00834747050409491,0.00172981764211124,0.0392855500573327,0.80642538561055
"Gabon","GAB",1993,0.00652460672419707,0.00135918670329363,0.0307167560179055,0.803000022669063
"Gabon","GAB",1994,0.00542734349714964,0.00114540619442572,0.0253110620619063,0.795911490050079
"Gabon","GAB",1995,0.0048555856866518,0.00104487774077372,0.022254475497712,0.785740731874168
"Gabon","GAB",1996,0.00460767974816866,0.00101594750541803,0.0206351579524372,0.773216635639324
"Gabon","GAB",1997,0.0044889873859375,0.00101726530336397,0.0195768114337883,0.759178830731326
"Gabon","GAB",1998,0.00432401314837792,0.00100825171514825,0.0183438408018788,0.744536078094779
"Gabon","GAB",1999,0.00400720006199938,0.00096067600715292,0.0165548569220447,0.73023721397941
"Gabon","GAB",2000,0.00354940902520649,0.000872541384873947,0.0143209213252954,0.717249547050378
"Gabon","GAB",2001,0.00305116929399257,0.000765682635776791,0.0120761606446944,0.70653176459724
"Gabon","GAB",2002,0.00262050533511817,0.000667152045792975,0.0102345057860045,0.699010739635166
"Gabon","GAB",2003,0.00231631865182492,0.000593557393788465,0.00899428111697251,0.695574374952572
"Gabon","GAB",2004,0.00214605573633257,0.000548254521347743,0.00836143951696478,0.697064907070963
"Gabon","GAB",2005,0.00208651039416458,0.000525560943619208,0.00824533260975788,0.704257712504991
"Gabon","GAB",2006,0.00210038359176125,0.000515162555841756,0.00852194154767899,0.71784697637608
"Gabon","GAB",2007,0.00214694259403545,0.000505761391756492,0.00906540666851444,0.738458377926357
"Gabon","GAB",2008,0.00219404029795848,0.000489091394241845,0.00978417903071615,0.766662181328647
"Gabon","GAB",2009,0.00223035121700542,0.000463076239805128,0.010670219733585,0.80295525601712
"Gabon","GAB",2010,0.00226853259859462,0.000431460424388347,0.0118348795532723,0.847730732268082
"Gabon","GAB",2011,0.00233596880984727,0.000400070049565336,0.0135128531713615,0.901265758960999
"Gabon","GAB",2012,0.00246087138690104,0.000372963716557898,0.0160495402474415,0.963714550651126
"Gabon","GAB",2013,0.00266210658986717,0.000350870628444931,0.0198947970259999,1.03508683057658
"Gabon","GAB",2014,0.00294466656431735,0.000331791900046667,0.0256069588279982,1.11523472811128
"Gabon","GAB",2015,0.00330033033565977,0.000312679256410557,0.0338678661358046,1.2038739689869
"Gabon","GAB",2016,0.00371439766409181,0.000291254248798535,0.0455374994309055,1.3006149139801
"Gabon","GAB",2017,0.00417713404402179,0.000267083776350613,0.061791465836625,1.40496787748137
"Gabon","GAB",2018,0.00469242058358111,0.000241324868927398,0.0843174173426897,1.51633771691938
"Gabon","GAB",2019,0.0052745750592709,0.000215507722921118,0.11538900011467,1.63404574249183
"Gabon","GAB",2020,0.00593155896390416,0.000190442271338441,0.157484239188725,1.75737346986682
"Gabon","GAB",2021,0.00664294626996338,0.000166010870305238,0.212189486507426,1.88559013960463
"Gabon","GAB",2022,0.00734870304338045,0.000141785215960002,0.278752957115008,2.01795908857408
"Gabon","GAB",2023,0.0079657313659209,0.000117850908771231,0.353601544155524,2.15375687215934
"Gabon","GAB",2024,0.00843273567683509,9.51361119055998e-05,0.431870329298588,2.29231696112567
"Gabon","GAB",2025,0.00875276867610353,7.49656666113404e-05,0.509803128713088,2.43306706627315
"Gabon","GAB",2026,0.00899187417327958,5.82644696317396e-05,0.58556400747754,2.57553999512883
"Ghana","GHA",1970,0.055443747389968,0.0516063769986248,0.0595485424816285,0.0386622872844474
"Ghana","GHA",1971,0.0578832458591751,0.054678452925582,0.0612637036370847,0.0307929502260287
"Ghana","GHA",1972,0.0599255359834952,0.0565484402774786,0.063490740802231,0.0314239984265154
"Ghana","GHA",1973,0.0611709980791216,0.0573550374452803,0.0652232765032106,0.0349330973853733
"Ghana","GHA",1974,0.061645510764342,0.0577130875764893,0.0658271609038911,0.0357645144006526
"Ghana","GHA",1975,0.061853519137577,0.0581680026052369,0.0657562461598169,0.0333440751017291
"Ghana","GHA",1976,0.0624715108993944,0.0591135838509128,0.0660068022939291,0.0300128393300908
"Ghana","GHA",1977,0.0639285528667432,0.0607338349231439,0.0672792819507064,0.0278939960466644
"Ghana","GHA",1978,0.0661092305176774,0.062944208000456,0.069421609447204,0.0267566207049122
"Ghana","GHA",1979,0.0683003614633741,0.06520579187334,0.0715305566855737,0.0253483070203544
"Ghana","GHA",1980,0.0694791641966295,0.0665692145411146,0.0725064361036777,0.0234219553538593
"Ghana","GHA",1981,0.0689184407220473,0.0662529448319195,0.0716829425332761,0.0215829479857579
"Ghana","GHA",1982,0.0667338564720621,0.0642776201970451,0.0692770037305761,0.0204741395760202
"Ghana","GHA",1983,0.0638765708917628,0.061490721146234,0.0663484476021002,0.0207202857484185
"Ghana","GHA",1984,0.0615590961613151,0.0590466124588293,0.064171197246992,0.0226245770351327
"Ghana","GHA",1985,0.0605990059996662,0.0578319648744175,0.0634895181126388,0.0253459439595479
"Ghana","GHA",1986,0.0610323027522464,0.0580227518851305,0.0641873175220044,0.027432711207759
"Ghana","GHA",1987,0.0620025224150991,0.0588802731791054,0.0652788514321916,0.0280571732479771
"Ghana","GHA",1988,0.0619746946593753,0.0589272658578882,0.0651688079278246,0.0273804868562249
"Ghana","GHA",1989,0.059476487491738,0.0566837772273997,0.0623976883759184,0.0260499629254073
"Ghana","GHA",1990,0.0541354510918278,0.051720395948836,0.0566565382821536,0.0245852417724053
"Ghana","GHA",1991,0.0470755234857154,0.0450651130568902,0.049171002699945,0.0233430094658811
"Ghana","GHA",1992,0.0401444369988945,0.0384613430450648,0.0418979749027341,0.0227460032427111
"Ghana","GHA",1993,0.0347798959519898,0.0332986603964585,0.0363245459302323,0.022987644013
"Ghana","GHA",1994,0.0315362490431283,0.0301497085878917,0.0329843858097901,0.023669926777194
"Ghana","GHA",1995,0.030253510950782,0.0288896399290568,0.0316796694340311,0.0242523588939365
"Ghana","GHA",1996,0.0303075114197119,0.0289197530229678,0.0317596855351565,0.0246432834456362
"Ghana","GHA",1997,0.0307273063888075,0.0292944799072522,0.0322278873219102,0.0251172329253903
"Ghana","GHA",1998,0.030408701622942,0.0289467609456332,0.0319420481020977,0.0259067075424504
"Ghana","GHA",1999,0.028619166355069,0.027179759219456,0.0301324416004128,0.027084088958505
"Ghana","GHA",2000,0.0254617649396413,0.0241060200754965,0.026891657055498,0.0286257691125971
"Ghana","GHA",2001,0.0217426054569125,0.0205130272307676,0.0230441522605299,0.030341673037984
"Ghana","GHA",2002,0.0183447583006231,0.0172514047977541,0.0195060305980201,0.0319201380723739
"Ghana","GHA",2003,0.0157584997049322,0.0147797337102276,0.0168009776983026,0.0332229223238421
"Ghana","GHA",2004,0.0140464608131766,0.0131430606453333,0.0150110124707505,0.0343838795296447
"Ghana","GHA",2005,0.0130192198185089,0.0121549620479807,0.013944061730411,0.0354920932540871
"Ghana","GHA",2006,0.0123928527031413,0.0115502714896812,0.0132960726076131,0.0363590610871988
"Ghana","GHA",2007,0.0118931969724246,0.0110753933700232,0.0127706071313221,0.0367694001410594
"Ghana","GHA",2008,0.0113397980548889,0.0105593842253722,0.0121771801813886,0.0367819280759144
"Ghana","GHA",2009,0.0106956336173464,0.00996267472764068,0.0114818912721344,0.0365972506773419
"Ghana","GHA",2010,0.0100437617808337,0.00936037390057332,0.0107765001053441,0.0363043725823594
"Ghana","GHA",2011,0.00950626875097376,0.00886372768291212,0.0101949091958318,0.0360370098020329
"Ghana","GHA",2012,0.00916902279702827,0.00854572667749384,0.00983732893649258,0.0362388915414105
"Ghana","GHA",2013,0.00905069467274876,0.00841676304672465,0.00973190399374608,0.0373753638356565
"Ghana","GHA",2014,0.00910916534367782,0.00843682901951948,0.00983454917354185,0.0394657371511185
"Ghana","GHA",2015,0.0092676827494212,0.00853577953086836,0.0100617063681425,0.0423495748469536
"Ghana","GHA",2016,0.00945055219739097,0.00863941379467073,0.0103370527758101,0.0462025422742249
"Ghana","GHA",2017,0.00961507747628052,0.00870407836002441,0.0106204033994761,0.0512551860797907
"Ghana","GHA",2018,0.00976030357896898,0.00873408175757448,0.0109057760377707,0.057207392163914
"Ghana","GHA",2019,0.00990482143248674,0.00875661474070771,0.0112018847152577,0.0634547388559118
"Ghana","GHA",2020,0.0100490431039882,0.00877591969627926,0.0115047149887901,0.0697709513187154
"Ghana","GHA",2021,0.0101487445527994,0.0087498698555438,0.0117686074205303,0.0763894904471534
"Ghana","GHA",2022,0.0101213314912973,0.00860664437699661,0.011899389491298,0.0834896548735557
"Ghana","GHA",2023,0.00988923910986049,0.00828745468809917,0.0117969308275763,0.0909799975708879
"Ghana","GHA",2024,0.00943575770903413,0.00778666253334803,0.011430082521289,0.0988559005406436
"Ghana","GHA",2025,0.00882657184427813,0.00716312855435588,0.0108720748733641,0.107396283162095
"Ghana","GHA",2026,0.00817157896481363,0.00651045316011134,0.0102521631845315,0.116799235218046
"Guinea","GIN",1970,0.0327253633786719,0.0257845320018036,0.0414550648949901,0.125268200644655
"Guinea","GIN",1971,0.0320986485670013,0.0255859033208192,0.0402007817818829,0.119121720266299
"Guinea","GIN",1972,0.0312308512241406,0.0250644712743113,0.038853829717109,0.115459218728099
"Guinea","GIN",1973,0.0299844785525446,0.0241965691761494,0.0371042331577549,0.11245821585881
"Guinea","GIN",1974,0.0284697258266454,0.0231486332026744,0.0349701717372464,0.1083508217934
"Guinea","GIN",1975,0.0269999002686058,0.0221773565062311,0.0328359077345404,0.10291097136496
"Guinea","GIN",1976,0.0259029912365864,0.021503794131728,0.0311734940343151,0.0972627935292681
"Guinea","GIN",1977,0.0253482479939908,0.0212327262364044,0.0302368345114389,0.092540611919071
"Guinea","GIN",1978,0.0252718273525629,0.0213132017449885,0.0299432161856833,0.088988054791076
"Guinea","GIN",1979,0.0254023726206386,0.0215373604129017,0.0299397617937796,0.0862302898238428
"Guinea","GIN",1980,0.0253867661146004,0.0216224350200851,0.029786491893885,0.0838528213433616
"Guinea","GIN",1981,0.0249980211483051,0.0213862226358331,0.0292015943971738,0.0815037305352193
"Guinea","GIN",1982,0.0243068014690676,0.0208976617660376,0.0282560411172357,0.0788810769465216
"Guinea","GIN",1983,0.0236689378756326,0.0204625546056135,0.0273637104801273,0.0759416698635897
"Guinea","GIN",1984,0.0235421717026651,0.0204700614159025,0.0270626006713044,0.0729444861014225
"Guinea","GIN",1985,0.024286011839333,0.0212351280561459,0.0277627876784108,0.0700845354215749
"Guinea","GIN",1986,0.0260245530354322,0.0228868762586093,0.029579367788137,0.0671903673946557
"Guinea","GIN",1987,0.0285334816454773,0.0252591980518584,0.0322181730957129,0.0639043932620469
"Guinea","GIN",1988,0.0311748300077336,0.0278122444321327,0.0349293558177641,0.0599997169733868
"Guinea","GIN",1989,0.0330709073910931,0.029770037650812,0.0367239207637861,0.055387488660252
"Guinea","GIN",1990,0.0336183411701506,0.0305757106776276,0.0369522068245533,0.050004791907288
"Guinea","GIN",1991,0.0329771592800245,0.0303378116169647,0.0358376400544981,0.0439520266332789
"Guinea","GIN",1992,0.0320205267199488,0.0298054641881143,0.0343943709290122,0.037740377776061
"Guinea","GIN",1993,0.0318350265603193,0.0299444965842194,0.033840750312867,0.0322308079419944
"Guinea","GIN",1994,0.0333020873244144,0.0315662024295223,0.0351299689980254,0.0282281363369045
"Guinea","GIN",1995,0.0369418905283025,0.0351601095477862,0.038810333370844,0.0261644806850012
"Guinea","GIN",1996,0.0427586246569149,0.0407131500483146,0.0449020559289336,0.0260991568361849
"Guinea","GIN",1997,0.049912793106033,0.0473982801566065,0.052553343520854,0.0277216923551095
"Guinea","GIN",1998,0.056571776579268,0.053474457363262,0.0598371557452461,0.0303998857079096
"Guinea","GIN",1999,0.0605925282196196,0.0569632125261891,0.0644372794484224,0.0334805557172463
"Guinea","GIN",2000,0.060885677574956,0.0569267994621064,0.0651008641367388,0.0364481780530198
"Guinea","GIN",2001,0.058140284941943,0.0541124671774561,0.062448116587761,0.0388068998653482
"Guinea","GIN",2002,0.0541292859226151,0.0502455770273063,0.0582947590579889,0.0400767348610927
"Guinea","GIN",2003,0.0504571330418048,0.0468270923980515,0.0543525285197569,0.0400397135011804
"Guinea","GIN",2004,0.0478643450641499,0.0445067552916412,0.0514615892051621,0.0389030907139685
"Guinea","GIN",2005,0.0462195791056983,0.0431138605225614,0.0495374370455516,0.0371479045423209
"Guinea","GIN",2006,0.0448234871065577,0.0419501437573012,0.0478838013997829,0.035333710714424
"Guinea","GIN",2007,0.0428310247707551,0.0401622870575096,0.0456686595306456,0.0342441699264428
"Guinea","GIN",2008,0.0397179429452287,0.037176573741456,0.042425383684695,0.0350853114413921
"Guinea","GIN",2009,0.0355631508144108,0.0330311749445698,0.0382815293567164,0.039020460498153
"Guinea","GIN",2010,0.0309224543233601,0.0283045714720215,0.0337740486885368,0.0465086961482176
"Guinea","GIN",2011,0.0264218677071409,0.0236708155354448,0.0294829954812476,0.0575361429380791
"Guinea","GIN",2012,0.0224344272055533,0.0195385615053148,0.0257482259044736,0.0720227686519359
"Guinea","GIN",2013,0.0190239159675024,0.0160056060355253,0.0225983417236256,0.0897091859244506
"Guinea","GIN",2014,0.0160704016331222,0.0129917955314314,0.0198638489977703,0.110094454447862
"Guinea","GIN",2015,0.0134274110878838,0.0103846225677275,0.0173461367316866,0.132679369089716
"Guinea","GIN",2016,0.0110208198578714,0.00812310966627683,0.0149366473282854,0.157142280946093
"Guinea","GIN",2017,0.00886137056676605,0.00620416831420951,0.0126421567426135,0.183243592413606
"Guinea","GIN",2018,0.0069941024567335,0.00463892161782702,0.0105323562761527,0.210690979347737
"Guinea","GIN",2019,0.0054414071295273,0.00341183665368029,0.00866779049934431,0.239196699892815
"Guinea","GIN",2020,0.00418260032026657,0.00247485125676073,0.00706042564427799,0.268605253301062
"Guinea","GIN",2021,0.00316979297111857,0.00176705210406624,0.0056797373188519,0.298857045397127
"Guinea","GIN",2022,0.00235464147369857,0.00123496037741103,0.00448492674728799,0.329832287421193
"Guinea","GIN",2023,0.0017043318159608,0.000840179573387804,0.00345422025407127,0.361315317548855
"Guinea","GIN",2024,0.00120030998311121,0.000555826933839716,0.00259013648790097,0.393124079297154
"Guinea","GIN",2025,0.000827064371505243,0.000359590784053921,0.00190110510065464,0.425195717626289
"Guinea","GIN",2026,0.00056353202662923,0.000229943532711221,0.00138040280136892,0.457512305674184
"Gambia","GMB",1970,0.0613444614104566,0.000306395528408584,0.933045451221885,2.73590999330287
"Gambia","GMB",1971,0.0602587909060802,0.000397396303481829,0.911836442426529,2.59348112008044
"Gambia","GMB",1972,0.0587224907707872,0.000508761293047128,0.884340570135859,2.45337118840191
"Gambia","GMB",1973,0.0564704467824518,0.000638723201323603,0.848589380934626,2.31606642507903
"Gambia","GMB",1974,0.0536876236345004,0.000787083660318795,0.803388416679477,2.18214204044921
"Gambia","GMB",1975,0.0509357609321111,0.000960197909144492,0.749807897322709,2.05229553151014
"Gambia","GMB",1976,0.0488095956498055,0.00117265428994598,0.691627163421332,1.92730857227307
"Gambia","GMB",1977,0.0476105496373884,0.00144313159956429,0.633591661854211,1.80794691883029
"Gambia","GMB",1978,0.0472035634262587,0.00178437763392517,0.578601692677339,1.69488149258291
"Gambia","GMB",1979,0.0470702967674899,0.00218995478386577,0.526446314090464,1.58866482076167
"Gambia","GMB",1980,0.0465560873639843,0.00262703367426852,0.475126496533126,1.48971766549531
"Gambia","GMB",1981,0.0452591419740496,0.00304962152780097,0.423508494617798,1.39828991618326
"Gambia","GMB",1982,0.0433288779707592,0.00343292331664393,0.37323196373091,1.31442037538697
"Gambia","GMB",1983,0.0414106226735574,0.00380261151996073,0.328364084323779,1.23792447723842
"Gambia","GMB",1984,0.0402844212749592,0.00423246848926828,0.293050176347398,1.1683960689517
"Gambia","GMB",1985,0.0404968567487714,0.00481400214073014,0.26914169912353,1.10520899834289
"Gambia","GMB",1986,0.0421427810833745,0.0056142310870427,0.255317505001243,1.04754350283171
"Gambia","GMB",1987,0.0447405314308386,0.00662512672776741,0.247504226724226,0.994456859213529
"Gambia","GMB",1988,0.047232494994268,0.00771820463966783,0.24009618539871,0.94496762946421
"Gambia","GMB",1989,0.0483548926897799,0.00866353513870378,0.228056422730954,0.898115497164925
"Gambia","GMB",1990,0.0474113625932203,0.00926493408608984,0.209418836935117,0.853004678486775
"Gambia","GMB",1991,0.0448467197469328,0.00952772698837274,0.186446543066608,0.808854240732278
"Gambia","GMB",1992,0.0419909311157031,0.00969035727343541,0.164115392452065,0.765042241765085
"Gambia","GMB",1993,0.0402741008195923,0.0101073924156326,0.147097594025659,0.721117480808046
"Gambia","GMB",1994,0.0406902934329144,0.0111320544203788,0.137796100364839,0.676789627802315
"Gambia","GMB",1995,0.0436886618107608,0.0130662075185731,0.136176551465074,0.631927920773109
"Gambia","GMB",1996,0.0491044999966613,0.0160933090299355,0.140181957283746,0.586568355585506
"Gambia","GMB",1997,0.0559089920231436,0.0201009763768598,0.146001374969467,0.540910100739431
"Gambia","GMB",1998,0.0621507433050724,0.024486640134787,0.148904812661237,0.495311089781146
"Gambia","GMB",1999,0.0657136346713046,0.0282749043922566,0.145311815873184,0.450317214968304
"Gambia","GMB",2000,0.0656583205462846,0.0306917093895687,0.134917012562818,0.406740963032903
"Gambia","GMB",2001,0.06284093144794,0.0317007190687181,0.120755949573091,0.365793599052572
"Gambia","GMB",2002,0.0591486441766122,0.031917745524112,0.107042974320195,0.329297664022133
"Gambia","GMB",2003,0.0562637561125588,0.0320550491713009,0.0969246768267761,0.299961400577
"Gambia","GMB",2004,0.0550061586258341,0.032440011828182,0.0917808794619221,0.281454885697245
"Gambia","GMB",2005,0.0553136266297923,0.0328569618905037,0.0916639988005303,0.277729107359376
"Gambia","GMB",2006,0.0564727066962168,0.0327027890470118,0.0958084589657874,0.291417141649386
"Gambia","GMB",2007,0.0574605975744445,0.0313775700559107,0.102921670454467,0.322603728134138
"Gambia","GMB",2008,0.0574220021072953,0.0286894477907661,0.111623365088005,0.369349863043312
"Gambia","GMB",2009,0.0561001013161419,0.0249886284365226,0.121133823224731,0.429156006505028
"Gambia","GMB",2010,0.0538943244283192,0.0209351546497113,0.131759540746521,0.499917853907356
"Gambia","GMB",2011,0.0515043741929052,0.0171185302827595,0.144786133462838,0.580161518291308
"Gambia","GMB",2012,0.0494854472142624,0.0138378903630473,0.161889026522879,0.668921123741334
"Gambia","GMB",2013,0.0480129435348471,0.0111234985787812,0.184424772436167,0.765524890256693
"Gambia","GMB",2014,0.0468996268166705,0.0088733210853866,0.212884070664623,0.869429953306503
"Gambia","GMB",2015,0.0457726321131794,0.00697584710166668,0.246729832490892,0.980145716601813
"Gambia","GMB",2016,0.0443048324597885,0.00536833879498133,0.284787478193602,1.09719832834454
"Gambia","GMB",2017,0.042382225245866,0.00403344844460313,0.325996788846344,1.22008791496508
"Gambia","GMB",2018,0.0401087839720872,0.00296531317103358,0.369899895204341,1.34825424064931
"Gambia","GMB",2019,0.0376631811525561,0.00214256096010654,0.416355050847677,1.48108524114209
"Gambia","GMB",2020,0.0351344178128218,0.00152536611715691,0.464653837401677,1.61795240110908
"Gambia","GMB",2021,0.0324600435929914,0.00106802561799663,0.512842504799412,1.75822864177449
"Gambia","GMB",2022,0.029501545488437,0.000731349508439935,0.558025668220535,1.90128587395605
"Gambia","GMB",2023,0.0261978905497492,0.000487034733157973,0.597637156744399,2.04650956510465
"Gambia","GMB",2024,0.0226764877312885,0.000315058028440541,0.630755753656485,2.19334157685958
"Gambia","GMB",2025,0.0192199347005917,0.00019912406832267,0.658492357396345,2.34131790343576
"Gambia","GMB",2026,0.0161094745269161,0.000124302883680068,0.683185704624678,2.4900806083286
"Guinea-Bissau","GNB",1970,0.000816909475728493,0.000166297348787249,0.00400274848993578,0.812449885881363
"Guinea-Bissau","GNB",1971,0.00103240724352912,0.000234054262227073,0.00454155114159154,0.757599165599505
"Guinea-Bissau","GNB",1972,0.00129317341628994,0.000326171953979623,0.00511238124107287,0.703264064149109
"Guinea-Bissau","GNB",1973,0.00159541746167146,0.00044732941550988,0.00567339260191653,0.649359542743053
"Guinea-Bissau","GNB",1974,0.00194085590294518,0.000604489341299772,0.00621320947911651,0.59583590504737
"Guinea-Bissau","GNB",1975,0.00234875605500544,0.000811628967494679,0.00677727035117416,0.542927239660636
"Guinea-Bissau","GNB",1976,0.00285990188887164,0.00109406632531128,0.00745454693436732,0.491150676037327
"Guinea-Bissau","GNB",1977,0.00352725381532132,0.00148897655374018,0.00833246834312563,0.441058167335094
"Guinea-Bissau","GNB",1978,0.00439297468452401,0.00203810905155731,0.00944294652898741,0.393033991400613
"Guinea-Bissau","GNB",1979,0.005456215297063,0.00276966759331352,0.0107206704817488,0.347309037944243
"Guinea-Bissau","GNB",1980,0.0066514907558257,0.00367616677629401,0.012005890110508,0.304061837219914
"Guinea-Bissau","GNB",1981,0.00787358514452512,0.00471305939699431,0.0131255744110485,0.263447346084254
"Guinea-Bissau","GNB",1982,0.00905851235251938,0.0058401542424302,0.0140254035272176,0.225607252404966
"Guinea-Bissau","GNB",1983,0.0102631957318561,0.00708427218878118,0.0148472663747439,0.190762175790471
"Guinea-Bissau","GNB",1984,0.0116716432397442,0.00856845430644938,0.0158806946679722,0.159290717803521
"Guinea-Bissau","GNB",1985,0.0135197360045545,0.0104774268250952,0.0174298739364308,0.131636064112418
"Guinea-Bissau","GNB",1986,0.0159680707809613,0.0129584898556341,0.0196626962518763,0.108109052091239
"Guinea-Bissau","GNB",1987,0.0189353883030409,0.0159585962754124,0.0224547772736638,0.088808461962841
"Guinea-Bissau","GNB",1988,0.0219554792975807,0.0190605599421938,0.0252787486928287,0.0736484656239382
"Guinea-Bissau","GNB",1989,0.024260735294191,0.0215339620884819,0.0273231488000522,0.062254369964092
"Guinea-Bissau","GNB",1990,0.0252328684811465,0.0227646084435878,0.0279610930955677,0.0538108845842564
"Guinea-Bissau","GNB",1991,0.0249023121565203,0.0227477148713937,0.027255294963979,0.0472975235049277
"Guinea-Bissau","GNB",1992,0.0239566902227074,0.0221057287776117,0.0259585226239101,0.0419925649522698
"Guinea-Bissau","GNB",1993,0.0232786517302868,0.0216606881088811,0.0250143804780217,0.0375983933050658
"Guinea-Bissau","GNB",1994,0.0235240484235403,0.0220419608361898,0.0251032326106627,0.0339754740332395
"Guinea-Bissau","GNB",1995,0.0249703766351333,0.0235294489712026,0.0264971512543244,0.0310786439120405
"Guinea-Bissau","GNB",1996,0.0274569855369644,0.0259714016574054,0.0290250137317161,0.0291586637969969
"Guinea-Bissau","GNB",1997,0.0302910367568825,0.0286842030470317,0.0319849181521309,0.0286535473529557
"Guinea-Bissau","GNB",1998,0.03232920309876,0.0305570118274972,0.0342005488260281,0.0296971874652378
"Guinea-Bissau","GNB",1999,0.0325245486665811,0.0306121271010317,0.0345521858777204,0.0319253413269334
"Guinea-Bissau","GNB",2000,0.0306617644360996,0.0287037171392078,0.0327488779856817,0.0346978239627191
"Guinea-Bissau","GNB",2001,0.027498643403102,0.0256109882196887,0.0295212127870796,0.0372726201365543
"Guinea-Bissau","GNB",2002,0.0241420728306687,0.0224061396021057,0.0260089206612462,0.038978758712316
"Guinea-Bissau","GNB",2003,0.0213718338700947,0.0198108913958527,0.023052873760699,0.0395080532425501
"Guinea-Bissau","GNB",2004,0.0194384070512246,0.0180313893907941,0.0209528738158119,0.0390666536739418
"Guinea-Bissau","GNB",2005,0.0182027019345569,0.0169104608631806,0.0195917238256037,0.0382413054132657
"Guinea-Bissau","GNB",2006,0.0173350722161111,0.0161138607274471,0.0186470808516482,0.0379050570555674
"Guinea-Bissau","GNB",2007,0.0164853514179882,0.015277560135125,0.0177869018089268,0.039446113384961
"Guinea-Bissau","GNB",2008,0.0154311583554256,0.0141553133354686,0.0168200357062718,0.0446906547589974
"Guinea-Bissau","GNB",2009,0.0141594233997418,0.0127332731909862,0.0157427580303122,0.0549017610757217
"Guinea-Bissau","GNB",2010,0.0128216550133816,0.0111911452485118,0.0146861958784925,0.0702362250825984
"Guinea-Bissau","GNB",2011,0.0116029423483457,0.00973744108595099,0.0138208487352662,0.0903908048333692
"Guinea-Bissau","GNB",2012,0.0106138735937778,0.00848895842781208,0.013263572008613,0.115071975535864
"Guinea-Bissau","GNB",2013,0.00986116215659338,0.00745535947802021,0.0130331097503297,0.143927385988778
"Guinea-Bissau","GNB",2014,0.00927619990782647,0.00658133113617927,0.0130600342824704,0.176495588380539
"Guinea-Bissau","GNB",2015,0.00876435831132747,0.0057978168478343,0.0132285795419029,0.212347023447974
"Guinea-Bissau","GNB",2016,0.00825172135186242,0.00505974958577193,0.0134301850974481,0.251182753058671
"Guinea-Bissau","GNB",2017,0.00771141213766402,0.00435912246374342,0.0136064771508176,0.292756738674561
"Guinea-Bissau","GNB",2018,0.00715773810756663,0.00371208988791746,0.0137575520416066,0.336767079078907
"Guinea-Bissau","GNB",2019,0.0066163238361407,0.00313493856120878,0.0139098810755842,0.382871823321768
"Guinea-Bissau","GNB",2020,0.00609487348851749,0.00262908096318687,0.014065026103325,0.430762573792071
"Guinea-Bissau","GNB",2021,0.0055744741282892,0.00218257233553456,0.0141628578542131,0.480152523671816
"Guinea-Bissau","GNB",2022,0.00502464046101253,0.0017814489927338,0.0140888438801167,0.530704640855367
"Guinea-Bissau","GNB",2023,0.00443042655781487,0.00142008082193016,0.0137344565500326,0.58204145964869
"Guinea-Bissau","GNB",2024,0.00381075749347191,0.00110317357237971,0.0130767283829496,0.633852627135234
"Guinea-Bissau","GNB",2025,0.0032114228777144,0.000839125946330592,0.0122085037572989,0.685962083843506
"Guinea-Bissau","GNB",2026,0.00267765862423267,0.000631259812469704,0.0112831117883984,0.738280770319575
"Equatorial Guinea","GNQ",1970,0.515570903787284,0.0228829147428472,0.979743666412408,1.94720392694622
"Equatorial Guinea","GNQ",1971,0.470879236701785,0.0258311616259318,0.967603531208663,1.79254491202853
"Equatorial Guinea","GNQ",1972,0.424566282454676,0.0288747466936567,0.948209868283176,1.63848578874985
"Equatorial Guinea","GNQ",1973,0.37619620016734,0.0317650741676315,0.917257677402077,1.48539912289482
"Equatorial Guinea","GNQ",1974,0.327452973504949,0.0344244820818429,0.869267897100167,1.33379016889138
"Equatorial Guinea","GNQ",1975,0.281648196118362,0.0370520968481615,0.799804516166836,1.18437433706016
"Equatorial Guinea","GNQ",1976,0.241779021336275,0.0400182815449631,0.709236013298191,1.03807507906199
"Equatorial Guinea","GNQ",1977,0.208866923220122,0.0436133778951634,0.60450231450412,0.895933386663166
"Equatorial Guinea","GNQ",1978,0.181747381831057,0.0477750470657383,0.495797854556378,0.759053277847963
"Equatorial Guinea","GNQ",1979,0.158087704022725,0.0519197989185676,0.391666423623171,0.628680112243753
"Equatorial Guinea","GNQ",1980,0.135826500342429,0.0550466271964673,0.297791780939549,0.506408047002624
"Equatorial Guinea","GNQ",1981,0.114279932236124,0.0561942765025396,0.218505914667879,0.394569116217262
"Equatorial Guinea","GNQ",1982,0.0942774323590339,0.0549429991299012,0.157091043291211,0.297172335084539
"Equatorial Guinea","GNQ",1983,0.0772554151118901,0.0513860472608896,0.114575247808212,0.222142744375657
"Equatorial Guinea","GNQ",1984,0.0641266973237378,0.0456449484188148,0.0893908178742011,0.183430355567871
"Equatorial Guinea","GNQ",1985,0.0547988351160534,0.0384263929929299,0.077584285393316,0.189845782864269
"Equatorial Guinea","GNQ",1986,0.0483647992439521,0.031547101209538,0.0734678484241787,0.226943181071026
"Equatorial Guinea","GNQ",1987,0.04350628225787,0.025871797619607,0.0722688822691975,0.274500288603262
"Equatorial Guinea","GNQ",1988,0.0389096501862351,0.0210999558557708,0.0706666559930497,0.321598196247822
"Equatorial Guinea","GNQ",1989,0.0337429788310813,0.0168361135845239,0.0664797428201646,0.363567410337525
"Equatorial Guinea","GNQ",1990,0.0280193770671824,0.0130311894746654,0.059212403427837,0.398394491954635
"Equatorial Guinea","GNQ",1991,0.0224510653851079,0.00988149152632962,0.0501989043779337,0.425230048112089
"Equatorial Guinea","GNQ",1992,0.0178353083326943,0.00755132477120106,0.0415386264085207,0.443812952212748
"Equatorial Guinea","GNQ",1993,0.0145645569724422,0.00603144225832228,0.0347480440163615,0.4541973298636
"Equatorial Guinea","GNQ",1994,0.0125974986651621,0.00518631758879095,0.0302768440765141,0.456608192560276
"Equatorial Guinea","GNQ",1995,0.0116621741407821,0.00484770333687015,0.0277883366641559,0.451386117406816
"Equatorial Guinea","GNQ",1996,0.0113956984336429,0.00485228044408216,0.026527852433048,0.438971530961207
"Equatorial Guinea","GNQ",1997,0.0113771844136377,0.00502809166988424,0.0255376559127016,0.419883206612292
"Equatorial Guinea","GNQ",1998,0.0111777440383637,0.00518802410080783,0.0239165119505269,0.394699441738746
"Equatorial Guinea","GNQ",1999,0.0105162651585889,0.00517949958565275,0.0212344652367569,0.364078401502978
"Equatorial Guinea","GNQ",2000,0.00941131002685689,0.00496235891379783,0.0177776591639366,0.328832708757871
"Equatorial Guinea","GNQ",2001,0.00813280475611246,0.00462221191466503,0.0142714813140322,0.29008450083764
"Equatorial Guinea","GNQ",2002,0.00698443963826502,0.00429356338188562,0.0113425398319604,0.249629535923751
"Equatorial Guinea","GNQ",2003,0.00613964630037857,0.00407017978783307,0.00925155034749974,0.210795942969928
"Equatorial Guinea","GNQ",2004,0.00562597653876651,0.00395930011050669,0.00798861719474703,0.180103047501642
"Equatorial Guinea","GNQ",2005,0.00538057708500838,0.00387352880815202,0.00746956596793501,0.168440693450683
"Equatorial Guinea","GNQ",2006,0.0052996711018096,0.00369001797705375,0.00760612377320192,0.185525690706415
"Equatorial Guinea","GNQ",2007,0.00527313996302685,0.00336565711254682,0.00825273497471841,0.230060479205793
"Equatorial Guinea","GNQ",2008,0.00521938893182129,0.00293983376822498,0.00925011894652452,0.294038871325134
"Equatorial Guinea","GNQ",2009,0.00511412204299821,0.00247707793152789,0.0105288752953566,0.371210827528777
"Equatorial Guinea","GNQ",2010,0.00499034129964816,0.00203891414041552,0.0121620360541742,0.458188143466084
"Equatorial Guinea","GNQ",2011,0.00490772708321178,0.00166481802590086,0.0143765517954015,0.553239132258634
"Equatorial Guinea","GNQ",2012,0.0049165951355712,0.00136551395228219,0.017540223524755,0.655432469368291
"Equatorial Guinea","GNQ",2013,0.00503745591094789,0.00113091288777537,0.0221393787232393,0.764180937251067
"Equatorial Guinea","GNQ",2014,0.00525791492002464,0.000942880765741381,0.0287521121680338,0.879019618228887
"Equatorial Guinea","GNQ",2015,0.00554185348075256,0.000785080328212957,0.0380230154064546,0.999525573201983
"Equatorial Guinea","GNQ",2016,0.0058477589504093,0.000647724262304637,0.050677518347364,1.12528861565796
"Equatorial Guinea","GNQ",2017,0.00614925239381475,0.000527532615657484,0.0676260397295542,1.25587533799201
"Equatorial Guinea","GNQ",2018,0.00644433795887273,0.000424550337833668,0.0901240663860165,1.39079957148245
"Equatorial Guinea","GNQ",2019,0.00674459806036125,0.00033867585428862,0.119795988093539,1.52953184726442
"Equatorial Guinea","GNQ",2020,0.00705066427509687,0.00026813238373206,0.158243732436733,1.67153252878258
"Equatorial Guinea","GNQ",2021,0.00733115587454271,0.000210009687467772,0.206135187532319,1.816266807169
"Equatorial Guinea","GNQ",2022,0.00752267035656063,0.000161611367270206,0.262229729024931,1.96319972082056
"Equatorial Guinea","GNQ",2023,0.00755885622310764,0.000121364475698833,0.323374975541719,2.11180772853262
"Equatorial Guinea","GNQ",2024,0.00741452404747116,8.8745997751558e-05,0.386013354112092,2.26161792421329
"Equatorial Guinea","GNQ",2025,0.00712910475777332,6.34997885888767e-05,0.44808293097757,2.41224260483062
"Equatorial Guinea","GNQ",2026,0.00678366027639024,4.4915894442361e-05,0.509451509603946,2.5633888915435
"Kenya","KEN",1970,0.0323359082590682,0.0257000390677211,0.0406137659154869,0.120673480327368
"Kenya","KEN",1971,0.033640460021177,0.0274349442322825,0.0411901562035744,0.107302541396285
"Kenya","KEN",1972,0.034705025726451,0.028879385298819,0.0416554248560178,0.0968231791161797
"Kenya","KEN",1973,0.0353033778629985,0.029867493488986,0.0416860822609353,0.0881770055771859
"Kenya","KEN",1974,0.0354670757079842,0.0304984350333855,0.041210772509834,0.0796263114133469
"Kenya","KEN",1975,0.0355117994456583,0.0310653196377541,0.0405680714093463,0.070598239279319
"Kenya","KEN",1976,0.0358533192803517,0.0318818989785055,0.0402988533416327,0.0619940692541117
"Kenya","KEN",1977,0.0367639267461501,0.033140928465321,0.0407662949574998,0.0548481156061668
"Kenya","KEN",1978,0.0382021694929459,0.0348132299670142,0.0419066860793321,0.0491898849565901
"Kenya","KEN",1979,0.0397760037802517,0.0365757863402204,0.0432436577932097,0.0444921454532611
"Kenya","KEN",1980,0.0408962521528204,0.0378846563348717,0.0441362687768105,0.0406261894464831
"Kenya","KEN",1981,0.0411235280778392,0.0382990594043299,0.044146733008642,0.037804261335233
"Kenya","KEN",1982,0.0405051747210351,0.0378444287394631,0.0433445636051794,0.036079179961176
"Kenya","KEN",1983,0.039601873350831,0.0370437224778235,0.0423289185247937,0.0354273546134049
"Kenya","KEN",1984,0.0391731558962484,0.0366124812984255,0.041905133761144,0.0358490006307832
"Kenya","KEN",1985,0.0397896219251574,0.0371142006206479,0.0426493617158662,0.0369330981120261
"Kenya","KEN",1986,0.0415657836392787,0.0387105428647919,0.0446218476302701,0.0378265159245712
"Kenya","KEN",1987,0.0440071160152495,0.0409836324200888,0.0472426630635856,0.037926654751886
"Kenya","KEN",1988,0.0460304753496647,0.0429264729904865,0.0493473545576249,0.0372772735687297
"Kenya","KEN",1989,0.0463931822703234,0.0433525424450062,0.0496360198038754,0.0362095197820117
"Kenya","KEN",1990,0.0445030198056552,0.0416866150169116,0.0475002732299491,0.0348572442077244
"Kenya","KEN",1991,0.0409358845404197,0.0384559738925072,0.0435684709849908,0.0332017464519639
"Kenya","KEN",1992,0.0370631407317767,0.0349310513485444,0.0393200644387719,0.031356383982382
"Kenya","KEN",1993,0.0342023649054103,0.0323444811269392,0.0361629782610717,0.0294761294101602
"Kenya","KEN",1994,0.033110784765544,0.0314290075134686,0.034879313780912,0.0274824686711067
"Kenya","KEN",1995,0.0339567063417353,0.0323730547498807,0.0356149768842448,0.0252030164617568
"Kenya","KEN",1996,0.0363748706126886,0.0348414106430484,0.0379731667104103,0.0227865347902211
"Kenya","KEN",1997,0.0394128222967381,0.0378998272352516,0.0409836445461104,0.0207747360891598
"Kenya","KEN",1998,0.041642266672807,0.0401237706066727,0.0432156433483074,0.0197601830043725
"Kenya","KEN",1999,0.0417906438290232,0.040243370953387,0.0433947163183749,0.0200717557839503
"Kenya","KEN",2000,0.0395808655582107,0.0380002863526763,0.0412243699337043,0.0216308564593004
"Kenya","KEN",2001,0.0358916794724627,0.0343055006419314,0.037548346621125,0.0238998296579133
"Kenya","KEN",2002,0.0320378016189643,0.0304840952551357,0.033667946972451,0.0261812602256059
"Kenya","KEN",2003,0.0289735342793997,0.0274629936330598,0.03056454770951,0.0281111190888825
"Kenya","KEN",2004,0.0270308519934748,0.0255387492189607,0.0286075716923456,0.0297522374998894
"Kenya","KEN",2005,0.0260552192900539,0.0245474037647606,0.0276530262537873,0.0312035535238704
"Kenya","KEN",2006,0.0256191010256382,0.0240839051873809,0.0272494234306431,0.0323309921510304
"Kenya","KEN",2007,0.0252214836876483,0.0236787541037175,0.0268619604824361,0.0330098770652607
"Kenya","KEN",2008,0.0244966552614442,0.022980696463423,0.0261099442529547,0.0333851173333632
"Kenya","KEN",2009,0.0233678749190382,0.0219090834814306,0.0249213234479056,0.0336497307264789
"Kenya","KEN",2010,0.0220298436740166,0.0206495606484825,0.0235001753524802,0.0337318377611162
"Kenya","KEN",2011,0.0207753317815838,0.0194813561958219,0.0221533129631399,0.03348415894588
"Kenya","KEN",2012,0.0198153035224397,0.0185963190794528,0.0211124731754046,0.0330274167284827
"Kenya","KEN",2013,0.0191999212745916,0.0180341650788996,0.0204394652164654,0.0325643014930258
"Kenya","KEN",2014,0.0188364165116437,0.0177116800401574,0.0200311201014497,0.0319966357742629
"Kenya","KEN",2015,0.0185598121296242,0.0174770047693437,0.0197083603456668,0.0312322843056914
"Kenya","KEN",2016,0.0182208947469065,0.0171696817813323,0.0193352020150374,0.0308642892476868
"Kenya","KEN",2017,0.0177524310468057,0.016694585862726,0.0188760193923518,0.031895094034122
"Kenya","KEN",2018,0.0171752006615216,0.016069526497019,0.0183555322187013,0.0345235566156976
"Kenya","KEN",2019,0.0165435573002506,0.0153720688997956,0.0178027093374051,0.0380791174877816
"Kenya","KEN",2020,0.0158762371001018,0.0146339695558793,0.0172221167414181,0.0422140170538048
"Kenya","KEN",2021,0.0151241263789101,0.0138068009213533,0.0165650284608649,0.0471768429069231
"Kenya","KEN",2022,0.0141976048162235,0.0128140282856177,0.0157281909314807,0.0530281958024942
"Kenya","KEN",2023,0.0130377793188545,0.0116213340601173,0.0146243110034362,0.0594096020149093
"Kenya","KEN",2024,0.0116799142385488,0.0102730875989241,0.0132768114365927,0.0662068641718711
"Kenya","KEN",2025,0.0102519174528368,0.00888301098992198,0.0118292599206629,0.0738297509427388
"Kenya","KEN",2026,0.00890273489696819,0.0075821545146718,0.0104508980376985,0.0825983067091693
"Liberia","LBR",1970,0.0520013060411725,0.0427711535832206,0.06309206685504,0.104639953080464
"Liberia","LBR",1971,0.0497199460213515,0.0421613889801252,0.0585507437312331,0.0881754573098255
"Liberia","LBR",1972,0.0471585946784001,0.0409092105742306,0.0543085906491232,0.075866484118499
"Liberia","LBR",1973,0.0441411724201235,0.0388955934595189,0.0500573408058744,0.0673391891846221
"Liberia","LBR",1974,0.0408597061785336,0.0364334486704006,0.0457981458591717,0.0608476164267094
"Liberia","LBR",1975,0.0377705940113325,0.0339980262587109,0.0419436057555475,0.055684377230444
"Liberia","LBR",1976,0.0353071848263608,0.0319497208857736,0.0390032553735134,0.0527537435276199
"Liberia","LBR",1977,0.0336494411827487,0.0304497610274072,0.0371724549443775,0.0526652705131831
"Liberia","LBR",1978,0.0326550483308503,0.0294395055051936,0.036208707291503,0.0545819107053923
"Liberia","LBR",1979,0.0319303116165475,0.0286296196204746,0.0355975930751404,0.0574069867434974
"Liberia","LBR",1980,0.0310175180260518,0.0276327155149517,0.0348020942551241,0.0607340772989265
"Liberia","LBR",1981,0.029654310533255,0.0262295254676793,0.033510880428394,0.0644107282931025
"Liberia","LBR",1982,0.0279502975176374,0.0245441621179577,0.031813705661538,0.0680876347973137
"Liberia","LBR",1983,0.0263230720232296,0.022965112168289,0.030156877839394,0.0713838897059604
"Liberia","LBR",1984,0.0252481812295825,0.0219123119214664,0.0290767967088031,0.0740417798211023
"Liberia","LBR",1985,0.025025588830325,0.0216460140010061,0.0289172182056425,0.0757846202244288
"Liberia","LBR",1986,0.0256536581500885,0.0221694656450084,0.02966881808317,0.076295820600277
"Liberia","LBR",1987,0.0267662216949258,0.0231706207173553,0.0309021343237278,0.0754812555489543
"Liberia","LBR",1988,0.027655868132915,0.024029097114439,0.0318121940063466,0.0736201250671145
"Liberia","LBR",1989,0.0275361677592337,0.0240379610293722,0.0315270176664208,0.0711514532383618
"Liberia","LBR",1990,0.0260354228760161,0.0228438008642803,0.0296594275636196,0.0683927686451997
"Liberia","LBR",1991,0.0235021826246173,0.0207272591586511,0.0266385015257737,0.0655516697839412
"Liberia","LBR",1992,0.0207496348852338,0.01838771904452,0.0234077058392039,0.0628850567186684
"Liberia","LBR",1993,0.0185126904743575,0.0164716965361805,0.0208012335504761,0.0606582927120529
"Liberia","LBR",1994,0.017135475023576,0.0152934387251473,0.0191950526842035,0.0589792750835447
"Liberia","LBR",1995,0.016568146481277,0.01481949958613,0.0185192487024628,0.0578135918163752
"Liberia","LBR",1996,0.01644691360046,0.0147307779167592,0.0183592536570776,0.0571133204453011
"Liberia","LBR",1997,0.0161731781999607,0.0144939343698634,0.0180434144531497,0.0568006912466673
"Liberia","LBR",1998,0.0151261944896953,0.01355633468627,0.0168747383716391,0.0567177215363953
"Liberia","LBR",1999,0.0130505140286026,0.011691757644053,0.0145648510328506,0.0567954999987422
"Liberia","LBR",2000,0.0102825091146586,0.00919958983017642,0.0114914245484692,0.0573362143328914
"Liberia","LBR",2001,0.00748585315107454,0.00667172640931824,0.00839848489557529,0.05916135984873
"Liberia","LBR",2002,0.00516809173557702,0.00456523372521669,0.00585009178053365,0.063591638353054
"Liberia","LBR",2003,0.00347695831144528,0.00301960053254529,0.00400331071474592,0.0721898789572186
"Liberia","LBR",2004,0.002317305627602,0.00195789840990428,0.00274250716493129,0.0861702358955284
"Liberia","LBR",2005,0.00152964101415781,0.00124313469000005,0.00188205426865973,0.105961130216136
"Liberia","LBR",2006,0.00098574207526742,0.000762064293551948,0.00127498901154809,0.131422285710146
"Liberia","LBR",2007,0.000607892249480177,0.000442314598297496,0.000835401035699936,0.162317306073171
"Liberia","LBR",2008,0.000353207930888529,0.00023938896415914,0.000521114623436573,0.198510755824965
"Liberia","LBR",2009,0.000192489213013172,0.000120289084483474,0.00030801208163607,0.239905328682914
"Liberia","LBR",2010,9.90760821788549e-05,5.65224950428343e-05,0.000173661045357701,0.286373427282526
"Liberia","LBR",2011,4.8813713140466e-05,2.51788489771289e-05,9.46320353759683e-05,0.337770714447943
"Liberia","LBR",2012,2.33141949621134e-05,1.07719657825623e-05,5.04591046816695e-05,0.39394282904389
"Liberia","LBR",2013,1.0863714878735e-05,4.45602434428946e-06,2.6485316146342e-05,0.454682534564918
"Liberia","LBR",2014,4.9332364396269e-06,1.78134839086927e-06,1.36619462933521e-05,0.519708062603563
"Liberia","LBR",2015,2.17097031827399e-06,6.84762403474384e-07,6.88282080913316e-06,0.588703603177871
"Liberia","LBR",2016,9.21167234578901e-07,2.51988127372372e-07,3.36741089741324e-06,0.661357293621822
"Liberia","LBR",2017,3.7658691954213e-07,8.87625719175021e-08,1.59771818850057e-06,0.737338824839644
"Liberia","LBR",2018,1.48949363676261e-07,3.00761802392337e-08,7.37656921170943e-07,0.816261745750063
"Liberia","LBR",2019,5.73590331027359e-08,9.87334554452886e-09,3.33226251654401e-07,0.897699811240733
"Liberia","LBR",2020,2.1601622109681e-08,3.15674664940445e-09,1.47819916928453e-07,0.981237995947101
"Liberia","LBR",2021,7.95572224900035e-09,9.83707615379636e-10,6.4341794641107e-08,1.06648878642639
"Liberia","LBR",2022,2.85425678504915e-09,2.97837769586114e-10,2.73530842900151e-08,1.15307032111163
"Liberia","LBR",2023,9.93442227291671e-10,8.7320418019934e-11,1.13023674424125e-08,1.24060795491348
"Liberia","LBR",2024,3.35507325390616e-10,2.48097936812683e-11,4.53712620100384e-09,1.32877821888503
"Liberia","LBR",2025,1.10698351850155e-10,6.88138446332681e-12,1.78076448837499e-09,1.41734137216116
"Liberia","LBR",2026,3.60992054063587e-11,1.88562046705397e-12,6.91100172558849e-10,1.50612955471794
"Mali","MLI",1970,0.194560499937974,0.184728217275517,0.204784659414257,0.0326484496972917
"Mali","MLI",1971,0.200704087775301,0.191979392932948,0.209722372552277,0.028214243346054
"Mali","MLI",1972,0.205553208973142,0.195273694825827,0.216228452339614,0.0327341842414781
"Mali","MLI",1973,0.208020942070175,0.195861539212955,0.220728014607717,0.0385037247266538
"Mali","MLI",1974,0.208259428511237,0.195410324846017,0.221720593198281,0.0407049119858216
"Mali","MLI",1975,0.207750064169612,0.195304954518802,0.220770626350952,0.0394693871817847
"Mali","MLI",1976,0.208420178971397,0.196589267484879,0.220767437543233,0.0373851409884516
"Mali","MLI",1977,0.211451348465461,0.199743364008982,0.223653802301584,0.0365816040073022
"Mali","MLI",1978,0.216461752801492,0.204438731528001,0.228988328307219,0.0369252695671077
"Mali","MLI",1979,0.221453132146496,0.209130362475298,0.234286905932171,0.0372230242052192
"Mali","MLI",1980,0.223700325204074,0.211416164864617,0.236484200504375,0.0368259614881068
"Mali","MLI",1981,0.221338322382413,0.209559454957502,0.233583606659382,0.0355605620843028
"Mali","MLI",1982,0.214691657550042,0.203868485147595,0.225926363626549,0.0333753575465466
"Mali","MLI",1983,0.206272861760796,0.196609749500528,0.216283046240096,0.0306530132268194
"Mali","MLI",1984,0.19938248226766,0.190645970092605,0.20841625652349,0.0283979395812327
"Mali","MLI",1985,0.196335557438175,0.187984022516359,0.204964470755185,0.0274522679254281
"Mali","MLI",1986,0.197274619513115,0.188842930136692,0.205987175959606,0.0276174488611518
"Mali","MLI",1987,0.19982846334396,0.191146570967825,0.208802892368768,0.028168568306613
"Mali","MLI",1988,0.199785626153192,0.190938637469309,0.208936673342841,0.0287183269245174
"Mali","MLI",1989,0.193070109059029,0.184342740573979,0.202108278338177,0.0290888214720028
"Mali","MLI",1990,0.178351192146064,0.170180030773829,0.186826359236342,0.0289762371653907
"Mali","MLI",1991,0.158270766057395,0.151040342140193,0.165779726790905,0.028221218472159
"Mali","MLI",1992,0.1379035850834,0.131694067846312,0.144357211717594,0.0271684753364594
"Mali","MLI",1993,0.121785881290413,0.116353366238243,0.127435460135231,0.0264282767133909
"Mali","MLI",1994,0.112120727533638,0.107086770541933,0.117360219346863,0.0263216321747364
"Mali","MLI",1995,0.108805646162919,0.103813765013581,0.114007026107763,0.0268114103708333
"Mali","MLI",1996,0.110023395251865,0.10479501047057,0.11547898300299,0.0278287865282534
"Mali","MLI",1997,0.112640565219893,0.107028526307858,0.118507818580557,0.0292913372166096
"Mali","MLI",1998,0.112958010547245,0.107020145763853,0.119181359012198,0.0309544733316448
"Mali","MLI",1999,0.108346416513802,0.102337098456881,0.11466353230388,0.032539956719514
"Mali","MLI",2000,0.0988100774509315,0.0930487065960514,0.104886924491318,0.0339026718450462
"Mali","MLI",2001,0.0868209454589212,0.0815392922440663,0.0924102925125641,0.0349643005951762
"Mali","MLI",2002,0.075470771997149,0.0707329697727683,0.0804984291829442,0.0356862900093081
"Mali","MLI",2003,0.0667709479324376,0.0624747269490071,0.071340127404588,0.0362750064693046
"Mali","MLI",2004,0.06125117248607,0.0571844463971715,0.0655869888168765,0.0372570207525121
"Mali","MLI",2005,0.058404746119211,0.0543264787888982,0.0627688464782708,0.0391363713332743
"Mali","MLI",2006,0.0572184458437086,0.0529267900449953,0.0618353765977462,0.0420961627379312
"Mali","MLI",2007,0.0565886290767957,0.0519415604633561,0.0616244334352016,0.0462257844342618
"Mali","MLI",2008,0.0557109146848718,0.0506042216397528,0.0612996725381373,0.0518033081179286
"Mali","MLI",2009,0.0543683352285588,0.0487074243673559,0.060645229674273,0.059142334212587
"Mali","MLI",2010,0.0529160122115935,0.0465871779351165,0.060050461788925,0.0683881855346751
"Mali","MLI",2011,0.0519684366316323,0.0447966846693702,0.060215974176188,0.0796116478226802
"Mali","MLI",2012,0.0520410550077125,0.043759155740226,0.0617891115955738,0.092872794694076
"Mali","MLI",2013,0.0533486232324372,0.0436100012935541,0.065113929612073,0.10805946266165
"Mali","MLI",2014,0.0557765671884028,0.044206046383775,0.0701532802033812,0.124832549631103
"Mali","MLI",2015,0.0589749441677404,0.0452241252418882,0.0765715135831884,0.142851454398472
"Mali","MLI",2016,0.0625415486882056,0.0463177760991359,0.0839478171472988,0.161971108934178
"Mali","MLI",2017,0.0662242083037808,0.0472805889904915,0.092024717089914,0.182158329321856
"Mali","MLI",2018,0.0700114802985854,0.0481078094889043,0.100831580031638,0.20331339334248
"Mali","MLI",2019,0.0740255103986041,0.0488935296349807,0.11057384669456,0.225277564667567
"Mali","MLI",2020,0.0782740875776828,0.049640792183886,0.121315055776,0.247957047968256
"Mali","MLI",2021,0.0824285803732894,0.0501365611024106,0.132615469426317,0.271310984071155
"Mali","MLI",2022,0.085808228195951,0.049994836586445,0.143403672520276,0.295215420468869
"Mali","MLI",2023,0.0876631129722468,0.0488634426149559,0.152336985047915,0.319448986892377
"Mali","MLI",2024,0.0876317367065277,0.0466703563239698,0.158564299351987,0.343852585422299
"Mali","MLI",2025,0.086025073691866,0.043718417154388,0.162322823441271,0.368427869423723
"Mali","MLI",2026,0.0836462253938501,0.0405218789574298,0.164782610397018,0.393235336221934
"Mozambique","MOZ",1970,0.16808474021233,0.145096321883273,0.193889306676822,0.0889431982297392
"Mozambique","MOZ",1971,0.159797909150061,0.140652119862895,0.181000929790541,0.0766080192894961
"Mozambique","MOZ",1972,0.150740275614474,0.134428596491292,0.16864559144529,0.068137736355495
"Mozambique","MOZ",1973,0.140357654727988,0.126279599755838,0.155725446324791,0.0622139482357287
"Mozambique","MOZ",1974,0.129141793255293,0.117214764626836,0.142087104644322,0.0563805640251302
"Mozambique","MOZ",1975,0.11836481580949,0.108562504943499,0.128924192453083,0.0497461227772074
"Mozambique","MOZ",1976,0.109251858989554,0.101245186400345,0.117808717640187,0.0433975683855308
"Mozambique","MOZ",1977,0.102279887461003,0.0955514697273549,0.109424776198343,0.0385280897483669
"Mozambique","MOZ",1978,0.0969718123326089,0.0911515985458762,0.103121491666385,0.03485757140054
"Mozambique","MOZ",1979,0.0921620449204672,0.0871392004275387,0.0974435089046798,0.0314076763150977
"Mozambique","MOZ",1980,0.0866104134979411,0.082372038191199,0.0910452327723136,0.0279609988952969
"Mozambique","MOZ",1981,0.0797360701098987,0.076212102318021,0.0834082703106571,0.0250121285201967
"Mozambique","MOZ",1982,0.0720010483198506,0.0690409880363336,0.0750777834005998,0.0230433512877178
"Mozambique","MOZ",1983,0.0645894363179602,0.06198021367112,0.0673006202531372,0.0224597845161822
"Mozambique","MOZ",1984,0.0586534332254362,0.0561653163606108,0.0612446210787526,0.0234624237949859
"Mozambique","MOZ",1985,0.0547353286338111,0.0522238895131313,0.0573602330983922,0.0253176832205481
"Mozambique","MOZ",1986,0.0526018344504259,0.0500574530429558,0.0552680203795622,0.0266641018812648
"Mozambique","MOZ",1987,0.0513334040950599,0.0488458226183199,0.0539404867460483,0.0266793812218043
"Mozambique","MOZ",1988,0.0496087708029536,0.0473036018443929,0.0520201400035482,0.0255121251440111
"Mozambique","MOZ",1989,0.0463052361561027,0.0442896250420758,0.0484079310487877,0.0237835921284696
"Mozambique","MOZ",1990,0.0412217181091062,0.0395558933997659,0.0429545584988288,0.0219318873090533
"Mozambique","MOZ",1991,0.035253618186343,0.033932005464532,0.0366247547207358,0.0201930887836699
"Mozambique","MOZ",1992,0.0297357178017556,0.0286833864308218,0.0308254316881482,0.0189361490541426
"Mozambique","MOZ",1993,0.0256281542322,0.0247426705224105,0.0265444648627829,0.0184033563502821
"Mozambique","MOZ",1994,0.023242859506255,0.0224464693466303,0.0240668095781786,0.0182038985964582
"Mozambique","MOZ",1995,0.0224092972022841,0.0216615006250377,0.0231822974424294,0.0177061490851986
"Mozambique","MOZ",1996,0.0226512311156702,0.0219351433083825,0.0233901370424528,0.0167635470140296
"Mozambique","MOZ",1997,0.0232404030788843,0.0225503375288625,0.0239510679687742,0.0157390190075867
"Mozambique","MOZ",1998,0.023320574571968,0.0226566722254278,0.0240034532776613,0.0150822119484529
"Mozambique","MOZ",1999,0.0222778055695324,0.0216403081567654,0.0229336426701131,0.0151454252436683
"Mozambique","MOZ",2000,0.0201247910416237,0.0195108037640252,0.020757690888099,0.0161278010652645
"Mozambique","MOZ",2001,0.0174461559727557,0.0168583545826607,0.0180540759121855,0.0177913474053266
"Mozambique","MOZ",2002,0.0149321312910878,0.0143779429773228,0.0155073443455072,0.0195829029583246
"Mozambique","MOZ",2003,0.0129939952183182,0.0124710158367545,0.0135386053768491,0.0212295151792819
"Mozambique","MOZ",2004,0.0117086489041976,0.0112009408635585,0.0122390851140478,0.022879388765059
"Mozambique","MOZ",2005,0.0109404624532219,0.0104307462711786,0.011474797955962,0.0246048329704524
"Mozambique","MOZ",2006,0.0104631833076555,0.00994621406614648,0.0110067240684094,0.0261189082209436
"Mozambique","MOZ",2007,0.0100492507076093,0.00953305346324937,0.0105931001408117,0.0271705637455032
"Mozambique","MOZ",2008,0.00954765220049324,0.00904417009215168,0.0100788777032319,0.0278995542488619
"Mozambique","MOZ",2009,0.00893155781416695,0.00844923690464832,0.0094411496381639,0.0285720642987676
"Mozambique","MOZ",2010,0.00827801423551961,0.00782113781279143,0.00876134369437521,0.0292008431695318
"Mozambique","MOZ",2011,0.00769448127316015,0.00726204807994121,0.00815245310456703,0.0297332407200418
"Mozambique","MOZ",2012,0.00725193243909736,0.00683569368636733,0.00769332044941664,0.0303720473411295
"Mozambique","MOZ",2013,0.0069602475866041,0.00654905726038951,0.00739706275563017,0.0312795528535482
"Mozambique","MOZ",2014,0.00677870196808268,0.00636716615578841,0.00721664382436507,0.0321660179110124
"Mozambique","MOZ",2015,0.00664309890377203,0.00623331189033618,0.00707963399142801,0.0326955123809468
"Mozambique","MOZ",2016,0.0064970699773766,0.00609062127380668,0.00693045330889275,0.0331684865698182
"Mozambique","MOZ",2017,0.00631473726850668,0.00590693573058986,0.00675050132517949,0.0342700262260849
"Mozambique","MOZ",2018,0.00610195727341783,0.00568739011817081,0.00654654423724667,0.0361097680558463
"Mozambique","MOZ",2019,0.0058764876516485,0.00545510938695558,0.006330207978592,0.0381787514842457
"Mozambique","MOZ",2020,0.005643295217561,0.0052168406259599,0.00610439674255515,0.0403086539068037
"Mozambique","MOZ",2021,0.00538311100715053,0.00495085685889247,0.00585288282940542,0.0429287224312645
"Mozambique","MOZ",2022,0.00506218398103514,0.00462530220051875,0.00554010164483061,0.0462731151699648
"Mozambique","MOZ",2023,0.00465783669273581,0.00422448689834535,0.00513541045283693,0.0500451964443721
"Mozambique","MOZ",2024,0.00418145674684443,0.00376190681875596,0.00464757906086057,0.0541606894128812
"Mozambique","MOZ",2025,0.00367822615580436,0.00327676562041271,0.0041286688194911,0.0591717500156458
"Mozambique","MOZ",2026,0.00320145674626699,0.00281654285553179,0.00363878172070866,0.0655519489310741
"Mauritania","MRT",1970,0.06666790859846,0.0534910021870383,0.082806817756891,0.119504923725701
"Mauritania","MRT",1971,0.0664601113408486,0.0544671131490128,0.0808679718650752,0.108045829010134
"Mauritania","MRT",1972,0.0657215776512871,0.0546663433125357,0.0788261005469297,0.0999706759711245
"Mauritania","MRT",1973,0.0641159436213007,0.0539002664201121,0.0761120291039242,0.0940887935588616
"Mauritania","MRT",1974,0.0617998679624982,0.0524623565800906,0.0726718530679081,0.0886268937642446
"Mauritania","MRT",1975,0.0593762847422817,0.050907674654213,0.0691510243825538,0.0830837282633773
"Mauritania","MRT",1976,0.0575201403599593,0.049741834782249,0.0664297375238192,0.0783203974360791
"Mauritania","MRT",1977,0.056588521181008,0.0492223697026034,0.0649816799066206,0.0751202241953218
"Mauritania","MRT",1978,0.0564244699356078,0.0492496684760116,0.0645735212726095,0.0732527414354635
"Mauritania","MRT",1979,0.0564002906621694,0.0493443354989798,0.0643968602667368,0.0719904159021056
"Mauritania","MRT",1980,0.0557151040594454,0.0488466255148522,0.0634849186909952,0.0708231581910003
"Mauritania","MRT",1981,0.0538792328652999,0.0473488630257447,0.0612523631479023,0.0694290066665546
"Mauritania","MRT",1982,0.051081844615184,0.0450352576733948,0.0578910525104925,0.0675180228742131
"Mauritania","MRT",1983,0.0481074187236255,0.0425949553850195,0.054292826591622,0.0650382270187035
"Mauritania","MRT",1984,0.0458676978622017,0.0408109695622794,0.0515173336242822,0.062293895977917
"Mauritania","MRT",1985,0.044939421821718,0.0401807039300187,0.0502322330703567,0.0596422371605113
"Mauritania","MRT",1986,0.0453251983262217,0.04071255151421,0.0504329733483699,0.057217705807097
"Mauritania","MRT",1987,0.0463855736790456,0.0418352954415283,0.0514042180497867,0.0551063220210312
"Mauritania","MRT",1988,0.0469614217883993,0.042478610424871,0.0518916710932777,0.0535808483003664
"Mauritania","MRT",1989,0.045873909942443,0.0415417088096694,0.0506340299395164,0.0529228595995666
"Mauritania","MRT",1990,0.0427015954281947,0.0386391349758974,0.047170219696951,0.0531659968818294
"Mauritania","MRT",1991,0.0381584260765626,0.0344422461248441,0.042258018699353,0.0542443209494083
"Mauritania","MRT",1992,0.0336031641694381,0.0302027982907213,0.0373716059433083,0.0562235111053239
"Mauritania","MRT",1993,0.0302035557569972,0.0269864000835465,0.0337909220374285,0.0591522859515376
"Mauritania","MRT",1994,0.0285268671245191,0.0253056629417369,0.032144581751944,0.0628206404144759
"Mauritania","MRT",1995,0.0285952737552866,0.0251725800393784,0.0324678480593241,0.0668384680037038
"Mauritania","MRT",1996,0.0299978406579916,0.0262110308840209,0.0343124681291717,0.070837434250678
"Mauritania","MRT",1997,0.0318891433218095,0.027676772087733,0.0367184214486887,0.0744968339832556
"Mauritania","MRT",1998,0.0331082085380671,0.0285753551464867,0.0383317269872692,0.077506998813355
"Mauritania","MRT",1999,0.0326899565000831,0.0280976401842271,0.0380034981133876,0.0796523341031714
"Mauritania","MRT",2000,0.0304950169637032,0.0261382681086824,0.0355514425343937,0.0809421227178394
"Mauritania","MRT",2001,0.0272698058450388,0.0233289122482969,0.0318547115154956,0.0816988805134374
"Mauritania","MRT",2002,0.0240415266922708,0.0205176570958923,0.0281532186067597,0.082704566187107
"Mauritania","MRT",2003,0.0215122296051756,0.0182565106308699,0.0253335651066439,0.0854191848443559
"Mauritania","MRT",2004,0.019894941751335,0.0166703150258386,0.0237282734071129,0.0918982673291672
"Mauritania","MRT",2005,0.0190445289417196,0.0155848204636799,0.0232541231204562,0.104083236559589
"Mauritania","MRT",2006,0.018627891738605,0.0146951726939768,0.0235878883478361,0.123030776227667
"Mauritania","MRT",2007,0.0182703822797351,0.0137093191763831,0.0243114975348312,0.148898289725904
"Mauritania","MRT",2008,0.017702952609001,0.0124721845190696,0.0250717810831663,0.181398684956035
"Mauritania","MRT",2009,0.0168682112520093,0.0110225633952863,0.0257333426439845,0.220109595871274
"Mauritania","MRT",2010,0.0159043899290921,0.00952977100955086,0.0264293140015694,0.264607770607721
"Mauritania","MRT",2011,0.0150196591574379,0.00816438423969332,0.0274715773218927,0.314548135575583
"Mauritania","MRT",2012,0.0143635830360575,0.00701177382520227,0.0291970767754396,0.369661531846486
"Mauritania","MRT",2013,0.013970910265787,0.00606660327094872,0.0318439549671763,0.429674906330856
"Mauritania","MRT",2014,0.0137736782235515,0.00527298911980944,0.0354895632033774,0.494257384484719
"Mauritania","MRT",2015,0.013650696920546,0.00456942055675828,0.0400539044980083,0.563045410627244
"Mauritania","MRT",2016,0.0134904189449753,0.00391848806920688,0.0453790670196787,0.635678519831972
"Mauritania","MRT",2017,0.0132398925313522,0.00331398924514681,0.0513633027228039,0.711780912458683
"Mauritania","MRT",2018,0.0129109289807325,0.00276786333270604,0.0580600162474688,0.79092948799057
"Mauritania","MRT",2019,0.0125411505875523,0.00229080132827539,0.0656398543399015,0.87267378997435
"Mauritania","MRT",2020,0.0121421319402281,0.00188157190099618,0.0741961240775613,0.956585175296731
"Mauritania","MRT",2021,0.0116734596716819,0.00152911200203993,0.0834894917208146,1.04226659796245
"Mauritania","MRT",2022,0.0110617906869761,0.0012213072926716,0.092821702430473,1.12932470751652
"Mauritania","MRT",2023,0.0102555216778383,0.00095230116831804,0.101234310717754,1.21737036670232
"Mauritania","MRT",2024,0.00927635834771508,0.000723377101398429,0.108024857763217,1.30606616188479
"Mauritania","MRT",2025,0.00822160918829095,0.000537925080602966,0.11322500277119,1.39516299082068
"Mauritania","MRT",2026,0.00720967675168535,0.000395606689994926,0.117585478646498,1.48448928185464
"Malawi","MWI",1970,0.0419920018921073,0.0274543572397767,0.0637232393277526,0.224497531168233
"Malawi","MWI",1971,0.0413817931605422,0.0279383630083458,0.0608887628348994,0.207533968410802
"Malawi","MWI",1972,0.0404469626611825,0.0281105019788311,0.0578749587908996,0.192154506347123
"Malawi","MWI",1973,0.0389929778051823,0.0278388963068371,0.0543661903895238,0.177799592989381
"Malawi","MWI",1974,0.0371407256662082,0.0272266178043513,0.0504775596325256,0.163654532705772
"Malawi","MWI",1975,0.0352782056315368,0.0265550342481149,0.0467293309411862,0.149514057427949
"Malawi","MWI",1976,0.0338183140419302,0.0261190275187108,0.0436853663824718,0.135854904583957
"Malawi","MWI",1977,0.0329670074706373,0.0260827446831663,0.0415907027660188,0.12312604518045
"Malawi","MWI",1978,0.0326210420254498,0.0263979062439371,0.0402505905856749,0.111267972525912
"Malawi","MWI",1979,0.0324068391258084,0.0267939287616288,0.0391482681863002,0.0999889287172478
"Malawi","MWI",1980,0.0318599157322025,0.0268865780305566,0.0377175386411959,0.0892067898969975
"Malawi","MWI",1981,0.0307044682213494,0.0264141724724232,0.0356660828916216,0.0790428160900866
"Malawi","MWI",1982,0.0290588630521445,0.0254464591808773,0.0331666346263171,0.0696227256345896
"Malawi","MWI",1983,0.0273793811368564,0.024363403977973,0.0307569400819932,0.0611245545234503
"Malawi","MWI",1984,0.0261905762441739,0.0236294294105673,0.0290210695371846,0.0538435168233004
"Malawi","MWI",1985,0.0258283569340705,0.0235690544629518,0.0282979570055756,0.0478851595894345
"Malawi","MWI",1986,0.0263082787804517,0.0242387553035777,0.0285493298482371,0.0428847172207934
"Malawi","MWI",1987,0.0272759707360957,0.0253501337867681,0.0293437077632905,0.0383673448215016
"Malawi","MWI",1988,0.0280510183357395,0.0262751115155204,0.0299432656833283,0.0343001367339347
"Malawi","MWI",1989,0.0278968844071011,0.0262959013886203,0.0295923782995754,0.0309936218115189
"Malawi","MWI",1990,0.0264937889962868,0.0250872369159192,0.0279769384002001,0.0285688209094958
"Malawi","MWI",1991,0.0242146965039205,0.0230007095352367,0.0254910864203673,0.0268765393309349
"Malawi","MWI",1992,0.0218758439582992,0.0208187283184428,0.0229853768895033,0.0258215334042301
"Malawi","MWI",1993,0.0202392222746564,0.0192793211924695,0.0212458806609635,0.0252900960443877
"Malawi","MWI",1994,0.0197425445415045,0.018820627504241,0.0207086679937336,0.0248788240365923
"Malawi","MWI",1995,0.0205028750653146,0.0195737740728721,0.0214751113579794,0.0241441888024372
"Malawi","MWI",1996,0.0223442221077564,0.0213788903373757,0.0233521018778921,0.0230360580585947
"Malawi","MWI",1997,0.0247308758675015,0.0237184295775599,0.0257853980499792,0.0218559766757497
"Malawi","MWI",1998,0.0267799749521323,0.0257316852928465,0.0278697494941688,0.0209223659576731
"Malawi","MWI",1999,0.0276180291093031,0.02655969351745,0.0287172925495926,0.0204907172515528
"Malawi","MWI",2000,0.0269475537174877,0.0258982774957,0.0280381180305752,0.020813171054536
"Malawi","MWI",2001,0.0252421708744635,0.0242064344393332,0.0263210286390838,0.0219181393382314
"Malawi","MWI",2002,0.023345027075907,0.0223164255188036,0.0244198544363015,0.0235273696985429
"Malawi","MWI",2003,0.0219408875518636,0.0208960985564355,0.0230366861118429,0.0254372932198896
"Malawi","MWI",2004,0.0213336575198664,0.0202305362814793,0.0224955481806295,0.0276629407388534
"Malawi","MWI",2005,0.0214847395577637,0.0202801177110419,0.0227592527092297,0.0300674622691167
"Malawi","MWI",2006,0.0221175861874218,0.0207925369054991,0.0235250484195179,0.0322107292274518
"Malawi","MWI",2007,0.0228374209284704,0.0214071071170921,0.0243609220097098,0.0337449774751114
"Malawi","MWI",2008,0.0232995775968899,0.0218002651562884,0.0248993804726583,0.0347178575364214
"Malawi","MWI",2009,0.0233787980169518,0.0218482350783882,0.0250138415253838,0.0353445793945526
"Malawi","MWI",2010,0.0232122422564369,0.0216786508317768,0.0248515671535113,0.035673818156199
"Malawi","MWI",2011,0.023079545472744,0.0215537274986946,0.0247106502855394,0.0356931750967289
"Malawi","MWI",2012,0.0232293837799881,0.021699261979335,0.0248646596885119,0.0355638035259164
"Malawi","MWI",2013,0.0237678446746892,0.022210626785949,0.0254314016344532,0.0353860227139597
"Malawi","MWI",2014,0.0246357770010453,0.0230467338211541,0.0263314297059372,0.0348487397791797
"Malawi","MWI",2015,0.0256566016068613,0.0240628706623241,0.0273529300137141,0.0335537020898132
"Malawi","MWI",2016,0.0266324953247395,0.0250694214446056,0.0282901985934326,0.0316774582198041
"Malawi","MWI",2017,0.0274449368663079,0.0259239360428681,0.0290525157229987,0.0298865760679457
"Malawi","MWI",2018,0.0280926871808704,0.0266117466437688,0.0296535311980928,0.0284077373928275
"Malawi","MWI",2019,0.0286354729656923,0.027214079049485,0.0301288070975626,0.0267214478445006
"Malawi","MWI",2020,0.0290861390227222,0.0277541688028607,0.0304800287697348,0.0246156198772891
"Malawi","MWI",2021,0.029333430759315,0.028078807250029,0.0306423462177309,0.0229614536825072
"Malawi","MWI",2022,0.0291606928502516,0.0279216887117024,0.0304529544824988,0.0228027107429562
"Malawi","MWI",2023,0.0283704264646524,0.0270929749223669,0.0297062715698385,0.024176889133427
"Malawi","MWI",2024,0.0269394972295751,0.0255818411527102,0.0283671080133806,0.0270943924334621
"Malawi","MWI",2025,0.0250732068131594,0.0235695026445064,0.0266702250348329,0.0323405056591732
"Malawi","MWI",2026,0.0230924190845422,0.0213873758335039,0.0249299289349036,0.0400241724839221
"Namibia","NAM",1970,0.140740869513902,0.00082187378300036,0.97025221037364,2.70099559415562
"Namibia","NAM",1971,0.126200312806781,0.000941398708168652,0.956778774752178,2.56745981090365
"Namibia","NAM",1972,0.112126378536995,0.00106288896885802,0.937455769442337,2.43698897032798
"Namibia","NAM",1973,0.0982061847566324,0.00117513372052425,0.909748180776497,2.31014326291108
"Namibia","NAM",1974,0.084932001305418,0.0012734375922775,0.871071510326822,2.18755795621989
"Namibia","NAM",1975,0.0731962687171272,0.00136432453127372,0.820322771488538,2.06996591477598
"Namibia","NAM",1976,0.0636373491719094,0.00146159065587048,0.75935794500573,1.958145401219
"Namibia","NAM",1977,0.0562813403108449,0.00157650984723697,0.69254276567546,1.85280562967409
"Namibia","NAM",1978,0.0505944157577077,0.00170785656774507,0.624060030332185,1.75449590253763
"Namibia","NAM",1979,0.0457715691065967,0.00183688928264351,0.555609804827755,1.66357306898625
"Namibia","NAM",1980,0.0411083800897935,0.0019330405543114,0.48690151507467,1.58018373913374
"Namibia","NAM",1981,0.0363244916262336,0.00197235628174606,0.418247250256791,1.50422941365414
"Namibia","NAM",1982,0.0316459830178984,0.00195724911406411,0.352580179694038,1.43534164235707
"Namibia","NAM",1983,0.0275671169446969,0.00191895932607605,0.294775245358785,1.3728949202997
"Namibia","NAM",1984,0.0244978061435977,0.00190035916297168,0.248817773759006,1.31604151518391
"Namibia","NAM",1985,0.0225629336616428,0.00193525734950413,0.215569760908897,1.2637512146169
"Namibia","NAM",1986,0.0215866377406891,0.00203543495690711,0.192677214208726,1.21487270113798
"Namibia","NAM",1987,0.0211460866672986,0.00218347887076751,0.175779879254184,1.16822573746966
"Namibia","NAM",1988,0.020667703485426,0.00233181443293615,0.16005439055157,1.12269148210632
"Namibia","NAM",1989,0.0196432693596841,0.00241984873138578,0.14200499331536,1.07726821647485
"Namibia","NAM",1990,0.0179231902717927,0.00241283814255334,0.121040631281777,1.03110291604553
"Namibia","NAM",1991,0.0158202633819081,0.00233310317664813,0.0994981091073354,0.983522094014111
"Namibia","NAM",1992,0.0138749435913471,0.00225028393205423,0.0806942748166816,0.93405483397741
"Namibia","NAM",1993,0.0125276101009157,0.00224505690106274,0.0667542742508329,0.882430260901631
"Namibia","NAM",1994,0.0119867326721241,0.00238570017441809,0.0579806039760293,0.828560395113071
"Namibia","NAM",1995,0.0122690093803913,0.0027251664570046,0.053445260226473,0.772532151788895
"Namibia","NAM",1996,0.0132345577377881,0.00329441391381263,0.0516137011408193,0.714605204466037
"Namibia","NAM",1997,0.0145503593316354,0.00407149685678185,0.0506278087420077,0.655195115172958
"Namibia","NAM",1998,0.0156920368246925,0.00494373712116405,0.048665602863812,0.594843005091358
"Namibia","NAM",1999,0.0161449097478946,0.00572661051753933,0.0446655393745785,0.534191111974009
"Namibia","NAM",2000,0.0157316050725086,0.00627304290112952,0.0388936972535156,0.473966357980014
"Namibia","NAM",2001,0.0147256047697648,0.00658300810093746,0.0326092646147115,0.414962414121855
"Namibia","NAM",2002,0.0136155354409195,0.00679608974981598,0.0270912125697509,0.358037668978276
"Namibia","NAM",2003,0.0127963515748006,0.00709053875372795,0.0229873767024721,0.304164237555603
"Namibia","NAM",2004,0.012440077540386,0.00759086973929048,0.0203236220352196,0.254528276272228
"Namibia","NAM",2005,0.0125180336900891,0.00831895642300839,0.0187964638036591,0.210651415856428
"Namibia","NAM",2006,0.0128610943105697,0.00916946177692635,0.0180119629136276,0.174520904501972
"Namibia","NAM",2007,0.0132303210419635,0.00992051424499174,0.0176247299474669,0.148599518303202
"Namibia","NAM",2008,0.0134183229841703,0.0103287488841516,0.017415799026487,0.135110561446055
"Namibia","NAM",2009,0.0133506398045204,0.0102948956462251,0.0172975416327905,0.134187964932718
"Namibia","NAM",2010,0.0131088170859101,0.00993721071495075,0.0172750256786974,0.142962896075505
"Namibia","NAM",2011,0.0128548347836746,0.0094733220074373,0.0174221520246056,0.157479614128195
"Namibia","NAM",2012,0.012726537476796,0.00906824188761098,0.0178340959593138,0.174800804190269
"Namibia","NAM",2013,0.0127747587574189,0.00878011559352389,0.0185528068311795,0.193377473752501
"Namibia","NAM",2014,0.0129564906938745,0.00857867256356717,0.019524375325031,0.212624062634186
"Namibia","NAM",2015,0.0131690973003563,0.00838846617407078,0.0206175873774634,0.232575517793948
"Namibia","NAM",2016,0.0133077799503319,0.0081366964620038,0.0216933453321224,0.253669238372715
"Namibia","NAM",2017,0.0133183483333422,0.00778998149090002,0.0226803854813353,0.27647526816447
"Namibia","NAM",2018,0.0132108389666028,0.00736055044701449,0.0236004808034728,0.301435720876892
"Namibia","NAM",2019,0.0130247517866331,0.00688003558426946,0.0245219453444051,0.328792965417795
"Namibia","NAM",2020,0.0127755905983082,0.00636633744696465,0.0254718925291665,0.358664919341679
"Namibia","NAM",2021,0.012424665600781,0.00581169462581251,0.0263628258016896,0.391063931002828
"Namibia","NAM",2022,0.0118961717649098,0.00519834683267013,0.0269896948658266,0.425832439739587
"Namibia","NAM",2023,0.011134745029426,0.00452637979583892,0.0271281829077642,0.462657392795604
"Namibia","NAM",2024,0.010162850083939,0.00382959273801678,0.0266892341557488,0.501203244940076
"Namibia","NAM",2025,0.00908638241701906,0.00316443873390255,0.0258038013554033,0.541203882476423
"Namibia","NAM",2026,0.00803714240678796,0.00258055916895029,0.0247454023035115,0.582425107224423
"Niger","NER",1970,0.261984236958806,0.249999518860973,0.274333338037877,0.0321091882191727
"Niger","NER",1971,0.251012643117511,0.24243797217145,0.25978658756432,0.0235411896048675
"Niger","NER",1972,0.238798405265023,0.229522505099655,0.248328356755152,0.0263932819886663
"Niger","NER",1973,0.224511278259742,0.21353220373557,0.235885545877528,0.0327533782793668
"Niger","NER",1974,0.208796365411837,0.197315624132868,0.220761389538585,0.0362046202126046
"Niger","NER",1975,0.193502093859829,0.182530982298929,0.20496728930471,0.0366735258377592
"Niger","NER",1976,0.180532071943061,0.170158677733418,0.191392006690976,0.0366103514490657
"Niger","NER",1977,0.170749635490138,0.160569013457361,0.181436227010126,0.0375901383093441
"Niger","NER",1978,0.163557409747033,0.153364005704713,0.174288850452482,0.0390116310955559
"Niger","NER",1979,0.157221214623268,0.147160311546949,0.167834588886993,0.0397950805988463
"Niger","NER",1980,0.149783662334725,0.140134484185857,0.159973639695849,0.0397319424246968
"Niger","NER",1981,0.140221796207034,0.131226091415068,0.149727888597925,0.0391388607860938
"Niger","NER",1982,0.129143395183527,0.120926793176205,0.137830754646779,0.03833106025127
"Niger","NER",1983,0.118426755431614,0.110921697791688,0.126367436749598,0.0377282480405506
"Niger","NER",1984,0.110084262771032,0.103026917658381,0.117561675643931,0.0378341220700472
"Niger","NER",1985,0.105241794891763,0.0983197639763696,0.112590307302162,0.0386438154953019
"Niger","NER",1986,0.103699154478704,0.0967238562891093,0.111115600977912,0.0394826925801407
"Niger","NER",1987,0.103922951057857,0.0968941045718135,0.111398786332316,0.0397165859546281
"Niger","NER",1988,0.103432882424177,0.0965104506364734,0.110790954444661,0.0392668422356641
"Niger","NER",1989,0.0998524004185758,0.0932947700077756,0.106816661322605,0.038361072740833
"Niger","NER",1990,0.0923716351979101,0.0864490181568646,0.098656191746479,0.0371271821884902
"Niger","NER",1991,0.0824074327211934,0.0772753266510223,0.0878479290336706,0.0356522192049671
"Niger","NER",1992,0.0726534666886309,0.0682625604637842,0.0773033794684053,0.034216016847243
"Niger","NER",1993,0.0654617118492529,0.0615992755321303,0.0695483838373435,0.0331325416731623
"Niger","NER",1994,0.0620020879133285,0.0584072834453975,0.0658026805713314,0.0324247752876969
"Niger","NER",1995,0.0623312216559742,0.0587713290036464,0.066091602696556,0.0319375832209659
"Niger","NER",1996,0.065593923591757,0.0618880764821541,0.0695052350729602,0.0316906510801457
"Niger","NER",1997,0.0700111629179843,0.0660523698516687,0.0741883755467565,0.0318645779693154
"Niger","NER",1998,0.0731244485696717,0.0689184736739779,0.077565723265592,0.0325336906622685
"Niger","NER",1999,0.072841894034209,0.0685142749549585,0.0774201425077389,0.0336254580278954
"Niger","NER",2000,0.0687444356207834,0.0644782581859706,0.0732707753393863,0.0350195682153936
"Niger","NER",2001,0.0622885774822529,0.0582377501887977,0.0666012408904976,0.0365075985003177
"Niger","NER",2002,0.0556371184374888,0.0518686264626118,0.0596621794814892,0.0378158368866223
"Niger","NER",2003,0.0503680743848066,0.0468494293769757,0.0541359789560731,0.0388352681791034
"Niger","NER",2004,0.0470302018858483,0.0436631243685071,0.0506431812909313,0.0397005603658598
"Niger","NER",2005,0.0453520482174121,0.0420361962822938,0.0489161016636526,0.0405059363600917
"Niger","NER",2006,0.0445945176190249,0.0412872493379152,0.0481534044496161,0.0410779945227202
"Niger","NER",2007,0.0438912557925101,0.040625901118809,0.0474060982720911,0.041183025262811
"Niger","NER",2008,0.0426079405401785,0.039461691526723,0.0459930262255951,0.040811810841982
"Niger","NER",2009,0.0406065692083359,0.0376531795096692,0.0437810740506305,0.0400949596867943
"Niger","NER",2010,0.0382167973542185,0.0354976511130467,0.0411353488387881,0.0390978649524509
"Niger","NER",2011,0.0359392523850223,0.0334486686436183,0.0386078771368449,0.0379582622276567
"Niger","NER",2012,0.0341348324728763,0.0318163049836637,0.0366159266086234,0.0371107346273214
"Niger","NER",2013,0.0328872057794806,0.0306576606694493,0.0352729920487364,0.036991753766209
"Niger","NER",2014,0.0320354434385739,0.0298298321951741,0.0343983548428722,0.0375560915944898
"Niger","NER",2015,0.0312998494948563,0.0290878960392584,0.0336741743745562,0.0385571256752915
"Niger","NER",2016,0.0304346912253086,0.0281926991880158,0.0328489484996751,0.0402192678425386
"Niger","NER",2017,0.0293379465649162,0.027026967946604,0.0318400621602018,0.0430737754408361
"Niger","NER",2018,0.0280556423500924,0.0256406225005876,0.0306909614883521,0.047190563016188
"Niger","NER",2019,0.0266869892519193,0.0241543104401811,0.0294772080748109,0.0522000226238719
"Niger","NER",2020,0.0252712094775999,0.0226174958503732,0.0282272914106451,0.0579902237444304
"Niger","NER",2021,0.0237401541278222,0.0209694587108967,0.026866895214737,0.064762704799373
"Niger","NER",2022,0.021966995676641,0.0191146990204833,0.0252339628585117,0.072446747511405
"Niger","NER",2023,0.0198782011595137,0.0170227136232284,0.0232013787195556,0.0806042497021272
"Niger","NER",2024,0.0175447147386307,0.0147775898936136,0.0208190385219427,0.0890068849213056
"Niger","NER",2025,0.015169587641986,0.0125539796456975,0.018320044114977,0.0979118715129186
"Niger","NER",2026,0.0129743519714456,0.0105329997223698,0.0159724296232276,0.107618221204588
"Nigeria","NGA",1970,0.119307084022699,0.113548757017934,0.125316147295662,0.0285640345459437
"Nigeria","NGA",1971,0.12396016631335,0.119911498186108,0.128125631948927,0.0192945048626453
"Nigeria","NGA",1972,0.127790549526177,0.12282917323412,0.132921960224023,0.0230970436193006
"Nigeria","NGA",1973,0.130037961298784,0.123487712732175,0.136881399657626,0.0301968900773126
"Nigeria","NGA",1974,0.1307889774325,0.123475281821281,0.138467443481421,0.033634261032733
"Nigeria","NGA",1975,0.131062091020184,0.123767423414799,0.138718631063292,0.0334831040001057
"Nigeria","NGA",1976,0.132204682842571,0.125108628438289,0.139638980328388,0.0323024574055617
"Nigeria","NGA",1977,0.135071908720819,0.127936295108047,0.142540457603436,0.0318831395714891
"Nigeria","NGA",1978,0.139448869246531,0.13214646779101,0.147086409250189,0.0317535808621048
"Nigeria","NGA",1979,0.143967011511486,0.136680408140102,0.151573870873231,0.0308238821656619
"Nigeria","NGA",1980,0.146679150556183,0.139717922676732,0.153925154125629,0.0289524046921358
"Nigeria","NGA",1981,0.146199084106029,0.139806569838292,0.15283195777416,0.0266166811654981
"Nigeria","NGA",1982,0.142718397218434,0.137003723071073,0.148630387392396,0.0242394175307257
"Nigeria","NGA",1983,0.138035884954673,0.132910649918364,0.143326088281286,0.0223290704514254
"Nigeria","NGA",1984,0.134535822801954,0.129697274881483,0.139525940858587,0.021531913745015
"Nigeria","NGA",1985,0.133915590511511,0.129062185847234,0.138922395780541,0.021685476990462
"Nigeria","NGA",1986,0.136334439817116,0.131429742934211,0.141392374671468,0.0215823546767751
"Nigeria","NGA",1987,0.140096213980313,0.13538245617861,0.144946581651277,0.0202512268049443
"Nigeria","NGA",1988,0.142021064539211,0.1378288743697,0.146319124366797,0.0177738457582437
"Nigeria","NGA",1989,0.138886274837686,0.135423948367217,0.142422539169885,0.014927504038226
"Nigeria","NGA",1990,0.129524835490726,0.126803087488221,0.132296152914234,0.0124281182660787
"Nigeria","NGA",1991,0.115879381972849,0.113728869180023,0.118065141949663,0.0107969315723222
"Nigeria","NGA",1992,0.101803400045105,0.0999091410244423,0.103729434929647,0.0106576821462166
"Nigeria","NGA",1993,0.0907530650905894,0.0888489768501421,0.0926938078331885,0.011885794192978
"Nigeria","NGA",1994,0.0844443195484291,0.0824610756000971,0.0864707666480245,0.0132295037124631
"Nigeria","NGA",1995,0.0828770895512539,0.0808602457734052,0.0849395893631195,0.0136903275370711
"Nigeria","NGA",1996,0.0847234718364143,0.082738505728547,0.086751555108518,0.0132009886493031
"Nigeria","NGA",1997,0.0875480617096292,0.0856388630832751,0.0894956572837757,0.0123157795093382
"Nigeria","NGA",1998,0.0883588486713494,0.0865359636050116,0.0902163405032071,0.0116550125175751
"Nigeria","NGA",1999,0.084971413164606,0.0832097776607392,0.0867668145517405,0.0116701005180061
"Nigeria","NGA",2000,0.0773740754619053,0.0756364066275426,0.0791482472222254,0.0125488107757009
"Nigeria","NGA",2001,0.067618103718579,0.0659182966091749,0.0693584883535133,0.0139189434899984
"Nigeria","NGA",2002,0.0582534260871791,0.056650989379459,0.0598983114750579,0.0150987591154932
"Nigeria","NGA",2003,0.0509044399479762,0.0494271952031732,0.0524234006430932,0.0158186897620149
"Nigeria","NGA",2004,0.0459594341394411,0.0445725114696647,0.0473873719958442,0.0163747380158466
"Nigeria","NGA",2005,0.0429672367903588,0.0416194166763663,0.0443566850841883,0.0169787889044449
"Nigeria","NGA",2006,0.0410983878210449,0.0397833043077519,0.0424550208991673,0.0172918717724951
"Nigeria","NGA",2007,0.0395014645597269,0.038261070307401,0.0407803663072644,0.0169364204292588
"Nigeria","NGA",2008,0.037607380249032,0.0364817133836342,0.0387663828322065,0.0161010987202815
"Nigeria","NGA",2009,0.0353119470537477,0.0343048045240912,0.0363475450071395,0.015295610246285
"Nigeria","NGA",2010,0.0329040803155785,0.0319984687344908,0.0338344264040553,0.0147166366304601
"Nigeria","NGA",2011,0.0307944075917954,0.029962079575124,0.0316491027860501,0.0144178258874971
"Nigeria","NGA",2012,0.0292621386812943,0.0284479667067286,0.0300988901241986,0.0148245710522583
"Nigeria","NGA",2013,0.0283553033135818,0.0275030914047857,0.0292331281141579,0.0160165116115408
"Nigeria","NGA",2014,0.0279230588908213,0.0270327814755734,0.0288417869085,0.0169989818283811
"Nigeria","NGA",2015,0.0277146756568979,0.0268430404522221,0.0286137820053714,0.0167610066142445
"Nigeria","NGA",2016,0.0275002760645042,0.0266992643534028,0.0283246197889566,0.0155017113517846
"Nigeria","NGA",2017,0.027164459683385,0.0264246809613787,0.0279243550356096,0.0144750907489952
"Nigeria","NGA",2018,0.0267189000805229,0.0260009393896343,0.0274561268831328,0.0142734254689343
"Nigeria","NGA",2019,0.0262271423061923,0.0255326952250849,0.0269399550301524,0.0140550717606118
"Nigeria","NGA",2020,0.0257005602493142,0.0250473226735754,0.0263703735483519,0.0134775985041584
"Nigeria","NGA",2021,0.0250414528597354,0.0243979687498024,0.0257014614357355,0.0136186118776153
"Nigeria","NGA",2022,0.0240765245941312,0.0234019512626658,0.024770049656832,0.0148514555990975
"Nigeria","NGA",2023,0.0226698350167844,0.0219934676141601,0.0233665058541275,0.0158068985184778
"Nigeria","NGA",2024,0.0208399888079691,0.0202081549396215,0.0214911444559997,0.0160370002257443
"Nigeria","NGA",2025,0.0187793559527537,0.0181517597046442,0.0194282219430228,0.0176684044121215
"Nigeria","NGA",2026,0.0167452046998655,0.0160296567772707,0.017492126145371,0.0226524718863738
"Rwanda","RWA",1970,0.0388693705378994,0.0198671200080896,0.0746621592683574,0.352407280695944
"Rwanda","RWA",1971,0.0413491602158459,0.0224318622718314,0.0749959507609646,0.321995314205829
"Rwanda","RWA",1972,0.0436130256376207,0.0250477316756129,0.0748819642612309,0.292754329348619
"Rwanda","RWA",1973,0.0453477261375024,0.0275163358587194,0.0738567962380287,0.264329739791014
"Rwanda","RWA",1974,0.0465460237913287,0.0298049995097515,0.0719924769591373,0.236311918852829
"Rwanda","RWA",1975,0.0475761164155832,0.0321063890406439,0.0699608101180611,0.208871335264208
"Rwanda","RWA",1976,0.0489706260670456,0.0347320550553044,0.0686313393804938,0.18286652523618
"Rwanda","RWA",1977,0.0511015383161657,0.037914177139849,0.0685489312809068,0.159332323189575
"Rwanda","RWA",1978,0.0539199899066374,0.041596846602953,0.0696286575366939,0.138988924856734
"Rwanda","RWA",1979,0.056869259445403,0.0453018769788989,0.0711700738672767,0.122243237768219
"Rwanda","RWA",1980,0.0590799195983069,0.0482296298062386,0.0721860791922697,0.109379148337868
"Rwanda","RWA",1981,0.0598690767748952,0.049700596531058,0.0719604370546814,0.10045976507671
"Rwanda","RWA",1982,0.0592506298712782,0.0496722015226524,0.0705389951747215,0.0951332529342295
"Rwanda","RWA",1983,0.058000724031695,0.0488309403715311,0.0687679729096411,0.0927442188643523
"Rwanda","RWA",1984,0.0572032533018281,0.0481738085491779,0.0678045670410482,0.0925137837482779
"Rwanda","RWA",1985,0.0576598472529111,0.048472708353582,0.0684629601667363,0.0935011128876418
"Rwanda","RWA",1986,0.0594809073205078,0.0499110996687503,0.070748965785942,0.0946610050144525
"Rwanda","RWA",1987,0.0618915883137037,0.0519068383192037,0.0736477988319372,0.0951637690438046
"Rwanda","RWA",1988,0.0633468940093948,0.053196058341767,0.0752806956648136,0.0946023566487875
"Rwanda","RWA",1989,0.062225515153495,0.052412955821246,0.0737322021016416,0.0928676627323304
"Rwanda","RWA",1990,0.0579418909165306,0.0490350255302454,0.0683503414833496,0.0899571684382335
"Rwanda","RWA",1991,0.0515054017197932,0.043867903457923,0.0603886219563363,0.0859815057328625
"Rwanda","RWA",1992,0.0448398132596216,0.0384930522420582,0.0521762464736956,0.0812456120289671
"Rwanda","RWA",1993,0.0395811999576685,0.034279421928551,0.0456641965399782,0.0761806749830013
"Rwanda","RWA",1994,0.0364704550261657,0.0318706461985567,0.0417055436091634,0.0712140989156833
"Rwanda","RWA",1995,0.0354381415566924,0.0312243981475682,0.0401969365482648,0.0668101768324712
"Rwanda","RWA",1996,0.0358262091809237,0.0317603302439649,0.0403908786611384,0.0636070312257884
"Rwanda","RWA",1997,0.0365068968010858,0.0324445520517408,0.0410562998329772,0.062334723800019
"Rwanda","RWA",1998,0.0361557502479259,0.0320609541118439,0.0407515117495686,0.063488008476788
"Rwanda","RWA",1999,0.0338960834383379,0.0298435393340994,0.0384771091323217,0.0671005366652958
"Rwanda","RWA",2000,0.0298847029351361,0.026014432703492,0.0343104851203841,0.0727942919114128
"Rwanda","RWA",2001,0.0251422735414777,0.0215735996837046,0.0292836042972684,0.0799664961240142
"Rwanda","RWA",2002,0.0207649700260201,0.0175316462654141,0.0245796899366174,0.0880389162480114
"Rwanda","RWA",2003,0.0173403415935098,0.0143895098204791,0.0208834737663573,0.0967013356692823
"Rwanda","RWA",2004,0.0149178403653586,0.0121539028606446,0.0182986859235138,0.105974163450275
"Rwanda","RWA",2005,0.0132469141809286,0.010579903957932,0.0165749687825513,0.11607523099535
"Rwanda","RWA",2006,0.0119903372434497,0.00936731975079404,0.0153364756328398,0.127308886902756
"Rwanda","RWA",2007,0.0108589083008579,0.00827322267616389,0.0142411109933183,0.140087923295118
"Rwanda","RWA",2008,0.00969591391961257,0.00717482195627325,0.0130911874419205,0.154933237278323
"Rwanda","RWA",2009,0.00849871267772276,0.00607725094040391,0.0118734724581723,0.172347702374331
"Rwanda","RWA",2010,0.00736064575938952,0.00505690780117701,0.0107025910977803,0.192709494735174
"Rwanda","RWA",2011,0.00637827197709878,0.00418355710080415,0.00971311494201817,0.216296792030016
"Rwanda","RWA",2012,0.00559269679904375,0.00347873694771385,0.0089796926829137,0.243324446118953
"Rwanda","RWA",2013,0.00498512460050468,0.00292034447522659,0.0084973312470328,0.273892751367936
"Rwanda","RWA",2014,0.00450230738522948,0.00246711329213102,0.00820258744798791,0.307950800904472
"Rwanda","RWA",2015,0.00408644549911585,0.00208084928903769,0.00800959099556394,0.345362856749413
"Rwanda","RWA",2016,0.00369751422720614,0.00173864683395761,0.00784601698534282,0.38597849042859
"Rwanda","RWA",2017,0.00332177506743042,0.00143386443258214,0.00767631172170149,0.42960128069605
"Rwanda","RWA",2018,0.00296471498488219,0.00116854398151881,0.00750104972899177,0.475929734145298
"Rwanda","RWA",2019,0.00263555832818996,0.000944209385761992,0.00733435493389711,0.524590184377168
"Rwanda","RWA",2020,0.00233521379994451,0.000757479112801108,0.00717557498649456,0.575225992057248
"Rwanda","RWA",2021,0.00205450136920677,0.000601424421189593,0.00699373030284511,0.627521728166586
"Rwanda","RWA",2022,0.00178139512000939,0.000469371981232888,0.00673616574335795,0.681158174522846
"Rwanda","RWA",2023,0.00151095217857756,0.000357620230848144,0.00636013617712029,0.735805157082508
"Rwanda","RWA",2024,0.00125014736934161,0.000265411633083641,0.00586702863278656,0.791183800107424
"Rwanda","RWA",2025,0.00101343401146115,0.000192788179698183,0.00530879305071331,0.847106593700065
"Rwanda","RWA",2026,0.000812860360094803,0.000138447137817038,0.00475689193333679,0.903441578481213
"Senegal","SEN",1970,0.115094899563756,0.0912991222101845,0.14410913080047,0.131709894399693
"Senegal","SEN",1971,0.118695437364468,0.0965445089156567,0.145112311424188,0.11805117703572
"Senegal","SEN",1972,0.121451967393272,0.100756561358281,0.145709424556301,0.107191191277207
"Senegal","SEN",1973,0.122648515896,0.10340261010925,0.144897676097677,0.0981590276470322
"Senegal","SEN",1974,0.122384768040461,0.104784286572967,0.142471087964832,0.0893482344327406
"Senegal","SEN",1975,0.121631430971758,0.105809340692073,0.139450488971588,0.0802088482215054
"Senegal","SEN",1976,0.121637779405881,0.107433707881172,0.137430652362193,0.0715384428563117
"Senegal","SEN",1977,0.123159359441763,0.110188253469083,0.137421576748782,0.0642721822956381
"Senegal","SEN",1978,0.125943189029027,0.11385822595996,0.139109492429727,0.0584737046103315
"Senegal","SEN",1979,0.128688819043021,0.117346511257804,0.140952363821935,0.053673244477435
"Senegal","SEN",1980,0.129613249391428,0.119037033831166,0.140978767101107,0.0495909660269449
"Senegal","SEN",1981,0.127506050613175,0.117791821097797,0.137896184914857,0.0460802654434733
"Senegal","SEN",1982,0.122620852665125,0.113863997418678,0.131950883245175,0.0428691752660372
"Senegal","SEN",1983,0.116622480065124,0.108811588121846,0.124915475267269,0.0398609332562614
"Senegal","SEN",1984,0.111597022016085,0.10453574412153,0.119071856373384,0.0373888594720411
"Senegal","SEN",1985,0.108920800168926,0.102302441479363,0.115912041510999,0.0357588675778142
"Senegal","SEN",1986,0.108598324822539,0.102174609022122,0.115374002102754,0.0347720646855145
"Senegal","SEN",1987,0.109119341281981,0.102797139641286,0.115780192869238,0.0340592563132682
"Senegal","SEN",1988,0.107900049988831,0.101734265294868,0.11439193466355,0.0335351678809926
"Senegal","SEN",1989,0.102552073806576,0.0967214419118719,0.108691897563071,0.0331691230858376
"Senegal","SEN",1990,0.0925377733264582,0.0872992341175201,0.0980568877781122,0.0326690655742286
"Senegal","SEN",1991,0.0797595525554602,0.0753049501211458,0.0844535967771284,0.0317855408075809
"Senegal","SEN",1992,0.0672888108976697,0.0636047994668732,0.0711699837949095,0.0307382872217215
"Senegal","SEN",1993,0.0574922312698834,0.0543819656962868,0.0607689505630642,0.0300570411579337
"Senegal","SEN",1994,0.0512224558987616,0.0484318416977842,0.0541647110328645,0.0300803572988223
"Senegal","SEN",1995,0.0481068332348112,0.0454137926687376,0.0509510474106953,0.0308334260467769
"Senegal","SEN",1996,0.0470218055548912,0.0442701880571766,0.0499355141667393,0.0322363135631662
"Senegal","SEN",1997,0.046377282876403,0.0435099297532544,0.0494238337343481,0.0340932922944516
"Senegal","SEN",1998,0.0445310724476402,0.0416232408376308,0.0476319510525054,0.0360036996775419
"Senegal","SEN",1999,0.0405545798380983,0.0377872605369122,0.0435153962542997,0.037528996473467
"Senegal","SEN",2000,0.0348014518213201,0.0323612179969225,0.0374185785970242,0.0383792874645255
"Senegal","SEN",2001,0.0285520071454871,0.026536482137933,0.0307157869820665,0.0384078469866673
"Senegal","SEN",2002,0.0230408502207819,0.021435623259223,0.0247632441546678,0.037681784390959
"Senegal","SEN",2003,0.0188408567342104,0.0175508979617785,0.0202236734560829,0.0368553539356208
"Senegal","SEN",2004,0.0159103212798002,0.0147999991116848,0.0171024957747322,0.0374839552607893
"Senegal","SEN",2005,0.0139051037956248,0.0128326246776131,0.0150658467966112,0.0415062410407649
"Senegal","SEN",2006,0.0124225506790898,0.0112754585363942,0.0136847253606055,0.0500233256548491
"Senegal","SEN",2007,0.0111370250935701,0.00985552271680501,0.0125830421512647,0.0630297284953274
"Senegal","SEN",2008,0.00987386982450108,0.00845120502421309,0.0115332385247002,0.0801115506503964
"Senegal","SEN",2009,0.00861965395979766,0.00708504934901918,0.0104831408575038,0.100818802112715
"Senegal","SEN",2010,0.0074577587240224,0.00584947503950848,0.00950400460440904,0.124756156210698
"Senegal","SEN",2011,0.00647513885439282,0.00481793241046522,0.00869738677377938,0.15167948670591
"Senegal","SEN",2012,0.00570536637943981,0.00400444842299815,0.00812286915759068,0.181484984455572
"Senegal","SEN",2013,0.00512467663330398,0.00337451614751744,0.00777545938287772,0.214067911683603
"Senegal","SEN",2014,0.00467628767175949,0.00287427794474107,0.00759944530756728,0.249240769730081
"Senegal","SEN",2015,0.00429890784143795,0.00245490825683745,0.00751758578519808,0.286796866162995
"Senegal","SEN",2016,0.00394868074236967,0.0020858159000236,0.00746284818783653,0.326576499649641
"Senegal","SEN",2017,0.00360851903336197,0.00175603233224201,0.00740075650713639,0.368417352094089
"Senegal","SEN",2018,0.00328201897421378,0.00146609830950846,0.00733064058539424,0.412078752840729
"Senegal","SEN",2019,0.00297785519613273,0.00121740409710681,0.00726552253553782,0.457268703116673
"Senegal","SEN",2020,0.00269645114831772,0.00100634334194024,0.00720454762145858,0.503727782847644
"Senegal","SEN",2021,0.00242694361625949,0.000825149602723985,0.00711602154224017,0.551238607271027
"Senegal","SEN",2022,0.00215450808611285,0.000666247024816974,0.00694414224784436,0.599565083460897
"Senegal","SEN",2023,0.00187207290915398,0.000525945530722995,0.00664064470850531,0.648444741529996
"Senegal","SEN",2024,0.00158737451639408,0.000404882330708483,0.00620200479191219,0.697665240221095
"Senegal","SEN",2025,0.00131901027703556,0.000305303762411872,0.00567942606259953,0.747114414011444
"Senegal","SEN",2026,0.00108451850217659,0.000227726278182267,0.00514828683446099,0.79673692450986
"Sierra Leone","SLE",1970,0.17555693336868,0.144300541726764,0.211907036254509,0.119018522313903
"Sierra Leone","SLE",1971,0.168388980993701,0.14026922495444,0.200829086197689,0.110187518625017
"Sierra Leone","SLE",1972,0.160311001621532,0.134742647663946,0.189667601956888,0.103951244785358
"Sierra Leone","SLE",1973,0.150731277094745,0.127619711793221,0.177178228900985,0.0986191711078537
"Sierra Leone","SLE",1974,0.140154944173863,0.119739345694462,0.1634052460659,0.0922944642547486
"Sierra Leone","SLE",1975,0.129944020003307,0.112319137662991,0.149867633980233,0.0845990889503567
"Sierra Leone","SLE",1976,0.121461947272474,0.106312502010102,0.138435771958209,0.0766913624872391
"Sierra Leone","SLE",1977,0.115306678506915,0.102051921567157,0.130033693462476,0.0698902151391039
"Sierra Leone","SLE",1978,0.11103865620199,0.099149822741758,0.124156579708734,0.064556905420977
"Sierra Leone","SLE",1979,0.107411147960522,0.0965966498680707,0.119276531271245,0.0602872366374724
"Sierra Leone","SLE",1980,0.103007143841148,0.0931999789241001,0.113716873455792,0.0565943326260649
"Sierra Leone","SLE",1981,0.0970701816063346,0.0883339363846405,0.106569443912635,0.053030004650502
"Sierra Leone","SLE",1982,0.0900202785210912,0.0824319683947197,0.0982323494323076,0.0491663495483358
"Sierra Leone","SLE",1983,0.0832031748171601,0.0767223386570517,0.0901779858857452,0.0449677162916276
"Sierra Leone","SLE",1984,0.0780775853325094,0.0724845850178392,0.0840630348602482,0.0410088981962547
"Sierra Leone","SLE",1985,0.0754881936450671,0.0704544240480524,0.0808503302221539,0.0379797206867129
"Sierra Leone","SLE",1986,0.075337074137888,0.0705645135210332,0.080404498139107,0.0360168983233032
"Sierra Leone","SLE",1987,0.0765298260976594,0.0718482724141057,0.0814896423692845,0.0347860700218483
"Sierra Leone","SLE",1988,0.0771955975526759,0.0725861316961947,0.0820718760550022,0.0339546824180816
"Sierra Leone","SLE",1989,0.0754514127630564,0.0710373830924397,0.0801160617234177,0.0331865009648893
"Sierra Leone","SLE",1990,0.0705705375255507,0.0665637031273013,0.0747992376698008,0.0320179152104332
"Sierra Leone","SLE",1991,0.0635782318033616,0.060142106473589,0.0671966387439242,0.0302161459733597
"Sierra Leone","SLE",1992,0.0565592285648778,0.0536818733372609,0.0595811001425337,0.0281929607854076
"Sierra Leone","SLE",1993,0.0513873477718976,0.0488850462714925,0.0540104621595071,0.0268136852803995
"Sierra Leone","SLE",1994,0.0490371259570343,0.0466514615133834,0.0515381933663166,0.0267239638962119
"Sierra Leone","SLE",1995,0.0496019147949926,0.047076533038868,0.0522553397094236,0.0280145188196788
"Sierra Leone","SLE",1996,0.0524178161097334,0.0495297265962748,0.0554644835277596,0.0304677168094038
"Sierra Leone","SLE",1997,0.0560291021918004,0.0526331861961282,0.0596303329210834,0.0337323595717245
"Sierra Leone","SLE",1998,0.0583928366341274,0.0544949168834625,0.0625511222127343,0.0373555578770817
"Sierra Leone","SLE",1999,0.0577809556098377,0.0535643441245256,0.062307648296671,0.0409391923389779
"Sierra Leone","SLE",2000,0.0538978726423408,0.0496456896354974,0.0584918419774466,0.044216219329101
"Sierra Leone","SLE",2001,0.0480211965533828,0.0439864887079425,0.0524057052277698,0.0469333026530436
"Sierra Leone","SLE",2002,0.0419633580758793,0.0382810149002361,0.0459829786026472,0.0488158158523425
"Sierra Leone","SLE",2003,0.0369791113261425,0.0336599931478873,0.0406117637349676,0.0497366595469436
"Sierra Leone","SLE",2004,0.0334391167154716,0.0304235389954174,0.0367422711464306,0.0498085733558354
"Sierra Leone","SLE",2005,0.0310627720839624,0.0282874555485039,0.0341008226817012,0.0492101115109623
"Sierra Leone","SLE",2006,0.0292575079035849,0.0267000242007583,0.0320518951112509,0.0480116579168398
"Sierra Leone","SLE",2007,0.0274173307897462,0.0250980133375493,0.0299443941171233,0.0463104548858979
"Sierra Leone","SLE",2008,0.0251803010187908,0.0231264956618742,0.0274113816020721,0.0444835025391677
"Sierra Leone","SLE",2009,0.0225559654801411,0.0207629970683373,0.0244998901850914,0.0431937875810593
"Sierra Leone","SLE",2010,0.0198263993897233,0.0182436402764124,0.0215434603415448,0.0432710626474102
"Sierra Leone","SLE",2011,0.0173085157489278,0.0158474149521941,0.0189017399265863,0.0457540607974813
"Sierra Leone","SLE",2012,0.0151754026360697,0.0137337246255268,0.0167658460815407,0.0516756289533874
"Sierra Leone","SLE",2013,0.0134252601694268,0.0119225713467381,0.0151144467094961,0.0613401238974375
"Sierra Leone","SLE",2014,0.0119479784836889,0.0103482246442544,0.0137915951833406,0.0741657734440765
"Sierra Leone","SLE",2015,0.0106139948410041,0.00892349926053914,0.0126206649913901,0.0893838815480376
"Sierra Leone","SLE",2016,0.00934087481739941,0.00759413593569923,0.0114847342627337,0.106523064028934
"Sierra Leone","SLE",2017,0.00811509952322212,0.00635941730883446,0.0103504344025525,0.125284791622996
"Sierra Leone","SLE",2018,0.00696797367869906,0.00525005209032475,0.00924281026166663,0.145313747397313
"Sierra Leone","SLE",2019,0.00593237530339179,0.0042895946697098,0.00819910899657069,0.16626717568922
"Sierra Leone","SLE",2020,0.00501475530546378,0.00347452313261057,0.00723280619911827,0.187997032754692
"Sierra Leone","SLE",2021,0.00419609879158018,0.0027815171052806,0.00632552361277111,0.210499116692223
"Sierra Leone","SLE",2022,0.0034520304546427,0.00218626262153688,0.00544663234930709,0.233693072193341
"Sierra Leone","SLE",2023,0.00277324316513158,0.00167643723322621,0.00458433716390994,0.257370335569036
"Sierra Leone","SLE",2024,0.00217082157290208,0.00125175684517195,0.00376214001336541,0.281366479848638
"Sierra Leone","SLE",2025,0.0016637891701587,0.000914609719081961,0.00302478212491902,0.305666133440015
"Sierra Leone","SLE",2026,0.00126133419577966,0.000660607314286972,0.0024070195969445,0.330289308629687
"Somalia","SOM",1970,0.613780685599635,0.549268209774189,0.674530949842799,0.135468312476163
"Somalia","SOM",1971,0.579067858407246,0.518675184110876,0.637183517896887,0.124598229880396
"Somalia","SOM",1972,0.541450018773317,0.484718188283959,0.597127186516651,0.115983548940556
"Somalia","SOM",1973,0.499822085999311,0.446955186838415,0.552692963487636,0.108300531752475
"Somalia","SOM",1974,0.455182216184338,0.407167781890716,0.504044640294961,0.099965559850176
"Somalia","SOM",1975,0.410696927059867,0.368474565999428,0.454277190683714,0.090653806104462
"Somalia","SOM",1976,0.370025036517726,0.33368478140743,0.407900182807157,0.0813554449869864
"Somalia","SOM",1977,0.335187472971607,0.304044236737577,0.367834693109173,0.0731111238869665
"Somalia","SOM",1978,0.305571653372906,0.278830418282551,0.333690837821066,0.0660029833195325
"Somalia","SOM",1979,0.278579718263134,0.255782797639608,0.302582353908812,0.0594319748470263
"Somalia","SOM",1980,0.251373553132189,0.23238012416215,0.271370583975452,0.0528674128568718
"Somalia","SOM",1981,0.222734327162889,0.207519322947396,0.238728824205065,0.0459903853157651
"Somalia","SOM",1982,0.193891778662347,0.182345508799731,0.205984983052901,0.0385809877087039
"Somalia","SOM",1983,0.167662072207405,0.15939969655745,0.176262918910184,0.030823152039654
"Somalia","SOM",1984,0.146588523961947,0.14086443028113,0.152503930210936,0.0237328973298666
"Somalia","SOM",1985,0.131577880533798,0.127396018643686,0.135875639826459,0.0189297683755816
"Somalia","SOM",1986,0.121673488325241,0.118100904949773,0.125338783749474,0.0172760128047174
"Somalia","SOM",1987,0.114528095703106,0.11102914795869,0.118122656953751,0.0178424125939414
"Somalia","SOM",1988,0.107225887803026,0.103664861533014,0.110894105967526,0.0192629011141714
"Somalia","SOM",1989,0.097518303933278,0.0940195987713313,0.101132671233961,0.0206153570942277
"Somalia","SOM",1990,0.0850739634256834,0.0818992270605224,0.0883599210097133,0.0211711297111754
"Somalia","SOM",1991,0.0716297975321478,0.0689889872337627,0.0743636204594289,0.0206146915072678
"Somalia","SOM",1992,0.059670893509065,0.0575802859426748,0.0618324260629544,0.0193290351080919
"Somalia","SOM",1993,0.050903822140544,0.0492220996831937,0.0526398211864553,0.018043704420882
"Somalia","SOM",1994,0.0457805642460827,0.0443368206727097,0.0472689952179223,0.0171204122159767
"Somalia","SOM",1995,0.043853793122666,0.0425217886738641,0.0452255520502788,0.0164473090032142
"Somalia","SOM",1996,0.0441353438654137,0.0428342897538142,0.0454740388774773,0.0159602897074577
"Somalia","SOM",1997,0.0452010678269716,0.0438868934366595,0.0465526785626411,0.0157553228519996
"Somalia","SOM",1998,0.0454095493965733,0.0440850034507171,0.0467719444919645,0.0158108916523563
"Somalia","SOM",1999,0.0435682901418047,0.0422742305030192,0.0449001052210808,0.0160734675359761
"Somalia","SOM",2000,0.0396411774738025,0.0384187013074099,0.0409008980426787,0.0166307073134315
"Somalia","SOM",2001,0.0346782545172777,0.0335523174735337,0.0358405741591794,0.0174349943065845
"Somalia","SOM",2002,0.0299769732944479,0.0289587396675659,0.031029865492007,0.0181666495934911
"Somalia","SOM",2003,0.0263470394224864,0.0254247693478406,0.0273018271497293,0.0186626638371868
"Somalia","SOM",2004,0.0239677070575989,0.0231057492019979,0.0248610018521362,0.0191370662557973
"Somalia","SOM",2005,0.0225938750060604,0.0217562515807677,0.023462973750411,0.0197113907847292
"Somalia","SOM",2006,0.0217828634244909,0.020960776583625,0.0226364472341974,0.0200564845858038
"Somalia","SOM",2007,0.0210726469005676,0.0202850072294397,0.0218901862367947,0.0198459500550353
"Somalia","SOM",2008,0.0201472749536554,0.0194154868277238,0.0209060568249981,0.019257428362771
"Somalia","SOM",2009,0.0189453220861872,0.0182760342523553,0.0196386296488413,0.0186981773180076
"Somalia","SOM",2010,0.0176263981948358,0.0170177086921211,0.0182564549536143,0.0182462271637702
"Somalia","SOM",2011,0.0164200922075842,0.0158642772990492,0.0169950441552428,0.0178575423143231
"Somalia","SOM",2012,0.0154821058506079,0.0149568707376859,0.0160254853881925,0.017881363709075
"Somalia","SOM",2013,0.0148380606041081,0.0143153284239897,0.0153795828137916,0.0185689417466625
"Somalia","SOM",2014,0.014404253276768,0.0138755080940627,0.0149528414992623,0.0193543774893271
"Somalia","SOM",2015,0.0140465950656019,0.0135235589172684,0.0145895609438969,0.0196311733974468
"Somalia","SOM",2016,0.0136489333798888,0.0131325606457852,0.0141853180590844,0.0199439118846445
"Somalia","SOM",2017,0.0131613565104013,0.0126232836076835,0.0137220462555853,0.0215750435494678
"Somalia","SOM",2018,0.0126013492309564,0.0120115549869256,0.0132197161925894,0.0247611892653837
"Somalia","SOM",2019,0.0120106250135251,0.0113613992378691,0.0126964731374795,0.0286872449709956
"Somalia","SOM",2020,0.0114038088026728,0.0106964692741409,0.0121573486943967,0.0330351712023442
"Somalia","SOM",2021,0.0107467186057922,0.00998144551477286,0.0115699791608384,0.0380846064051174
"Somalia","SOM",2022,0.00997824142231621,0.00916637796548245,0.0108612231739529,0.0437165070379784
"Somalia","SOM",2023,0.00906159858821124,0.00823348129152389,0.00997216980227305,0.0493224309489406
"Somalia","SOM",2024,0.00802684054951471,0.00721633131279839,0.00892756430422673,0.0547250170570162
"Somalia","SOM",2025,0.0069659662853555,0.00619133633175722,0.00783674992584775,0.0605434402180597
"Somalia","SOM",2026,0.00598091134179472,0.0052444466503516,0.00682008689967758,0.0674203267182775
"South Sudan","SSD",1970,0.101912501171791,0.000571225600039631,0.957501119917698,2.69949084368304
"South Sudan","SSD",1971,0.103392288353502,0.000756018814584959,0.946165953679344,2.56459180420195
"South Sudan","SSD",1972,0.10407969773071,0.000985417024805097,0.931888726128629,2.43304346807459
"South Sudan","SSD",1973,0.103408164131344,0.00125591842095769,0.913630990633777,2.3054666563681
"South Sudan","SSD",1974,0.101543554287187,0.00156543121962639,0.890674216607524,2.18256983549678
"South Sudan","SSD",1975,0.0993777295386267,0.00192309796612337,0.863371218920668,2.06517093029464
"South Sudan","SSD",1976,0.0979873849033007,0.00235252550962168,0.833457339735514,1.95414325772673
"South Sudan","SSD",1977,0.0979966017654756,0.0028823331702947,0.803276171258811,1.85029755298583
"South Sudan","SSD",1978,0.0991966925201573,0.00352416349301594,0.774206413810618,1.75428547599576
"South Sudan","SSD",1979,0.100556259928489,0.00424603633069665,0.745621733381864,1.66655874920484
"South Sudan","SSD",1980,0.100689219112308,0.00496296476432209,0.71536735053062,1.58734016555975
"South Sudan","SSD",1981,0.0986846612970898,0.0055719925923914,0.681476099016681,1.51657618451505
"South Sudan","SSD",1982,0.0947886665997026,0.00602277703029184,0.644082686161917,1.45390166106086
"South Sudan","SSD",1983,0.090337788904734,0.0063630288312041,0.606311159346403,1.39864793119701
"South Sudan","SSD",1984,0.0869811215573604,0.0067139519565883,0.573146387176313,1.34988035101559
"South Sudan","SSD",1985,0.0858240625950854,0.00720062271088108,0.548574772344345,1.30644768833666
"South Sudan","SSD",1986,0.0869246808516518,0.00788241929224577,0.5328660473717,1.26705632066166
"South Sudan","SSD",1987,0.0891279154905762,0.0086985614973192,0.521786503272422,1.2303730166635
"South Sudan","SSD",1988,0.0903015313657158,0.00944859434041568,0.508118845101602,1.19512092222762
"South Sudan","SSD",1989,0.0882776048043753,0.00986625821663758,0.484760008423029,1.16013788193065
"South Sudan","SSD",1990,0.0822742747642213,0.00979844868195796,0.448187721051975,1.12441037882588
"South Sudan","SSD",1991,0.0735984140383241,0.00934601989215661,0.400842974256494,1.08710734522773
"South Sudan","SSD",1992,0.064787727096879,0.00881045397297325,0.350612525570496,1.04760687294661
"South Sudan","SSD",1993,0.0580676611743526,0.00851731191893357,0.306709430283095,1.00549803910326
"South Sudan","SSD",1994,0.0545323886014199,0.00870086004277207,0.274845588100768,0.960566147251784
"South Sudan","SSD",1995,0.0542078247180063,0.00948749361734428,0.255375099291178,0.912780832079594
"South Sudan","SSD",1996,0.056278129920227,0.0108830983649114,0.244262720842323,0.862283703771223
"South Sudan","SSD",1997,0.0591461030567203,0.0127031055063126,0.234974888357928,0.809360790548394
"South Sudan","SSD",1998,0.0607204703258863,0.0145219089036548,0.220940143033633,0.754406215520453
"South Sudan","SSD",1999,0.0593515292292504,0.015813237980024,0.198576519265974,0.697896239205983
"South Sudan","SSD",2000,0.0548856717484192,0.0162834978689047,0.169254273954648,0.640373457884138
"South Sudan","SSD",2001,0.0486966475448778,0.0160829527674111,0.138159203290998,0.582428015163083
"South Sudan","SSD",2002,0.0426037540754111,0.0156632850518563,0.110671396742077,0.524680410158021
"South Sudan","SSD",2003,0.0378239936382272,0.015472488629236,0.0895282090836925,0.46777784863907
"South Sudan","SSD",2004,0.0347032413832506,0.0157679632164117,0.0746526249007942,0.412387224596889
"South Sudan","SSD",2005,0.0329631289546222,0.0165807412426632,0.0644707788899576,0.359156475134298
"South Sudan","SSD",2006,0.032012593369165,0.0177394026814174,0.0571024249149673,0.308662567480572
"South Sudan","SSD",2007,0.0312068428311077,0.0189326000226523,0.0510247641907338,0.261399041194282
"South Sudan","SSD",2008,0.0300931260157149,0.0198442275639426,0.0453901230113151,0.217803603008724
"South Sudan","SSD",2009,0.0285781849273638,0.0203221305695439,0.0400512157229082,0.178263377485838
"South Sudan","SSD",2010,0.0268925846581245,0.0204501814252543,0.0352914118573016,0.143090538996147
"South Sudan","SSD",2011,0.0253794994945209,0.0204576506129909,0.0314474664960904,0.112562307747456
"South Sudan","SSD",2012,0.0242834443076288,0.0205527795729324,0.0286714624839755,0.087048390239878
"South Sudan","SSD",2013,0.0236590277377028,0.0208070226147331,0.0268912195950537,0.0670260545449482
"South Sudan","SSD",2014,0.023391070548886,0.0211413397660775,0.0258738757316494,0.0527678368848521
"South Sudan","SSD",2015,0.0232753327885042,0.0213972137812565,0.025314037547602,0.0439053229348819
"South Sudan","SSD",2016,0.0231216785987231,0.0214403867318273,0.0249314533828342,0.0393948356700675
"South Sudan","SSD",2017,0.0228358864712158,0.0212409788563822,0.0245475463722161,0.0377713444435409
"South Sudan","SSD",2018,0.0224318993759657,0.0208848945554801,0.0240906758760768,0.0372648614915387
"South Sudan","SSD",2019,0.0219681131475421,0.0204916373493917,0.0235484152874543,0.0362671592896548
"South Sudan","SSD",2020,0.0214590275387695,0.0200986809555165,0.0229092943833156,0.0341226762058436
"South Sudan","SSD",2021,0.0208278856933525,0.0196139648064835,0.022115242157197,0.0312703667075372
"South Sudan","SSD",2022,0.0199362806177124,0.0188778006373561,0.0210528361585944,0.0283846861051728
"South Sudan","SSD",2023,0.0186793513204342,0.017780490204987,0.0196227449585798,0.0256288049145893
"South Sudan","SSD",2024,0.017081623088754,0.0163235843635644,0.0178742241576383,0.0235526387608367
"South Sudan","SSD",2025,0.0153090114733644,0.0146049656051107,0.0160464438485621,0.0243850997817213
"South Sudan","SSD",2026,0.0135757496211306,0.0128162340357823,0.0143796199792495,0.0297663805294095
"Eswatini","SWZ",1970,0.276246774352234,0.0759824970654313,0.639205206706423,0.783200047204055
"Eswatini","SWZ",1971,0.23900840576778,0.0711294425471909,0.562969105308209,0.720073699952897
"Eswatini","SWZ",1972,0.204029685386055,0.0659492153466614,0.482021015927153,0.657831345180915
"Eswatini","SWZ",1973,0.171096019359813,0.0602481384895474,0.399244354157148,0.59656366356005
"Eswatini","SWZ",1974,0.141208004009517,0.054341604305901,0.319951608015548,0.536376804072448
"Eswatini","SWZ",1975,0.11578657948457,0.0488396662883101,0.250347509387192,0.477647975415683
"Eswatini","SWZ",1976,0.0955707444839919,0.0442458691281025,0.194326946323479,0.421072115281644
"Eswatini","SWZ",1977,0.0801823458852888,0.0406949096490249,0.15191779431301,0.367466357001615
"Eswatini","SWZ",1978,0.0684299038856487,0.0379208269425567,0.12041281004352,0.31761976808343
"Eswatini","SWZ",1979,0.0588973458247264,0.0353964420747024,0.0964413033083405,0.272372291068591
"Eswatini","SWZ",1980,0.0504863560493747,0.0325949857943888,0.0774124413387782,0.232761224372162
"Eswatini","SWZ",1981,0.0427462807696916,0.0292907446507703,0.0619882772633558,0.199984248915544
"Eswatini","SWZ",1982,0.035844942968409,0.0256975179151673,0.049794588895395,0.175141719871204
"Eswatini","SWZ",1983,0.0302055163189704,0.0223057161377863,0.0407863970393631,0.158823695931127
"Eswatini","SWZ",1984,0.0261092170578292,0.0195669566255396,0.0347613432653507,0.150582310761996
"Eswatini","SWZ",1985,0.0235289321433471,0.0176869137619872,0.0312392139046961,0.148658545634729
"Eswatini","SWZ",1986,0.0221629817626678,0.0165954129150972,0.0295422935651916,0.150497292601189
"Eswatini","SWZ",1987,0.0215114393145151,0.0160050548735389,0.0288566862936483,0.153720365666961
"Eswatini","SWZ",1988,0.0209647102777983,0.0155071736312283,0.0282877636812464,0.156682016488805
"Eswatini","SWZ",1989,0.0199930802693385,0.0147354278551018,0.0270751303431392,0.158409259392635
"Eswatini","SWZ",1990,0.0184151748975556,0.0135681882803187,0.0249498638250695,0.15835349968992
"Eswatini","SWZ",1991,0.0165032716738439,0.0122024595091933,0.0222857256585341,0.156267633130303
"Eswatini","SWZ",1992,0.0147745355368368,0.0110065714687139,0.0198065824940359,0.152158061486031
"Eswatini","SWZ",1993,0.0136830994947366,0.0103094602265638,0.0181404837980163,0.146180673769597
"Eswatini","SWZ",1994,0.0134861316696865,0.0103124907456522,0.0176190644548698,0.138529531650917
"Eswatini","SWZ",1995,0.0142690646590961,0.011107352077124,0.0183140925964376,0.129433159366627
"Eswatini","SWZ",1996,0.0159549526615256,0.0126722579040062,0.0200707290283767,0.119226771910051
"Eswatini","SWZ",1997,0.018219556088317,0.0147838527756703,0.0224355196827871,0.108394553137457
"Eswatini","SWZ",1998,0.0204368253803826,0.0169382962509846,0.0246398483411723,0.0976155548267179
"Eswatini","SWZ",1999,0.0218869979997213,0.0184854137053446,0.0258980072273532,0.0879502329800413
"Eswatini","SWZ",2000,0.0222040729163356,0.0190012719802285,0.0259324580296667,0.0811428529069722
"Eswatini","SWZ",2001,0.0216279113556474,0.0185594810755175,0.0251906228530569,0.0796608461701492
"Eswatini","SWZ",2002,0.020780007745411,0.0176168513053863,0.0244969554019217,0.0858982293205145
"Eswatini","SWZ",2003,0.0202469141419739,0.0166734043416554,0.0245671778952144,0.100932765498964
"Eswatini","SWZ",2004,0.0203421895619646,0.0160100951836406,0.0258157308674141,0.124433602374736
"Eswatini","SWZ",2005,0.0210752509268998,0.0156214449907754,0.02837821502843,0.155617612250995
"Eswatini","SWZ",2006,0.0221992357350601,0.0152873488496647,0.032134221093939,0.193916423616242
"Eswatini","SWZ",2007,0.0233072388954771,0.0147147548814509,0.0367301442930699,0.239118534733518
"Eswatini","SWZ",2008,0.0240122875804907,0.0137112176356534,0.0417250233996054,0.291250294069279
"Eswatini","SWZ",2009,0.024150320090792,0.0122999811556014,0.0468759393418745,0.350393047399929
"Eswatini","SWZ",2010,0.0238471598450224,0.0106820842106638,0.0523784321278145,0.416578428534635
"Eswatini","SWZ",2011,0.0233915542620712,0.00908792824071058,0.058870385211675,0.489779625643277
"Eswatini","SWZ",2012,0.023037526387906,0.0076577236896141,0.0672140009317512,0.569913030704916
"Eswatini","SWZ",2013,0.0228794053822437,0.00642115430563695,0.0782020438029939,0.656807459225097
"Eswatini","SWZ",2014,0.0228388076536615,0.00534330004890034,0.0923036107577447,0.750185590461083
"Eswatini","SWZ",2015,0.0227359316306891,0.00438051650631756,0.109542558531215,0.84968783798956
"Eswatini","SWZ",2016,0.0224019432292849,0.00351375545044868,0.12961672352956,0.954897473022823
"Eswatini","SWZ",2017,0.0217714279992713,0.00275057488957981,0.152245233652097,1.06532963531153
"Eswatini","SWZ",2018,0.0208947438651554,0.00210620867636907,0.177478423352333,1.18041624524932
"Eswatini","SWZ",2019,0.0198678312620856,0.00158486458692886,0.205625107690194,1.29953299144555
"Eswatini","SWZ",2020,0.0187434926018164,0.00117512170769207,0.236716410128831,1.42205126181291
"Eswatini","SWZ",2021,0.0174937180898242,0.000857100815850406,0.269840445799137,1.54736359822207
"Eswatini","SWZ",2022,0.016047047648647,0.000611602740400533,0.302949743790181,1.67487888553025
"Eswatini","SWZ",2023,0.0143721711498978,0.00042462254659971,0.333569436665496,1.80403068699232
"Eswatini","SWZ",2024,0.0125413021871407,0.000286534900106846,0.360118246539442,1.93431445891575
"Eswatini","SWZ",2025,0.0107143829011472,0.000189028595465365,0.382873616207203,2.06531997988764
"Eswatini","SWZ",2026,0.00905300415709394,0.00012324994947691,0.403727919345105,2.19673903251809
"Chad","TCD",1970,0.301461941782291,0.288366403076898,0.3148890362763,0.0321353975630575
"Chad","TCD",1971,0.293771896631053,0.284147720021615,0.303583805845122,0.0239004670623652
"Chad","TCD",1972,0.284425327475263,0.273798908845466,0.295296464372455,0.0269478704227809
"Chad","TCD",1973,0.272343857084901,0.259587964887748,0.285484877660243,0.0333408442891419
"Chad","TCD",1974,0.25806417744193,0.244500381151707,0.272109418608221,0.0367897786937615
"Chad","TCD",1975,0.243575360677023,0.230403909055959,0.257248091436066,0.0371711215794783
"Chad","TCD",1976,0.231093927866563,0.218520190133188,0.24416511416433,0.0368195528794418
"Chad","TCD",1977,0.221732658843433,0.209385358654898,0.234592024286402,0.0372635815701536
"Chad","TCD",1978,0.214855366169084,0.202563841305006,0.227679787535634,0.0379815385857533
"Chad","TCD",1979,0.208357461930209,0.196334590064158,0.22091419397698,0.038014261385233
"Chad","TCD",1980,0.199771309897911,0.188342748652767,0.211712464326885,0.0372910332029693
"Chad","TCD",1981,0.187759133201268,0.177161059715826,0.198837997314688,0.0362572588400736
"Chad","TCD",1982,0.173074296125315,0.163408317616502,0.183186841295139,0.0352500709526711
"Chad","TCD",1983,0.1581758703403,0.149364602381577,0.167404635041807,0.0345559597850124
"Chad","TCD",1984,0.145756622717516,0.137551059063462,0.154364074167854,0.0344402480639423
"Chad","TCD",1985,0.137329041180181,0.129476174754749,0.145578542689765,0.0346656669490397
"Chad","TCD",1986,0.132607641843538,0.125031868977069,0.140568691874675,0.0344500474305231
"Chad","TCD",1987,0.129599883231939,0.122429170044463,0.137124961511591,0.0332264712307013
"Chad","TCD",1988,0.125297263138545,0.118754549705119,0.132146390078596,0.0311644671931271
"Chad","TCD",1989,0.117110120984951,0.111386840046328,0.123086741877799,0.0288607289382921
"Chad","TCD",1990,0.104546065293542,0.0997409017458028,0.109554553369507,0.0267366219217059
"Chad","TCD",1991,0.0896870585168319,0.0857747939352375,0.0937594646430716,0.0249437766476
"Chad","TCD",1992,0.0757687528888511,0.0725875436705095,0.079077493412755,0.0236371121785908
"Chad","TCD",1993,0.065233150220846,0.0625537199848986,0.0680190238295134,0.0228593809097109
"Chad","TCD",1994,0.0589436015065359,0.0565685361023721,0.0614118944179658,0.0222697949713638
"Chad","TCD",1995,0.0565186886092031,0.0543157315915943,0.0588054380090442,0.0214743144085276
"Chad","TCD",1996,0.0567900188379956,0.0546705752243865,0.0589865011073377,0.0205507571372932
"Chad","TCD",1997,0.0579931323031967,0.0558915559633009,0.0601686938551687,0.0199692622135148
"Chad","TCD",1998,0.0580985966435613,0.0559820327007613,0.0602900727647844,0.0200792408970338
"Chad","TCD",1999,0.0556638194416915,0.0535482532735472,0.0578578572559433,0.0209106935294772
"Chad","TCD",2000,0.0506906024377951,0.0486261200007546,0.0528378670878349,0.0223224801484277
"Chad","TCD",2001,0.0445126801997538,0.0425526761711649,0.0465585732189148,0.0240206946578507
"Chad","TCD",2002,0.0387584638746574,0.0369284720564074,0.0406753109133345,0.0256470765567929
"Chad","TCD",2003,0.0344544909484358,0.0327310044652927,0.0362653269580646,0.0270918208914385
"Chad","TCD",2004,0.0318547443333626,0.0301746670860625,0.0336251223028765,0.02852931022098
"Chad","TCD",2005,0.0306899106272944,0.0289885483677261,0.0324877863718511,0.0299932550442309
"Chad","TCD",2006,0.030430784908861,0.028680225961928,0.0322846415247114,0.0311483351467699
"Chad","TCD",2007,0.0304882221301463,0.0287058942603539,0.0323775245259641,0.031670745777464
"Chad","TCD",2008,0.0304161273159451,0.0286395250556757,0.0322992733507969,0.0316407504930103
"Chad","TCD",2009,0.0300804580415382,0.0283362802579961,0.0319284671015898,0.031392556390197
"Chad","TCD",2010,0.0296702870292504,0.0279613284509257,0.0314803121658043,0.0311649717946496
"Chad","TCD",2011,0.029536255016536,0.0278352933754551,0.0313378085808296,0.0311555752519971
"Chad","TCD",2012,0.0299897850531342,0.0282345228936555,0.0318505904931466,0.0316935073963289
"Chad","TCD",2013,0.0311805374771421,0.0292915050013738,0.0331872301195305,0.0328798417449293
"Chad","TCD",2014,0.033067725388639,0.0309878816761089,0.0352820812887625,0.0342398928294106
"Chad","TCD",2015,0.0354631586161423,0.0331729773874839,0.0379052495814262,0.0352705774310157
"Chad","TCD",2016,0.0381339693328115,0.0356158005039233,0.040822645367343,0.0361891211089606
"Chad","TCD",2017,0.0409280708803699,0.0381235874751631,0.0439294382325923,0.0377055456906556
"Chad","TCD",2018,0.0438395973633362,0.0406620141481331,0.0472532656454596,0.040082081320031
"Chad","TCD",2019,0.046950092170878,0.043321390692709,0.0508665812727609,0.0429790186530059
"Chad","TCD",2020,0.0502704793640531,0.0461169931705995,0.0547765641354943,0.0462246513233416
"Chad","TCD",2021,0.0535870432905229,0.0488276012288644,0.0587817390568824,0.0500142254451635
"Chad","TCD",2022,0.0564362193764072,0.0510302890080821,0.0623771876862075,0.0542881123214422
"Chad","TCD",2023,0.0582858610258006,0.0522932025414645,0.0649182197693085,0.0585900781485595
"Chad","TCD",2024,0.0588538041008184,0.0523962585245695,0.066051731685791,0.0627853145528435
"Chad","TCD",2025,0.0583228301823478,0.0514729295044296,0.0660208516460698,0.0674415341308219
"Chad","TCD",2026,0.0572326188863498,0.0499669971315474,0.0654819041336658,0.0731828659435459
"Togo","TGO",1970,0.0728164086949627,0.0524495813347939,0.10025515362496,0.178478328753394
"Togo","TGO",1971,0.0746848690101465,0.055113037423131,0.100468060340684,0.165725589396198
"Togo","TGO",1972,0.0759847948694008,0.057203320205249,0.100276886294242,0.155124200332645
"Togo","TGO",1973,0.0762656261423316,0.0584137382468164,0.0989996262225917,0.145822770800912
"Togo","TGO",1974,0.0756232013050038,0.0588916111271457,0.0966203397885872,0.136736232273577
"Togo","TGO",1975,0.074719741586383,0.0591585929032835,0.093965308496565,0.127653264109468
"Togo","TGO",1976,0.0743842051601401,0.0598086990944087,0.0921635949167438,0.119243177997834
"Togo","TGO",1977,0.0751181989236015,0.0612065257089678,0.0918823925476227,0.112111536563691
"Togo","TGO",1978,0.0767811376321689,0.0632641316523866,0.0928997669037445,0.106211991290952
"Togo","TGO",1979,0.0785684620619369,0.065356796698282,0.0941817034737858,0.101196586312943
"Togo","TGO",1980,0.0793601434517385,0.0665450562789805,0.0943935685401557,0.0969085640927187
"Togo","TGO",1981,0.0783892939995922,0.066150087718308,0.0926683058349088,0.0933438624959743
"Togo","TGO",1982,0.0758216865073847,0.0642968007434958,0.0892153880368511,0.0904427433400971
"Togo","TGO",1983,0.072730421072312,0.0619074476050533,0.0852735253779201,0.0881242537640656
"Togo","TGO",1984,0.0704719157476265,0.0601640578777538,0.0823909901928937,0.0863099248852973
"Togo","TGO",1985,0.0699802952185907,0.0599130787715538,0.081592292051984,0.0847374731357054
"Togo","TGO",1986,0.0713380254999173,0.0612924944934465,0.0828845959959354,0.0829240957085405
"Togo","TGO",1987,0.0736123993597151,0.063553019181238,0.0851192837159664,0.0804791630986049
"Togo","TGO",1988,0.0750225154519736,0.0651548859665424,0.0862467118687327,0.0773634918578107
"Togo","TGO",1989,0.0737193365089108,0.0644348547295772,0.084221196438341,0.0737673073929616
"Togo","TGO",1990,0.0690098252992854,0.0607158733155639,0.0783422560802043,0.0698535795324836
"Togo","TGO",1991,0.0619852429331642,0.0549041847109822,0.069911997244921,0.0657282665735781
"Togo","TGO",1992,0.0548026894779816,0.0488797014284976,0.0613970640979464,0.0615428141779568
"Togo","TGO",1993,0.0493707367296461,0.0443471882142843,0.0549306322103538,0.0574383161892253
"Togo","TGO",1994,0.0466531194311413,0.0422108858431703,0.0515376939423786,0.0534236962721692
"Togo","TGO",1995,0.0467189791075829,0.0425841772052963,0.0512337743703,0.0494876495020405
"Togo","TGO",1996,0.0489200346084774,0.0449042155119965,0.0532749589440483,0.0458514438752396
"Togo","TGO",1997,0.0519107870132248,0.0479167766098267,0.0562180527892637,0.0429922303603122
"Togo","TGO",1998,0.0538606238316684,0.0498723389033362,0.0581483319594598,0.0413977636148148
"Togo","TGO",1999,0.0532600288091089,0.0493186110775764,0.0574973840673129,0.0413464846881711
"Togo","TGO",2000,0.0498883338902577,0.0460578379099766,0.0540193611541076,0.0428126301016606
"Togo","TGO",2001,0.044907928472085,0.0412394854918578,0.0488860575012543,0.0454345665363493
"Togo","TGO",2002,0.039941990801312,0.0364391816033483,0.0437662223479949,0.0486864579034297
"Togo","TGO",2003,0.0361306109961918,0.0327313564489599,0.0398683381267147,0.052207855185116
"Togo","TGO",2004,0.0338537227760545,0.0304475137441699,0.0376262015089027,0.0558999968155642
"Togo","TGO",2005,0.0329154521285597,0.0293876382137544,0.0368506809194798,0.0596986471396009
"Togo","TGO",2006,0.0327970035629148,0.0290748539249755,0.0369775133925741,0.0634206431438195
"Togo","TGO",2007,0.0328794128033057,0.0289550708727897,0.0373151902872757,0.0669137301219684
"Togo","TGO",2008,0.0326848445072175,0.0286026883111191,0.0373272159881684,0.0702153056072552
"Togo","TGO",2009,0.0320763551963424,0.0278950211272029,0.0368606859699828,0.0734599686442705
"Togo","TGO",2010,0.0312693011831375,0.0270201463802901,0.0361618378214036,0.0767504047265785
"Togo","TGO",2011,0.0306429464808379,0.0263006015571241,0.0356759632302491,0.0802450524620381
"Togo","TGO",2012,0.0305127709706232,0.0259884605024076,0.0357957688397813,0.0842594657658547
"Togo","TGO",2013,0.0310013329723283,0.0261632995300868,0.0367002846276139,0.0891086478900256
"Togo","TGO",2014,0.0320233864477582,0.0267324851817147,0.038320234191811,0.094917356199849
"Togo","TGO",2015,0.0333515937321584,0.0274878778309788,0.0404141770476292,0.101738857784563
"Togo","TGO",2016,0.0347352761413986,0.0282016264316833,0.042716082527267,0.109756164427683
"Togo","TGO",2017,0.0360227051136842,0.0287353742797376,0.0450723515926638,0.119159050546146
"Togo","TGO",2018,0.0372078494691179,0.0290887217088237,0.0474823284697117,0.129880998395938
"Togo","TGO",2019,0.0383604023652302,0.0293331093857157,0.0500226829853719,0.141659417076769
"Togo","TGO",2020,0.0394866670870382,0.0294837458385271,0.0526989927711074,0.154328692461757
"Togo","TGO",2021,0.0404220135709656,0.029421608906693,0.0553010006250203,0.167879443201994
"Togo","TGO",2022,0.0408444672194276,0.0289308587007942,0.0573741883876026,0.182248468486477
"Togo","TGO",2023,0.0404363758914283,0.0278318031124518,0.0584064030029595,0.197245213359065
"Togo","TGO",2024,0.0391065950440481,0.0261210269853611,0.0581621514973039,0.212741866707485
"Togo","TGO",2025,0.0370917227226964,0.0240100280906029,0.0568854627862855,0.228783881939481
"Togo","TGO",2026,0.0348224693595779,0.0218154473407179,0.0551474506123956,0.245423897751749
"Tanzania","TZA",1970,0.0490917377024068,0.0413824044830228,0.0581501596982793,0.0912804164783864
"Tanzania","TZA",1971,0.0546596100981141,0.0469480957051885,0.0635533220887291,0.0817381148820583
"Tanzania","TZA",1972,0.0603093671396955,0.0524609421743423,0.0692461486439356,0.0753754850938707
"Tanzania","TZA",1973,0.0655562577398142,0.0576314624217316,0.0744846453517937,0.0700433838513139
"Tanzania","TZA",1974,0.0702797856671811,0.0626109527308464,0.0788089567511634,0.0631421899196607
"Tanzania","TZA",1975,0.0749166780158385,0.0679086891328356,0.0825837956061963,0.0539589346351189
"Tanzania","TZA",1976,0.0802350683034647,0.0741131952664023,0.0868152037421725,0.0438780343981163
"Tanzania","TZA",1977,0.0868414443542768,0.0815668401333157,0.0924228123336829,0.0349085560405428
"Tanzania","TZA",1978,0.0946832299010666,0.0900637666642638,0.0995137179215006,0.028116622002062
"Tanzania","TZA",1979,0.102790501438214,0.0986249880392299,0.107111042591341,0.023469536439875
"Tanzania","TZA",1980,0.109534653161635,0.10562770214914,0.11356776429222,0.0207644081281509
"Tanzania","TZA",1981,0.113505950741658,0.109693854126326,0.117433051720699,0.0196188257589712
"Tanzania","TZA",1982,0.114506291455173,0.110757143433278,0.118365456112018,0.0191402483645722
"Tanzania","TZA",1983,0.113793905532183,0.11012182586451,0.117572254934115,0.0188452754000145
"Tanzania","TZA",1984,0.113326819472342,0.109626953540075,0.117135126967538,0.0190595153051571
"Tanzania","TZA",1985,0.114622365524155,0.110742507475342,0.118620022113254,0.0197998824898199
"Tanzania","TZA",1986,0.117887087238705,0.113822812755318,0.122076493258198,0.0202454912064558
"Tanzania","TZA",1987,0.121632436900971,0.117554571531937,0.125831588826879,0.0197616464807684
"Tanzania","TZA",1988,0.123003197842996,0.119121880560538,0.126992747265414,0.0186117884244374
"Tanzania","TZA",1989,0.119175117391628,0.115628430207896,0.122815484872881,0.0174645873446343
"Tanzania","TZA",1990,0.109343906571608,0.106223637648666,0.112544290539516,0.0165553958470982
"Tanzania","TZA",1991,0.095596949114438,0.092958763554176,0.0983018924536501,0.015764139950587
"Tanzania","TZA",1992,0.0815905454157279,0.0793826916944739,0.083854212495196,0.0152215034085129
"Tanzania","TZA",1993,0.0703282928960984,0.0684186604379277,0.0722870892324517,0.0150921239717101
"Tanzania","TZA",1994,0.063053137893702,0.0613371284158473,0.064813840699426,0.0150113784279357
"Tanzania","TZA",1995,0.0594795616930171,0.0579121754560491,0.0610866183949254,0.0144746062762989
"Tanzania","TZA",1996,0.0583412924620101,0.0568978577183626,0.0598190228994975,0.013563325533513
"Tanzania","TZA",1997,0.0577553587738242,0.0563926240167809,0.0591489599645794,0.0129198913499364
"Tanzania","TZA",1998,0.0557412425106378,0.054403790628932,0.0571095882642564,0.0131132054711929
"Tanzania","TZA",1999,0.0511516255336682,0.0498123086268869,0.0525249624025442,0.0142564694225981
"Tanzania","TZA",2000,0.0443747428500694,0.0430546119051148,0.0457334168919308,0.0161130494873547
"Tanzania","TZA",2001,0.0369426457881973,0.0356962399284976,0.0382308469831848,0.0181707234401922
"Tanzania","TZA",2002,0.0303788508587825,0.0292520714445295,0.0315476228894954,0.0198763716946852
"Tanzania","TZA",2003,0.0254339836523312,0.0244292740319592,0.0264788927158189,0.0210890048543247
"Tanzania","TZA",2004,0.0221085596369344,0.0211891403513312,0.02306693333411,0.0221509228247892
"Tanzania","TZA",2005,0.0200090463975555,0.0191307648318049,0.0209267890721002,0.0233584389552964
"Tanzania","TZA",2006,0.0186336231394388,0.0177730802234834,0.0195350034342269,0.0245710087226351
"Tanzania","TZA",2007,0.0175380953827266,0.0166954223140306,0.0184225040836196,0.025560292449694
"Tanzania","TZA",2008,0.016447374555264,0.0156309242348287,0.0173057208056449,0.0264001771295204
"Tanzania","TZA",2009,0.0153062701894481,0.0145225924071656,0.0161315450673859,0.0272206988496219
"Tanzania","TZA",2010,0.0142284924915655,0.0134822816434439,0.0150153756351541,0.0278708216237833
"Tanzania","TZA",2011,0.0133761314901308,0.0126662086291834,0.0141252752538267,0.0281905438370736
"Tanzania","TZA",2012,0.0128578446944455,0.0121703805588074,0.0135836073972952,0.0283903604959707
"Tanzania","TZA",2013,0.0126913626531006,0.012004248768468,0.0134172722921949,0.0287534230640894
"Tanzania","TZA",2014,0.0128148285306952,0.0121120065718891,0.0135578733513652,0.0291415470323234
"Tanzania","TZA",2015,0.0131216448446704,0.0123973837255826,0.0138876226616864,0.029342503188111
"Tanzania","TZA",2016,0.0135069262000374,0.0127508222994556,0.0143072161239292,0.0297821453702536
"Tanzania","TZA",2017,0.0139101596353132,0.0130955206454855,0.0147747165743063,0.0312117527722563
"Tanzania","TZA",2018,0.0143282991198459,0.0134270553565945,0.0152890982260476,0.033611602184143
"Tanzania","TZA",2019,0.014786293993435,0.0137861220237341,0.015857860870356,0.036251480752289
"Tanzania","TZA",2020,0.0152827226292226,0.0141788371554661,0.0164711145653274,0.0388228716487295
"Tanzania","TZA",2021,0.0157468576148156,0.0145292031006839,0.0170647934590246,0.0416921269173367
"Tanzania","TZA",2022,0.0160413949695427,0.0147050830248835,0.0174969866494739,0.0450696556929011
"Tanzania","TZA",2023,0.0160248906772276,0.0145880696203169,0.0176007007186355,0.0486725975760488
"Tanzania","TZA",2024,0.0156434159010836,0.0141362822748913,0.0173084108916044,0.0524670051261443
"Tanzania","TZA",2025,0.0149779446155181,0.0134136870302189,0.0167215287016975,0.0570867029957486
"Tanzania","TZA",2026,0.014195530800922,0.0125652066178071,0.0160339531993456,0.0630857156646824
"Uganda","UGA",1970,0.0896539200784023,0.0739688346864911,0.108276131762922,0.10683475972839
"Uganda","UGA",1971,0.090514559837372,0.0760469865356176,0.107414539554606,0.0969089575058707
"Uganda","UGA",1972,0.0906645581485637,0.0771310465557327,0.106299161639249,0.0900172650559809
"Uganda","UGA",1973,0.0896136084074652,0.0769958999805219,0.104065914627691,0.0844487630511332
"Uganda","UGA",1974,0.0875228952728325,0.0760468353661155,0.100542328853291,0.0780864297960517
"Uganda","UGA",1975,0.0851839512376985,0.0750261615889818,0.0965734171263377,0.0704176659652968
"Uganda","UGA",1976,0.0835323015669398,0.074599873857248,0.0934262995673734,0.0626499880024726
"Uganda","UGA",1977,0.0830941319584707,0.0750751128550275,0.0918845979710343,0.05622075728255
"Uganda","UGA",1978,0.0836715847917965,0.0762443270548929,0.0917504984755436,0.0515455096025344
"Uganda","UGA",1979,0.0843685273969764,0.077335719375022,0.0919771347783571,0.0483112133733488
"Uganda","UGA",1980,0.0840041670013036,0.0772778798977793,0.0912580096334462,0.0463137557514679
"Uganda","UGA",1981,0.0818248759612339,0.0753804851420952,0.0887673148336276,0.0454219688575953
"Uganda","UGA",1982,0.0780708115397538,0.0719166341750672,0.0847035604492466,0.0452866376102386
"Uganda","UGA",1983,0.0738897851223172,0.0680019017313337,0.0802435728636865,0.0456002272389434
"Uganda","UGA",1984,0.0706577266672826,0.0649325200805366,0.0768462482607585,0.0462451455600282
"Uganda","UGA",1985,0.0692661130081415,0.0635660486984154,0.0754361354764513,0.0469295336632836
"Uganda","UGA",1986,0.0697309756546054,0.0639786465746663,0.0759585270417533,0.0470712880158175
"Uganda","UGA",1987,0.0710861457380964,0.0653267839054409,0.077311267215783,0.0462608695624836
"Uganda","UGA",1988,0.0715965831022898,0.0659996305632221,0.0776287237052936,0.0445962679955988
"Uganda","UGA",1989,0.069536153008489,0.0643439580324245,0.0751136934332223,0.0424328966971014
"Uganda","UGA",1990,0.0643357468348895,0.0597769061155382,0.0692166691047998,0.0399777994246458
"Uganda","UGA",1991,0.0571081518919584,0.0532977100813835,0.0611734124744495,0.0372890761866048
"Uganda","UGA",1992,0.0498968018792944,0.046787460094359,0.0532012474372847,0.034494378683751
"Uganda","UGA",1993,0.0444280395350058,0.0418627839334706,0.0471427538400641,0.031711478254339
"Uganda","UGA",1994,0.0415037758455468,0.0393143152446059,0.0438096096191117,0.0288149798449692
"Uganda","UGA",1995,0.041099302217894,0.039167461038282,0.0431221505161262,0.0255905265432652
"Uganda","UGA",1996,0.042564290568879,0.0408278773726744,0.0443711372909426,0.0221747452567057
"Uganda","UGA",1997,0.0446712837437274,0.0430921273152239,0.0463055096573822,0.0192051974921111
"Uganda","UGA",1998,0.0458249935154553,0.0443464641697555,0.0473503751976326,0.0175229641877462
"Uganda","UGA",1999,0.0447696730528485,0.0433119842033401,0.0462740482781707,0.0176665539815609
"Uganda","UGA",2000,0.0413942083751901,0.039908567669573,0.0429326806317103,0.0194380310189944
"Uganda","UGA",2001,0.0367496573735284,0.03525376061738,0.0383065080814656,0.0219941111632819
"Uganda","UGA",2002,0.0322158180455204,0.0307527858001342,0.0337460292257303,0.0244834606005858
"Uganda","UGA",2003,0.0287091202576418,0.0272912023737913,0.0301984191677826,0.0265863378406308
"Uganda","UGA",2004,0.0264898980661233,0.0250872661538969,0.0279687015054278,0.0284912367182549
"Uganda","UGA",2005,0.0253517629447644,0.0239212924655033,0.0268654197854351,0.0303805684001868
"Uganda","UGA",2006,0.0248501375414672,0.0233701753012253,0.0264212857986395,0.0321016142644773
"Uganda","UGA",2007,0.0244897949495171,0.0229718050914972,0.026105414241668,0.0334407085059994
"Uganda","UGA",2008,0.0239105614327269,0.0223844356392579,0.0255380173869727,0.0344472814556899
"Uganda","UGA",2009,0.0230249150560094,0.0215191982607781,0.024633335795776,0.035291546068352
"Uganda","UGA",2010,0.0220042982145236,0.0205346551719367,0.0235765902256103,0.0360333845771112
"Uganda","UGA",2011,0.0211229499625383,0.0196816382770347,0.0226673702017477,0.0368088376834141
"Uganda","UGA",2012,0.0205899555081197,0.019138521861833,0.0221489778622645,0.0380515585265096
"Uganda","UGA",2013,0.0204672240427998,0.0189476904954809,0.0221058725992816,0.0401493933626289
"Uganda","UGA",2014,0.02067381091018,0.0190334368660583,0.0224523228788327,0.0430326835699328
"Uganda","UGA",2015,0.0210429911355231,0.0192442973882103,0.0230058586025659,0.0465247122916585
"Uganda","UGA",2016,0.0214066338228376,0.0194140591521968,0.0235987959776358,0.0508864568471627
"Uganda","UGA",2017,0.021671542636369,0.0194413476940627,0.0241512709469354,0.0565688169396233
"Uganda","UGA",2018,0.0218402828459468,0.0193303510314368,0.0246679167352441,0.0635930283368207
"Uganda","UGA",2019,0.0219600074409329,0.0191391009200496,0.025186010572305,0.071617162007244
"Uganda","UGA",2020,0.0220379926689763,0.0188835495738429,0.0257055704673078,0.0804576988078487
"Uganda","UGA",2021,0.0219864057426709,0.0184920330179285,0.026123522613745,0.0901280156967237
"Uganda","UGA",2022,0.0216413277925649,0.017842755854381,0.026226988945041,0.100450151857096
"Uganda","UGA",2023,0.020858590032399,0.0168483294416586,0.0257983306850277,0.111021261644751
"Uganda","UGA",2024,0.0196273299194215,0.0155284638040838,0.0247808914759011,0.121643099527412
"Uganda","UGA",2025,0.0181043207168949,0.014020827231822,0.0233489468836379,0.132529031370926
"Uganda","UGA",2026,0.0165257140399569,0.0125135464010967,0.0217958930671299,0.14396791410155
"South Africa","ZAF",1970,0.354532634539011,0.202395305291002,0.543152839346535,0.393987811423689
"South Africa","ZAF",1971,0.288770850004668,0.167740801587817,0.449918889952367,0.357327951622706
"South Africa","ZAF",1972,0.229395134386417,0.136789210541354,0.358646923435301,0.321677566091531
"South Africa","ZAF",1973,0.177198360245996,0.109325635834379,0.274234623938153,0.286838065731878
"South Africa","ZAF",1974,0.133556857956391,0.0859083382443853,0.20179897633584,0.252439163135272
"South Africa","ZAF",1975,0.0993618035465799,0.06707417493765,0.144779789302478,0.21846466885905
"South Africa","ZAF",1976,0.0741012660294795,0.0527137377403946,0.10322080192038,0.185404580861978
"South Africa","ZAF",1977,0.0560487471944384,0.0420668460851116,0.0743173255161788,0.153910889879667
"South Africa","ZAF",1978,0.0430842504333016,0.0340728408367636,0.0543448628564981,0.124505089681973
"South Africa","ZAF",1979,0.0333904520880602,0.0277276593792063,0.0401619791979913,0.0977963565298846
"South Africa","ZAF",1980,0.025772380913724,0.0223253069140474,0.029735502653157,0.0750584467518536
"South Africa","ZAF",1981,0.0196558510707075,0.0175559814857701,0.022001261194836,0.0587347052420858
"South Africa","ZAF",1982,0.0148616912040657,0.0134416940971871,0.016429200425485,0.051972370972038
"South Africa","ZAF",1983,0.0113125610538294,0.0101621678026508,0.0125915262687724,0.0553085713698018
"South Africa","ZAF",1984,0.00885571890800985,0.00780674991285831,0.0100442078061799,0.0648635221509554
"South Africa","ZAF",1985,0.00725032059246725,0.00624908998020709,0.0084106109075966,0.0763356490780828
"South Africa","ZAF",1986,0.0062263604853656,0.00525364998872946,0.00737783207057241,0.0871669517968741
"South Africa","ZAF",1987,0.00553007269635913,0.00458432182951728,0.00666962575456478,0.0961782322835647
"South Africa","ZAF",1988,0.00495035009700566,0.00404919199682547,0.00605084479037484,0.102982743870397
"South Africa","ZAF",1989,0.00435295735115918,0.00352883389608099,0.00536850958845722,0.107507843758911
"South Africa","ZAF",1990,0.00371253798690677,0.0029962119484256,0.00459933123104986,0.109737584831405
"South Africa","ZAF",1991,0.00309613268072859,0.00249850520040505,0.00383615932677967,0.109724735241509
"South Africa","ZAF",1992,0.00259488285294127,0.00210228585790244,0.00320253226165032,0.107658098140818
"South Africa","ZAF",1993,0.00226552850409814,0.0018492705966764,0.0027752226508054,0.103792802892555
"South Africa","ZAF",1994,0.00212149060568406,0.00175024644577998,0.00257127640537703,0.0983338354898814
"South Africa","ZAF",1995,0.00215080890202175,0.00179850297708273,0.00257194966467865,0.091450187959988
"South Africa","ZAF",1996,0.00232523938493943,0.001975335331463,0.0027369542552238,0.0833854495167727
"South Africa","ZAF",1997,0.00259127567425084,0.00223996256972075,0.00299752278150763,0.0745118881610121
"South Africa","ZAF",1998,0.00286301977708517,0.00251973876670351,0.00325291576029355,0.065339749578594
"South Africa","ZAF",1999,0.00304790824861003,0.00272865479340689,0.00340438694570521,0.0566158037469299
"South Africa","ZAF",2000,0.00310225652399698,0.00281646072158943,0.00341695362000141,0.0494568205682811
"South Africa","ZAF",2001,0.0030618407809886,0.00280304820573875,0.00334444635297787,0.0451879496288529
"South Africa","ZAF",2002,0.00301316355333197,0.00276129188981031,0.00328793398145601,0.044665559171116
"South Africa","ZAF",2003,0.00304214259160655,0.00277161366922989,0.00333898862036748,0.0476549397933521
"South Africa","ZAF",2004,0.00320557492884304,0.00288974687130279,0.00355579757422044,0.053081297089369
"South Africa","ZAF",2005,0.00352588597066018,0.00313784676305958,0.00396172101609662,0.0596858468704963
"South Africa","ZAF",2006,0.0039906410215236,0.00350515308849902,0.00454306582342078,0.0664311187040787
"South Africa","ZAF",2007,0.00455463857151996,0.00395212687563895,0.00524852068017158,0.0727027458021176
"South Africa","ZAF",2008,0.00515830983490999,0.00442775029718783,0.00600868101584762,0.0782915464374382
"South Africa","ZAF",2009,0.00576517048455626,0.00490244462123565,0.00677868351010289,0.0831469871604755
"South Africa","ZAF",2010,0.00639386683143432,0.00539500247012417,0.00757625843948721,0.0871790580815578
"South Africa","ZAF",2011,0.00711824546225536,0.00597026862788812,0.00848507368699591,0.0903188202217723
"South Africa","ZAF",2012,0.00803799948315061,0.00671225361825279,0.00962305829939064,0.0926434049663611
"South Africa","ZAF",2013,0.00924115151721243,0.00769350082406664,0.0110966513548124,0.09431196159028
"South Africa","ZAF",2014,0.0107736466222024,0.00895176625970481,0.0129614700870173,0.095455200439592
"South Africa","ZAF",2015,0.0126259948609654,0.0104770878430723,0.0152088799307414,0.0962964445799033
"South Africa","ZAF",2016,0.0147492915185094,0.0122185679487223,0.0177947386275288,0.097348778950476
"South Africa","ZAF",2017,0.017100566545448,0.014119528787115,0.0206977735446745,0.0992760443443407
"South Africa","ZAF",2018,0.0196859334830283,0.0161608687262356,0.0239611712313996,0.102500478414713
"South Africa","ZAF",2019,0.0225562187252303,0.0183627204041366,0.0276803825883528,0.107127220479125
"South Africa","ZAF",2020,0.0257394584021854,0.0207214951990488,0.0319329579235567,0.113260663519795
"South Africa","ZAF",2021,0.0291447551084345,0.0231285637500607,0.0366671353607433,0.121114420184787
"South Africa","ZAF",2022,0.0325113310880347,0.0253484540308217,0.041611853360325,0.13073838749366
"South Africa","ZAF",2023,0.0354799220806515,0.0270984846707068,0.0463302507032129,0.141908857983626
"South Africa","ZAF",2024,0.0377879501395211,0.0281986847082942,0.050468797396377,0.154403806186058
"South Africa","ZAF",2025,0.0394540295258382,0.0286930735526892,0.0540262614197135,0.168174030672594
"South Africa","ZAF",2026,0.0407723290276996,0.0288302266244147,0.0573688982460484,0.183138833913343
"Zambia","ZMB",1970,0.0881193420627708,0.0593712867815139,0.128880183876574,0.217306482191863
"Zambia","ZMB",1971,0.0928825885119032,0.0645202118006116,0.131954110469361,0.201604754328803
"Zambia","ZMB",1972,0.0970975579272743,0.0693251388928891,0.13438933169157,0.18734903060159
"Zambia","ZMB",1973,0.100117254914475,0.073338090111803,0.135247584544135,0.173768490144516
"Zambia","ZMB",1974,0.101943243212401,0.0766183048372683,0.134420366121358,0.159892663927292
"Zambia","ZMB",1975,0.103337970137413,0.0797454810628769,0.132902222474363,0.145477588711324
"Zambia","ZMB",1976,0.105366791424241,0.0834866910208801,0.132154359565242,0.131083194719711
"Zambia","ZMB",1977,0.108725541141758,0.0883615952102335,0.133097408482048,0.11733689516059
"Zambia","ZMB",1978,0.11323328004304,0.0942557420488675,0.135460322765855,0.104394596536808
"Zambia","ZMB",1979,0.117720422661944,0.100216313560062,0.137813587585238,0.0921565956776123
"Zambia","ZMB",1980,0.120489964627844,0.10471062572954,0.138279899173062,0.0806876954324005
"Zambia","ZMB",1981,0.120304448908455,0.106485954330715,0.135643920118089,0.0702034098007225
"Zambia","ZMB",1982,0.117294129360207,0.105497487075475,0.130217834907358,0.0608536950793816
"Zambia","ZMB",1983,0.112990578716466,0.103030579059185,0.123780544687894,0.0527779490565151
"Zambia","ZMB",1984,0.109420257532867,0.100905644498095,0.118558608127079,0.0461864863707424
"Zambia","ZMB",1985,0.10799303872827,0.100489603580061,0.115984503628967,0.0410148817858728
"Zambia","ZMB",1986,0.108796461359703,0.102027909443288,0.115956057035483,0.0366319184821775
"Zambia","ZMB",1987,0.110385393659952,0.104315175973096,0.116762796206382,0.032327151327135
"Zambia","ZMB",1988,0.110170890858676,0.104904044173714,0.115667995957028,0.0280041529971946
"Zambia","ZMB",1989,0.105684279643164,0.101296157222851,0.11023917675152,0.0241338585299284
"Zambia","ZMB",1990,0.0962910052128113,0.0927395582482058,0.0999634693474269,0.0211744643498543
"Zambia","ZMB",1991,0.0838686099018644,0.0809997049500631,0.086829527111667,0.0193533389787143
"Zambia","ZMB",1992,0.0715787943276848,0.0691643060866713,0.0740708638177315,0.0188322464096956
"Zambia","ZMB",1993,0.061952518053775,0.0597785087064597,0.0642001925767746,0.0194066081753115
"Zambia","ZMB",1994,0.0560054158888511,0.0539418477305941,0.0581430750400728,0.0202680795345192
"Zambia","ZMB",1995,0.0534775909527272,0.051464533610453,0.0555647772504259,0.020660376264939
"Zambia","ZMB",1996,0.0532774807203645,0.0512896079422866,0.0553379050508121,0.0204709817636459
"Zambia","ZMB",1997,0.0537255903641753,0.051759397812169,0.055762080776143,0.0200811655282954
"Zambia","ZMB",1998,0.0529490345021244,0.0510254727066203,0.054940912629855,0.0199152611773148
"Zambia","ZMB",1999,0.0497278481862377,0.0478834950715348,0.0516393882455425,0.0202720482749428
"Zambia","ZMB",2000,0.0442441803581624,0.0425110665656881,0.0460445528654207,0.0213117934870696
"Zambia","ZMB",2001,0.0378517863298182,0.036252267589839,0.0395189849516491,0.0228761760861335
"Zambia","ZMB",2002,0.0320400132767821,0.0305806151359695,0.0335666466910876,0.0245539746105614
"Zambia","ZMB",2003,0.0276463500198943,0.0263024712358158,0.0290568429124884,0.0261285453639962
"Zambia","ZMB",2004,0.0247875137264038,0.023507308028492,0.0261355732671079,0.0277247853891063
"Zambia","ZMB",2005,0.023148798175284,0.0218802948086307,0.0244890014000639,0.0294153746472575
"Zambia","ZMB",2006,0.0222473958710918,0.0209647695533435,0.0236066012664874,0.0309655738196973
"Zambia","ZMB",2007,0.0216071684823178,0.02031440102842,0.0229802752771808,0.0321507827657048
"Zambia","ZMB",2008,0.0209036703540689,0.0196178190313098,0.0222718882285408,0.0330606702428223
"Zambia","ZMB",2009,0.0200589045216773,0.0187946658787624,0.0214063279513708,0.0338721207771103
"Zambia","ZMB",2010,0.0192143448115544,0.0179796986696365,0.020532000135948,0.034526478628567
"Zambia","ZMB",2011,0.0185975838739735,0.017389475043497,0.0198879255655837,0.0348963152171566
"Zambia","ZMB",2012,0.0183869862264306,0.0171864272680386,0.0196697318553847,0.0350742264752315
"Zambia","ZMB",2013,0.0186456038103873,0.0174258654642671,0.0199489854016881,0.0351514876225031
"Zambia","ZMB",2014,0.0193196657059177,0.0180666196649648,0.0206577908778941,0.0348645016349678
"Zambia","ZMB",2015,0.0202767618840824,0.0189977523859997,0.0216399802730335,0.0339078815733755
"Zambia","ZMB",2016,0.0213710969481548,0.0200759285080481,0.0227478815800619,0.0325716661141594
"Zambia","ZMB",2017,0.0225131575552434,0.0211894850241305,0.0239174972528986,0.031606169488463
"Zambia","ZMB",2018,0.0236996221452832,0.0223226781870512,0.025159315318831,0.031257836500608
"Zambia","ZMB",2019,0.0249741546359009,0.0235356118286165,0.0264982379479265,0.0310209727475038
"Zambia","ZMB",2020,0.0263393554740202,0.0248411836077749,0.0279252946319609,0.0306626729574405
"Zambia","ZMB",2021,0.0276778337660967,0.0261015112159052,0.0293464850131471,0.030744150566393
"Zambia","ZMB",2022,0.0287458930134291,0.0270596186108711,0.0305339531316995,0.0317280887697165
"Zambia","ZMB",2023,0.0292748610795558,0.02747277410864,0.031191365381676,0.0333614260342674
"Zambia","ZMB",2024,0.029137220495291,0.0272248191501723,0.0311796522658155,0.0356404305645448
"Zambia","ZMB",2025,0.0284485029384481,0.0263873940099484,0.0306655335505339,0.0394532429138056
"Zambia","ZMB",2026,0.0274977142298281,0.0252150268104739,0.0299806949767589,0.0454118591634352
"Zimbabwe","ZWE",1970,0.033235879924743,0.0207044741100147,0.0529418977649765,0.248040368076998
"Zimbabwe","ZWE",1971,0.0356751525596552,0.0230203159278524,0.0548957750913769,0.230160690603393
"Zimbabwe","ZWE",1972,0.0379683149901635,0.0252971044693175,0.0566178031147994,0.213850698894511
"Zimbabwe","ZWE",1973,0.0398397035131642,0.0273373934504676,0.0577204353054435,0.19874771554987
"Zimbabwe","ZWE",1974,0.0412793795463074,0.0291324729486262,0.0581874445389053,0.184234668751952
"Zimbabwe","ZWE",1975,0.0426171301622201,0.0309040954561173,0.0585015569803362,0.170167229616356
"Zimbabwe","ZWE",1976,0.0443469584840793,0.0329937852701268,0.0593669248055309,0.156905566497324
"Zimbabwe","ZWE",1977,0.0468390930335302,0.0356864814528876,0.0612556789532296,0.144683145743582
"Zimbabwe","ZWE",1978,0.0500943689342925,0.0390300091020257,0.064086116979222,0.133244045124352
"Zimbabwe","ZWE",1979,0.0536399394000821,0.0427057011525979,0.0671772895389244,0.12216798825997
"Zimbabwe","ZWE",1980,0.0566787046701026,0.0460820262252205,0.0695344939298367,0.111299142593611
"Zimbabwe","ZWE",1981,0.058541350208518,0.0485600029119083,0.0704224751420205,0.100754762613805
"Zimbabwe","ZWE",1982,0.059194156262527,0.0500306476175517,0.0699125152372081,0.0907550969789808
"Zimbabwe","ZWE",1983,0.0593629543240139,0.0510344495978302,0.0689518626014768,0.081624807829727
"Zimbabwe","ZWE",1984,0.0601515215363533,0.0524789167991949,0.0688643605090791,0.0737682411215205
"Zimbabwe","ZWE",1985,0.0624750277066224,0.0551750503475619,0.0706685945602702,0.0673532310328116
"Zimbabwe","ZWE",1986,0.0665977413166665,0.0594225806664577,0.0745705999852925,0.0620684040706411
"Zimbabwe","ZWE",1987,0.0718135146715036,0.0646648370258136,0.0796851487741079,0.0574119234180649
"Zimbabwe","ZWE",1988,0.0764080596683547,0.0693750442683669,0.0840896352060541,0.0531362134034756
"Zimbabwe","ZWE",1989,0.078306739267217,0.0716179922155559,0.0855626066443708,0.0492439561226072
"Zimbabwe","ZWE",1990,0.0763954203011375,0.0703070919748749,0.0829639262324626,0.0457246757967956
"Zimbabwe","ZWE",1991,0.0714607353826467,0.066119802471394,0.0771974279896675,0.0425588528347101
"Zimbabwe","ZWE",1992,0.065721110002541,0.0610824317626062,0.0706855353130826,0.039871728627793
"Zimbabwe","ZWE",1993,0.0614683115930434,0.0573336166890202,0.0658803469393782,0.0377706481320126
"Zimbabwe","ZWE",1994,0.0601326959584886,0.0562620119841091,0.0642515434199742,0.036042871448735
"Zimbabwe","ZWE",1995,0.0621180269517143,0.0583179628886713,0.0661483136833743,0.0342702261664479
"Zimbabwe","ZWE",1996,0.0668279323026582,0.0629967831017426,0.0708744494860084,0.0322115232862926
"Zimbabwe","ZWE",1997,0.0725654073880431,0.0687189318786691,0.0766094742973609,0.0298992094563514
"Zimbabwe","ZWE",1998,0.0767706105464001,0.0730386691619437,0.0806766410561156,0.0274831617875355
"Zimbabwe","ZWE",1999,0.0771712142501063,0.0737265543795337,0.0807627831971344,0.0251985949474255
"Zimbabwe","ZWE",2000,0.0732581271057391,0.0702074975911328,0.0764304152012138,0.0233777838833399
"Zimbabwe","ZWE",2001,0.0665756878176416,0.0639260018431353,0.0693270673405666,0.0221673066467017
"Zimbabwe","ZWE",2002,0.0594834081740137,0.0571922557974927,0.0618603230773305,0.0212816394774481
"Zimbabwe","ZWE",2003,0.0537339866460504,0.0517422902106288,0.0557978375048411,0.020343287579383
"Zimbabwe","ZWE",2004,0.0499594628640723,0.0481955908477755,0.0517843772374519,0.0192853571189457
"Zimbabwe","ZWE",2005,0.0478903503961646,0.0462955792411431,0.0495372040943019,0.0181332351383969
"Zimbabwe","ZWE",2006,0.0467511401524684,0.04531571006956,0.0482297421743104,0.016678350715179
"Zimbabwe","ZWE",2007,0.0456426149034672,0.0443897561684996,0.0469290978547913,0.0148699020213112
"Zimbabwe","ZWE",2008,0.0439270516649543,0.0428306716693343,0.045050175892029,0.0134805939301667
"Zimbabwe","ZWE",2009,0.0414925470271547,0.0404406987279397,0.0425705397914758,0.0136601678710139
"Zimbabwe","ZWE",2010,0.0387025899003587,0.0375977579634182,0.0398385440328469,0.0153626294315088
"Zimbabwe","ZWE",2011,0.0360771978093872,0.0348919765175357,0.0373011230245055,0.0176698716289077
"Zimbabwe","ZWE",2012,0.0339769189148748,0.0327074244087797,0.0352938892711828,0.0200982769119206
"Zimbabwe","ZWE",2013,0.0324747458931433,0.0311271705463624,0.0338786212681856,0.022333411416722
"Zimbabwe","ZWE",2014,0.0314007409374656,0.0300138222060694,0.0328495778336608,0.0237777195414761
"Zimbabwe","ZWE",2015,0.0304738455122147,0.0291098782573117,0.0318996227487969,0.024080135883146
"Zimbabwe","ZWE",2016,0.029452686311246,0.0281452658671457,0.0308189138858463,0.0238531358431453
"Zimbabwe","ZWE",2017,0.0282389063834385,0.0269615076661187,0.0295749869595976,0.0242878241544791
"Zimbabwe","ZWE",2018,0.026876820229173,0.0255897500126463,0.028226750096567,0.0257112635349362
"Zimbabwe","ZWE",2019,0.0254596250487229,0.0241613228243572,0.0268257733881502,0.0273837118090946
"Zimbabwe","ZWE",2020,0.0240213745372906,0.0227268341294677,0.0253877375222539,0.0289404166646224
"Zimbabwe","ZWE",2021,0.0224937019121052,0.0212013121218688,0.0238629525313642,0.0308640504267669
"Zimbabwe","ZWE",2022,0.020753743666751,0.0194618093621439,0.0221295049616476,0.0334648176603465
"Zimbabwe","ZWE",2023,0.0187305752611403,0.0174625883303366,0.0200887503288918,0.0364223483280541
"Zimbabwe","ZWE",2024,0.0164904113643375,0.0152732762796961,0.0178027870094513,0.0397506159465558
"Zimbabwe","ZWE",2025,0.0142234569158533,0.0130566127608659,0.0154929427140578,0.0442758913242918
"Zimbabwe","ZWE",2026,0.0121361208625383,0.0110034046567447,0.0133838635420264,0.0505752228756768
