"","mean","sd","Q2.5","Q97.5","Rhat","n.eff","AC10"
"gamma",1.29795775571478,0.0030895054389257,1.29192881960154,1.30419195112326,1,1082,-0.04
"omega",0.63850215179756,0.00206556250944055,0.634622785912513,0.642623357949544,1,998,0.02
"tau",0.263678018834076,0.000492289096803152,0.262715681798933,0.26463807333027,1,1042,0.06
"theta",0.000754809373776385,8.96977063766246e-07,0.000753029158803639,0.000756620257982961,1,2000,-0.02
