"","parameter","mean","sd","Q2.5","Q97.5","Rhat","n.eff","AC10"
"gamma","gamma",1.36062497899017,0.00891308598825448,1.34377323615832,1.37821270296833,1,1047,0.01
"omega","omega",0.61256545868307,0.00560759454241045,0.601626214978298,0.623575734853745,1.01,990,-0.03
"tau","tau",0.262611610130555,0.00136190894254517,0.259893086075564,0.265209268077524,1,1111,0.04
"theta","theta",0.000107371988312226,3.36457679040537e-07,0.000106708234384266,0.000108020763532554,1,1000,-0.01
