"variable_name","variable_description","parameter_distribution","i","j","t","parameter_name","parameter_value"
"pi","Probability of travel from i to j","point","AGO","AGO",NA,"mean",NA
"pi","Probability of travel from i to j","point","BDI","AGO",NA,"mean",0.00745945842089844
"pi","Probability of travel from i to j","point","BEN","AGO",NA,"mean",0.00464693536657248
"pi","Probability of travel from i to j","point","BFA","AGO",NA,"mean",0.00476089348663382
"pi","Probability of travel from i to j","point","BWA","AGO",NA,"mean",0.0543849718486804
"pi","Probability of travel from i to j","point","CAF","AGO",NA,"mean",0.0191438957258524
"pi","Probability of travel from i to j","point","CIV","AGO",NA,"mean",0.00498315114224754
"pi","Probability of travel from i to j","point","CMR","AGO",NA,"mean",0.0185584521994778
"pi","Probability of travel from i to j","point","COD","AGO",NA,"mean",0.0475745574162846
"pi","Probability of travel from i to j","point","COG","AGO",NA,"mean",0.0418769421904825
"pi","Probability of travel from i to j","point","ERI","AGO",NA,"mean",0.00871576798223263
"pi","Probability of travel from i to j","point","ETH","AGO",NA,"mean",0.0107688032156669
"pi","Probability of travel from i to j","point","GAB","AGO",NA,"mean",0.0251549927805921
"pi","Probability of travel from i to j","point","GHA","AGO",NA,"mean",0.00471981691014582
"pi","Probability of travel from i to j","point","GIN","AGO",NA,"mean",0.00264319984999433
"pi","Probability of travel from i to j","point","GMB","AGO",NA,"mean",0.00119709935727537
"pi","Probability of travel from i to j","point","GNB","AGO",NA,"mean",0.00196315391658645
"pi","Probability of travel from i to j","point","GNQ","AGO",NA,"mean",0.0183471773252075
"pi","Probability of travel from i to j","point","KEN","AGO",NA,"mean",0.0114249583325343
"pi","Probability of travel from i to j","point","LBR","AGO",NA,"mean",0.00380217434229006
"pi","Probability of travel from i to j","point","MLI","AGO",NA,"mean",0.00809821344990648
"pi","Probability of travel from i to j","point","MOZ","AGO",NA,"mean",0.0169393133434391
"pi","Probability of travel from i to j","point","MRT","AGO",NA,"mean",0.0173781757785493
"pi","Probability of travel from i to j","point","MWI","AGO",NA,"mean",0.0176635253187535
"pi","Probability of travel from i to j","point","NAM","AGO",NA,"mean",0.101487687063332
"pi","Probability of travel from i to j","point","NER","AGO",NA,"mean",0.0118103120385607
"pi","Probability of travel from i to j","point","NGA","AGO",NA,"mean",0.0113423972839562
"pi","Probability of travel from i to j","point","RWA","AGO",NA,"mean",0.00678666916085457
"pi","Probability of travel from i to j","point","SEN","AGO",NA,"mean",0.00196531111526795
"pi","Probability of travel from i to j","point","SLE","AGO",NA,"mean",0.00269764370032725
"pi","Probability of travel from i to j","point","SOM","AGO",NA,"mean",0.0117396404309536
"pi","Probability of travel from i to j","point","SSD","AGO",NA,"mean",0.0148323261532446
"pi","Probability of travel from i to j","point","SWZ","AGO",NA,"mean",0.0266980224122752
"pi","Probability of travel from i to j","point","TCD","AGO",NA,"mean",0.0160039333292308
"pi","Probability of travel from i to j","point","TGO","AGO",NA,"mean",0.00369794736104655
"pi","Probability of travel from i to j","point","TZA","AGO",NA,"mean",0.0168607362876562
"pi","Probability of travel from i to j","point","UGA","AGO",NA,"mean",0.0120770529489065
"pi","Probability of travel from i to j","point","ZAF","AGO",NA,"mean",0.0510901771876331
"pi","Probability of travel from i to j","point","ZMB","AGO",NA,"mean",0.0443966458104535
"pi","Probability of travel from i to j","point","ZWE","AGO",NA,"mean",0.0357291713807332
"pi","Probability of travel from i to j","point","AGO","BDI",NA,"mean",0.0356002031548106
"pi","Probability of travel from i to j","point","BDI","BDI",NA,"mean",NA
"pi","Probability of travel from i to j","point","BEN","BDI",NA,"mean",0.00350666758300902
"pi","Probability of travel from i to j","point","BFA","BDI",NA,"mean",0.0036840698688521
"pi","Probability of travel from i to j","point","BWA","BDI",NA,"mean",0.0228030215904146
"pi","Probability of travel from i to j","point","CAF","BDI",NA,"mean",0.0414957612759254
"pi","Probability of travel from i to j","point","CIV","BDI",NA,"mean",0.00358857540124042
"pi","Probability of travel from i to j","point","CMR","BDI",NA,"mean",0.0156042527551545
"pi","Probability of travel from i to j","point","COD","BDI",NA,"mean",0.104607729088703
"pi","Probability of travel from i to j","point","COG","BDI",NA,"mean",0.023185638170858
"pi","Probability of travel from i to j","point","ERI","BDI",NA,"mean",0.0206430636173638
"pi","Probability of travel from i to j","point","ETH","BDI",NA,"mean",0.0328804379610428
"pi","Probability of travel from i to j","point","GAB","BDI",NA,"mean",0.0139637565875029
"pi","Probability of travel from i to j","point","GHA","BDI",NA,"mean",0.00338749786781011
"pi","Probability of travel from i to j","point","GIN","BDI",NA,"mean",0.00200571091695318
"pi","Probability of travel from i to j","point","GMB","BDI",NA,"mean",0.000915386730944436
"pi","Probability of travel from i to j","point","GNB","BDI",NA,"mean",0.00150162794508051
"pi","Probability of travel from i to j","point","GNQ","BDI",NA,"mean",0.0105750796568514
"pi","Probability of travel from i to j","point","KEN","BDI",NA,"mean",0.0586661882643545
"pi","Probability of travel from i to j","point","LBR","BDI",NA,"mean",0.00274566125042751
"pi","Probability of travel from i to j","point","MLI","BDI",NA,"mean",0.00657966592434723
"pi","Probability of travel from i to j","point","MOZ","BDI",NA,"mean",0.0239540422525113
"pi","Probability of travel from i to j","point","MRT","BDI",NA,"mean",0.0131485900642317
"pi","Probability of travel from i to j","point","MWI","BDI",NA,"mean",0.0297686310192282
"pi","Probability of travel from i to j","point","NAM","BDI",NA,"mean",0.0202121278245742
"pi","Probability of travel from i to j","point","NER","BDI",NA,"mean",0.010203388808178
"pi","Probability of travel from i to j","point","NGA","BDI",NA,"mean",0.00944766619106119
"pi","Probability of travel from i to j","point","RWA","BDI",NA,"mean",0.627562420139324
"pi","Probability of travel from i to j","point","SEN","BDI",NA,"mean",0.00150286783798442
"pi","Probability of travel from i to j","point","SLE","BDI",NA,"mean",0.00196379964071513
"pi","Probability of travel from i to j","point","SOM","BDI",NA,"mean",0.0280081750870175
"pi","Probability of travel from i to j","point","SSD","BDI",NA,"mean",0.0530556913628889
"pi","Probability of travel from i to j","point","SWZ","BDI",NA,"mean",0.0137150186018304
"pi","Probability of travel from i to j","point","TCD","BDI",NA,"mean",0.0193154887967782
"pi","Probability of travel from i to j","point","TGO","BDI",NA,"mean",0.00264649903897231
"pi","Probability of travel from i to j","point","TZA","BDI",NA,"mean",0.0966861987267598
"pi","Probability of travel from i to j","point","UGA","BDI",NA,"mean",0.133471470449154
"pi","Probability of travel from i to j","point","ZAF","BDI",NA,"mean",0.0195201813328132
"pi","Probability of travel from i to j","point","ZMB","BDI",NA,"mean",0.0580709883039845
"pi","Probability of travel from i to j","point","ZWE","BDI",NA,"mean",0.0282002069297919
"pi","Probability of travel from i to j","point","AGO","BEN",NA,"mean",0.0162147148791944
"pi","Probability of travel from i to j","point","BDI","BEN",NA,"mean",0.00256384699727719
"pi","Probability of travel from i to j","point","BEN","BEN",NA,"mean",NA
"pi","Probability of travel from i to j","point","BFA","BEN",NA,"mean",0.11790261226875
"pi","Probability of travel from i to j","point","BWA","BEN",NA,"mean",0.00690552580710034
"pi","Probability of travel from i to j","point","CAF","BEN",NA,"mean",0.0283230431654161
"pi","Probability of travel from i to j","point","CIV","BEN",NA,"mean",0.041259424519371
"pi","Probability of travel from i to j","point","CMR","BEN",NA,"mean",0.0502517896626859
"pi","Probability of travel from i to j","point","COD","BEN",NA,"mean",0.0133773526853836
"pi","Probability of travel from i to j","point","COG","BEN",NA,"mean",0.0247041892459711
"pi","Probability of travel from i to j","point","ERI","BEN",NA,"mean",0.00932384067072555
"pi","Probability of travel from i to j","point","ETH","BEN",NA,"mean",0.00804845631191951
"pi","Probability of travel from i to j","point","GAB","BEN",NA,"mean",0.0275247201481396
"pi","Probability of travel from i to j","point","GHA","BEN",NA,"mean",0.118294473197989
"pi","Probability of travel from i to j","point","GIN","BEN",NA,"mean",0.0155170071390029
"pi","Probability of travel from i to j","point","GMB","BEN",NA,"mean",0.00516664228254264
"pi","Probability of travel from i to j","point","GNB","BEN",NA,"mean",0.00872617043211377
"pi","Probability of travel from i to j","point","GNQ","BEN",NA,"mean",0.0387169122410922
"pi","Probability of travel from i to j","point","KEN","BEN",NA,"mean",0.00541950720952413
"pi","Probability of travel from i to j","point","LBR","BEN",NA,"mean",0.019714951852988
"pi","Probability of travel from i to j","point","MLI","BEN",NA,"mean",0.0610143291741572
"pi","Probability of travel from i to j","point","MOZ","BEN",NA,"mean",0.00396349734204288
"pi","Probability of travel from i to j","point","MRT","BEN",NA,"mean",0.0335720442645112
"pi","Probability of travel from i to j","point","MWI","BEN",NA,"mean",0.0036551719252643
"pi","Probability of travel from i to j","point","NAM","BEN",NA,"mean",0.00740784751530828
"pi","Probability of travel from i to j","point","NER","BEN",NA,"mean",0.0702363477226205
"pi","Probability of travel from i to j","point","NGA","BEN",NA,"mean",0.167551041653694
"pi","Probability of travel from i to j","point","RWA","BEN",NA,"mean",0.00253075836762527
"pi","Probability of travel from i to j","point","SEN","BEN",NA,"mean",0.00851024326334971
"pi","Probability of travel from i to j","point","SLE","BEN",NA,"mean",0.0139293803022307
"pi","Probability of travel from i to j","point","SOM","BEN",NA,"mean",0.0078016627479735
"pi","Probability of travel from i to j","point","SSD","BEN",NA,"mean",0.0106978459116049
"pi","Probability of travel from i to j","point","SWZ","BEN",NA,"mean",0.00430339293938577
"pi","Probability of travel from i to j","point","TCD","BEN",NA,"mean",0.0409762591762186
"pi","Probability of travel from i to j","point","TGO","BEN",NA,"mean",0.274420275358406
"pi","Probability of travel from i to j","point","TZA","BEN",NA,"mean",0.00635971731858094
"pi","Probability of travel from i to j","point","UGA","BEN",NA,"mean",0.00568775037164181
"pi","Probability of travel from i to j","point","ZAF","BEN",NA,"mean",0.00690171584684035
"pi","Probability of travel from i to j","point","ZMB","BEN",NA,"mean",0.00762022540843499
"pi","Probability of travel from i to j","point","ZWE","BEN",NA,"mean",0.00738750747953007
"pi","Probability of travel from i to j","point","AGO","BFA",NA,"mean",0.0148816551255593
"pi","Probability of travel from i to j","point","BDI","BFA",NA,"mean",0.002412934037531
"pi","Probability of travel from i to j","point","BEN","BFA",NA,"mean",0.105619355621999
"pi","Probability of travel from i to j","point","BFA","BFA",NA,"mean",NA
"pi","Probability of travel from i to j","point","BWA","BFA",NA,"mean",0.00684688337163845
"pi","Probability of travel from i to j","point","CAF","BFA",NA,"mean",0.0243208535989193
"pi","Probability of travel from i to j","point","CIV","BFA",NA,"mean",0.11647613166359
"pi","Probability of travel from i to j","point","CMR","BFA",NA,"mean",0.0339360290121425
"pi","Probability of travel from i to j","point","COD","BFA",NA,"mean",0.0122267851523945
"pi","Probability of travel from i to j","point","COG","BFA",NA,"mean",0.019302562534361
"pi","Probability of travel from i to j","point","ERI","BFA",NA,"mean",0.0091868673308603
"pi","Probability of travel from i to j","point","ETH","BFA",NA,"mean",0.00800513713917654
"pi","Probability of travel from i to j","point","GAB","BFA",NA,"mean",0.0196612622336113
"pi","Probability of travel from i to j","point","GHA","BFA",NA,"mean",0.125991870910404
"pi","Probability of travel from i to j","point","GIN","BFA",NA,"mean",0.0411853407138175
"pi","Probability of travel from i to j","point","GMB","BFA",NA,"mean",0.0109068335708686
"pi","Probability of travel from i to j","point","GNB","BFA",NA,"mean",0.0187644750613617
"pi","Probability of travel from i to j","point","GNQ","BFA",NA,"mean",0.0250819387724529
"pi","Probability of travel from i to j","point","KEN","BFA",NA,"mean",0.00529664144438507
"pi","Probability of travel from i to j","point","LBR","BFA",NA,"mean",0.0489101126356733
"pi","Probability of travel from i to j","point","MLI","BFA",NA,"mean",0.188654617856288
"pi","Probability of travel from i to j","point","MOZ","BFA",NA,"mean",0.00389418308288428
"pi","Probability of travel from i to j","point","MRT","BFA",NA,"mean",0.0492418067932034
"pi","Probability of travel from i to j","point","MWI","BFA",NA,"mean",0.00354827194600048
"pi","Probability of travel from i to j","point","NAM","BFA",NA,"mean",0.00715773208538807
"pi","Probability of travel from i to j","point","NER","BFA",NA,"mean",0.0714829861237544
"pi","Probability of travel from i to j","point","NGA","BFA",NA,"mean",0.06971863003115
"pi","Probability of travel from i to j","point","RWA","BFA",NA,"mean",0.00238322129344809
"pi","Probability of travel from i to j","point","SEN","BFA",NA,"mean",0.0180019813570576
"pi","Probability of travel from i to j","point","SLE","BFA",NA,"mean",0.0344705509172362
"pi","Probability of travel from i to j","point","SOM","BFA",NA,"mean",0.0079782496632135
"pi","Probability of travel from i to j","point","SSD","BFA",NA,"mean",0.0102771436477485
"pi","Probability of travel from i to j","point","SWZ","BFA",NA,"mean",0.00430204103224134
"pi","Probability of travel from i to j","point","TCD","BFA",NA,"mean",0.0365771080963077
"pi","Probability of travel from i to j","point","TGO","BFA",NA,"mean",0.123347700823459
"pi","Probability of travel from i to j","point","TZA","BFA",NA,"mean",0.00626372928962851
"pi","Probability of travel from i to j","point","UGA","BFA",NA,"mean",0.0053940141556522
"pi","Probability of travel from i to j","point","ZAF","BFA",NA,"mean",0.00686341365886915
"pi","Probability of travel from i to j","point","ZMB","BFA",NA,"mean",0.00715755613513994
"pi","Probability of travel from i to j","point","ZWE","BFA",NA,"mean",0.00727059856910694
"pi","Probability of travel from i to j","point","AGO","BWA",NA,"mean",0.0272077081809159
"pi","Probability of travel from i to j","point","BDI","BWA",NA,"mean",0.00239034326637067
"pi","Probability of travel from i to j","point","BEN","BWA",NA,"mean",0.000990072780883083
"pi","Probability of travel from i to j","point","BFA","BWA",NA,"mean",0.00109583006779059
"pi","Probability of travel from i to j","point","BWA","BWA",NA,"mean",NA
"pi","Probability of travel from i to j","point","CAF","BWA",NA,"mean",0.00479545698783919
"pi","Probability of travel from i to j","point","CIV","BWA",NA,"mean",0.00119259082537818
"pi","Probability of travel from i to j","point","CMR","BWA",NA,"mean",0.00346647520824893
"pi","Probability of travel from i to j","point","COD","BWA",NA,"mean",0.00974482451289546
"pi","Probability of travel from i to j","point","COG","BWA",NA,"mean",0.00515588803646818
"pi","Probability of travel from i to j","point","ERI","BWA",NA,"mean",0.00315929264251853
"pi","Probability of travel from i to j","point","ETH","BWA",NA,"mean",0.00381829807639657
"pi","Probability of travel from i to j","point","GAB","BWA",NA,"mean",0.00343468231413313
"pi","Probability of travel from i to j","point","GHA","BWA",NA,"mean",0.00106345769035941
"pi","Probability of travel from i to j","point","GIN","BWA",NA,"mean",0.000683256876556225
"pi","Probability of travel from i to j","point","GMB","BWA",NA,"mean",0.000324118469643689
"pi","Probability of travel from i to j","point","GNB","BWA",NA,"mean",0.000529196790794117
"pi","Probability of travel from i to j","point","GNQ","BWA",NA,"mean",0.00289058722105452
"pi","Probability of travel from i to j","point","KEN","BWA",NA,"mean",0.0041538072317106
"pi","Probability of travel from i to j","point","LBR","BWA",NA,"mean",0.000957311849606605
"pi","Probability of travel from i to j","point","MLI","BWA",NA,"mean",0.00203076314913578
"pi","Probability of travel from i to j","point","MOZ","BWA",NA,"mean",0.0107595912022345
"pi","Probability of travel from i to j","point","MRT","BWA",NA,"mean",0.00551505169344358
"pi","Probability of travel from i to j","point","MWI","BWA",NA,"mean",0.0114126020755502
"pi","Probability of travel from i to j","point","NAM","BWA",NA,"mean",0.0924052309592374
"pi","Probability of travel from i to j","point","NER","BWA",NA,"mean",0.00275415471802607
"pi","Probability of travel from i to j","point","NGA","BWA",NA,"mean",0.00224513504628606
"pi","Probability of travel from i to j","point","RWA","BWA",NA,"mean",0.0021568945788022
"pi","Probability of travel from i to j","point","SEN","BWA",NA,"mean",0.000531849985317931
"pi","Probability of travel from i to j","point","SLE","BWA",NA,"mean",0.000697833945587903
"pi","Probability of travel from i to j","point","SOM","BWA",NA,"mean",0.0045125233628306
"pi","Probability of travel from i to j","point","SSD","BWA",NA,"mean",0.00501739667881638
"pi","Probability of travel from i to j","point","SWZ","BWA",NA,"mean",0.0418897015892448
"pi","Probability of travel from i to j","point","TCD","BWA",NA,"mean",0.00420479183676103
"pi","Probability of travel from i to j","point","TGO","BWA",NA,"mean",0.000792761835153602
"pi","Probability of travel from i to j","point","TZA","BWA",NA,"mean",0.00862590033173727
"pi","Probability of travel from i to j","point","UGA","BWA",NA,"mean",0.00386489168286702
"pi","Probability of travel from i to j","point","ZAF","BWA",NA,"mean",0.0739607489598635
"pi","Probability of travel from i to j","point","ZMB","BWA",NA,"mean",0.0248749295308271
"pi","Probability of travel from i to j","point","ZWE","BWA",NA,"mean",0.0423346545515841
"pi","Probability of travel from i to j","point","AGO","CAF",NA,"mean",0.0145574609597356
"pi","Probability of travel from i to j","point","BDI","CAF",NA,"mean",0.00661171114593978
"pi","Probability of travel from i to j","point","BEN","CAF",NA,"mean",0.00617237841482801
"pi","Probability of travel from i to j","point","BFA","CAF",NA,"mean",0.00591658839066784
"pi","Probability of travel from i to j","point","BWA","CAF",NA,"mean",0.00728907235385321
"pi","Probability of travel from i to j","point","CAF","CAF",NA,"mean",NA
"pi","Probability of travel from i to j","point","CIV","CAF",NA,"mean",0.00513234423309249
"pi","Probability of travel from i to j","point","CMR","CAF",NA,"mean",0.0317149261965933
"pi","Probability of travel from i to j","point","COD","CAF",NA,"mean",0.0297198317569975
"pi","Probability of travel from i to j","point","COG","CAF",NA,"mean",0.0317571540230383
"pi","Probability of travel from i to j","point","ERI","CAF",NA,"mean",0.0135079625926414
"pi","Probability of travel from i to j","point","ETH","CAF",NA,"mean",0.0111510242829578
"pi","Probability of travel from i to j","point","GAB","CAF",NA,"mean",0.0169476679946655
"pi","Probability of travel from i to j","point","GHA","CAF",NA,"mean",0.00528519184174967
"pi","Probability of travel from i to j","point","GIN","CAF",NA,"mean",0.00268205003858995
"pi","Probability of travel from i to j","point","GMB","CAF",NA,"mean",0.00115311360257546
"pi","Probability of travel from i to j","point","GNB","CAF",NA,"mean",0.00190274505854699
"pi","Probability of travel from i to j","point","GNQ","CAF",NA,"mean",0.0198569592332137
"pi","Probability of travel from i to j","point","KEN","CAF",NA,"mean",0.0104409297300068
"pi","Probability of travel from i to j","point","LBR","CAF",NA,"mean",0.00366758844181592
"pi","Probability of travel from i to j","point","MLI","CAF",NA,"mean",0.00943788551596032
"pi","Probability of travel from i to j","point","MOZ","CAF",NA,"mean",0.00540235769350581
"pi","Probability of travel from i to j","point","MRT","CAF",NA,"mean",0.0136834059004335
"pi","Probability of travel from i to j","point","MWI","CAF",NA,"mean",0.00538857526602429
"pi","Probability of travel from i to j","point","NAM","CAF",NA,"mean",0.00624409035397325
"pi","Probability of travel from i to j","point","NER","CAF",NA,"mean",0.0170354567127573
"pi","Probability of travel from i to j","point","NGA","CAF",NA,"mean",0.0212248047209024
"pi","Probability of travel from i to j","point","RWA","CAF",NA,"mean",0.00649294063569226
"pi","Probability of travel from i to j","point","SEN","CAF",NA,"mean",0.00189441674349614
"pi","Probability of travel from i to j","point","SLE","CAF",NA,"mean",0.0025853150272646
"pi","Probability of travel from i to j","point","SOM","CAF",NA,"mean",0.00968895393085344
"pi","Probability of travel from i to j","point","SSD","CAF",NA,"mean",0.0263908531375648
"pi","Probability of travel from i to j","point","SWZ","CAF",NA,"mean",0.00460539956253846
"pi","Probability of travel from i to j","point","TCD","CAF",NA,"mean",0.0352900843051968
"pi","Probability of travel from i to j","point","TGO","CAF",NA,"mean",0.00446008815083999
"pi","Probability of travel from i to j","point","TZA","CAF",NA,"mean",0.011560194146309
"pi","Probability of travel from i to j","point","UGA","CAF",NA,"mean",0.0138243443949606
"pi","Probability of travel from i to j","point","ZAF","CAF",NA,"mean",0.00668799124828901
"pi","Probability of travel from i to j","point","ZMB","CAF",NA,"mean",0.00968296967079342
"pi","Probability of travel from i to j","point","ZWE","CAF",NA,"mean",0.00823738909594162
"pi","Probability of travel from i to j","point","AGO","CIV",NA,"mean",0.0143106093176878
"pi","Probability of travel from i to j","point","BDI","CIV",NA,"mean",0.00215938938820082
"pi","Probability of travel from i to j","point","BEN","CIV",NA,"mean",0.0339574091570139
"pi","Probability of travel from i to j","point","BFA","CIV",NA,"mean",0.107010953546747
"pi","Probability of travel from i to j","point","BWA","CIV",NA,"mean",0.00684593035918395
"pi","Probability of travel from i to j","point","CAF","CIV",NA,"mean",0.019382711389396
"pi","Probability of travel from i to j","point","CIV","CIV",NA,"mean",NA
"pi","Probability of travel from i to j","point","CMR","CIV",NA,"mean",0.0286177933338096
"pi","Probability of travel from i to j","point","COD","CIV",NA,"mean",0.0110070813685648
"pi","Probability of travel from i to j","point","COG","CIV",NA,"mean",0.017241075363436
"pi","Probability of travel from i to j","point","ERI","CIV",NA,"mean",0.00781883219437489
"pi","Probability of travel from i to j","point","ETH","CIV",NA,"mean",0.00689859710501306
"pi","Probability of travel from i to j","point","GAB","CIV",NA,"mean",0.0169190598121428
"pi","Probability of travel from i to j","point","GHA","CIV",NA,"mean",0.140759781931127
"pi","Probability of travel from i to j","point","GIN","CIV",NA,"mean",0.0831581976534925
"pi","Probability of travel from i to j","point","GMB","CIV",NA,"mean",0.0168988697586254
"pi","Probability of travel from i to j","point","GNB","CIV",NA,"mean",0.0294846586579768
"pi","Probability of travel from i to j","point","GNQ","CIV",NA,"mean",0.0207834043849927
"pi","Probability of travel from i to j","point","KEN","CIV",NA,"mean",0.00489078042619341
"pi","Probability of travel from i to j","point","LBR","CIV",NA,"mean",0.202826411377565
"pi","Probability of travel from i to j","point","MLI","CIV",NA,"mean",0.0730400208588548
"pi","Probability of travel from i to j","point","MOZ","CIV",NA,"mean",0.00387526923673745
"pi","Probability of travel from i to j","point","MRT","CIV",NA,"mean",0.0524192030414845
"pi","Probability of travel from i to j","point","MWI","CIV",NA,"mean",0.00350923816553095
"pi","Probability of travel from i to j","point","NAM","CIV",NA,"mean",0.00706214397948996
"pi","Probability of travel from i to j","point","NER","CIV",NA,"mean",0.0373701637161475
"pi","Probability of travel from i to j","point","NGA","CIV",NA,"mean",0.037251008700952
"pi","Probability of travel from i to j","point","RWA","CIV",NA,"mean",0.00213386599731888
"pi","Probability of travel from i to j","point","SEN","CIV",NA,"mean",0.027411546747442
"pi","Probability of travel from i to j","point","SLE","CIV",NA,"mean",0.0835415744833382
"pi","Probability of travel from i to j","point","SOM","CIV",NA,"mean",0.00713988234817524
"pi","Probability of travel from i to j","point","SSD","CIV",NA,"mean",0.00914965412649273
"pi","Probability of travel from i to j","point","SWZ","CIV",NA,"mean",0.00431994864625206
"pi","Probability of travel from i to j","point","TCD","CIV",NA,"mean",0.0275380951366718
"pi","Probability of travel from i to j","point","TGO","CIV",NA,"mean",0.0412171451154369
"pi","Probability of travel from i to j","point","TZA","CIV",NA,"mean",0.00582735526958591
"pi","Probability of travel from i to j","point","UGA","CIV",NA,"mean",0.00485383946269183
"pi","Probability of travel from i to j","point","ZAF","CIV",NA,"mean",0.00687307156660129
"pi","Probability of travel from i to j","point","ZMB","CIV",NA,"mean",0.00696199479191088
"pi","Probability of travel from i to j","point","ZWE","CIV",NA,"mean",0.00724161806153452
"pi","Probability of travel from i to j","point","AGO","CMR",NA,"mean",0.027357498436473
"pi","Probability of travel from i to j","point","BDI","CMR",NA,"mean",0.00481983785147734
"pi","Probability of travel from i to j","point","BEN","CMR",NA,"mean",0.0212296815312715
"pi","Probability of travel from i to j","point","BFA","CMR",NA,"mean",0.0160041599218317
"pi","Probability of travel from i to j","point","BWA","CMR",NA,"mean",0.0102143250943037
"pi","Probability of travel from i to j","point","CAF","CMR",NA,"mean",0.0614812971104159
"pi","Probability of travel from i to j","point","CIV","CMR",NA,"mean",0.0146898278978444
"pi","Probability of travel from i to j","point","CMR","CMR",NA,"mean",NA
"pi","Probability of travel from i to j","point","COD","CMR",NA,"mean",0.0258980992715573
"pi","Probability of travel from i to j","point","COG","CMR",NA,"mean",0.0654889843151981
"pi","Probability of travel from i to j","point","ERI","CMR",NA,"mean",0.0118143687115668
"pi","Probability of travel from i to j","point","ETH","CMR",NA,"mean",0.0104216613195185
"pi","Probability of travel from i to j","point","GAB","CMR",NA,"mean",0.0725002938782883
"pi","Probability of travel from i to j","point","GHA","CMR",NA,"mean",0.016902285838433
"pi","Probability of travel from i to j","point","GIN","CMR",NA,"mean",0.00628957541742152
"pi","Probability of travel from i to j","point","GMB","CMR",NA,"mean",0.00255435826664987
"pi","Probability of travel from i to j","point","GNB","CMR",NA,"mean",0.00423305902099913
"pi","Probability of travel from i to j","point","GNQ","CMR",NA,"mean",0.101344302995399
"pi","Probability of travel from i to j","point","KEN","CMR",NA,"mean",0.00938454483121289
"pi","Probability of travel from i to j","point","LBR","CMR",NA,"mean",0.00969757225055354
"pi","Probability of travel from i to j","point","MLI","CMR",NA,"mean",0.0216480240369934
"pi","Probability of travel from i to j","point","MOZ","CMR",NA,"mean",0.00607553376774902
"pi","Probability of travel from i to j","point","MRT","CMR",NA,"mean",0.0266792424317875
"pi","Probability of travel from i to j","point","MWI","CMR",NA,"mean",0.00569517139714534
"pi","Probability of travel from i to j","point","NAM","CMR",NA,"mean",0.0112973695186658
"pi","Probability of travel from i to j","point","NER","CMR",NA,"mean",0.0412633691828582
"pi","Probability of travel from i to j","point","NGA","CMR",NA,"mean",0.078055888094171
"pi","Probability of travel from i to j","point","RWA","CMR",NA,"mean",0.00475115188721508
"pi","Probability of travel from i to j","point","SEN","CMR",NA,"mean",0.00419850459929523
"pi","Probability of travel from i to j","point","SLE","CMR",NA,"mean",0.00640724438760641
"pi","Probability of travel from i to j","point","SOM","CMR",NA,"mean",0.0103034983745886
"pi","Probability of travel from i to j","point","SSD","CMR",NA,"mean",0.0194229121931084
"pi","Probability of travel from i to j","point","SWZ","CMR",NA,"mean",0.00644610605124064
"pi","Probability of travel from i to j","point","TCD","CMR",NA,"mean",0.0491778128912023
"pi","Probability of travel from i to j","point","TGO","CMR",NA,"mean",0.0159093123032055
"pi","Probability of travel from i to j","point","TZA","CMR",NA,"mean",0.0108243364510243
"pi","Probability of travel from i to j","point","UGA","CMR",NA,"mean",0.0105210395618214
"pi","Probability of travel from i to j","point","ZAF","CMR",NA,"mean",0.0101735508820676
"pi","Probability of travel from i to j","point","ZMB","CMR",NA,"mean",0.012432522073552
"pi","Probability of travel from i to j","point","ZWE","CMR",NA,"mean",0.0112983814438897
"pi","Probability of travel from i to j","point","AGO","COD",NA,"mean",0.0911172606700986
"pi","Probability of travel from i to j","point","BDI","COD",NA,"mean",0.0419801990405034
"pi","Probability of travel from i to j","point","BEN","COD",NA,"mean",0.00734265952486184
"pi","Probability of travel from i to j","point","BFA","COD",NA,"mean",0.00749161427315774
"pi","Probability of travel from i to j","point","BWA","COD",NA,"mean",0.037306702834774
"pi","Probability of travel from i to j","point","CAF","COD",NA,"mean",0.0748543305265012
"pi","Probability of travel from i to j","point","CIV","COD",NA,"mean",0.00734081043399418
"pi","Probability of travel from i to j","point","CMR","COD",NA,"mean",0.0336479925193413
"pi","Probability of travel from i to j","point","COD","COD",NA,"mean",NA
"pi","Probability of travel from i to j","point","COG","COD",NA,"mean",0.0665265479988987
"pi","Probability of travel from i to j","point","ERI","COD",NA,"mean",0.0226675165375045
"pi","Probability of travel from i to j","point","ETH","COD",NA,"mean",0.0297452044457554
"pi","Probability of travel from i to j","point","GAB","COD",NA,"mean",0.0368087016543065
"pi","Probability of travel from i to j","point","GHA","COD",NA,"mean",0.00700077074772858
"pi","Probability of travel from i to j","point","GIN","COD",NA,"mean",0.00400788535826841
"pi","Probability of travel from i to j","point","GMB","COD",NA,"mean",0.00181811770973071
"pi","Probability of travel from i to j","point","GNB","COD",NA,"mean",0.0029842954514416
"pi","Probability of travel from i to j","point","GNQ","COD",NA,"mean",0.0266524426640916
"pi","Probability of travel from i to j","point","KEN","COD",NA,"mean",0.0366941089165323
"pi","Probability of travel from i to j","point","LBR","COD",NA,"mean",0.00556990218820153
"pi","Probability of travel from i to j","point","MLI","COD",NA,"mean",0.0132386558441911
"pi","Probability of travel from i to j","point","MOZ","COD",NA,"mean",0.0247576237494801
"pi","Probability of travel from i to j","point","MRT","COD",NA,"mean",0.0255829569625049
"pi","Probability of travel from i to j","point","MWI","COD",NA,"mean",0.0260119442025203
"pi","Probability of travel from i to j","point","NAM","COD",NA,"mean",0.0328540933250597
"pi","Probability of travel from i to j","point","NER","COD",NA,"mean",0.0208136741696245
"pi","Probability of travel from i to j","point","NGA","COD",NA,"mean",0.0197617833791436
"pi","Probability of travel from i to j","point","RWA","COD",NA,"mean",0.0347417735887811
"pi","Probability of travel from i to j","point","SEN","COD",NA,"mean",0.00298516078156082
"pi","Probability of travel from i to j","point","SLE","COD",NA,"mean",0.00394037723376103
"pi","Probability of travel from i to j","point","SOM","COD",NA,"mean",0.0286982788516886
"pi","Probability of travel from i to j","point","SSD","COD",NA,"mean",0.0569870576727669
"pi","Probability of travel from i to j","point","SWZ","COD",NA,"mean",0.0226454953498742
"pi","Probability of travel from i to j","point","TCD","COD",NA,"mean",0.0354936489728357
"pi","Probability of travel from i to j","point","TGO","COD",NA,"mean",0.00551727743806435
"pi","Probability of travel from i to j","point","TZA","COD",NA,"mean",0.0491792451549649
"pi","Probability of travel from i to j","point","UGA","COD",NA,"mean",0.0497388910233665
"pi","Probability of travel from i to j","point","ZAF","COD",NA,"mean",0.0323500601812986
"pi","Probability of travel from i to j","point","ZMB","COD",NA,"mean",0.0824507223476417
"pi","Probability of travel from i to j","point","ZWE","COD",NA,"mean",0.045343495505652
"pi","Probability of travel from i to j","point","AGO","COG",NA,"mean",0.0444210178715863
"pi","Probability of travel from i to j","point","BDI","COG",NA,"mean",0.00515332364879695
"pi","Probability of travel from i to j","point","BEN","COG",NA,"mean",0.00751002641490164
"pi","Probability of travel from i to j","point","BFA","COG",NA,"mean",0.0065503686283885
"pi","Probability of travel from i to j","point","BWA","COG",NA,"mean",0.01093210938088
"pi","Probability of travel from i to j","point","CAF","COG",NA,"mean",0.0442995999939448
"pi","Probability of travel from i to j","point","CIV","COG",NA,"mean",0.00636830460081776
"pi","Probability of travel from i to j","point","CMR","COG",NA,"mean",0.0471245447658498
"pi","Probability of travel from i to j","point","COD","COG",NA,"mean",0.0368453455876939
"pi","Probability of travel from i to j","point","COG","COG",NA,"mean",NA
"pi","Probability of travel from i to j","point","ERI","COG",NA,"mean",0.00760629631006915
"pi","Probability of travel from i to j","point","ETH","COG",NA,"mean",0.00720226048296163
"pi","Probability of travel from i to j","point","GAB","COG",NA,"mean",0.19800938105036
"pi","Probability of travel from i to j","point","GHA","COG",NA,"mean",0.00677483389261365
"pi","Probability of travel from i to j","point","GIN","COG",NA,"mean",0.00295561065607229
"pi","Probability of travel from i to j","point","GMB","COG",NA,"mean",0.00124388231342149
"pi","Probability of travel from i to j","point","GNB","COG",NA,"mean",0.00205372230237935
"pi","Probability of travel from i to j","point","GNQ","COG",NA,"mean",0.0744900951213382
"pi","Probability of travel from i to j","point","KEN","COG",NA,"mean",0.00747890680456953
"pi","Probability of travel from i to j","point","LBR","COG",NA,"mean",0.0044424397438032
"pi","Probability of travel from i to j","point","MLI","COG",NA,"mean",0.00952721296890466
"pi","Probability of travel from i to j","point","MOZ","COG",NA,"mean",0.00692143720954461
"pi","Probability of travel from i to j","point","MRT","COG",NA,"mean",0.0144981203383357
"pi","Probability of travel from i to j","point","MWI","COG",NA,"mean",0.00688413646910287
"pi","Probability of travel from i to j","point","NAM","COG",NA,"mean",0.0123723193178654
"pi","Probability of travel from i to j","point","NER","COG",NA,"mean",0.0158445088301904
"pi","Probability of travel from i to j","point","NGA","COG",NA,"mean",0.0218382314532484
"pi","Probability of travel from i to j","point","RWA","COG",NA,"mean",0.00465078948631593
"pi","Probability of travel from i to j","point","SEN","COG",NA,"mean",0.00204367235775352
"pi","Probability of travel from i to j","point","SLE","COG",NA,"mean",0.00301292982708192
"pi","Probability of travel from i to j","point","SOM","COG",NA,"mean",0.00744245728554259
"pi","Probability of travel from i to j","point","SSD","COG",NA,"mean",0.0138845463189407
"pi","Probability of travel from i to j","point","SWZ","COG",NA,"mean",0.00678095337973894
"pi","Probability of travel from i to j","point","TCD","COG",NA,"mean",0.0216385064579747
"pi","Probability of travel from i to j","point","TGO","COG",NA,"mean",0.00589529042323146
"pi","Probability of travel from i to j","point","TZA","COG",NA,"mean",0.009880395305231
"pi","Probability of travel from i to j","point","UGA","COG",NA,"mean",0.00856417146201765
"pi","Probability of travel from i to j","point","ZAF","COG",NA,"mean",0.00998279727725918
"pi","Probability of travel from i to j","point","ZMB","COG",NA,"mean",0.0180155964938744
"pi","Probability of travel from i to j","point","ZWE","COG",NA,"mean",0.0127681643887304
"pi","Probability of travel from i to j","point","AGO","ERI",NA,"mean",0.00656666613266454
"pi","Probability of travel from i to j","point","BDI","ERI",NA,"mean",0.00325887909010241
"pi","Probability of travel from i to j","point","BEN","ERI",NA,"mean",0.00201322091995657
"pi","Probability of travel from i to j","point","BFA","ERI",NA,"mean",0.00221433818741268
"pi","Probability of travel from i to j","point","BWA","ERI",NA,"mean",0.00475790842314734
"pi","Probability of travel from i to j","point","CAF","ERI",NA,"mean",0.0133836265805337
"pi","Probability of travel from i to j","point","CIV","ERI",NA,"mean",0.00205129018624415
"pi","Probability of travel from i to j","point","CMR","ERI",NA,"mean",0.0060383066651614
"pi","Probability of travel from i to j","point","COD","ERI",NA,"mean",0.00891697027261267
"pi","Probability of travel from i to j","point","COG","ERI",NA,"mean",0.00540255220115506
"pi","Probability of travel from i to j","point","ERI","ERI",NA,"mean",NA
"pi","Probability of travel from i to j","point","ETH","ERI",NA,"mean",0.140792192825661
"pi","Probability of travel from i to j","point","GAB","ERI",NA,"mean",0.00348774947938052
"pi","Probability of travel from i to j","point","GHA","ERI",NA,"mean",0.00195062856161908
"pi","Probability of travel from i to j","point","GIN","ERI",NA,"mean",0.00123262764964932
"pi","Probability of travel from i to j","point","GMB","ERI",NA,"mean",0.000566963440270376
"pi","Probability of travel from i to j","point","GNB","ERI",NA,"mean",0.000929338782702847
"pi","Probability of travel from i to j","point","GNQ","ERI",NA,"mean",0.00367578230687747
"pi","Probability of travel from i to j","point","KEN","ERI",NA,"mean",0.0240343873729213
"pi","Probability of travel from i to j","point","LBR","ERI",NA,"mean",0.0015918452087665
"pi","Probability of travel from i to j","point","MLI","ERI",NA,"mean",0.00400814358435901
"pi","Probability of travel from i to j","point","MOZ","ERI",NA,"mean",0.00429190760577154
"pi","Probability of travel from i to j","point","MRT","ERI",NA,"mean",0.00836655278489712
"pi","Probability of travel from i to j","point","MWI","ERI",NA,"mean",0.00423144538462296
"pi","Probability of travel from i to j","point","NAM","ERI",NA,"mean",0.00404210999200978
"pi","Probability of travel from i to j","point","NER","ERI",NA,"mean",0.00641969478139246
"pi","Probability of travel from i to j","point","NGA","ERI",NA,"mean",0.00537591556291189
"pi","Probability of travel from i to j","point","RWA","ERI",NA,"mean",0.00350945707870363
"pi","Probability of travel from i to j","point","SEN","ERI",NA,"mean",0.00093074996090042
"pi","Probability of travel from i to j","point","SLE","ERI",NA,"mean",0.00120930143271808
"pi","Probability of travel from i to j","point","SOM","ERI",NA,"mean",0.0443520683663779
"pi","Probability of travel from i to j","point","SSD","ERI",NA,"mean",0.0256815147833951
"pi","Probability of travel from i to j","point","SWZ","ERI",NA,"mean",0.00338171880356704
"pi","Probability of travel from i to j","point","TCD","ERI",NA,"mean",0.0202128091001633
"pi","Probability of travel from i to j","point","TGO","ERI",NA,"mean",0.00150184022178191
"pi","Probability of travel from i to j","point","TZA","ERI",NA,"mean",0.0116935204820312
"pi","Probability of travel from i to j","point","UGA","ERI",NA,"mean",0.0124389127955701
"pi","Probability of travel from i to j","point","ZAF","ERI",NA,"mean",0.00444253691058365
"pi","Probability of travel from i to j","point","ZMB","ERI",NA,"mean",0.00554979128303741
"pi","Probability of travel from i to j","point","ZWE","ERI",NA,"mean",0.0055469609970947
"pi","Probability of travel from i to j","point","AGO","ETH",NA,"mean",0.0253725631963762
"pi","Probability of travel from i to j","point","BDI","ETH",NA,"mean",0.0162326459667581
"pi","Probability of travel from i to j","point","BEN","ETH",NA,"mean",0.00543459029053457
"pi","Probability of travel from i to j","point","BFA","ETH",NA,"mean",0.00603396668340444
"pi","Probability of travel from i to j","point","BWA","ETH",NA,"mean",0.0179826494301945
"pi","Probability of travel from i to j","point","CAF","ETH",NA,"mean",0.0345506601313994
"pi","Probability of travel from i to j","point","CIV","ETH",NA,"mean",0.0056598330133747
"pi","Probability of travel from i to j","point","CMR","ETH",NA,"mean",0.0166570936325349
"pi","Probability of travel from i to j","point","COD","ETH",NA,"mean",0.0365921529260603
"pi","Probability of travel from i to j","point","COG","ETH",NA,"mean",0.0159975023616691
"pi","Probability of travel from i to j","point","ERI","ETH",NA,"mean",0.440287341594947
"pi","Probability of travel from i to j","point","ETH","ETH",NA,"mean",NA
"pi","Probability of travel from i to j","point","GAB","ETH",NA,"mean",0.0100956387473399
"pi","Probability of travel from i to j","point","GHA","ETH",NA,"mean",0.00532894124709358
"pi","Probability of travel from i to j","point","GIN","ETH",NA,"mean",0.0034245723480324
"pi","Probability of travel from i to j","point","GMB","ETH",NA,"mean",0.00158609645117206
"pi","Probability of travel from i to j","point","GNB","ETH",NA,"mean",0.00259804981104589
"pi","Probability of travel from i to j","point","GNQ","ETH",NA,"mean",0.0103901342756233
"pi","Probability of travel from i to j","point","KEN","ETH",NA,"mean",0.188481124900528
"pi","Probability of travel from i to j","point","LBR","ETH",NA,"mean",0.00442415222233562
"pi","Probability of travel from i to j","point","MLI","ETH",NA,"mean",0.0110499176499771
"pi","Probability of travel from i to j","point","MOZ","ETH",NA,"mean",0.0178016874471627
"pi","Probability of travel from i to j","point","MRT","ETH",NA,"mean",0.0239821788999864
"pi","Probability of travel from i to j","point","MWI","ETH",NA,"mean",0.018266564074415
"pi","Probability of travel from i to j","point","NAM","ETH",NA,"mean",0.01537321838332
"pi","Probability of travel from i to j","point","NER","ETH",NA,"mean",0.0173869765298928
"pi","Probability of travel from i to j","point","NGA","ETH",NA,"mean",0.0142422370364712
"pi","Probability of travel from i to j","point","RWA","ETH",NA,"mean",0.0179530102514765
"pi","Probability of travel from i to j","point","SEN","ETH",NA,"mean",0.00260359595148339
"pi","Probability of travel from i to j","point","SLE","ETH",NA,"mean",0.00336574135990158
"pi","Probability of travel from i to j","point","SOM","ETH",NA,"mean",0.34536302109485
"pi","Probability of travel from i to j","point","SSD","ETH",NA,"mean",0.0991826613770995
"pi","Probability of travel from i to j","point","SWZ","ETH",NA,"mean",0.0128838124109332
"pi","Probability of travel from i to j","point","TCD","ETH",NA,"mean",0.0524363556210209
"pi","Probability of travel from i to j","point","TGO","ETH",NA,"mean",0.00407314298784002
"pi","Probability of travel from i to j","point","TZA","ETH",NA,"mean",0.0581496235381833
"pi","Probability of travel from i to j","point","UGA","ETH",NA,"mean",0.0742913144203566
"pi","Probability of travel from i to j","point","ZAF","ETH",NA,"mean",0.0165703868508969
"pi","Probability of travel from i to j","point","ZMB","ETH",NA,"mean",0.0228810420575207
"pi","Probability of travel from i to j","point","ZWE","ETH",NA,"mean",0.0215523815411101
"pi","Probability of travel from i to j","point","AGO","GAB",NA,"mean",0.027331760323435
"pi","Probability of travel from i to j","point","BDI","GAB",NA,"mean",0.0031790729779324
"pi","Probability of travel from i to j","point","BEN","GAB",NA,"mean",0.00857084486491438
"pi","Probability of travel from i to j","point","BFA","GAB",NA,"mean",0.00683426841799494
"pi","Probability of travel from i to j","point","BWA","GAB",NA,"mean",0.00745962383018652
"pi","Probability of travel from i to j","point","CAF","GAB",NA,"mean",0.0242157564582154
"pi","Probability of travel from i to j","point","CIV","GAB",NA,"mean",0.00640126146422928
"pi","Probability of travel from i to j","point","CMR","GAB",NA,"mean",0.053437796674994
"pi","Probability of travel from i to j","point","COD","GAB",NA,"mean",0.0208818036407032
"pi","Probability of travel from i to j","point","COG","GAB",NA,"mean",0.202822265532771
"pi","Probability of travel from i to j","point","ERI","GAB",NA,"mean",0.00502978491100487
"pi","Probability of travel from i to j","point","ETH","GAB",NA,"mean",0.00465564981537118
"pi","Probability of travel from i to j","point","GAB","GAB",NA,"mean",NA
"pi","Probability of travel from i to j","point","GHA","GAB",NA,"mean",0.0072288415116339
"pi","Probability of travel from i to j","point","GIN","GAB",NA,"mean",0.00279224211833926
"pi","Probability of travel from i to j","point","GMB","GAB",NA,"mean",0.00113881184233651
"pi","Probability of travel from i to j","point","GNB","GAB",NA,"mean",0.00188555454394162
"pi","Probability of travel from i to j","point","GNQ","GAB",NA,"mean",0.210125798284721
"pi","Probability of travel from i to j","point","KEN","GAB",NA,"mean",0.00491965530892492
"pi","Probability of travel from i to j","point","LBR","GAB",NA,"mean",0.00428025624312191
"pi","Probability of travel from i to j","point","MLI","GAB",NA,"mean",0.00920829312197956
"pi","Probability of travel from i to j","point","MOZ","GAB",NA,"mean",0.00457148347536794
"pi","Probability of travel from i to j","point","MRT","GAB",NA,"mean",0.0122034136294654
"pi","Probability of travel from i to j","point","MWI","GAB",NA,"mean",0.00447931385612119
"pi","Probability of travel from i to j","point","NAM","GAB",NA,"mean",0.00905720655254048
"pi","Probability of travel from i to j","point","NER","GAB",NA,"mean",0.0163177785763103
"pi","Probability of travel from i to j","point","NGA","GAB",NA,"mean",0.0279054332887876
"pi","Probability of travel from i to j","point","RWA","GAB",NA,"mean",0.00289676356820385
"pi","Probability of travel from i to j","point","SEN","GAB",NA,"mean",0.00187163664875662
"pi","Probability of travel from i to j","point","SLE","GAB",NA,"mean",0.00284491469660514
"pi","Probability of travel from i to j","point","SOM","GAB",NA,"mean",0.00508721895689333
"pi","Probability of travel from i to j","point","SSD","GAB",NA,"mean",0.00850750783488252
"pi","Probability of travel from i to j","point","SWZ","GAB",NA,"mean",0.00456719867441249
"pi","Probability of travel from i to j","point","TCD","GAB",NA,"mean",0.0190084141875036
"pi","Probability of travel from i to j","point","TGO","GAB",NA,"mean",0.00667375082071764
"pi","Probability of travel from i to j","point","TZA","GAB",NA,"mean",0.00648564377749843
"pi","Probability of travel from i to j","point","UGA","GAB",NA,"mean",0.00517892005501944
"pi","Probability of travel from i to j","point","ZAF","GAB",NA,"mean",0.00735490648249474
"pi","Probability of travel from i to j","point","ZMB","GAB",NA,"mean",0.0111719088997605
"pi","Probability of travel from i to j","point","ZWE","GAB",NA,"mean",0.00845008628141903
"pi","Probability of travel from i to j","point","AGO","GHA",NA,"mean",0.0181382770306713
"pi","Probability of travel from i to j","point","BDI","GHA",NA,"mean",0.00272775104313231
"pi","Probability of travel from i to j","point","BEN","GHA",NA,"mean",0.130284469497975
"pi","Probability of travel from i to j","point","BFA","GHA",NA,"mean",0.15489972021604
"pi","Probability of travel from i to j","point","BWA","GHA",NA,"mean",0.00816917203810371
"pi","Probability of travel from i to j","point","CAF","GHA",NA,"mean",0.0267101496150462
"pi","Probability of travel from i to j","point","CIV","GHA",NA,"mean",0.188362913111077
"pi","Probability of travel from i to j","point","CMR","GHA",NA,"mean",0.0440637739094533
"pi","Probability of travel from i to j","point","COD","GHA",NA,"mean",0.0140472346461155
"pi","Probability of travel from i to j","point","COG","GHA",NA,"mean",0.0245446015854358
"pi","Probability of travel from i to j","point","ERI","GHA",NA,"mean",0.00994961285063604
"pi","Probability of travel from i to j","point","ETH","GHA",NA,"mean",0.00869190375741904
"pi","Probability of travel from i to j","point","GAB","GHA",NA,"mean",0.0255679657173642
"pi","Probability of travel from i to j","point","GHA","GHA",NA,"mean",NA
"pi","Probability of travel from i to j","point","GIN","GHA",NA,"mean",0.0296290376166133
"pi","Probability of travel from i to j","point","GMB","GHA",NA,"mean",0.00874009331772136
"pi","Probability of travel from i to j","point","GNB","GHA",NA,"mean",0.0148620683096627
"pi","Probability of travel from i to j","point","GNQ","GHA",NA,"mean",0.0333930835537342
"pi","Probability of travel from i to j","point","KEN","GHA",NA,"mean",0.00599128397863884
"pi","Probability of travel from i to j","point","LBR","GHA",NA,"mean",0.0542073894988879
"pi","Probability of travel from i to j","point","MLI","GHA",NA,"mean",0.0788743333068683
"pi","Probability of travel from i to j","point","MOZ","GHA",NA,"mean",0.00465809756689691
"pi","Probability of travel from i to j","point","MRT","GHA",NA,"mean",0.0466487976542661
"pi","Probability of travel from i to j","point","MWI","GHA",NA,"mean",0.00425858612569379
"pi","Probability of travel from i to j","point","NAM","GHA",NA,"mean",0.00860174026375958
"pi","Probability of travel from i to j","point","NER","GHA",NA,"mean",0.0539157943616914
"pi","Probability of travel from i to j","point","NGA","GHA",NA,"mean",0.0770845997597452
"pi","Probability of travel from i to j","point","RWA","GHA",NA,"mean",0.00269420540514479
"pi","Probability of travel from i to j","point","SEN","GHA",NA,"mean",0.0142219044546914
"pi","Probability of travel from i to j","point","SLE","GHA",NA,"mean",0.0300102670540925
"pi","Probability of travel from i to j","point","SOM","GHA",NA,"mean",0.00872906945566065
"pi","Probability of travel from i to j","point","SSD","GHA",NA,"mean",0.0114798603974892
"pi","Probability of travel from i to j","point","SWZ","GHA",NA,"mean",0.00512104411115123
"pi","Probability of travel from i to j","point","TCD","GHA",NA,"mean",0.0386046605296104
"pi","Probability of travel from i to j","point","TGO","GHA",NA,"mean",0.272280481843182
"pi","Probability of travel from i to j","point","TZA","GHA",NA,"mean",0.00708979662083012
"pi","Probability of travel from i to j","point","UGA","GHA",NA,"mean",0.00609597476912684
"pi","Probability of travel from i to j","point","ZAF","GHA",NA,"mean",0.00818209462694574
"pi","Probability of travel from i to j","point","ZMB","GHA",NA,"mean",0.00866890777006485
"pi","Probability of travel from i to j","point","ZWE","GHA",NA,"mean",0.00869275159601904
"pi","Probability of travel from i to j","point","AGO","GIN",NA,"mean",0.00851128190552187
"pi","Probability of travel from i to j","point","BDI","GIN",NA,"mean",0.00135328146548077
"pi","Probability of travel from i to j","point","BEN","GIN",NA,"mean",0.0143195789985345
"pi","Probability of travel from i to j","point","BFA","GIN",NA,"mean",0.0424272484138963
"pi","Probability of travel from i to j","point","BWA","GIN",NA,"mean",0.00439780463516927
"pi","Probability of travel from i to j","point","CAF","GIN",NA,"mean",0.0113573376218708
"pi","Probability of travel from i to j","point","CIV","GIN",NA,"mean",0.0932429438286338
"pi","Probability of travel from i to j","point","CMR","GIN",NA,"mean",0.0137388908362321
"pi","Probability of travel from i to j","point","COD","GIN",NA,"mean",0.00673836243651797
"pi","Probability of travel from i to j","point","COG","GIN",NA,"mean",0.00897219397957643
"pi","Probability of travel from i to j","point","ERI","GIN",NA,"mean",0.00526814359420168
"pi","Probability of travel from i to j","point","ETH","GIN",NA,"mean",0.00468030782692731
"pi","Probability of travel from i to j","point","GAB","GIN",NA,"mean",0.00827512649653313
"pi","Probability of travel from i to j","point","GHA","GIN",NA,"mean",0.024826279517317
"pi","Probability of travel from i to j","point","GIN","GIN",NA,"mean",NA
"pi","Probability of travel from i to j","point","GMB","GIN",NA,"mean",0.059574225808039
"pi","Probability of travel from i to j","point","GNB","GIN",NA,"mean",0.115662891299484
"pi","Probability of travel from i to j","point","GNQ","GIN",NA,"mean",0.00957705721412781
"pi","Probability of travel from i to j","point","KEN","GIN",NA,"mean",0.00316669754708092
"pi","Probability of travel from i to j","point","LBR","GIN",NA,"mean",0.201032426930342
"pi","Probability of travel from i to j","point","MLI","GIN",NA,"mean",0.0565519887432603
"pi","Probability of travel from i to j","point","MOZ","GIN",NA,"mean",0.00246564852957303
"pi","Probability of travel from i to j","point","MRT","GIN",NA,"mean",0.0554633197260767
"pi","Probability of travel from i to j","point","MWI","GIN",NA,"mean",0.00220508556386187
"pi","Probability of travel from i to j","point","NAM","GIN",NA,"mean",0.0044165150246237
"pi","Probability of travel from i to j","point","NER","GIN",NA,"mean",0.0226996886099676
"pi","Probability of travel from i to j","point","NGA","GIN",NA,"mean",0.0175294596525442
"pi","Probability of travel from i to j","point","RWA","GIN",NA,"mean",0.00133795553087162
"pi","Probability of travel from i to j","point","SEN","GIN",NA,"mean",0.0954306474287251
"pi","Probability of travel from i to j","point","SLE","GIN",NA,"mean",0.397504766751045
"pi","Probability of travel from i to j","point","SOM","GIN",NA,"mean",0.0049484777990991
"pi","Probability of travel from i to j","point","SSD","GIN",NA,"mean",0.00583078679678211
"pi","Probability of travel from i to j","point","SWZ","GIN",NA,"mean",0.00279962254416424
"pi","Probability of travel from i to j","point","TCD","GIN",NA,"mean",0.0174016550458471
"pi","Probability of travel from i to j","point","TGO","GIN",NA,"mean",0.0131500419980676
"pi","Probability of travel from i to j","point","TZA","GIN",NA,"mean",0.00379970617862892
"pi","Probability of travel from i to j","point","UGA","GIN",NA,"mean",0.00306140626456874
"pi","Probability of travel from i to j","point","ZAF","GIN",NA,"mean",0.00442920026165451
"pi","Probability of travel from i to j","point","ZMB","GIN",NA,"mean",0.00423311289309941
"pi","Probability of travel from i to j","point","ZWE","GIN",NA,"mean",0.00461566775448844
"pi","Probability of travel from i to j","point","AGO","GMB",NA,"mean",0.00421312685846175
"pi","Probability of travel from i to j","point","BDI","GMB",NA,"mean",0.000675046628349799
"pi","Probability of travel from i to j","point","BEN","GMB",NA,"mean",0.00521122767726327
"pi","Probability of travel from i to j","point","BFA","GMB",NA,"mean",0.0122803361287817
"pi","Probability of travel from i to j","point","BWA","GMB",NA,"mean",0.00228015864833021
"pi","Probability of travel from i to j","point","CAF","GMB",NA,"mean",0.00533692524567766
"pi","Probability of travel from i to j","point","CIV","GMB",NA,"mean",0.0207098966441726
"pi","Probability of travel from i to j","point","CMR","GMB",NA,"mean",0.00609847879443152
"pi","Probability of travel from i to j","point","COD","GMB",NA,"mean",0.00334095355022361
"pi","Probability of travel from i to j","point","COG","GMB",NA,"mean",0.00412705339504648
"pi","Probability of travel from i to j","point","ERI","GMB",NA,"mean",0.00264843987445369
"pi","Probability of travel from i to j","point","ETH","GMB",NA,"mean",0.00236922894537942
"pi","Probability of travel from i to j","point","GAB","GMB",NA,"mean",0.00368878129019965
"pi","Probability of travel from i to j","point","GHA","GMB",NA,"mean",0.00800422944239049
"pi","Probability of travel from i to j","point","GIN","GMB",NA,"mean",0.0651130099044834
"pi","Probability of travel from i to j","point","GMB","GMB",NA,"mean",NA
"pi","Probability of travel from i to j","point","GNB","GMB",NA,"mean",0.356579297266248
"pi","Probability of travel from i to j","point","GNQ","GMB",NA,"mean",0.00414833494245246
"pi","Probability of travel from i to j","point","KEN","GMB",NA,"mean",0.00161603694822421
"pi","Probability of travel from i to j","point","LBR","GMB",NA,"mean",0.0297317021705726
"pi","Probability of travel from i to j","point","MLI","GMB",NA,"mean",0.0219797302827193
"pi","Probability of travel from i to j","point","MOZ","GMB",NA,"mean",0.00127079662513625
"pi","Probability of travel from i to j","point","MRT","GMB",NA,"mean",0.0392094715792805
"pi","Probability of travel from i to j","point","MWI","GMB",NA,"mean",0.00112784474365312
"pi","Probability of travel from i to j","point","NAM","GMB",NA,"mean",0.00225239404637916
"pi","Probability of travel from i to j","point","NER","GMB",NA,"mean",0.00962182338050648
"pi","Probability of travel from i to j","point","NGA","GMB",NA,"mean",0.0070643734463154
"pi","Probability of travel from i to j","point","RWA","GMB",NA,"mean",0.000667634405273594
"pi","Probability of travel from i to j","point","SEN","GMB",NA,"mean",0.538300835011181
"pi","Probability of travel from i to j","point","SLE","GMB",NA,"mean",0.0433004148586767
"pi","Probability of travel from i to j","point","SOM","GMB",NA,"mean",0.00255989900558607
"pi","Probability of travel from i to j","point","SSD","GMB",NA,"mean",0.00292028624846557
"pi","Probability of travel from i to j","point","SWZ","GMB",NA,"mean",0.00145952431329565
"pi","Probability of travel from i to j","point","TCD","GMB",NA,"mean",0.00822407057677359
"pi","Probability of travel from i to j","point","TGO","GMB",NA,"mean",0.00464334246426406
"pi","Probability of travel from i to j","point","TZA","GMB",NA,"mean",0.0019494460898293
"pi","Probability of travel from i to j","point","UGA","GMB",NA,"mean",0.00153346323529417
"pi","Probability of travel from i to j","point","ZAF","GMB",NA,"mean",0.00230095456671173
"pi","Probability of travel from i to j","point","ZMB","GMB",NA,"mean",0.00212273992100542
"pi","Probability of travel from i to j","point","ZWE","GMB",NA,"mean",0.0023815201515659
"pi","Probability of travel from i to j","point","AGO","GNB",NA,"mean",0.00400567500135824
"pi","Probability of travel from i to j","point","BDI","GNB",NA,"mean",0.000642005165505583
"pi","Probability of travel from i to j","point","BEN","GNB",NA,"mean",0.00510272737643633
"pi","Probability of travel from i to j","point","BFA","GNB",NA,"mean",0.0122488413137349
"pi","Probability of travel from i to j","point","BWA","GNB",NA,"mean",0.0021583680735561
"pi","Probability of travel from i to j","point","CAF","GNB",NA,"mean",0.00510559836800526
"pi","Probability of travel from i to j","point","CIV","GNB",NA,"mean",0.0209490048781696
"pi","Probability of travel from i to j","point","CMR","GNB",NA,"mean",0.00585923683229663
"pi","Probability of travel from i to j","point","COD","GNB",NA,"mean",0.00317934222749172
"pi","Probability of travel from i to j","point","COG","GNB",NA,"mean",0.00395047697837171
"pi","Probability of travel from i to j","point","ERI","GNB",NA,"mean",0.00251684311505961
"pi","Probability of travel from i to j","point","ETH","GNB",NA,"mean",0.00224994514898571
"pi","Probability of travel from i to j","point","GAB","GNB",NA,"mean",0.00354092764510742
"pi","Probability of travel from i to j","point","GHA","GNB",NA,"mean",0.00789095803239962
"pi","Probability of travel from i to j","point","GIN","GNB",NA,"mean",0.0732909632427481
"pi","Probability of travel from i to j","point","GMB","GNB",NA,"mean",0.206729829106575
"pi","Probability of travel from i to j","point","GNB","GNB",NA,"mean",NA
"pi","Probability of travel from i to j","point","GNQ","GNB",NA,"mean",0.00399219046978918
"pi","Probability of travel from i to j","point","KEN","GNB",NA,"mean",0.00153342440571124
"pi","Probability of travel from i to j","point","LBR","GNB",NA,"mean",0.0307750758799034
"pi","Probability of travel from i to j","point","MLI","GNB",NA,"mean",0.0201493491059913
"pi","Probability of travel from i to j","point","MOZ","GNB",NA,"mean",0.00120360607777457
"pi","Probability of travel from i to j","point","MRT","GNB",NA,"mean",0.0335008481725601
"pi","Probability of travel from i to j","point","MWI","GNB",NA,"mean",0.00106899362984545
"pi","Probability of travel from i to j","point","NAM","GNB",NA,"mean",0.0021354540564451
"pi","Probability of travel from i to j","point","NER","GNB",NA,"mean",0.00929489515709096
"pi","Probability of travel from i to j","point","NGA","GNB",NA,"mean",0.00685576561962622
"pi","Probability of travel from i to j","point","RWA","GNB",NA,"mean",0.000634933652578691
"pi","Probability of travel from i to j","point","SEN","GNB",NA,"mean",0.132479240876349
"pi","Probability of travel from i to j","point","SLE","GNB",NA,"mean",0.0692230222444863
"pi","Probability of travel from i to j","point","SOM","GNB",NA,"mean",0.00242569228843619
"pi","Probability of travel from i to j","point","SSD","GNB",NA,"mean",0.002776227518674
"pi","Probability of travel from i to j","point","SWZ","GNB",NA,"mean",0.00138083754026101
"pi","Probability of travel from i to j","point","TCD","GNB",NA,"mean",0.00786323889381106
"pi","Probability of travel from i to j","point","TGO","GNB",NA,"mean",0.00455830879780623
"pi","Probability of travel from i to j","point","TZA","GNB",NA,"mean",0.00184879251558582
"pi","Probability of travel from i to j","point","UGA","GNB",NA,"mean",0.0014577987870063
"pi","Probability of travel from i to j","point","ZAF","GNB",NA,"mean",0.00217764183558525
"pi","Probability of travel from i to j","point","ZMB","GNB",NA,"mean",0.00201575587336276
"pi","Probability of travel from i to j","point","ZWE","GNB",NA,"mean",0.00225536631146753
"pi","Probability of travel from i to j","point","AGO","GNQ",NA,"mean",0.0187706432882787
"pi","Probability of travel from i to j","point","BDI","GNQ",NA,"mean",0.0022669835395603
"pi","Probability of travel from i to j","point","BEN","GNQ",NA,"mean",0.0113518835608547
"pi","Probability of travel from i to j","point","BFA","GNQ",NA,"mean",0.00820933977589939
"pi","Probability of travel from i to j","point","BWA","GNQ",NA,"mean",0.00591129895524772
"pi","Probability of travel from i to j","point","CAF","GNQ",NA,"mean",0.0267157473876708
"pi","Probability of travel from i to j","point","CIV","GNQ",NA,"mean",0.00740410416805712
"pi","Probability of travel from i to j","point","CMR","GNQ",NA,"mean",0.0703355046514948
"pi","Probability of travel from i to j","point","COD","GNQ",NA,"mean",0.0142370830329071
"pi","Probability of travel from i to j","point","COG","GNQ",NA,"mean",0.0718447244769519
"pi","Probability of travel from i to j","point","ERI","GNQ",NA,"mean",0.00499137736927961
"pi","Probability of travel from i to j","point","ETH","GNQ",NA,"mean",0.00451163706925362
"pi","Probability of travel from i to j","point","GAB","GNQ",NA,"mean",0.197854470642739
"pi","Probability of travel from i to j","point","GHA","GNQ",NA,"mean",0.00888987272930427
"pi","Probability of travel from i to j","point","GIN","GNQ",NA,"mean",0.00304282521088157
"pi","Probability of travel from i to j","point","GMB","GNQ",NA,"mean",0.00120589466666389
"pi","Probability of travel from i to j","point","GNB","GNQ",NA,"mean",0.00200170370214027
"pi","Probability of travel from i to j","point","GNQ","GNQ",NA,"mean",NA
"pi","Probability of travel from i to j","point","KEN","GNQ",NA,"mean",0.00406936769954388
"pi","Probability of travel from i to j","point","LBR","GNQ",NA,"mean",0.00475135293967154
"pi","Probability of travel from i to j","point","MLI","GNQ",NA,"mean",0.0102523725686671
"pi","Probability of travel from i to j","point","MOZ","GNQ",NA,"mean",0.00351168611618433
"pi","Probability of travel from i to j","point","MRT","GNQ",NA,"mean",0.0120191660566269
"pi","Probability of travel from i to j","point","MWI","GNQ",NA,"mean",0.00338352835284502
"pi","Probability of travel from i to j","point","NAM","GNQ",NA,"mean",0.00695903245532251
"pi","Probability of travel from i to j","point","NER","GNQ",NA,"mean",0.0193409716125839
"pi","Probability of travel from i to j","point","NGA","GNQ",NA,"mean",0.0424620419038373
"pi","Probability of travel from i to j","point","RWA","GNQ",NA,"mean",0.00208669541274891
"pi","Probability of travel from i to j","point","SEN","GNQ",NA,"mean",0.00198245221573611
"pi","Probability of travel from i to j","point","SLE","GNQ",NA,"mean",0.00309872842889881
"pi","Probability of travel from i to j","point","SOM","GNQ",NA,"mean",0.0044490147219887
"pi","Probability of travel from i to j","point","SSD","GNQ",NA,"mean",0.00845093818298772
"pi","Probability of travel from i to j","point","SWZ","GNQ",NA,"mean",0.00358796928650657
"pi","Probability of travel from i to j","point","TCD","GNQ",NA,"mean",0.0201288119184312
"pi","Probability of travel from i to j","point","TGO","GNQ",NA,"mean",0.00875792776693503
"pi","Probability of travel from i to j","point","TZA","GNQ",NA,"mean",0.00494747320027161
"pi","Probability of travel from i to j","point","UGA","GNQ",NA,"mean",0.0045792467653331
"pi","Probability of travel from i to j","point","ZAF","GNQ",NA,"mean",0.0058475414459379
"pi","Probability of travel from i to j","point","ZMB","GNQ",NA,"mean",0.0080104535823355
"pi","Probability of travel from i to j","point","ZWE","GNQ",NA,"mean",0.00650591929192406
"pi","Probability of travel from i to j","point","AGO","KEN",NA,"mean",0.0281568028241232
"pi","Probability of travel from i to j","point","BDI","KEN",NA,"mean",0.0302950314402067
"pi","Probability of travel from i to j","point","BEN","KEN",NA,"mean",0.00382776995003996
"pi","Probability of travel from i to j","point","BFA","KEN",NA,"mean",0.0041760579697139
"pi","Probability of travel from i to j","point","BWA","KEN",NA,"mean",0.0204626558432484
"pi","Probability of travel from i to j","point","CAF","KEN",NA,"mean",0.0338386145585002
"pi","Probability of travel from i to j","point","CIV","KEN",NA,"mean",0.00419713380123338
"pi","Probability of travel from i to j","point","CMR","KEN",NA,"mean",0.0156894347598629
"pi","Probability of travel from i to j","point","COD","KEN",NA,"mean",0.0472170839737531
"pi","Probability of travel from i to j","point","COG","KEN",NA,"mean",0.0173761394306399
"pi","Probability of travel from i to j","point","ERI","KEN",NA,"mean",0.0786180913126048
"pi","Probability of travel from i to j","point","ETH","KEN",NA,"mean",0.197151314859235
"pi","Probability of travel from i to j","point","GAB","KEN",NA,"mean",0.0111588639711895
"pi","Probability of travel from i to j","point","GHA","KEN",NA,"mean",0.00384218030069121
"pi","Probability of travel from i to j","point","GIN","KEN",NA,"mean",0.0024236523593069
"pi","Probability of travel from i to j","point","GMB","KEN",NA,"mean",0.00113163315304605
"pi","Probability of travel from i to j","point","GNB","KEN",NA,"mean",0.00185212258052852
"pi","Probability of travel from i to j","point","GNQ","KEN",NA,"mean",0.00980270086634645
"pi","Probability of travel from i to j","point","KEN","KEN",NA,"mean",NA
"pi","Probability of travel from i to j","point","LBR","KEN",NA,"mean",0.00329430260281178
"pi","Probability of travel from i to j","point","MLI","KEN",NA,"mean",0.00775041640539209
"pi","Probability of travel from i to j","point","MOZ","KEN",NA,"mean",0.0244272530932375
"pi","Probability of travel from i to j","point","MRT","KEN",NA,"mean",0.0176144275186173
"pi","Probability of travel from i to j","point","MWI","KEN",NA,"mean",0.0275093360157699
"pi","Probability of travel from i to j","point","NAM","KEN",NA,"mean",0.0177097761448583
"pi","Probability of travel from i to j","point","NER","KEN",NA,"mean",0.0114381190330492
"pi","Probability of travel from i to j","point","NGA","KEN",NA,"mean",0.0097154542527042
"pi","Probability of travel from i to j","point","RWA","KEN",NA,"mean",0.0359116770128753
"pi","Probability of travel from i to j","point","SEN","KEN",NA,"mean",0.00185741829644651
"pi","Probability of travel from i to j","point","SLE","KEN",NA,"mean",0.00238696148475917
"pi","Probability of travel from i to j","point","SOM","KEN",NA,"mean",0.138400295324369
"pi","Probability of travel from i to j","point","SSD","KEN",NA,"mean",0.0819647944259288
"pi","Probability of travel from i to j","point","SWZ","KEN",NA,"mean",0.0148029371168917
"pi","Probability of travel from i to j","point","TCD","KEN",NA,"mean",0.0284471161307236
"pi","Probability of travel from i to j","point","TGO","KEN",NA,"mean",0.00292580086864778
"pi","Probability of travel from i to j","point","TZA","KEN",NA,"mean",0.129948118851834
"pi","Probability of travel from i to j","point","UGA","KEN",NA,"mean",0.175240623204914
"pi","Probability of travel from i to j","point","ZAF","KEN",NA,"mean",0.0183802289378392
"pi","Probability of travel from i to j","point","ZMB","KEN",NA,"mean",0.0290359511347686
"pi","Probability of travel from i to j","point","ZWE","KEN",NA,"mean",0.02574353243501
"pi","Probability of travel from i to j","point","AGO","LBR",NA,"mean",0.00702951822453277
"pi","Probability of travel from i to j","point","BDI","LBR",NA,"mean",0.00106364158900172
"pi","Probability of travel from i to j","point","BEN","LBR",NA,"mean",0.0104459170003704
"pi","Probability of travel from i to j","point","BFA","LBR",NA,"mean",0.0289287339146265
"pi","Probability of travel from i to j","point","BWA","LBR",NA,"mean",0.00353780520219427
"pi","Probability of travel from i to j","point","CAF","LBR",NA,"mean",0.00891700100869176
"pi","Probability of travel from i to j","point","CIV","LBR",NA,"mean",0.130576184858184
"pi","Probability of travel from i to j","point","CMR","LBR",NA,"mean",0.0121624740842073
"pi","Probability of travel from i to j","point","COD","LBR",NA,"mean",0.00537669257153077
"pi","Probability of travel from i to j","point","COG","LBR",NA,"mean",0.00774286231887542
"pi","Probability of travel from i to j","point","ERI","LBR",NA,"mean",0.00390620555658176
"pi","Probability of travel from i to j","point","ETH","LBR",NA,"mean",0.00347157613180168
"pi","Probability of travel from i to j","point","GAB","LBR",NA,"mean",0.00728316077608014
"pi","Probability of travel from i to j","point","GHA","LBR",NA,"mean",0.0260784123921158
"pi","Probability of travel from i to j","point","GIN","LBR",NA,"mean",0.115423616005305
"pi","Probability of travel from i to j","point","GMB","LBR",NA,"mean",0.0156184873322616
"pi","Probability of travel from i to j","point","GNB","LBR",NA,"mean",0.0278850422914491
"pi","Probability of travel from i to j","point","GNQ","LBR",NA,"mean",0.00858619857107849
"pi","Probability of travel from i to j","point","KEN","LBR",NA,"mean",0.00247131616002089
"pi","Probability of travel from i to j","point","LBR","LBR",NA,"mean",NA
"pi","Probability of travel from i to j","point","MLI","LBR",NA,"mean",0.0306074858177686
"pi","Probability of travel from i to j","point","MOZ","LBR",NA,"mean",0.00199008857386136
"pi","Probability of travel from i to j","point","MRT","LBR",NA,"mean",0.0338511077999462
"pi","Probability of travel from i to j","point","MWI","LBR",NA,"mean",0.00178744287615722
"pi","Probability of travel from i to j","point","NAM","LBR",NA,"mean",0.00358588993480801
"pi","Probability of travel from i to j","point","NER","LBR",NA,"mean",0.0163147181573472
"pi","Probability of travel from i to j","point","NGA","LBR",NA,"mean",0.0139645319077484
"pi","Probability of travel from i to j","point","RWA","LBR",NA,"mean",0.001051486403193
"pi","Probability of travel from i to j","point","SEN","LBR",NA,"mean",0.0252645470284323
"pi","Probability of travel from i to j","point","SLE","LBR",NA,"mean",0.129393224175796
"pi","Probability of travel from i to j","point","SOM","LBR",NA,"mean",0.00367456777517456
"pi","Probability of travel from i to j","point","SSD","LBR",NA,"mean",0.00453196017516406
"pi","Probability of travel from i to j","point","SWZ","LBR",NA,"mean",0.00224529398921765
"pi","Probability of travel from i to j","point","TCD","LBR",NA,"mean",0.0128611137838568
"pi","Probability of travel from i to j","point","TGO","LBR",NA,"mean",0.0111336828275168
"pi","Probability of travel from i to j","point","TZA","LBR",NA,"mean",0.00296173443537416
"pi","Probability of travel from i to j","point","UGA","LBR",NA,"mean",0.00240223751167638
"pi","Probability of travel from i to j","point","ZAF","LBR",NA,"mean",0.0035591655277662
"pi","Probability of travel from i to j","point","ZMB","LBR",NA,"mean",0.00347013952003434
"pi","Probability of travel from i to j","point","ZWE","LBR",NA,"mean",0.0037231457766857
"pi","Probability of travel from i to j","point","AGO","MLI",NA,"mean",0.0110322612308902
"pi","Probability of travel from i to j","point","BDI","MLI",NA,"mean",0.00187816603243841
"pi","Probability of travel from i to j","point","BEN","MLI",NA,"mean",0.0238212459773785
"pi","Probability of travel from i to j","point","BFA","MLI",NA,"mean",0.082220476069915
"pi","Probability of travel from i to j","point","BWA","MLI",NA,"mean",0.00552995425128109
"pi","Probability of travel from i to j","point","CAF","MLI",NA,"mean",0.0169080961259324
"pi","Probability of travel from i to j","point","CIV","MLI",NA,"mean",0.0346483166784254
"pi","Probability of travel from i to j","point","CMR","MLI",NA,"mean",0.0200059393718091
"pi","Probability of travel from i to j","point","COD","MLI",NA,"mean",0.00941658241176968
"pi","Probability of travel from i to j","point","COG","MLI",NA,"mean",0.0122356669556584
"pi","Probability of travel from i to j","point","ERI","MLI",NA,"mean",0.00724735128981379
"pi","Probability of travel from i to j","point","ETH","MLI",NA,"mean",0.00638906721057882
"pi","Probability of travel from i to j","point","GAB","MLI",NA,"mean",0.0115454548200262
"pi","Probability of travel from i to j","point","GHA","MLI",NA,"mean",0.027960191390378
"pi","Probability of travel from i to j","point","GIN","MLI",NA,"mean",0.0239253459008403
"pi","Probability of travel from i to j","point","GMB","MLI",NA,"mean",0.00850791882677504
"pi","Probability of travel from i to j","point","GNB","MLI",NA,"mean",0.0134528710536891
"pi","Probability of travel from i to j","point","GNQ","MLI",NA,"mean",0.0136517962879077
"pi","Probability of travel from i to j","point","KEN","MLI",NA,"mean",0.00428421876377375
"pi","Probability of travel from i to j","point","LBR","MLI",NA,"mean",0.022553265881316
"pi","Probability of travel from i to j","point","MLI","MLI",NA,"mean",NA
"pi","Probability of travel from i to j","point","MOZ","MLI",NA,"mean",0.00311228617153379
"pi","Probability of travel from i to j","point","MRT","MLI",NA,"mean",0.0526528767216315
"pi","Probability of travel from i to j","point","MWI","MLI",NA,"mean",0.00279720102179063
"pi","Probability of travel from i to j","point","NAM","MLI",NA,"mean",0.00561302506172527
"pi","Probability of travel from i to j","point","NER","MLI",NA,"mean",0.0386360717977733
"pi","Probability of travel from i to j","point","NGA","MLI",NA,"mean",0.0319316117391716
"pi","Probability of travel from i to j","point","RWA","MLI",NA,"mean",0.00185616187933792
"pi","Probability of travel from i to j","point","SEN","MLI",NA,"mean",0.0146024242657707
"pi","Probability of travel from i to j","point","SLE","MLI",NA,"mean",0.0187965860963928
"pi","Probability of travel from i to j","point","SOM","MLI",NA,"mean",0.00659571980627243
"pi","Probability of travel from i to j","point","SSD","MLI",NA,"mean",0.00805544965448801
"pi","Probability of travel from i to j","point","SWZ","MLI",NA,"mean",0.00350800208194474
"pi","Probability of travel from i to j","point","TCD","MLI",NA,"mean",0.0257274996692415
"pi","Probability of travel from i to j","point","TGO","MLI",NA,"mean",0.0225093174146194
"pi","Probability of travel from i to j","point","TZA","MLI",NA,"mean",0.00511050455279761
"pi","Probability of travel from i to j","point","UGA","MLI",NA,"mean",0.0042288519133968
"pi","Probability of travel from i to j","point","ZAF","MLI",NA,"mean",0.0055624183877577
"pi","Probability of travel from i to j","point","ZMB","MLI",NA,"mean",0.0054398395478974
"pi","Probability of travel from i to j","point","ZWE","MLI",NA,"mean",0.00582206043801243
"pi","Probability of travel from i to j","point","AGO","MOZ",NA,"mean",0.035752015230625
"pi","Probability of travel from i to j","point","BDI","MOZ",NA,"mean",0.010593472840566
"pi","Probability of travel from i to j","point","BEN","MOZ",NA,"mean",0.0023974006120378
"pi","Probability of travel from i to j","point","BFA","MOZ",NA,"mean",0.00262941006067715
"pi","Probability of travel from i to j","point","BWA","MOZ",NA,"mean",0.0453928492108521
"pi","Probability of travel from i to j","point","CAF","MOZ",NA,"mean",0.0149945261757539
"pi","Probability of travel from i to j","point","CIV","MOZ",NA,"mean",0.00284808233417679
"pi","Probability of travel from i to j","point","CMR","MOZ",NA,"mean",0.00869870361276167
"pi","Probability of travel from i to j","point","COD","MOZ",NA,"mean",0.027282727515007
"pi","Probability of travel from i to j","point","COG","MOZ",NA,"mean",0.0137716971916436
"pi","Probability of travel from i to j","point","ERI","MOZ",NA,"mean",0.0120230821239251
"pi","Probability of travel from i to j","point","ETH","MOZ",NA,"mean",0.0159466328274231
"pi","Probability of travel from i to j","point","GAB","MOZ",NA,"mean",0.0088801125983669
"pi","Probability of travel from i to j","point","GHA","MOZ",NA,"mean",0.0025582467265402
"pi","Probability of travel from i to j","point","GIN","MOZ",NA,"mean",0.0016161100096662
"pi","Probability of travel from i to j","point","GMB","MOZ",NA,"mean",0.000762090309592421
"pi","Probability of travel from i to j","point","GNB","MOZ",NA,"mean",0.00124499537416518
"pi","Probability of travel from i to j","point","GNQ","MOZ",NA,"mean",0.00724453504148563
"pi","Probability of travel from i to j","point","KEN","MOZ",NA,"mean",0.0209194683181511
"pi","Probability of travel from i to j","point","LBR","MOZ",NA,"mean",0.00227187062815236
"pi","Probability of travel from i to j","point","MLI","MOZ",NA,"mean",0.00482179709281386
"pi","Probability of travel from i to j","point","MOZ","MOZ",NA,"mean",NA
"pi","Probability of travel from i to j","point","MRT","MOZ",NA,"mean",0.0126925901273174
"pi","Probability of travel from i to j","point","MWI","MOZ",NA,"mean",0.446530976171168
"pi","Probability of travel from i to j","point","NAM","MOZ",NA,"mean",0.0397073849288801
"pi","Probability of travel from i to j","point","NER","MOZ",NA,"mean",0.00659811137073821
"pi","Probability of travel from i to j","point","NGA","MOZ",NA,"mean",0.00548216152556945
"pi","Probability of travel from i to j","point","RWA","MOZ",NA,"mean",0.00894328732564368
"pi","Probability of travel from i to j","point","SEN","MOZ",NA,"mean",0.0012506040332342
"pi","Probability of travel from i to j","point","SLE","MOZ",NA,"mean",0.00165043782891557
"pi","Probability of travel from i to j","point","SOM","MOZ",NA,"mean",0.0176703822954362
"pi","Probability of travel from i to j","point","SSD","MOZ",NA,"mean",0.0167467280542827
"pi","Probability of travel from i to j","point","SWZ","MOZ",NA,"mean",0.0783804149329932
"pi","Probability of travel from i to j","point","TCD","MOZ",NA,"mean",0.0117977450754845
"pi","Probability of travel from i to j","point","TGO","MOZ",NA,"mean",0.0019182503003564
"pi","Probability of travel from i to j","point","TZA","MOZ",NA,"mean",0.0674655301576101
"pi","Probability of travel from i to j","point","UGA","MOZ",NA,"mean",0.0154065259450919
"pi","Probability of travel from i to j","point","ZAF","MOZ",NA,"mean",0.0685579044647797
"pi","Probability of travel from i to j","point","ZMB","MOZ",NA,"mean",0.0885461588470477
"pi","Probability of travel from i to j","point","ZWE","MOZ",NA,"mean",0.130511781958136
"pi","Probability of travel from i to j","point","AGO","MRT",NA,"mean",0.00232576200394548
"pi","Probability of travel from i to j","point","BDI","MRT",NA,"mean",0.000368718639060075
"pi","Probability of travel from i to j","point","BEN","MRT",NA,"mean",0.00128764512526321
"pi","Probability of travel from i to j","point","BFA","MRT",NA,"mean",0.00210829944644535
"pi","Probability of travel from i to j","point","BWA","MRT",NA,"mean",0.00147535869350858
"pi","Probability of travel from i to j","point","CAF","MRT",NA,"mean",0.00240824119621848
"pi","Probability of travel from i to j","point","CIV","MRT",NA,"mean",0.00244285356042014
"pi","Probability of travel from i to j","point","CMR","MRT",NA,"mean",0.00242214394084266
"pi","Probability of travel from i to j","point","COD","MRT",NA,"mean",0.00178766413689111
"pi","Probability of travel from i to j","point","COG","MRT",NA,"mean",0.00182919178473087
"pi","Probability of travel from i to j","point","ERI","MRT",NA,"mean",0.00148616957199144
"pi","Probability of travel from i to j","point","ETH","MRT",NA,"mean",0.00136223746966119
"pi","Probability of travel from i to j","point","GAB","MRT",NA,"mean",0.00150313854131842
"pi","Probability of travel from i to j","point","GHA","MRT",NA,"mean",0.00162454094262691
"pi","Probability of travel from i to j","point","GIN","MRT",NA,"mean",0.00230516475975892
"pi","Probability of travel from i to j","point","GMB","MRT",NA,"mean",0.00149100031905808
"pi","Probability of travel from i to j","point","GNB","MRT",NA,"mean",0.00219733123236283
"pi","Probability of travel from i to j","point","GNQ","MRT",NA,"mean",0.00157226418880612
"pi","Probability of travel from i to j","point","KEN","MRT",NA,"mean",0.000956535083419208
"pi","Probability of travel from i to j","point","LBR","MRT",NA,"mean",0.00245041948306751
"pi","Probability of travel from i to j","point","MLI","MRT",NA,"mean",0.00517258781254838
"pi","Probability of travel from i to j","point","MOZ","MRT",NA,"mean",0.000804834558875266
"pi","Probability of travel from i to j","point","MRT","MRT",NA,"mean",NA
"pi","Probability of travel from i to j","point","MWI","MRT",NA,"mean",0.000695227185924023
"pi","Probability of travel from i to j","point","NAM","MRT",NA,"mean",0.00137443131842141
"pi","Probability of travel from i to j","point","NER","MRT",NA,"mean",0.00328960125380239
"pi","Probability of travel from i to j","point","NGA","MRT",NA,"mean",0.00214829270731986
"pi","Probability of travel from i to j","point","RWA","MRT",NA,"mean",0.000365106062750711
"pi","Probability of travel from i to j","point","SEN","MRT",NA,"mean",0.00256557524618082
"pi","Probability of travel from i to j","point","SLE","MRT",NA,"mean",0.00216400528034979
"pi","Probability of travel from i to j","point","SOM","MRT",NA,"mean",0.00159316313993826
"pi","Probability of travel from i to j","point","SSD","MRT",NA,"mean",0.00161741769819869
"pi","Probability of travel from i to j","point","SWZ","MRT",NA,"mean",0.000963485438241793
"pi","Probability of travel from i to j","point","TCD","MRT",NA,"mean",0.00377536612382773
"pi","Probability of travel from i to j","point","TGO","MRT",NA,"mean",0.00108573900919969
"pi","Probability of travel from i to j","point","TZA","MRT",NA,"mean",0.00117656464210444
"pi","Probability of travel from i to j","point","UGA","MRT",NA,"mean",0.000849684154493637
"pi","Probability of travel from i to j","point","ZAF","MRT",NA,"mean",0.00149949097531097
"pi","Probability of travel from i to j","point","ZMB","MRT",NA,"mean",0.00122287586736861
"pi","Probability of travel from i to j","point","ZWE","MRT",NA,"mean",0.00151420128162765
"pi","Probability of travel from i to j","point","AGO","MWI",NA,"mean",0.0400521192274068
"pi","Probability of travel from i to j","point","BDI","MWI",NA,"mean",0.0141436597272606
"pi","Probability of travel from i to j","point","BEN","MWI",NA,"mean",0.0023752714025963
"pi","Probability of travel from i to j","point","BFA","MWI",NA,"mean",0.00257396265895157
"pi","Probability of travel from i to j","point","BWA","MWI",NA,"mean",0.0517272913090969
"pi","Probability of travel from i to j","point","CAF","MWI",NA,"mean",0.0160681824518808
"pi","Probability of travel from i to j","point","CIV","MWI",NA,"mean",0.0027708109378291
"pi","Probability of travel from i to j","point","CMR","MWI",NA,"mean",0.0087603263125615
"pi","Probability of travel from i to j","point","COD","MWI",NA,"mean",0.0307960510512673
"pi","Probability of travel from i to j","point","COG","MWI",NA,"mean",0.014715805625871
"pi","Probability of travel from i to j","point","ERI","MWI",NA,"mean",0.0127349598300756
"pi","Probability of travel from i to j","point","ETH","MWI",NA,"mean",0.0175795631117411
"pi","Probability of travel from i to j","point","GAB","MWI",NA,"mean",0.00934794615364125
"pi","Probability of travel from i to j","point","GHA","MWI",NA,"mean",0.00251271175331612
"pi","Probability of travel from i to j","point","GIN","MWI",NA,"mean",0.00155277520296066
"pi","Probability of travel from i to j","point","GMB","MWI",NA,"mean",0.000726646350243908
"pi","Probability of travel from i to j","point","GNB","MWI",NA,"mean",0.00118796015149225
"pi","Probability of travel from i to j","point","GNQ","MWI",NA,"mean",0.00749908087017541
"pi","Probability of travel from i to j","point","KEN","MWI",NA,"mean",0.0253104291264481
"pi","Probability of travel from i to j","point","LBR","MWI",NA,"mean",0.00219223320753807
"pi","Probability of travel from i to j","point","MLI","MWI",NA,"mean",0.00465582315665687
"pi","Probability of travel from i to j","point","MOZ","MWI",NA,"mean",0.479727905340682
"pi","Probability of travel from i to j","point","MRT","MWI",NA,"mean",0.0117791452187174
"pi","Probability of travel from i to j","point","MWI","MWI",NA,"mean",NA
"pi","Probability of travel from i to j","point","NAM","MWI",NA,"mean",0.0477877759282954
"pi","Probability of travel from i to j","point","NER","MWI",NA,"mean",0.0064877317751738
"pi","Probability of travel from i to j","point","NGA","MWI",NA,"mean",0.00549263562435303
"pi","Probability of travel from i to j","point","RWA","MWI",NA,"mean",0.0114701641666751
"pi","Probability of travel from i to j","point","SEN","MWI",NA,"mean",0.00119253834025762
"pi","Probability of travel from i to j","point","SLE","MWI",NA,"mean",0.00158557015321479
"pi","Probability of travel from i to j","point","SOM","MWI",NA,"mean",0.0189248803858107
"pi","Probability of travel from i to j","point","SSD","MWI",NA,"mean",0.0183392946965935
"pi","Probability of travel from i to j","point","SWZ","MWI",NA,"mean",0.0455696861931567
"pi","Probability of travel from i to j","point","TCD","MWI",NA,"mean",0.0117941575202926
"pi","Probability of travel from i to j","point","TGO","MWI",NA,"mean",0.00189873769543533
"pi","Probability of travel from i to j","point","TZA","MWI",NA,"mean",0.104999417258381
"pi","Probability of travel from i to j","point","UGA","MWI",NA,"mean",0.0184454913999421
"pi","Probability of travel from i to j","point","ZAF","MWI",NA,"mean",0.0460362265981972
"pi","Probability of travel from i to j","point","ZMB","MWI",NA,"mean",0.142825859288372
"pi","Probability of travel from i to j","point","ZWE","MWI",NA,"mean",0.103148896948446
"pi","Probability of travel from i to j","point","AGO","NAM",NA,"mean",0.0644662694616718
"pi","Probability of travel from i to j","point","BDI","NAM",NA,"mean",0.00269020912583624
"pi","Probability of travel from i to j","point","BEN","NAM",NA,"mean",0.00134855459756992
"pi","Probability of travel from i to j","point","BFA","NAM",NA,"mean",0.00145456071013479
"pi","Probability of travel from i to j","point","BWA","NAM",NA,"mean",0.117328275731879
"pi","Probability of travel from i to j","point","CAF","NAM",NA,"mean",0.0052159455494764
"pi","Probability of travel from i to j","point","CIV","NAM",NA,"mean",0.00156207429553398
"pi","Probability of travel from i to j","point","CMR","NAM",NA,"mean",0.00486812686835872
"pi","Probability of travel from i to j","point","COD","NAM",NA,"mean",0.0108963933560538
"pi","Probability of travel from i to j","point","COG","NAM",NA,"mean",0.00740895165735882
"pi","Probability of travel from i to j","point","ERI","NAM",NA,"mean",0.00340790936430563
"pi","Probability of travel from i to j","point","ETH","NAM",NA,"mean",0.00414464252694146
"pi","Probability of travel from i to j","point","GAB","NAM",NA,"mean",0.00529504980819206
"pi","Probability of travel from i to j","point","GHA","NAM",NA,"mean",0.00142178729808174
"pi","Probability of travel from i to j","point","GIN","NAM",NA,"mean",0.000871232208140425
"pi","Probability of travel from i to j","point","GMB","NAM",NA,"mean",0.000406526832860839
"pi","Probability of travel from i to j","point","GNB","NAM",NA,"mean",0.000664795478670641
"pi","Probability of travel from i to j","point","GNQ","NAM",NA,"mean",0.00432074014498436
"pi","Probability of travel from i to j","point","KEN","NAM",NA,"mean",0.00456460856856393
"pi","Probability of travel from i to j","point","LBR","NAM",NA,"mean",0.00123203375038794
"pi","Probability of travel from i to j","point","MLI","NAM",NA,"mean",0.00261722372353759
"pi","Probability of travel from i to j","point","MOZ","NAM",NA,"mean",0.0119504908926904
"pi","Probability of travel from i to j","point","MRT","NAM",NA,"mean",0.0065235071312669
"pi","Probability of travel from i to j","point","MWI","NAM",NA,"mean",0.013387142546475
"pi","Probability of travel from i to j","point","NAM","NAM",NA,"mean",NA
"pi","Probability of travel from i to j","point","NER","NAM",NA,"mean",0.00363957185958038
"pi","Probability of travel from i to j","point","NGA","NAM",NA,"mean",0.00313208930265907
"pi","Probability of travel from i to j","point","RWA","NAM",NA,"mean",0.00241631659926036
"pi","Probability of travel from i to j","point","SEN","NAM",NA,"mean",0.000667193846223419
"pi","Probability of travel from i to j","point","SLE","NAM",NA,"mean",0.000889592807173754
"pi","Probability of travel from i to j","point","SOM","NAM",NA,"mean",0.00487616851296366
"pi","Probability of travel from i to j","point","SSD","NAM",NA,"mean",0.00547557263998141
"pi","Probability of travel from i to j","point","SWZ","NAM",NA,"mean",0.0399251004427524
"pi","Probability of travel from i to j","point","TCD","NAM",NA,"mean",0.00501357707649573
"pi","Probability of travel from i to j","point","TGO","NAM",NA,"mean",0.00107760504990935
"pi","Probability of travel from i to j","point","TZA","NAM",NA,"mean",0.00967071975112744
"pi","Probability of travel from i to j","point","UGA","NAM",NA,"mean",0.00427620820494277
"pi","Probability of travel from i to j","point","ZAF","NAM",NA,"mean",0.118917876450034
"pi","Probability of travel from i to j","point","ZMB","NAM",NA,"mean",0.0300548590700681
"pi","Probability of travel from i to j","point","ZWE","NAM",NA,"mean",0.0320127615736471
"pi","Probability of travel from i to j","point","AGO","NER",NA,"mean",0.0145714047120738
"pi","Probability of travel from i to j","point","BDI","NER",NA,"mean",0.00263778446238112
"pi","Probability of travel from i to j","point","BEN","NER",NA,"mean",0.0248347209366608
"pi","Probability of travel from i to j","point","BFA","NER",NA,"mean",0.0282149941365458
"pi","Probability of travel from i to j","point","BWA","NER",NA,"mean",0.00679227606826166
"pi","Probability of travel from i to j","point","CAF","NER",NA,"mean",0.0276400303584119
"pi","Probability of travel from i to j","point","CIV","NER",NA,"mean",0.0160550248885678
"pi","Probability of travel from i to j","point","CMR","NER",NA,"mean",0.0345358463539505
"pi","Probability of travel from i to j","point","COD","NER",NA,"mean",0.0134079660623288
"pi","Probability of travel from i to j","point","COG","NER",NA,"mean",0.0184291491949459
"pi","Probability of travel from i to j","point","ERI","NER",NA,"mean",0.0105127213541488
"pi","Probability of travel from i to j","point","ETH","NER",NA,"mean",0.00910473299780974
"pi","Probability of travel from i to j","point","GAB","NER",NA,"mean",0.0185292430256998
"pi","Probability of travel from i to j","point","GHA","NER",NA,"mean",0.017309526097701
"pi","Probability of travel from i to j","point","GIN","NER",NA,"mean",0.00869751074392691
"pi","Probability of travel from i to j","point","GMB","NER",NA,"mean",0.00337305242111965
"pi","Probability of travel from i to j","point","GNB","NER",NA,"mean",0.00562034771008713
"pi","Probability of travel from i to j","point","GNQ","NER",NA,"mean",0.0233242902824138
"pi","Probability of travel from i to j","point","KEN","NER",NA,"mean",0.0057261925224475
"pi","Probability of travel from i to j","point","LBR","NER",NA,"mean",0.0108874478966617
"pi","Probability of travel from i to j","point","MLI","NER",NA,"mean",0.0349911080695892
"pi","Probability of travel from i to j","point","MOZ","NER",NA,"mean",0.00385704730427756
"pi","Probability of travel from i to j","point","MRT","NER",NA,"mean",0.0303264951488351
"pi","Probability of travel from i to j","point","MWI","NER",NA,"mean",0.00353008221116066
"pi","Probability of travel from i to j","point","NAM","NER",NA,"mean",0.00706921455040991
"pi","Probability of travel from i to j","point","NER","NER",NA,"mean",NA
"pi","Probability of travel from i to j","point","NGA","NER",NA,"mean",0.0801763773285515
"pi","Probability of travel from i to j","point","RWA","NER",NA,"mean",0.00260484030527976
"pi","Probability of travel from i to j","point","SEN","NER",NA,"mean",0.00554755033413527
"pi","Probability of travel from i to j","point","SLE","NER",NA,"mean",0.00815345269941333
"pi","Probability of travel from i to j","point","SOM","NER",NA,"mean",0.00891151193295033
"pi","Probability of travel from i to j","point","SSD","NER",NA,"mean",0.0116789373685827
"pi","Probability of travel from i to j","point","SWZ","NER",NA,"mean",0.00427382394520038
"pi","Probability of travel from i to j","point","TCD","NER",NA,"mean",0.0450435403522492
"pi","Probability of travel from i to j","point","TGO","NER",NA,"mean",0.0160307202102614
"pi","Probability of travel from i to j","point","TZA","NER",NA,"mean",0.0067550417207418
"pi","Probability of travel from i to j","point","UGA","NER",NA,"mean",0.00588426746325736
"pi","Probability of travel from i to j","point","ZAF","NER",NA,"mean",0.00681217422354969
"pi","Probability of travel from i to j","point","ZMB","NER",NA,"mean",0.00703534635741333
"pi","Probability of travel from i to j","point","ZWE","NER",NA,"mean",0.00720336360284096
"pi","Probability of travel from i to j","point","AGO","NGA",NA,"mean",0.0480981744964394
"pi","Probability of travel from i to j","point","BDI","NGA",NA,"mean",0.00839465978650666
"pi","Probability of travel from i to j","point","BEN","NGA",NA,"mean",0.203623635151821
"pi","Probability of travel from i to j","point","BFA","NGA",NA,"mean",0.0945822873754804
"pi","Probability of travel from i to j","point","BWA","NGA",NA,"mean",0.0190306295333987
"pi","Probability of travel from i to j","point","CAF","NGA",NA,"mean",0.118361954435753
"pi","Probability of travel from i to j","point","CIV","NGA",NA,"mean",0.0550057018058415
"pi","Probability of travel from i to j","point","CMR","NGA",NA,"mean",0.224540547628029
"pi","Probability of travel from i to j","point","COD","NGA",NA,"mean",0.0437546259045528
"pi","Probability of travel from i to j","point","COG","NGA",NA,"mean",0.0873026968811839
"pi","Probability of travel from i to j","point","ERI","NGA",NA,"mean",0.0302577689255562
"pi","Probability of travel from i to j","point","ETH","NGA",NA,"mean",0.0256333310368909
"pi","Probability of travel from i to j","point","GAB","NGA",NA,"mean",0.108910337070194
"pi","Probability of travel from i to j","point","GHA","NGA",NA,"mean",0.0850590409345022
"pi","Probability of travel from i to j","point","GIN","NGA",NA,"mean",0.0230848625748024
"pi","Probability of travel from i to j","point","GMB","NGA",NA,"mean",0.00851183212409542
"pi","Probability of travel from i to j","point","GNB","NGA",NA,"mean",0.0142481454888332
"pi","Probability of travel from i to j","point","GNQ","NGA",NA,"mean",0.176000829644842
"pi","Probability of travel from i to j","point","KEN","NGA",NA,"mean",0.0167169920146673
"pi","Probability of travel from i to j","point","LBR","NGA",NA,"mean",0.0320299740572673
"pi","Probability of travel from i to j","point","MLI","NGA",NA,"mean",0.0993960809894119
"pi","Probability of travel from i to j","point","MOZ","NGA",NA,"mean",0.0110146535343597
"pi","Probability of travel from i to j","point","MRT","NGA",NA,"mean",0.0680700559178278
"pi","Probability of travel from i to j","point","MWI","NGA",NA,"mean",0.0102720331623389
"pi","Probability of travel from i to j","point","NAM","NGA",NA,"mean",0.02090926132987
"pi","Probability of travel from i to j","point","NER","NGA",NA,"mean",0.275568847217297
"pi","Probability of travel from i to j","point","NGA","NGA",NA,"mean",NA
"pi","Probability of travel from i to j","point","RWA","NGA",NA,"mean",0.00827809622965667
"pi","Probability of travel from i to j","point","SEN","NGA",NA,"mean",0.0140063273002627
"pi","Probability of travel from i to j","point","SLE","NGA",NA,"mean",0.0213385219299205
"pi","Probability of travel from i to j","point","SOM","NGA",NA,"mean",0.0235458217945961
"pi","Probability of travel from i to j","point","SSD","NGA",NA,"mean",0.0351086491117976
"pi","Probability of travel from i to j","point","SWZ","NGA",NA,"mean",0.0117711860724652
"pi","Probability of travel from i to j","point","TCD","NGA",NA,"mean",0.165099259929122
"pi","Probability of travel from i to j","point","TGO","NGA",NA,"mean",0.104197262466312
"pi","Probability of travel from i to j","point","TZA","NGA",NA,"mean",0.0193587512414027
"pi","Probability of travel from i to j","point","UGA","NGA",NA,"mean",0.01841672236812
"pi","Probability of travel from i to j","point","ZAF","NGA",NA,"mean",0.0189687561676466
"pi","Probability of travel from i to j","point","ZMB","NGA",NA,"mean",0.0220968616949858
"pi","Probability of travel from i to j","point","ZWE","NGA",NA,"mean",0.0204980703290166
"pi","Probability of travel from i to j","point","AGO","RWA",NA,"mean",0.0332455731594576
"pi","Probability of travel from i to j","point","BDI","RWA",NA,"mean",0.64415279639294
"pi","Probability of travel from i to j","point","BEN","RWA",NA,"mean",0.00355291766379745
"pi","Probability of travel from i to j","point","BFA","RWA",NA,"mean",0.00373489800371422
"pi","Probability of travel from i to j","point","BWA","RWA",NA,"mean",0.0211199561504895
"pi","Probability of travel from i to j","point","CAF","RWA",NA,"mean",0.0418276306358209
"pi","Probability of travel from i to j","point","CIV","RWA",NA,"mean",0.00363990646294698
"pi","Probability of travel from i to j","point","CMR","RWA",NA,"mean",0.0157885203078809
"pi","Probability of travel from i to j","point","COD","RWA",NA,"mean",0.0888593708148798
"pi","Probability of travel from i to j","point","COG","RWA",NA,"mean",0.0214778242725642
"pi","Probability of travel from i to j","point","ERI","RWA",NA,"mean",0.0228180120884468
"pi","Probability of travel from i to j","point","ETH","RWA",NA,"mean",0.0373265218088588
"pi","Probability of travel from i to j","point","GAB","RWA",NA,"mean",0.0130601086305866
"pi","Probability of travel from i to j","point","GHA","RWA",NA,"mean",0.00343429004063126
"pi","Probability of travel from i to j","point","GIN","RWA",NA,"mean",0.00203541912605434
"pi","Probability of travel from i to j","point","GMB","RWA",NA,"mean",0.00092926914398142
"pi","Probability of travel from i to j","point","GNB","RWA",NA,"mean",0.00152434802654314
"pi","Probability of travel from i to j","point","GNQ","RWA",NA,"mean",0.00999139915434011
"pi","Probability of travel from i to j","point","KEN","RWA",NA,"mean",0.0713812448879785
"pi","Probability of travel from i to j","point","LBR","RWA",NA,"mean",0.00278603952197199
"pi","Probability of travel from i to j","point","MLI","RWA",NA,"mean",0.00667448371818256
"pi","Probability of travel from i to j","point","MOZ","RWA",NA,"mean",0.0207572399108558
"pi","Probability of travel from i to j","point","MRT","RWA",NA,"mean",0.0133639581014935
"pi","Probability of travel from i to j","point","MWI","RWA",NA,"mean",0.024779849522895
"pi","Probability of travel from i to j","point","NAM","RWA",NA,"mean",0.0186342449142398
"pi","Probability of travel from i to j","point","NER","RWA",NA,"mean",0.0103423254724148
"pi","Probability of travel from i to j","point","NGA","RWA",NA,"mean",0.00956277369249519
"pi","Probability of travel from i to j","point","RWA","RWA",NA,"mean",NA
"pi","Probability of travel from i to j","point","SEN","RWA",NA,"mean",0.00152565378259391
"pi","Probability of travel from i to j","point","SLE","RWA",NA,"mean",0.00199306658198164
"pi","Probability of travel from i to j","point","SOM","RWA",NA,"mean",0.0309810577090403
"pi","Probability of travel from i to j","point","SSD","RWA",NA,"mean",0.0645413040236012
"pi","Probability of travel from i to j","point","SWZ","RWA",NA,"mean",0.0127858075431148
"pi","Probability of travel from i to j","point","TCD","RWA",NA,"mean",0.0195706681865967
"pi","Probability of travel from i to j","point","TGO","RWA",NA,"mean",0.00268195562664832
"pi","Probability of travel from i to j","point","TZA","RWA",NA,"mean",0.0830723908028871
"pi","Probability of travel from i to j","point","UGA","RWA",NA,"mean",0.189624622416726
"pi","Probability of travel from i to j","point","ZAF","RWA",NA,"mean",0.0182454088835465
"pi","Probability of travel from i to j","point","ZMB","RWA",NA,"mean",0.0485817866316144
"pi","Probability of travel from i to j","point","ZWE","RWA",NA,"mean",0.025798753105499
"pi","Probability of travel from i to j","point","AGO","SEN",NA,"mean",0.0075903249500074
"pi","Probability of travel from i to j","point","BDI","SEN",NA,"mean",0.00121619907896867
"pi","Probability of travel from i to j","point","BEN","SEN",NA,"mean",0.00941951080332717
"pi","Probability of travel from i to j","point","BFA","SEN",NA,"mean",0.0222426534617045
"pi","Probability of travel from i to j","point","BWA","SEN",NA,"mean",0.00410586964685067
"pi","Probability of travel from i to j","point","CAF","SEN",NA,"mean",0.00962164364498956
"pi","Probability of travel from i to j","point","CIV","SEN",NA,"mean",0.0368645158720572
"pi","Probability of travel from i to j","point","CMR","SEN",NA,"mean",0.0109999082145752
"pi","Probability of travel from i to j","point","COD","SEN",NA,"mean",0.00601964510707449
"pi","Probability of travel from i to j","point","COG","SEN",NA,"mean",0.0074409225804556
"pi","Probability of travel from i to j","point","ERI","SEN",NA,"mean",0.00477114713362009
"pi","Probability of travel from i to j","point","ETH","SEN",NA,"mean",0.00426781655854936
"pi","Probability of travel from i to j","point","GAB","SEN",NA,"mean",0.00665284174000663
"pi","Probability of travel from i to j","point","GHA","SEN",NA,"mean",0.0142927545745575
"pi","Probability of travel from i to j","point","GIN","SEN",NA,"mean",0.114459529014838
"pi","Probability of travel from i to j","point","GMB","SEN",NA,"mean",0.590717413692923
"pi","Probability of travel from i to j","point","GNB","SEN",NA,"mean",0.250758423086353
"pi","Probability of travel from i to j","point","GNQ","SEN",NA,"mean",0.00748379510055626
"pi","Probability of travel from i to j","point","KEN","SEN",NA,"mean",0.00291078456286207
"pi","Probability of travel from i to j","point","LBR","SEN",NA,"mean",0.0527772843933221
"pi","Probability of travel from i to j","point","MLI","SEN",NA,"mean",0.0413979374188201
"pi","Probability of travel from i to j","point","MOZ","SEN",NA,"mean",0.0022884643876609
"pi","Probability of travel from i to j","point","MRT","SEN",NA,"mean",0.0740376677707743
"pi","Probability of travel from i to j","point","MWI","SEN",NA,"mean",0.00203120283458273
"pi","Probability of travel from i to j","point","NAM","SEN",NA,"mean",0.00405659738388745
"pi","Probability of travel from i to j","point","NER","SEN",NA,"mean",0.0173656187210507
"pi","Probability of travel from i to j","point","NGA","SEN",NA,"mean",0.0127564429361506
"pi","Probability of travel from i to j","point","RWA","SEN",NA,"mean",0.00120284011229253
"pi","Probability of travel from i to j","point","SEN","SEN",NA,"mean",NA
"pi","Probability of travel from i to j","point","SLE","SEN",NA,"mean",0.0764743307206991
"pi","Probability of travel from i to j","point","SOM","SEN",NA,"mean",0.00461013931245635
"pi","Probability of travel from i to j","point","SSD","SEN",NA,"mean",0.00526110016753895
"pi","Probability of travel from i to j","point","SWZ","SEN",NA,"mean",0.00262800094518239
"pi","Probability of travel from i to j","point","TCD","SEN",NA,"mean",0.0148257913882111
"pi","Probability of travel from i to j","point","TGO","SEN",NA,"mean",0.00839542026442828
"pi","Probability of travel from i to j","point","TZA","SEN",NA,"mean",0.00351110299413878
"pi","Probability of travel from i to j","point","UGA","SEN",NA,"mean",0.0027626375126206
"pi","Probability of travel from i to j","point","ZAF","SEN",NA,"mean",0.00414322828182244
"pi","Probability of travel from i to j","point","ZMB","SEN",NA,"mean",0.00382377932709641
"pi","Probability of travel from i to j","point","ZWE","SEN",NA,"mean",0.00428861663478112
"pi","Probability of travel from i to j","point","AGO","SLE",NA,"mean",0.0072271217420877
"pi","Probability of travel from i to j","point","BDI","SLE",NA,"mean",0.00110238369137091
"pi","Probability of travel from i to j","point","BEN","SLE",NA,"mean",0.0106947316920702
"pi","Probability of travel from i to j","point","BFA","SLE",NA,"mean",0.0295437919431579
"pi","Probability of travel from i to j","point","BWA","SLE",NA,"mean",0.00373697180308886
"pi","Probability of travel from i to j","point","CAF","SLE",NA,"mean",0.00910833381240585
"pi","Probability of travel from i to j","point","CIV","SLE",NA,"mean",0.0779344316317142
"pi","Probability of travel from i to j","point","CMR","SLE",NA,"mean",0.0116444087278551
"pi","Probability of travel from i to j","point","COD","SLE",NA,"mean",0.00551179029062265
"pi","Probability of travel from i to j","point","COG","SLE",NA,"mean",0.00760950235260637
"pi","Probability of travel from i to j","point","ERI","SLE",NA,"mean",0.00430007543250695
"pi","Probability of travel from i to j","point","ETH","SLE",NA,"mean",0.00382705426132658
"pi","Probability of travel from i to j","point","GAB","SLE",NA,"mean",0.00701465997937794
"pi","Probability of travel from i to j","point","GHA","SLE",NA,"mean",0.0209208710951627
"pi","Probability of travel from i to j","point","GIN","SLE",NA,"mean",0.330718240667749
"pi","Probability of travel from i to j","point","GMB","SLE",NA,"mean",0.0329608574589727
"pi","Probability of travel from i to j","point","GNB","SLE",NA,"mean",0.0908887183566705
"pi","Probability of travel from i to j","point","GNQ","SLE",NA,"mean",0.00811436241024959
"pi","Probability of travel from i to j","point","KEN","SLE",NA,"mean",0.00259476170006358
"pi","Probability of travel from i to j","point","LBR","SLE",NA,"mean",0.187498925142858
"pi","Probability of travel from i to j","point","MLI","SLE",NA,"mean",0.0369644665602543
"pi","Probability of travel from i to j","point","MOZ","SLE",NA,"mean",0.00209495754639977
"pi","Probability of travel from i to j","point","MRT","SLE",NA,"mean",0.0433189591430463
"pi","Probability of travel from i to j","point","MWI","SLE",NA,"mean",0.00187334656849484
"pi","Probability of travel from i to j","point","NAM","SLE",NA,"mean",0.0037519138759268
"pi","Probability of travel from i to j","point","NER","SLE",NA,"mean",0.0177044438926007
"pi","Probability of travel from i to j","point","NGA","SLE",NA,"mean",0.0134809772927812
"pi","Probability of travel from i to j","point","RWA","SLE",NA,"mean",0.0010899973533872
"pi","Probability of travel from i to j","point","SEN","SLE",NA,"mean",0.053047803791726
"pi","Probability of travel from i to j","point","SLE","SLE",NA,"mean",NA
"pi","Probability of travel from i to j","point","SOM","SLE",NA,"mean",0.00406884002852922
"pi","Probability of travel from i to j","point","SSD","SLE",NA,"mean",0.00475471329172993
"pi","Probability of travel from i to j","point","SWZ","SLE",NA,"mean",0.00237913991104094
"pi","Probability of travel from i to j","point","TCD","SLE",NA,"mean",0.0139768440019515
"pi","Probability of travel from i to j","point","TGO","SLE",NA,"mean",0.0097343697515494
"pi","Probability of travel from i to j","point","TZA","SLE",NA,"mean",0.00311769317873037
"pi","Probability of travel from i to j","point","UGA","SLE",NA,"mean",0.00249650308015699
"pi","Probability of travel from i to j","point","ZAF","SLE",NA,"mean",0.00376376356410172
"pi","Probability of travel from i to j","point","ZMB","SLE",NA,"mean",0.00359516408394643
"pi","Probability of travel from i to j","point","ZWE","SLE",NA,"mean",0.00392180436237486
"pi","Probability of travel from i to j","point","AGO","SOM",NA,"mean",0.0106974987278416
"pi","Probability of travel from i to j","point","BDI","SOM",NA,"mean",0.00534770056994124
"pi","Probability of travel from i to j","point","BEN","SOM",NA,"mean",0.00203737952076811
"pi","Probability of travel from i to j","point","BFA","SOM",NA,"mean",0.00232579964729177
"pi","Probability of travel from i to j","point","BWA","SOM",NA,"mean",0.00821928157739122
"pi","Probability of travel from i to j","point","CAF","SOM",NA,"mean",0.0116104492677236
"pi","Probability of travel from i to j","point","CIV","SOM",NA,"mean",0.00226550193766001
"pi","Probability of travel from i to j","point","CMR","SOM",NA,"mean",0.00636909203678047
"pi","Probability of travel from i to j","point","COD","SOM",NA,"mean",0.0136539214933089
"pi","Probability of travel from i to j","point","COG","SOM",NA,"mean",0.0063933761356058
"pi","Probability of travel from i to j","point","ERI","SOM",NA,"mean",0.0536416404417252
"pi","Probability of travel from i to j","point","ETH","SOM",NA,"mean",0.133569217269951
"pi","Probability of travel from i to j","point","GAB","SOM",NA,"mean",0.00426642850111051
"pi","Probability of travel from i to j","point","GHA","SOM",NA,"mean",0.00206978158448519
"pi","Probability of travel from i to j","point","GIN","SOM",NA,"mean",0.00140034195344063
"pi","Probability of travel from i to j","point","GMB","SOM",NA,"mean",0.000662789991119346
"pi","Probability of travel from i to j","point","GNB","SOM",NA,"mean",0.00108328267241208
"pi","Probability of travel from i to j","point","GNQ","SOM",NA,"mean",0.00396261056353953
"pi","Probability of travel from i to j","point","KEN","SOM",NA,"mean",0.0511723958005096
"pi","Probability of travel from i to j","point","LBR","SOM",NA,"mean",0.00181109059774099
"pi","Probability of travel from i to j","point","MLI","SOM",NA,"mean",0.00441178489037832
"pi","Probability of travel from i to j","point","MOZ","SOM",NA,"mean",0.0076290185121986
"pi","Probability of travel from i to j","point","MRT","SOM",NA,"mean",0.0108474239163366
"pi","Probability of travel from i to j","point","MWI","SOM",NA,"mean",0.00760523216574827
"pi","Probability of travel from i to j","point","NAM","SOM",NA,"mean",0.0069949879349808
"pi","Probability of travel from i to j","point","NER","SOM",NA,"mean",0.00658171075870884
"pi","Probability of travel from i to j","point","NGA","SOM",NA,"mean",0.00505961605975634
"pi","Probability of travel from i to j","point","RWA","SOM",NA,"mean",0.0057629724420854
"pi","Probability of travel from i to j","point","SEN","SOM",NA,"mean",0.00108770829153108
"pi","Probability of travel from i to j","point","SLE","SOM",NA,"mean",0.0013839400620493
"pi","Probability of travel from i to j","point","SOM","SOM",NA,"mean",NA
"pi","Probability of travel from i to j","point","SSD","SOM",NA,"mean",0.0249038697733875
"pi","Probability of travel from i to j","point","SWZ","SOM",NA,"mean",0.00586792847254608
"pi","Probability of travel from i to j","point","TCD","SOM",NA,"mean",0.0175825513201765
"pi","Probability of travel from i to j","point","TGO","SOM",NA,"mean",0.00154811461031532
"pi","Probability of travel from i to j","point","TZA","SOM",NA,"mean",0.0218261072898793
"pi","Probability of travel from i to j","point","UGA","SOM",NA,"mean",0.0183605106326008
"pi","Probability of travel from i to j","point","ZAF","SOM",NA,"mean",0.00764605083116858
"pi","Probability of travel from i to j","point","ZMB","SOM",NA,"mean",0.00918385618090118
"pi","Probability of travel from i to j","point","ZWE","SOM",NA,"mean",0.00967953721785065
"pi","Probability of travel from i to j","point","AGO","SSD",NA,"mean",0.015364185775947
"pi","Probability of travel from i to j","point","BDI","SSD",NA,"mean",0.0115156135593636
"pi","Probability of travel from i to j","point","BEN","SSD",NA,"mean",0.00317580579452479
"pi","Probability of travel from i to j","point","BFA","SSD",NA,"mean",0.00340572783966746
"pi","Probability of travel from i to j","point","BWA","SSD",NA,"mean",0.0103888067623714
"pi","Probability of travel from i to j","point","CAF","SSD",NA,"mean",0.0359499589577628
"pi","Probability of travel from i to j","point","CIV","SSD",NA,"mean",0.00330028081307716
"pi","Probability of travel from i to j","point","CMR","SSD",NA,"mean",0.0136483452339541
"pi","Probability of travel from i to j","point","COD","SSD",NA,"mean",0.0308212763409566
"pi","Probability of travel from i to j","point","COG","SSD",NA,"mean",0.0135587119151572
"pi","Probability of travel from i to j","point","ERI","SSD",NA,"mean",0.0353086931617433
"pi","Probability of travel from i to j","point","ETH","SSD",NA,"mean",0.0436052859337135
"pi","Probability of travel from i to j","point","GAB","SSD",NA,"mean",0.00811071673657516
"pi","Probability of travel from i to j","point","GHA","SSD",NA,"mean",0.003094325604997
"pi","Probability of travel from i to j","point","GIN","SSD",NA,"mean",0.00187569607890349
"pi","Probability of travel from i to j","point","GMB","SSD",NA,"mean",0.000859510859162957
"pi","Probability of travel from i to j","point","GNB","SSD",NA,"mean",0.0014093990631407
"pi","Probability of travel from i to j","point","GNQ","SSD",NA,"mean",0.0085564833545619
"pi","Probability of travel from i to j","point","KEN","SSD",NA,"mean",0.0344507691371605
"pi","Probability of travel from i to j","point","LBR","SSD",NA,"mean",0.00253917616924224
"pi","Probability of travel from i to j","point","MLI","SSD",NA,"mean",0.00612512214182349
"pi","Probability of travel from i to j","point","MOZ","SSD",NA,"mean",0.00821912387565327
"pi","Probability of travel from i to j","point","MRT","SSD",NA,"mean",0.0125187621631083
"pi","Probability of travel from i to j","point","MWI","SSD",NA,"mean",0.00837789276527695
"pi","Probability of travel from i to j","point","NAM","SSD",NA,"mean",0.0089291607911239
"pi","Probability of travel from i to j","point","NER","SSD",NA,"mean",0.00980536046903803
"pi","Probability of travel from i to j","point","NGA","SSD",NA,"mean",0.0085761163375495
"pi","Probability of travel from i to j","point","RWA","SSD",NA,"mean",0.0136477441644019
"pi","Probability of travel from i to j","point","SEN","SSD",NA,"mean",0.00141106751899999
"pi","Probability of travel from i to j","point","SLE","SSD",NA,"mean",0.00183841618593655
"pi","Probability of travel from i to j","point","SOM","SSD",NA,"mean",0.0283099871004351
"pi","Probability of travel from i to j","point","SSD","SSD",NA,"mean",NA
"pi","Probability of travel from i to j","point","SWZ","SSD",NA,"mean",0.00653172169577625
"pi","Probability of travel from i to j","point","TCD","SSD",NA,"mean",0.0314931601599353
"pi","Probability of travel from i to j","point","TGO","SSD",NA,"mean",0.00240366649787273
"pi","Probability of travel from i to j","point","TZA","SSD",NA,"mean",0.0234613871186096
"pi","Probability of travel from i to j","point","UGA","SSD",NA,"mean",0.0735454469408187
"pi","Probability of travel from i to j","point","ZAF","SSD",NA,"mean",0.00946606496573881
"pi","Probability of travel from i to j","point","ZMB","SSD",NA,"mean",0.0145777275905945
"pi","Probability of travel from i to j","point","ZWE","SSD",NA,"mean",0.011842809262971
"pi","Probability of travel from i to j","point","AGO","SWZ",NA,"mean",0.0157846550404322
"pi","Probability of travel from i to j","point","BDI","SWZ",NA,"mean",0.00169905416473291
"pi","Probability of travel from i to j","point","BEN","SWZ",NA,"mean",0.000729162491919426
"pi","Probability of travel from i to j","point","BFA","SWZ",NA,"mean",0.000813706489760912
"pi","Probability of travel from i to j","point","BWA","SWZ",NA,"mean",0.0495051311821401
"pi","Probability of travel from i to j","point","CAF","SWZ",NA,"mean",0.0035807005524714
"pi","Probability of travel from i to j","point","CIV","SWZ",NA,"mean",0.000889365995316254
"pi","Probability of travel from i to j","point","CMR","SWZ",NA,"mean",0.00258534685862104
"pi","Probability of travel from i to j","point","COD","SWZ",NA,"mean",0.00699055937621896
"pi","Probability of travel from i to j","point","COG","SWZ",NA,"mean",0.00377949014326801
"pi","Probability of travel from i to j","point","ERI","SWZ",NA,"mean",0.00265371463005744
"pi","Probability of travel from i to j","point","ETH","SWZ",NA,"mean",0.0032329835346389
"pi","Probability of travel from i to j","point","GAB","SWZ",NA,"mean",0.00248520660517683
"pi","Probability of travel from i to j","point","GHA","SWZ",NA,"mean",0.000787850182343253
"pi","Probability of travel from i to j","point","GIN","SWZ",NA,"mean",0.000514032418772992
"pi","Probability of travel from i to j","point","GMB","SWZ",NA,"mean",0.000245184492034063
"pi","Probability of travel from i to j","point","GNB","SWZ",NA,"mean",0.00040010799365763
"pi","Probability of travel from i to j","point","GNQ","SWZ",NA,"mean",0.00207345598440755
"pi","Probability of travel from i to j","point","KEN","SWZ",NA,"mean",0.00355120040406137
"pi","Probability of travel from i to j","point","LBR","SWZ",NA,"mean",0.000718018577905575
"pi","Probability of travel from i to j","point","MLI","SWZ",NA,"mean",0.00152244119586535
"pi","Probability of travel from i to j","point","MOZ","SWZ",NA,"mean",0.0219562837722375
"pi","Probability of travel from i to j","point","MRT","SWZ",NA,"mean",0.00425637684355788
"pi","Probability of travel from i to j","point","MWI","SWZ",NA,"mean",0.0118818461500446
"pi","Probability of travel from i to j","point","NAM","SWZ",NA,"mean",0.0371606100548737
"pi","Probability of travel from i to j","point","NER","SWZ",NA,"mean",0.0020480123983291
"pi","Probability of travel from i to j","point","NGA","SWZ",NA,"mean",0.00164116591325283
"pi","Probability of travel from i to j","point","RWA","SWZ",NA,"mean",0.00154314600475876
"pi","Probability of travel from i to j","point","SEN","SWZ",NA,"mean",0.000402302249066637
"pi","Probability of travel from i to j","point","SLE","SWZ",NA,"mean",0.000525043398328034
"pi","Probability of travel from i to j","point","SOM","SWZ",NA,"mean",0.00380726726719877
"pi","Probability of travel from i to j","point","SSD","SWZ",NA,"mean",0.00372806427089102
"pi","Probability of travel from i to j","point","SWZ","SWZ",NA,"mean",NA
"pi","Probability of travel from i to j","point","TCD","SWZ",NA,"mean",0.00321360240207339
"pi","Probability of travel from i to j","point","TGO","SWZ",NA,"mean",0.000584223401971653
"pi","Probability of travel from i to j","point","TZA","SWZ",NA,"mean",0.00786505944084381
"pi","Probability of travel from i to j","point","UGA","SWZ",NA,"mean",0.00281480219171786
"pi","Probability of travel from i to j","point","ZAF","SWZ",NA,"mean",0.200123563897678
"pi","Probability of travel from i to j","point","ZMB","SWZ",NA,"mean",0.0160678213337457
"pi","Probability of travel from i to j","point","ZWE","SWZ",NA,"mean",0.0400923736525116
"pi","Probability of travel from i to j","point","AGO","TCD",NA,"mean",0.010905309613846
"pi","Probability of travel from i to j","point","BDI","TCD",NA,"mean",0.00275785730059776
"pi","Probability of travel from i to j","point","BEN","TCD",NA,"mean",0.00800204317628833
"pi","Probability of travel from i to j","point","BFA","TCD",NA,"mean",0.00797366273170605
"pi","Probability of travel from i to j","point","BWA","TCD",NA,"mean",0.00572720481185316
"pi","Probability of travel from i to j","point","CAF","TCD",NA,"mean",0.0316234063443215
"pi","Probability of travel from i to j","point","CIV","TCD",NA,"mean",0.00653418004386287
"pi","Probability of travel from i to j","point","CMR","TCD",NA,"mean",0.0227324291663594
"pi","Probability of travel from i to j","point","COD","TCD",NA,"mean",0.0126280420278329
"pi","Probability of travel from i to j","point","COG","TCD",NA,"mean",0.0139003266078081
"pi","Probability of travel from i to j","point","ERI","TCD",NA,"mean",0.0182809459882764
"pi","Probability of travel from i to j","point","ETH","TCD",NA,"mean",0.0151651553982487
"pi","Probability of travel from i to j","point","GAB","TCD",NA,"mean",0.0119210290584895
"pi","Probability of travel from i to j","point","GHA","TCD",NA,"mean",0.00684510517991492
"pi","Probability of travel from i to j","point","GIN","TCD",NA,"mean",0.00368244990779942
"pi","Probability of travel from i to j","point","GMB","TCD",NA,"mean",0.00159229582706435
"pi","Probability of travel from i to j","point","GNB","TCD",NA,"mean",0.00262597977946091
"pi","Probability of travel from i to j","point","GNQ","TCD",NA,"mean",0.0134066265019177
"pi","Probability of travel from i to j","point","KEN","TCD",NA,"mean",0.00786539970722879
"pi","Probability of travel from i to j","point","LBR","TCD",NA,"mean",0.00474019614581966
"pi","Probability of travel from i to j","point","MLI","TCD",NA,"mean",0.0128686660466484
"pi","Probability of travel from i to j","point","MOZ","TCD",NA,"mean",0.00380895243585164
"pi","Probability of travel from i to j","point","MRT","TCD",NA,"mean",0.0192224728381502
"pi","Probability of travel from i to j","point","MWI","TCD",NA,"mean",0.00354429674108027
"pi","Probability of travel from i to j","point","NAM","TCD",NA,"mean",0.0053782350470786
"pi","Probability of travel from i to j","point","NER","TCD",NA,"mean",0.0248773282342606
"pi","Probability of travel from i to j","point","NGA","TCD",NA,"mean",0.0265297192820307
"pi","Probability of travel from i to j","point","RWA","TCD",NA,"mean",0.00272232376419234
"pi","Probability of travel from i to j","point","SEN","TCD",NA,"mean",0.00261577324368812
"pi","Probability of travel from i to j","point","SLE","TCD",NA,"mean",0.00355499997860617
"pi","Probability of travel from i to j","point","SOM","TCD",NA,"mean",0.0131481821554061
"pi","Probability of travel from i to j","point","SSD","TCD",NA,"mean",0.0207170171462213
"pi","Probability of travel from i to j","point","SWZ","TCD",NA,"mean",0.0037037989833708
"pi","Probability of travel from i to j","point","TCD","TCD",NA,"mean",NA
"pi","Probability of travel from i to j","point","TGO","TCD",NA,"mean",0.00567919761799525
"pi","Probability of travel from i to j","point","TZA","TCD",NA,"mean",0.00713348862444511
"pi","Probability of travel from i to j","point","UGA","TCD",NA,"mean",0.00810162684409586
"pi","Probability of travel from i to j","point","ZAF","TCD",NA,"mean",0.00543155107182827
"pi","Probability of travel from i to j","point","ZMB","TCD",NA,"mean",0.0059985904502512
"pi","Probability of travel from i to j","point","ZWE","TCD",NA,"mean",0.00621665119156694
"pi","Probability of travel from i to j","point","AGO","TGO",NA,"mean",0.0140555584790737
"pi","Probability of travel from i to j","point","BDI","TGO",NA,"mean",0.00210772498363292
"pi","Probability of travel from i to j","point","BEN","TGO",NA,"mean",0.298924074244084
"pi","Probability of travel from i to j","point","BFA","TGO",NA,"mean",0.149987708421351
"pi","Probability of travel from i to j","point","BWA","TGO",NA,"mean",0.00602305824667501
"pi","Probability of travel from i to j","point","CAF","TGO",NA,"mean",0.0222933590091463
"pi","Probability of travel from i to j","point","CIV","TGO",NA,"mean",0.0545520685423055
"pi","Probability of travel from i to j","point","CMR","TGO",NA,"mean",0.0410208030681393
"pi","Probability of travel from i to j","point","COD","TGO",NA,"mean",0.0109492987788464
"pi","Probability of travel from i to j","point","COG","TGO",NA,"mean",0.0211241402888031
"pi","Probability of travel from i to j","point","ERI","TGO",NA,"mean",0.00757655599611963
"pi","Probability of travel from i to j","point","ETH","TGO",NA,"mean",0.00657082855620571
"pi","Probability of travel from i to j","point","GAB","TGO",NA,"mean",0.0233460796130559
"pi","Probability of travel from i to j","point","GHA","TGO",NA,"mean",0.269297928832894
"pi","Probability of travel from i to j","point","GIN","TGO",NA,"mean",0.0155220667682628
"pi","Probability of travel from i to j","point","GMB","TGO",NA,"mean",0.00501468616714512
"pi","Probability of travel from i to j","point","GNB","TGO",NA,"mean",0.00849121358139327
"pi","Probability of travel from i to j","point","GNQ","TGO",NA,"mean",0.0325371000198817
"pi","Probability of travel from i to j","point","KEN","TGO",NA,"mean",0.00451235678527159
"pi","Probability of travel from i to j","point","LBR","TGO",NA,"mean",0.0228893095397722
"pi","Probability of travel from i to j","point","MLI","TGO",NA,"mean",0.0628021323323651
"pi","Probability of travel from i to j","point","MOZ","TGO",NA,"mean",0.00345452175045939
"pi","Probability of travel from i to j","point","MRT","TGO",NA,"mean",0.0308355527520513
"pi","Probability of travel from i to j","point","MWI","TGO",NA,"mean",0.00318276254729026
"pi","Probability of travel from i to j","point","NAM","TGO",NA,"mean",0.00644804137069112
"pi","Probability of travel from i to j","point","NER","TGO",NA,"mean",0.049385603742686
"pi","Probability of travel from i to j","point","NGA","TGO",NA,"mean",0.0933942098232433
"pi","Probability of travel from i to j","point","RWA","TGO",NA,"mean",0.00208095085400101
"pi","Probability of travel from i to j","point","SEN","TGO",NA,"mean",0.0082622962785569
"pi","Probability of travel from i to j","point","SLE","TGO",NA,"mean",0.0138106601342161
"pi","Probability of travel from i to j","point","SOM","TGO",NA,"mean",0.0064574795967217
"pi","Probability of travel from i to j","point","SSD","TGO",NA,"mean",0.00881985222915349
"pi","Probability of travel from i to j","point","SWZ","TGO",NA,"mean",0.0037558680726087
"pi","Probability of travel from i to j","point","TCD","TGO",NA,"mean",0.0316783896106915
"pi","Probability of travel from i to j","point","TGO","TGO",NA,"mean",NA
"pi","Probability of travel from i to j","point","TZA","TGO",NA,"mean",0.00530978782506238
"pi","Probability of travel from i to j","point","UGA","TGO",NA,"mean",0.00468733983913618
"pi","Probability of travel from i to j","point","ZAF","TGO",NA,"mean",0.00602113233813057
"pi","Probability of travel from i to j","point","ZMB","TGO",NA,"mean",0.00661791380534518
"pi","Probability of travel from i to j","point","ZWE","TGO",NA,"mean",0.00643969198449068
"pi","Probability of travel from i to j","point","AGO","TZA",NA,"mean",0.0335908860149847
"pi","Probability of travel from i to j","point","BDI","TZA",NA,"mean",0.0403612149325531
"pi","Probability of travel from i to j","point","BEN","TZA",NA,"mean",0.00363111539872987
"pi","Probability of travel from i to j","point","BFA","TZA",NA,"mean",0.00399222612885848
"pi","Probability of travel from i to j","point","BWA","TZA",NA,"mean",0.0343507565384522
"pi","Probability of travel from i to j","point","CAF","TZA",NA,"mean",0.0302868939766869
"pi","Probability of travel from i to j","point","CIV","TZA",NA,"mean",0.00404261472619684
"pi","Probability of travel from i to j","point","CMR","TZA",NA,"mean",0.0146288967899119
"pi","Probability of travel from i to j","point","COD","TZA",NA,"mean",0.0511565071259362
"pi","Probability of travel from i to j","point","COG","TZA",NA,"mean",0.0185569116761112
"pi","Probability of travel from i to j","point","ERI","TZA",NA,"mean",0.030920814729954
"pi","Probability of travel from i to j","point","ETH","TZA",NA,"mean",0.0491694022802881
"pi","Probability of travel from i to j","point","GAB","TZA",NA,"mean",0.0118919919961597
"pi","Probability of travel from i to j","point","GHA","TZA",NA,"mean",0.00367542717246361
"pi","Probability of travel from i to j","point","GIN","TZA",NA,"mean",0.00235087730979594
"pi","Probability of travel from i to j","point","GMB","TZA",NA,"mean",0.00110352408080439
"pi","Probability of travel from i to j","point","GNB","TZA",NA,"mean",0.00180514352729195
"pi","Probability of travel from i to j","point","GNQ","TZA",NA,"mean",0.00963426251116384
"pi","Probability of travel from i to j","point","KEN","TZA",NA,"mean",0.105047617181645
"pi","Probability of travel from i to j","point","LBR","TZA",NA,"mean",0.00319151951145526
"pi","Probability of travel from i to j","point","MLI","TZA",NA,"mean",0.00747366084458916
"pi","Probability of travel from i to j","point","MOZ","TZA",NA,"mean",0.06368279790822
"pi","Probability of travel from i to j","point","MRT","TZA",NA,"mean",0.0175145761098512
"pi","Probability of travel from i to j","point","MWI","TZA",NA,"mean",0.0922536795470148
"pi","Probability of travel from i to j","point","NAM","TZA",NA,"mean",0.0303308469204816
"pi","Probability of travel from i to j","point","NER","TZA",NA,"mean",0.0109076931142819
"pi","Probability of travel from i to j","point","NGA","TZA",NA,"mean",0.00909491247605008
"pi","Probability of travel from i to j","point","RWA","TZA",NA,"mean",0.0337850438423143
"pi","Probability of travel from i to j","point","SEN","TZA",NA,"mean",0.0018111709096764
"pi","Probability of travel from i to j","point","SLE","TZA",NA,"mean",0.00231844882390612
"pi","Probability of travel from i to j","point","SOM","TZA",NA,"mean",0.0477192666598114
"pi","Probability of travel from i to j","point","SSD","TZA",NA,"mean",0.0451230373975039
"pi","Probability of travel from i to j","point","SWZ","TZA",NA,"mean",0.0265027494385961
"pi","Probability of travel from i to j","point","TCD","TZA",NA,"mean",0.0208562214612832
"pi","Probability of travel from i to j","point","TGO","TZA",NA,"mean",0.00278313779590153
"pi","Probability of travel from i to j","point","TZA","TZA",NA,"mean",NA
"pi","Probability of travel from i to j","point","UGA","TZA",NA,"mean",0.0580437462005535
"pi","Probability of travel from i to j","point","ZAF","TZA",NA,"mean",0.0309091140287536
"pi","Probability of travel from i to j","point","ZMB","TZA",NA,"mean",0.0668615638886085
"pi","Probability of travel from i to j","point","ZWE","TZA",NA,"mean",0.0495797761341479
"pi","Probability of travel from i to j","point","AGO","UGA",NA,"mean",0.035860402777854
"pi","Probability of travel from i to j","point","BDI","UGA",NA,"mean",0.0830419347714461
"pi","Probability of travel from i to j","point","BEN","UGA",NA,"mean",0.00484007438173667
"pi","Probability of travel from i to j","point","BFA","UGA",NA,"mean",0.00512393372993777
"pi","Probability of travel from i to j","point","BWA","UGA",NA,"mean",0.0229392105123287
"pi","Probability of travel from i to j","point","CAF","UGA",NA,"mean",0.0539813104522023
"pi","Probability of travel from i to j","point","CIV","UGA",NA,"mean",0.00501863412469758
"pi","Probability of travel from i to j","point","CMR","UGA",NA,"mean",0.0211923059919236
"pi","Probability of travel from i to j","point","COD","UGA",NA,"mean",0.0771124306836819
"pi","Probability of travel from i to j","point","COG","UGA",NA,"mean",0.0239731996970765
"pi","Probability of travel from i to j","point","ERI","UGA",NA,"mean",0.0490227128057852
"pi","Probability of travel from i to j","point","ETH","UGA",NA,"mean",0.0936257550562009
"pi","Probability of travel from i to j","point","GAB","UGA",NA,"mean",0.0141530484437238
"pi","Probability of travel from i to j","point","GHA","UGA",NA,"mean",0.00471006038328909
"pi","Probability of travel from i to j","point","GIN","UGA",NA,"mean",0.00282299549554986
"pi","Probability of travel from i to j","point","GMB","UGA",NA,"mean",0.00129375851939801
"pi","Probability of travel from i to j","point","GNB","UGA",NA,"mean",0.00212143836248408
"pi","Probability of travel from i to j","point","GNQ","UGA",NA,"mean",0.0132904088722359
"pi","Probability of travel from i to j","point","KEN","UGA",NA,"mean",0.211135016762224
"pi","Probability of travel from i to j","point","LBR","UGA",NA,"mean",0.00385812774014095
"pi","Probability of travel from i to j","point","MLI","UGA",NA,"mean",0.00921724969619653
"pi","Probability of travel from i to j","point","MOZ","UGA",NA,"mean",0.02167475451694
"pi","Probability of travel from i to j","point","MRT","UGA",NA,"mean",0.0188517046355925
"pi","Probability of travel from i to j","point","MWI","UGA",NA,"mean",0.0241544029641121
"pi","Probability of travel from i to j","point","NAM","UGA",NA,"mean",0.0199891280944889
"pi","Probability of travel from i to j","point","NER","UGA",NA,"mean",0.0141614117171299
"pi","Probability of travel from i to j","point","NGA","UGA",NA,"mean",0.0128956368731777
"pi","Probability of travel from i to j","point","RWA","UGA",NA,"mean",0.114940154276527
"pi","Probability of travel from i to j","point","SEN","UGA",NA,"mean",0.00212397323101929
"pi","Probability of travel from i to j","point","SLE","UGA",NA,"mean",0.00276697679392955
"pi","Probability of travel from i to j","point","SOM","UGA",NA,"mean",0.0598289663858657
"pi","Probability of travel from i to j","point","SSD","UGA",NA,"mean",0.21081897687354
"pi","Probability of travel from i to j","point","SWZ","UGA",NA,"mean",0.0141366358629994
"pi","Probability of travel from i to j","point","TCD","UGA",NA,"mean",0.0353032885235379
"pi","Probability of travel from i to j","point","TGO","UGA",NA,"mean",0.00366178847036246
"pi","Probability of travel from i to j","point","TZA","UGA",NA,"mean",0.0865096796608372
"pi","Probability of travel from i to j","point","UGA","UGA",NA,"mean",NA
"pi","Probability of travel from i to j","point","ZAF","UGA",NA,"mean",0.0203192989160504
"pi","Probability of travel from i to j","point","ZMB","UGA",NA,"mean",0.0410708879173794
"pi","Probability of travel from i to j","point","ZWE","UGA",NA,"mean",0.0271104249558269
"pi","Probability of travel from i to j","point","AGO","ZAF",NA,"mean",0.067533919076148
"pi","Probability of travel from i to j","point","BDI","ZAF",NA,"mean",0.00540658721593122
"pi","Probability of travel from i to j","point","BEN","ZAF",NA,"mean",0.00261456193835946
"pi","Probability of travel from i to j","point","BFA","ZAF",NA,"mean",0.0029024312969847
"pi","Probability of travel from i to j","point","BWA","ZAF",NA,"mean",0.19542170216918
"pi","Probability of travel from i to j","point","CAF","ZAF",NA,"mean",0.0116258556498954
"pi","Probability of travel from i to j","point","CIV","ZAF",NA,"mean",0.00316359838040778
"pi","Probability of travel from i to j","point","CMR","ZAF",NA,"mean",0.00912268071591615
"pi","Probability of travel from i to j","point","COD","ZAF",NA,"mean",0.0223271730869937
"pi","Probability of travel from i to j","point","COG","ZAF",NA,"mean",0.0124400822768784
"pi","Probability of travel from i to j","point","ERI","ZAF",NA,"mean",0.0077942855683858
"pi","Probability of travel from i to j","point","ETH","ZAF",NA,"mean",0.00929651747075347
"pi","Probability of travel from i to j","point","GAB","ZAF",NA,"mean",0.00894784170847225
"pi","Probability of travel from i to j","point","GHA","ZAF",NA,"mean",0.00281435036829104
"pi","Probability of travel from i to j","point","GIN","ZAF",NA,"mean",0.00181821353724022
"pi","Probability of travel from i to j","point","GMB","ZAF",NA,"mean",0.000864207934233174
"pi","Probability of travel from i to j","point","GNB","ZAF",NA,"mean",0.00141074862699701
"pi","Probability of travel from i to j","point","GNQ","ZAF",NA,"mean",0.00755523460762977
"pi","Probability of travel from i to j","point","KEN","ZAF",NA,"mean",0.00985840704871886
"pi","Probability of travel from i to j","point","LBR","ZAF",NA,"mean",0.00254471527217304
"pi","Probability of travel from i to j","point","MLI","ZAF",NA,"mean",0.00539725427442397
"pi","Probability of travel from i to j","point","MOZ","ZAF",NA,"mean",0.0429375592541429
"pi","Probability of travel from i to j","point","MRT","ZAF",NA,"mean",0.0148104179715221
"pi","Probability of travel from i to j","point","MWI","ZAF",NA,"mean",0.0268371348345309
"pi","Probability of travel from i to j","point","NAM","ZAF",NA,"mean",0.247464271618868
"pi","Probability of travel from i to j","point","NER","ZAF",NA,"mean",0.0072984433672778
"pi","Probability of travel from i to j","point","NGA","ZAF",NA,"mean",0.00591288809225229
"pi","Probability of travel from i to j","point","RWA","ZAF",NA,"mean",0.00492335326225665
"pi","Probability of travel from i to j","point","SEN","ZAF",NA,"mean",0.00141805915573417
"pi","Probability of travel from i to j","point","SLE","ZAF",NA,"mean",0.00185706068425684
"pi","Probability of travel from i to j","point","SOM","ZAF",NA,"mean",0.0110916019867079
"pi","Probability of travel from i to j","point","SSD","ZAF",NA,"mean",0.0120796330561981
"pi","Probability of travel from i to j","point","SWZ","ZAF",NA,"mean",0.447431721242646
"pi","Probability of travel from i to j","point","TCD","ZAF",NA,"mean",0.0105365187659377
"pi","Probability of travel from i to j","point","TGO","ZAF",NA,"mean",0.00209399352919253
"pi","Probability of travel from i to j","point","TZA","ZAF",NA,"mean",0.0205081354675142
"pi","Probability of travel from i to j","point","UGA","ZAF",NA,"mean",0.0090456352310451
"pi","Probability of travel from i to j","point","ZAF","ZAF",NA,"mean",NA
"pi","Probability of travel from i to j","point","ZMB","ZAF",NA,"mean",0.0492723747772095
"pi","Probability of travel from i to j","point","ZWE","ZAF",NA,"mean",0.108595428115424
"pi","Probability of travel from i to j","point","AGO","ZMB",NA,"mean",0.0654885164942615
"pi","Probability of travel from i to j","point","BDI","ZMB",NA,"mean",0.0179485360163087
"pi","Probability of travel from i to j","point","BEN","ZMB",NA,"mean",0.0032213664108896
"pi","Probability of travel from i to j","point","BFA","ZMB",NA,"mean",0.00337766819651205
"pi","Probability of travel from i to j","point","BWA","ZMB",NA,"mean",0.0733438660747627
"pi","Probability of travel from i to j","point","CAF","ZMB",NA,"mean",0.0187831423495745
"pi","Probability of travel from i to j","point","CIV","ZMB",NA,"mean",0.0035759762078905
"pi","Probability of travel from i to j","point","CMR","ZMB",NA,"mean",0.0124405505675271
"pi","Probability of travel from i to j","point","COD","ZMB",NA,"mean",0.063501437870692
"pi","Probability of travel from i to j","point","COG","ZMB",NA,"mean",0.0250524437139996
"pi","Probability of travel from i to j","point","ERI","ZMB",NA,"mean",0.0108655663278916
"pi","Probability of travel from i to j","point","ETH","ZMB",NA,"mean",0.014324975561855
"pi","Probability of travel from i to j","point","GAB","ZMB",NA,"mean",0.0151669750137675
"pi","Probability of travel from i to j","point","GHA","ZMB",NA,"mean",0.0033274266910114
"pi","Probability of travel from i to j","point","GIN","ZMB",NA,"mean",0.00193914314349854
"pi","Probability of travel from i to j","point","GMB","ZMB",NA,"mean",0.000889687402797636
"pi","Probability of travel from i to j","point","GNB","ZMB",NA,"mean",0.00145724162121832
"pi","Probability of travel from i to j","point","GNQ","ZMB",NA,"mean",0.0115494739161987
"pi","Probability of travel from i to j","point","KEN","ZMB",NA,"mean",0.0173789020084192
"pi","Probability of travel from i to j","point","LBR","ZMB",NA,"mean",0.0027686521456778
"pi","Probability of travel from i to j","point","MLI","ZMB",NA,"mean",0.00589014200206249
"pi","Probability of travel from i to j","point","MOZ","ZMB",NA,"mean",0.0618842302717742
"pi","Probability of travel from i to j","point","MRT","ZMB",NA,"mean",0.0134783360882281
"pi","Probability of travel from i to j","point","MWI","ZMB",NA,"mean",0.0929124095015892
"pi","Probability of travel from i to j","point","NAM","ZMB",NA,"mean",0.0697927810230572
"pi","Probability of travel from i to j","point","NER","ZMB",NA,"mean",0.00841124778522308
"pi","Probability of travel from i to j","point","NGA","ZMB",NA,"mean",0.00768637999653163
"pi","Probability of travel from i to j","point","RWA","ZMB",NA,"mean",0.0146288884565185
"pi","Probability of travel from i to j","point","SEN","ZMB",NA,"mean",0.00146042330515916
"pi","Probability of travel from i to j","point","SLE","ZMB",NA,"mean",0.00197948824263523
"pi","Probability of travel from i to j","point","SOM","ZMB",NA,"mean",0.0148666329194492
"pi","Probability of travel from i to j","point","SSD","ZMB",NA,"mean",0.0207589096992513
"pi","Probability of travel from i to j","point","SWZ","ZMB",NA,"mean",0.0400881471937418
"pi","Probability of travel from i to j","point","TCD","ZMB",NA,"mean",0.0129853283985879
"pi","Probability of travel from i to j","point","TGO","ZMB",NA,"mean",0.00256831753666592
"pi","Probability of travel from i to j","point","TZA","ZMB",NA,"mean",0.0495047189667281
"pi","Probability of travel from i to j","point","UGA","ZMB",NA,"mean",0.0204030404953679
"pi","Probability of travel from i to j","point","ZAF","ZMB",NA,"mean",0.0549836976225115
"pi","Probability of travel from i to j","point","ZMB","ZMB",NA,"mean",NA
"pi","Probability of travel from i to j","point","ZWE","ZMB",NA,"mean",0.11044447770755
"pi","Probability of travel from i to j","point","AGO","ZWE",NA,"mean",0.0325935984035211
"pi","Probability of travel from i to j","point","BDI","ZWE",NA,"mean",0.00539034400513729
"pi","Probability of travel from i to j","point","BEN","ZWE",NA,"mean",0.00193136614795758
"pi","Probability of travel from i to j","point","BFA","ZWE",NA,"mean",0.00212186017688014
"pi","Probability of travel from i to j","point","BWA","ZWE",NA,"mean",0.0771955620059317
"pi","Probability of travel from i to j","point","CAF","ZWE",NA,"mean",0.00988197230375056
"pi","Probability of travel from i to j","point","CIV","ZWE",NA,"mean",0.0023003340901205
"pi","Probability of travel from i to j","point","CMR","ZWE",NA,"mean",0.0069918317382705
"pi","Probability of travel from i to j","point","COD","ZWE",NA,"mean",0.0215972504466937
"pi","Probability of travel from i to j","point","COG","ZWE",NA,"mean",0.0109805549090688
"pi","Probability of travel from i to j","point","ERI","ZWE",NA,"mean",0.00671622446704439
"pi","Probability of travel from i to j","point","ETH","ZWE",NA,"mean",0.0083446424079201
"pi","Probability of travel from i to j","point","GAB","ZWE",NA,"mean",0.00709458673638394
"pi","Probability of travel from i to j","point","GHA","ZWE",NA,"mean",0.00206345858388784
"pi","Probability of travel from i to j","point","GIN","ZWE",NA,"mean",0.00130761210247089
"pi","Probability of travel from i to j","point","GMB","ZWE",NA,"mean",0.00061729006625456
"pi","Probability of travel from i to j","point","GNB","ZWE",NA,"mean",0.00100833558859372
"pi","Probability of travel from i to j","point","GNQ","ZWE",NA,"mean",0.00580107044225831
"pi","Probability of travel from i to j","point","KEN","ZWE",NA,"mean",0.00952903210376849
"pi","Probability of travel from i to j","point","LBR","ZWE",NA,"mean",0.00183707070819056
"pi","Probability of travel from i to j","point","MLI","ZWE",NA,"mean",0.00389861866811062
"pi","Probability of travel from i to j","point","MOZ","ZWE",NA,"mean",0.0564097740640923
"pi","Probability of travel from i to j","point","MRT","ZWE",NA,"mean",0.0103212403104833
"pi","Probability of travel from i to j","point","MWI","ZWE",NA,"mean",0.0414978731503774
"pi","Probability of travel from i to j","point","NAM","ZWE",NA,"mean",0.0459741090557394
"pi","Probability of travel from i to j","point","NER","ZWE",NA,"mean",0.00532604283008375
"pi","Probability of travel from i to j","point","NGA","ZWE",NA,"mean",0.00440959401184782
"pi","Probability of travel from i to j","point","RWA","ZWE",NA,"mean",0.00480430904221305
"pi","Probability of travel from i to j","point","SEN","ZWE",NA,"mean",0.00101297221495633
"pi","Probability of travel from i to j","point","SLE","ZWE",NA,"mean",0.00133540964594722
"pi","Probability of travel from i to j","point","SOM","ZWE",NA,"mean",0.00969028413913799
"pi","Probability of travel from i to j","point","SSD","ZWE",NA,"mean",0.010429507903013
"pi","Probability of travel from i to j","point","SWZ","ZWE",NA,"mean",0.0618607431765998
"pi","Probability of travel from i to j","point","TCD","ZWE",NA,"mean",0.00832251524738437
"pi","Probability of travel from i to j","point","TGO","ZWE",NA,"mean",0.00154556430642829
"pi","Probability of travel from i to j","point","TZA","ZWE",NA,"mean",0.0227022553346146
"pi","Probability of travel from i to j","point","UGA","ZWE",NA,"mean",0.0083289738439701
"pi","Probability of travel from i to j","point","ZAF","ZWE",NA,"mean",0.0749439127434427
"pi","Probability of travel from i to j","point","ZMB","ZWE",NA,"mean",0.0683027798385528
"pi","Probability of travel from i to j","point","ZWE","ZWE",NA,"mean",NA
