"","mean","sd","Q2.5","Q97.5","Rhat","n.eff","AC10"
"gamma",1.29807754531725,0.00323685406215343,1.29185508109135,1.30426746869241,1,1061,0.02
"omega",0.638715646494691,0.00199324492754151,0.634729690974078,0.642671199893396,1,1336,-0.03
"tau",0.263657660185909,0.00051997401560643,0.262592031480677,0.264689822020973,1.01,1155,-0.01
"theta",0.000754783115164567,8.9529444701836e-07,0.0007530750203446,0.000756581869304051,1,1909,0
