"variable_name","variable_description","parameter_distribution","i","j","t","parameter_name","parameter_value"
"pi","Probability of travel from i to j","point","AGO","AGO",NA,"mean",NA
"pi","Probability of travel from i to j","point","BDI","AGO",NA,"mean",0.00952759676346801
"pi","Probability of travel from i to j","point","BEN","AGO",NA,"mean",0.0041055839767039
"pi","Probability of travel from i to j","point","BFA","AGO",NA,"mean",0.00522135533575528
"pi","Probability of travel from i to j","point","BWA","AGO",NA,"mean",0.0678958969693134
"pi","Probability of travel from i to j","point","CAF","AGO",NA,"mean",0.0221269980338856
"pi","Probability of travel from i to j","point","CIV","AGO",NA,"mean",0.00641697817357923
"pi","Probability of travel from i to j","point","CMR","AGO",NA,"mean",0.0169473442817476
"pi","Probability of travel from i to j","point","COD","AGO",NA,"mean",0.0624591706230718
"pi","Probability of travel from i to j","point","COG","AGO",NA,"mean",0.0510571749581478
"pi","Probability of travel from i to j","point","ERI","AGO",NA,"mean",0.00961118300488107
"pi","Probability of travel from i to j","point","ETH","AGO",NA,"mean",0.0127561462356366
"pi","Probability of travel from i to j","point","GAB","AGO",NA,"mean",0.0372084305350713
"pi","Probability of travel from i to j","point","GHA","AGO",NA,"mean",0.00513187270426782
"pi","Probability of travel from i to j","point","GIN","AGO",NA,"mean",0.0038964795347205
"pi","Probability of travel from i to j","point","GMB","AGO",NA,"mean",0.00140044746278984
"pi","Probability of travel from i to j","point","GNB","AGO",NA,"mean",0.00257456509662558
"pi","Probability of travel from i to j","point","GNQ","AGO",NA,"mean",0.022486706358885
"pi","Probability of travel from i to j","point","KEN","AGO",NA,"mean",0.0117891422350962
"pi","Probability of travel from i to j","point","LBR","AGO",NA,"mean",0.00537412208226136
"pi","Probability of travel from i to j","point","MLI","AGO",NA,"mean",0.00719742610316586
"pi","Probability of travel from i to j","point","MOZ","AGO",NA,"mean",0.0240189711694977
"pi","Probability of travel from i to j","point","MRT","AGO",NA,"mean",0.0075147287486534
"pi","Probability of travel from i to j","point","MWI","AGO",NA,"mean",0.0220188796218956
"pi","Probability of travel from i to j","point","NAM","AGO",NA,"mean",0.138009142556875
"pi","Probability of travel from i to j","point","NER","AGO",NA,"mean",0.00982885333304817
"pi","Probability of travel from i to j","point","NGA","AGO",NA,"mean",0.0147109767488432
"pi","Probability of travel from i to j","point","RWA","AGO",NA,"mean",0.00851097952954934
"pi","Probability of travel from i to j","point","SEN","AGO",NA,"mean",0.00315470297384761
"pi","Probability of travel from i to j","point","SLE","AGO",NA,"mean",0.00361600425693006
"pi","Probability of travel from i to j","point","SOM","AGO",NA,"mean",0.00961645655824942
"pi","Probability of travel from i to j","point","SSD","AGO",NA,"mean",0.0137970899365033
"pi","Probability of travel from i to j","point","SWZ","AGO",NA,"mean",0.0287382589210243
"pi","Probability of travel from i to j","point","TCD","AGO",NA,"mean",0.0155183349322499
"pi","Probability of travel from i to j","point","TGO","AGO",NA,"mean",0.00315086316481174
"pi","Probability of travel from i to j","point","TZA","AGO",NA,"mean",0.0212259926655777
"pi","Probability of travel from i to j","point","UGA","AGO",NA,"mean",0.0127797180373026
"pi","Probability of travel from i to j","point","ZAF","AGO",NA,"mean",0.064879266005031
"pi","Probability of travel from i to j","point","ZMB","AGO",NA,"mean",0.0686758078095978
"pi","Probability of travel from i to j","point","ZWE","AGO",NA,"mean",0.0421343754892035
"pi","Probability of travel from i to j","point","AGO","BDI",NA,"mean",0.0289937166762217
"pi","Probability of travel from i to j","point","BDI","BDI",NA,"mean",NA
"pi","Probability of travel from i to j","point","BEN","BDI",NA,"mean",0.00173452481001185
"pi","Probability of travel from i to j","point","BFA","BDI",NA,"mean",0.00225677483459199
"pi","Probability of travel from i to j","point","BWA","BDI",NA,"mean",0.0136546529659415
"pi","Probability of travel from i to j","point","CAF","BDI",NA,"mean",0.0227520632560419
"pi","Probability of travel from i to j","point","CIV","BDI",NA,"mean",0.00239069294534338
"pi","Probability of travel from i to j","point","CMR","BDI",NA,"mean",0.00850395833840412
"pi","Probability of travel from i to j","point","COD","BDI",NA,"mean",0.101128391717973
"pi","Probability of travel from i to j","point","COG","BDI",NA,"mean",0.0173798017278209
"pi","Probability of travel from i to j","point","ERI","BDI",NA,"mean",0.0141583391561615
"pi","Probability of travel from i to j","point","ETH","BDI",NA,"mean",0.0254694868218455
"pi","Probability of travel from i to j","point","GAB","BDI",NA,"mean",0.0104648614149877
"pi","Probability of travel from i to j","point","GHA","BDI",NA,"mean",0.00196740881678993
"pi","Probability of travel from i to j","point","GIN","BDI",NA,"mean",0.00153789471278347
"pi","Probability of travel from i to j","point","GMB","BDI",NA,"mean",0.00058014662479216
"pi","Probability of travel from i to j","point","GNB","BDI",NA,"mean",0.00104231060103834
"pi","Probability of travel from i to j","point","GNQ","BDI",NA,"mean",0.00753980080139449
"pi","Probability of travel from i to j","point","KEN","BDI",NA,"mean",0.0432605546893999
"pi","Probability of travel from i to j","point","LBR","BDI",NA,"mean",0.00194571514798009
"pi","Probability of travel from i to j","point","MLI","BDI",NA,"mean",0.00340761590068188
"pi","Probability of travel from i to j","point","MOZ","BDI",NA,"mean",0.0193121838841597
"pi","Probability of travel from i to j","point","MRT","BDI",NA,"mean",0.0035263141850829
"pi","Probability of travel from i to j","point","MWI","BDI",NA,"mean",0.0257077048932545
"pi","Probability of travel from i to j","point","NAM","BDI",NA,"mean",0.0157553199000266
"pi","Probability of travel from i to j","point","NER","BDI",NA,"mean",0.00598710264704469
"pi","Probability of travel from i to j","point","NGA","BDI",NA,"mean",0.00711970200028405
"pi","Probability of travel from i to j","point","RWA","BDI",NA,"mean",0.530964837837924
"pi","Probability of travel from i to j","point","SEN","BDI",NA,"mean",0.00132773801943534
"pi","Probability of travel from i to j","point","SLE","BDI",NA,"mean",0.00137459655947558
"pi","Probability of travel from i to j","point","SOM","BDI",NA,"mean",0.0165018122699679
"pi","Probability of travel from i to j","point","SSD","BDI",NA,"mean",0.0338364341197902
"pi","Probability of travel from i to j","point","SWZ","BDI",NA,"mean",0.0112326985689902
"pi","Probability of travel from i to j","point","TCD","BDI",NA,"mean",0.0133697854873594
"pi","Probability of travel from i to j","point","TGO","BDI",NA,"mean",0.00125729944899216
"pi","Probability of travel from i to j","point","TZA","BDI",NA,"mean",0.0995165790362439
"pi","Probability of travel from i to j","point","UGA","BDI",NA,"mean",0.0856496080810321
"pi","Probability of travel from i to j","point","ZAF","BDI",NA,"mean",0.0180556268927519
"pi","Probability of travel from i to j","point","ZMB","BDI",NA,"mean",0.0368463193785626
"pi","Probability of travel from i to j","point","ZWE","BDI",NA,"mean",0.0180384192210316
"pi","Probability of travel from i to j","point","AGO","BEN",NA,"mean",0.0104344780867281
"pi","Probability of travel from i to j","point","BDI","BEN",NA,"mean",0.00144862436442094
"pi","Probability of travel from i to j","point","BEN","BEN",NA,"mean",NA
"pi","Probability of travel from i to j","point","BFA","BEN",NA,"mean",0.101669113675466
"pi","Probability of travel from i to j","point","BWA","BEN",NA,"mean",0.00401466447765275
"pi","Probability of travel from i to j","point","CAF","BEN",NA,"mean",0.0135835422966517
"pi","Probability of travel from i to j","point","CIV","BEN",NA,"mean",0.0444426539373561
"pi","Probability of travel from i to j","point","CMR","BEN",NA,"mean",0.0255093885573531
"pi","Probability of travel from i to j","point","COD","BEN",NA,"mean",0.00792126292039231
"pi","Probability of travel from i to j","point","COG","BEN",NA,"mean",0.0146199041095465
"pi","Probability of travel from i to j","point","ERI","BEN",NA,"mean",0.00506364901288439
"pi","Probability of travel from i to j","point","ETH","BEN",NA,"mean",0.0049811706348124
"pi","Probability of travel from i to j","point","GAB","BEN",NA,"mean",0.0181523168650292
"pi","Probability of travel from i to j","point","GHA","BEN",NA,"mean",0.117694236337248
"pi","Probability of travel from i to j","point","GIN","BEN",NA,"mean",0.0151044541116185
"pi","Probability of travel from i to j","point","GMB","BEN",NA,"mean",0.00393554352859394
"pi","Probability of travel from i to j","point","GNB","BEN",NA,"mean",0.00730427647438238
"pi","Probability of travel from i to j","point","GNQ","BEN",NA,"mean",0.0236366563904969
"pi","Probability of travel from i to j","point","KEN","BEN",NA,"mean",0.00299899115001869
"pi","Probability of travel from i to j","point","LBR","BEN",NA,"mean",0.0201501228457931
"pi","Probability of travel from i to j","point","MLI","BEN",NA,"mean",0.050267944814184
"pi","Probability of travel from i to j","point","MOZ","BEN",NA,"mean",0.00272786918519123
"pi","Probability of travel from i to j","point","MRT","BEN",NA,"mean",0.0263602843026397
"pi","Probability of travel from i to j","point","MWI","BEN",NA,"mean",0.0023800344906721
"pi","Probability of travel from i to j","point","NAM","BEN",NA,"mean",0.00699578952522031
"pi","Probability of travel from i to j","point","NER","BEN",NA,"mean",0.0438167130443512
"pi","Probability of travel from i to j","point","NGA","BEN",NA,"mean",0.125093309481826
"pi","Probability of travel from i to j","point","RWA","BEN",NA,"mean",0.00148155263810236
"pi","Probability of travel from i to j","point","SEN","BEN",NA,"mean",0.00947696134239419
"pi","Probability of travel from i to j","point","SLE","BEN",NA,"mean",0.0120560346119158
"pi","Probability of travel from i to j","point","SOM","BEN",NA,"mean",0.0033669093087672
"pi","Probability of travel from i to j","point","SSD","BEN",NA,"mean",0.00558839854673898
"pi","Probability of travel from i to j","point","SWZ","BEN",NA,"mean",0.00317079973553421
"pi","Probability of travel from i to j","point","TCD","BEN",NA,"mean",0.0221464524836173
"pi","Probability of travel from i to j","point","TGO","BEN",NA,"mean",0.308928035482375
"pi","Probability of travel from i to j","point","TZA","BEN",NA,"mean",0.00324426915902546
"pi","Probability of travel from i to j","point","UGA","BEN",NA,"mean",0.00321179788071754
"pi","Probability of travel from i to j","point","ZAF","BEN",NA,"mean",0.00670662772479772
"pi","Probability of travel from i to j","point","ZMB","BEN",NA,"mean",0.00388644524480875
"pi","Probability of travel from i to j","point","ZWE","BEN",NA,"mean",0.00320342610482518
"pi","Probability of travel from i to j","point","AGO","BFA",NA,"mean",0.0106120177231247
"pi","Probability of travel from i to j","point","BDI","BFA",NA,"mean",0.00150724004678419
"pi","Probability of travel from i to j","point","BEN","BFA",NA,"mean",0.0813032605500495
"pi","Probability of travel from i to j","point","BFA","BFA",NA,"mean",NA
"pi","Probability of travel from i to j","point","BWA","BFA",NA,"mean",0.00446115211416548
"pi","Probability of travel from i to j","point","CAF","BFA",NA,"mean",0.0123063606358681
"pi","Probability of travel from i to j","point","CIV","BFA",NA,"mean",0.107814265866908
"pi","Probability of travel from i to j","point","CMR","BFA",NA,"mean",0.0177923868603614
"pi","Probability of travel from i to j","point","COD","BFA",NA,"mean",0.00773985038530496
"pi","Probability of travel from i to j","point","COG","BFA",NA,"mean",0.0123682712700508
"pi","Probability of travel from i to j","point","ERI","BFA",NA,"mean",0.00583710924522211
"pi","Probability of travel from i to j","point","ETH","BFA",NA,"mean",0.00560984139227074
"pi","Probability of travel from i to j","point","GAB","BFA",NA,"mean",0.0143027105479378
"pi","Probability of travel from i to j","point","GHA","BFA",NA,"mean",0.130395152472117
"pi","Probability of travel from i to j","point","GIN","BFA",NA,"mean",0.040609558897008
"pi","Probability of travel from i to j","point","GMB","BFA",NA,"mean",0.00930252485488615
"pi","Probability of travel from i to j","point","GNB","BFA",NA,"mean",0.0171445644292081
"pi","Probability of travel from i to j","point","GNQ","BFA",NA,"mean",0.0165963944491647
"pi","Probability of travel from i to j","point","KEN","BFA",NA,"mean",0.00329342273314531
"pi","Probability of travel from i to j","point","LBR","BFA",NA,"mean",0.0431600735152716
"pi","Probability of travel from i to j","point","MLI","BFA",NA,"mean",0.20906424370616
"pi","Probability of travel from i to j","point","MOZ","BFA",NA,"mean",0.00305211364692948
"pi","Probability of travel from i to j","point","MRT","BFA",NA,"mean",0.0695897996542659
"pi","Probability of travel from i to j","point","MWI","BFA",NA,"mean",0.00261973597904085
"pi","Probability of travel from i to j","point","NAM","BFA",NA,"mean",0.00774506211140955
"pi","Probability of travel from i to j","point","NER","BFA",NA,"mean",0.0459535200620433
"pi","Probability of travel from i to j","point","NGA","BFA",NA,"mean",0.0580506342669914
"pi","Probability of travel from i to j","point","RWA","BFA",NA,"mean",0.00153723532927408
"pi","Probability of travel from i to j","point","SEN","BFA",NA,"mean",0.023381857382328
"pi","Probability of travel from i to j","point","SLE","BFA",NA,"mean",0.0282743592540798
"pi","Probability of travel from i to j","point","SOM","BFA",NA,"mean",0.00388124229870187
"pi","Probability of travel from i to j","point","SSD","BFA",NA,"mean",0.00585968600354067
"pi","Probability of travel from i to j","point","SWZ","BFA",NA,"mean",0.00363104771070343
"pi","Probability of travel from i to j","point","TCD","BFA",NA,"mean",0.0219556951564434
"pi","Probability of travel from i to j","point","TGO","BFA",NA,"mean",0.0669264992797657
"pi","Probability of travel from i to j","point","TZA","BFA",NA,"mean",0.00351819717072584
"pi","Probability of travel from i to j","point","UGA","BFA",NA,"mean",0.00339261478235103
"pi","Probability of travel from i to j","point","ZAF","BFA",NA,"mean",0.00771166799492703
"pi","Probability of travel from i to j","point","ZMB","BFA",NA,"mean",0.00416037288916532
"pi","Probability of travel from i to j","point","ZWE","BFA",NA,"mean",0.00354635630145814
"pi","Probability of travel from i to j","point","AGO","BWA",NA,"mean",0.0175343980175293
"pi","Probability of travel from i to j","point","BDI","BWA",NA,"mean",0.00115879730058382
"pi","Probability of travel from i to j","point","BEN","BWA",NA,"mean",0.000407944229298723
"pi","Probability of travel from i to j","point","BFA","BWA",NA,"mean",0.000566865002967508
"pi","Probability of travel from i to j","point","BWA","BWA",NA,"mean",NA
"pi","Probability of travel from i to j","point","CAF","BWA",NA,"mean",0.00198747924278261
"pi","Probability of travel from i to j","point","CIV","BWA",NA,"mean",0.000700944888740625
"pi","Probability of travel from i to j","point","CMR","BWA",NA,"mean",0.00135394502129162
"pi","Probability of travel from i to j","point","COD","BWA",NA,"mean",0.00441161778888971
"pi","Probability of travel from i to j","point","COG","BWA",NA,"mean",0.00278282820753125
"pi","Probability of travel from i to j","point","ERI","BWA",NA,"mean",0.00144316546502266
"pi","Probability of travel from i to j","point","ETH","BWA",NA,"mean",0.00199138684688931
"pi","Probability of travel from i to j","point","GAB","BWA",NA,"mean",0.00217684468982852
"pi","Probability of travel from i to j","point","GHA","BWA",NA,"mean",0.000524112028313296
"pi","Probability of travel from i to j","point","GIN","BWA",NA,"mean",0.000466201943406401
"pi","Probability of travel from i to j","point","GMB","BWA",NA,"mean",0.000177807367050018
"pi","Probability of travel from i to j","point","GNB","BWA",NA,"mean",0.000324214314780328
"pi","Probability of travel from i to j","point","GNQ","BWA",NA,"mean",0.00154772486129735
"pi","Probability of travel from i to j","point","KEN","BWA",NA,"mean",0.00192875247510071
"pi","Probability of travel from i to j","point","LBR","BWA",NA,"mean",0.000618188891289908
"pi","Probability of travel from i to j","point","MLI","BWA",NA,"mean",0.000839787266888106
"pi","Probability of travel from i to j","point","MOZ","BWA",NA,"mean",0.0103191443229023
"pi","Probability of travel from i to j","point","MRT","BWA",NA,"mean",0.000944179723968575
"pi","Probability of travel from i to j","point","MWI","BWA",NA,"mean",0.00669350613272998
"pi","Probability of travel from i to j","point","NAM","BWA",NA,"mean",0.0671993378212039
"pi","Probability of travel from i to j","point","NER","BWA",NA,"mean",0.00107324270142682
"pi","Probability of travel from i to j","point","NGA","BWA",NA,"mean",0.00136969075716396
"pi","Probability of travel from i to j","point","RWA","BWA",NA,"mean",0.00101672839779628
"pi","Probability of travel from i to j","point","SEN","BWA",NA,"mean",0.000398296441969923
"pi","Probability of travel from i to j","point","SLE","BWA",NA,"mean",0.000434120129773516
"pi","Probability of travel from i to j","point","SOM","BWA",NA,"mean",0.00172388526068405
"pi","Probability of travel from i to j","point","SSD","BWA",NA,"mean",0.00169017004087298
"pi","Probability of travel from i to j","point","SWZ","BWA",NA,"mean",0.0291768055221942
"pi","Probability of travel from i to j","point","TCD","BWA",NA,"mean",0.00169014605898965
"pi","Probability of travel from i to j","point","TGO","BWA",NA,"mean",0.000313369832213057
"pi","Probability of travel from i to j","point","TZA","BWA",NA,"mean",0.0038817292258434
"pi","Probability of travel from i to j","point","UGA","BWA",NA,"mean",0.00168273139747478
"pi","Probability of travel from i to j","point","ZAF","BWA",NA,"mean",0.0811450778866844
"pi","Probability of travel from i to j","point","ZMB","BWA",NA,"mean",0.0156383494928851
"pi","Probability of travel from i to j","point","ZWE","BWA",NA,"mean",0.0348167584770643
"pi","Probability of travel from i to j","point","AGO","CAF",NA,"mean",0.0110090877470582
"pi","Probability of travel from i to j","point","BDI","CAF",NA,"mean",0.00371988145460139
"pi","Probability of travel from i to j","point","BEN","CAF",NA,"mean",0.00265916988510557
"pi","Probability of travel from i to j","point","BFA","CAF",NA,"mean",0.00301261585260072
"pi","Probability of travel from i to j","point","BWA","CAF",NA,"mean",0.00382898889876605
"pi","Probability of travel from i to j","point","CAF","CAF",NA,"mean",NA
"pi","Probability of travel from i to j","point","CIV","CAF",NA,"mean",0.00274511725693239
"pi","Probability of travel from i to j","point","CMR","CAF",NA,"mean",0.02818055858708
"pi","Probability of travel from i to j","point","COD","CAF",NA,"mean",0.0250300620442773
"pi","Probability of travel from i to j","point","COG","CAF",NA,"mean",0.025796279784636
"pi","Probability of travel from i to j","point","ERI","CAF",NA,"mean",0.00870217233991027
"pi","Probability of travel from i to j","point","ETH","CAF",NA,"mean",0.00976948815729982
"pi","Probability of travel from i to j","point","GAB","CAF",NA,"mean",0.0153177158253464
"pi","Probability of travel from i to j","point","GHA","CAF",NA,"mean",0.00256770502458373
"pi","Probability of travel from i to j","point","GIN","CAF",NA,"mean",0.00162645183657021
"pi","Probability of travel from i to j","point","GMB","CAF",NA,"mean",0.000582257663417055
"pi","Probability of travel from i to j","point","GNB","CAF",NA,"mean",0.00104375499681727
"pi","Probability of travel from i to j","point","GNQ","CAF",NA,"mean",0.0133770349198983
"pi","Probability of travel from i to j","point","KEN","CAF",NA,"mean",0.006253300353889
"pi","Probability of travel from i to j","point","LBR","CAF",NA,"mean",0.00203469278510848
"pi","Probability of travel from i to j","point","MLI","CAF",NA,"mean",0.00431629676806963
"pi","Probability of travel from i to j","point","MOZ","CAF",NA,"mean",0.00337154175768171
"pi","Probability of travel from i to j","point","MRT","CAF",NA,"mean",0.00387210841721305
"pi","Probability of travel from i to j","point","MWI","CAF",NA,"mean",0.00333117511708986
"pi","Probability of travel from i to j","point","NAM","CAF",NA,"mean",0.00567271827243023
"pi","Probability of travel from i to j","point","NER","CAF",NA,"mean",0.0116414018866581
"pi","Probability of travel from i to j","point","NGA","CAF",NA,"mean",0.0154625569158818
"pi","Probability of travel from i to j","point","RWA","CAF",NA,"mean",0.00419724249294928
"pi","Probability of travel from i to j","point","SEN","CAF",NA,"mean",0.00135593531935856
"pi","Probability of travel from i to j","point","SLE","CAF",NA,"mean",0.00140913999782841
"pi","Probability of travel from i to j","point","SOM","CAF",NA,"mean",0.00528166759112638
"pi","Probability of travel from i to j","point","SSD","CAF",NA,"mean",0.0227018625748777
"pi","Probability of travel from i to j","point","SWZ","CAF",NA,"mean",0.00302900809604384
"pi","Probability of travel from i to j","point","TCD","CAF",NA,"mean",0.0420080300752747
"pi","Probability of travel from i to j","point","TGO","CAF",NA,"mean",0.00179317298282682
"pi","Probability of travel from i to j","point","TZA","CAF",NA,"mean",0.00597328602554901
"pi","Probability of travel from i to j","point","UGA","CAF",NA,"mean",0.0095699067944395
"pi","Probability of travel from i to j","point","ZAF","CAF",NA,"mean",0.00569800221844541
"pi","Probability of travel from i to j","point","ZMB","CAF",NA,"mean",0.005394343348431
"pi","Probability of travel from i to j","point","ZWE","CAF",NA,"mean",0.00366294563144031
"pi","Probability of travel from i to j","point","AGO","CIV",NA,"mean",0.0133851741828076
"pi","Probability of travel from i to j","point","BDI","CIV",NA,"mean",0.00163868976989348
"pi","Probability of travel from i to j","point","BEN","CIV",NA,"mean",0.0364751980562826
"pi","Probability of travel from i to j","point","BFA","CIV",NA,"mean",0.110650907011094
"pi","Probability of travel from i to j","point","BWA","CIV",NA,"mean",0.0056614803965609
"pi","Probability of travel from i to j","point","CAF","CIV",NA,"mean",0.0115086803794683
"pi","Probability of travel from i to j","point","CIV","CIV",NA,"mean",NA
"pi","Probability of travel from i to j","point","CMR","CIV",NA,"mean",0.0161264032783305
"pi","Probability of travel from i to j","point","COD","CIV",NA,"mean",0.00845084546005897
"pi","Probability of travel from i to j","point","COG","CIV",NA,"mean",0.0136004839844793
"pi","Probability of travel from i to j","point","ERI","CIV",NA,"mean",0.00569076567216978
"pi","Probability of travel from i to j","point","ETH","CIV",NA,"mean",0.00567650876860152
"pi","Probability of travel from i to j","point","GAB","CIV",NA,"mean",0.0162879946137384
"pi","Probability of travel from i to j","point","GHA","CIV",NA,"mean",0.158219346511625
"pi","Probability of travel from i to j","point","GIN","CIV",NA,"mean",0.109866135523124
"pi","Probability of travel from i to j","point","GMB","CIV",NA,"mean",0.0154306328842584
"pi","Probability of travel from i to j","point","GNB","CIV",NA,"mean",0.0320586831384016
"pi","Probability of travel from i to j","point","GNQ","CIV",NA,"mean",0.0179246693407685
"pi","Probability of travel from i to j","point","KEN","CIV",NA,"mean",0.00348568082392237
"pi","Probability of travel from i to j","point","LBR","CIV",NA,"mean",0.280586390745077
"pi","Probability of travel from i to j","point","MLI","CIV",NA,"mean",0.0781170915446641
"pi","Probability of travel from i to j","point","MOZ","CIV",NA,"mean",0.0036096368778168
"pi","Probability of travel from i to j","point","MRT","CIV",NA,"mean",0.062051648444361
"pi","Probability of travel from i to j","point","MWI","CIV",NA,"mean",0.00304812878595513
"pi","Probability of travel from i to j","point","NAM","CIV",NA,"mean",0.0102529443937022
"pi","Probability of travel from i to j","point","NER","CIV",NA,"mean",0.0264725311050649
"pi","Probability of travel from i to j","point","NGA","CIV",NA,"mean",0.0389601986669535
"pi","Probability of travel from i to j","point","RWA","CIV",NA,"mean",0.001650606359665
"pi","Probability of travel from i to j","point","SEN","CIV",NA,"mean",0.0359732221369087
"pi","Probability of travel from i to j","point","SLE","CIV",NA,"mean",0.0925109516528875
"pi","Probability of travel from i to j","point","SOM","CIV",NA,"mean",0.00404902954794485
"pi","Probability of travel from i to j","point","SSD","CIV",NA,"mean",0.00576025329519218
"pi","Probability of travel from i to j","point","SWZ","CIV",NA,"mean",0.00452513410050791
"pi","Probability of travel from i to j","point","TCD","CIV",NA,"mean",0.0174618677760109
"pi","Probability of travel from i to j","point","TGO","CIV",NA,"mean",0.041417535315203
"pi","Probability of travel from i to j","point","TZA","CIV",NA,"mean",0.0039056778137054
"pi","Probability of travel from i to j","point","UGA","CIV",NA,"mean",0.00353524578016528
"pi","Probability of travel from i to j","point","ZAF","CIV",NA,"mean",0.00992193529667721
"pi","Probability of travel from i to j","point","ZMB","CIV",NA,"mean",0.00494074357980281
"pi","Probability of travel from i to j","point","ZWE","CIV",NA,"mean",0.00431192400410304
"pi","Probability of travel from i to j","point","AGO","CMR",NA,"mean",0.0319086321755587
"pi","Probability of travel from i to j","point","BDI","CMR",NA,"mean",0.00526147046639356
"pi","Probability of travel from i to j","point","BEN","CMR",NA,"mean",0.0188977801809432
"pi","Probability of travel from i to j","point","BFA","CMR",NA,"mean",0.0164826118555765
"pi","Probability of travel from i to j","point","BWA","CMR",NA,"mean",0.00987097915627516
"pi","Probability of travel from i to j","point","CAF","CMR",NA,"mean",0.106641758262646
"pi","Probability of travel from i to j","point","CIV","CMR",NA,"mean",0.014556286227591
"pi","Probability of travel from i to j","point","CMR","CMR",NA,"mean",NA
"pi","Probability of travel from i to j","point","COD","CMR",NA,"mean",0.0367008698746131
"pi","Probability of travel from i to j","point","COG","CMR",NA,"mean",0.116633121181437
"pi","Probability of travel from i to j","point","ERI","CMR",NA,"mean",0.0131946128675681
"pi","Probability of travel from i to j","point","ETH","CMR",NA,"mean",0.0140461787318315
"pi","Probability of travel from i to j","point","GAB","CMR",NA,"mean",0.124189946520972
"pi","Probability of travel from i to j","point","GHA","CMR",NA,"mean",0.0159249324655158
"pi","Probability of travel from i to j","point","GIN","CMR",NA,"mean",0.00744392790338262
"pi","Probability of travel from i to j","point","GMB","CMR",NA,"mean",0.00243849843114872
"pi","Probability of travel from i to j","point","GNB","CMR",NA,"mean",0.00444017438607846
"pi","Probability of travel from i to j","point","GNQ","CMR",NA,"mean",0.195955780529101
"pi","Probability of travel from i to j","point","KEN","CMR",NA,"mean",0.00910754245414975
"pi","Probability of travel from i to j","point","LBR","CMR",NA,"mean",0.00985967023620152
"pi","Probability of travel from i to j","point","MLI","CMR",NA,"mean",0.0197274617642529
"pi","Probability of travel from i to j","point","MOZ","CMR",NA,"mean",0.0071497635613092
"pi","Probability of travel from i to j","point","MRT","CMR",NA,"mean",0.0157292963193056
"pi","Probability of travel from i to j","point","MWI","CMR",NA,"mean",0.00665711749259853
"pi","Probability of travel from i to j","point","NAM","CMR",NA,"mean",0.0163351816804624
"pi","Probability of travel from i to j","point","NER","CMR",NA,"mean",0.0495238804244457
"pi","Probability of travel from i to j","point","NGA","CMR",NA,"mean",0.172732063080669
"pi","Probability of travel from i to j","point","RWA","CMR",NA,"mean",0.0055039764854345
"pi","Probability of travel from i to j","point","SEN","CMR",NA,"mean",0.00569467538200796
"pi","Probability of travel from i to j","point","SLE","CMR",NA,"mean",0.00643553767464031
"pi","Probability of travel from i to j","point","SOM","CMR",NA,"mean",0.00873056119243957
"pi","Probability of travel from i to j","point","SSD","CMR",NA,"mean",0.0206630893853194
"pi","Probability of travel from i to j","point","SWZ","CMR",NA,"mean",0.00739856121734945
"pi","Probability of travel from i to j","point","TCD","CMR",NA,"mean",0.0742461818884991
"pi","Probability of travel from i to j","point","TGO","CMR",NA,"mean",0.0122705685819406
"pi","Probability of travel from i to j","point","TZA","CMR",NA,"mean",0.00995976644284814
"pi","Probability of travel from i to j","point","UGA","CMR",NA,"mean",0.011365247091349
"pi","Probability of travel from i to j","point","ZAF","CMR",NA,"mean",0.0149629279733988
"pi","Probability of travel from i to j","point","ZMB","CMR",NA,"mean",0.0115360931680416
"pi","Probability of travel from i to j","point","ZWE","CMR",NA,"mean",0.00839273720456045
"pi","Probability of travel from i to j","point","AGO","COD",NA,"mean",0.184462569512173
"pi","Probability of travel from i to j","point","BDI","COD",NA,"mean",0.0981441953948917
"pi","Probability of travel from i to j","point","BEN","COD",NA,"mean",0.00920472202674741
"pi","Probability of travel from i to j","point","BFA","COD",NA,"mean",0.0112468237608795
"pi","Probability of travel from i to j","point","BWA","COD",NA,"mean",0.0504501648634119
"pi","Probability of travel from i to j","point","CAF","COD",NA,"mean",0.148574792034519
"pi","Probability of travel from i to j","point","CIV","COD",NA,"mean",0.0119651662079755
"pi","Probability of travel from i to j","point","CMR","COD",NA,"mean",0.0575680956443389
"pi","Probability of travel from i to j","point","COD","COD",NA,"mean",NA
"pi","Probability of travel from i to j","point","COG","COD",NA,"mean",0.17492348471037
"pi","Probability of travel from i to j","point","ERI","COD",NA,"mean",0.0389002780055414
"pi","Probability of travel from i to j","point","ETH","COD",NA,"mean",0.056543334623399
"pi","Probability of travel from i to j","point","GAB","COD",NA,"mean",0.0828569837367911
"pi","Probability of travel from i to j","point","GHA","COD",NA,"mean",0.0102448622007747
"pi","Probability of travel from i to j","point","GIN","COD",NA,"mean",0.00729534030676126
"pi","Probability of travel from i to j","point","GMB","COD",NA,"mean",0.00265465846484977
"pi","Probability of travel from i to j","point","GNB","COD",NA,"mean",0.00480394920680224
"pi","Probability of travel from i to j","point","GNQ","COD",NA,"mean",0.0536632634122772
"pi","Probability of travel from i to j","point","KEN","COD",NA,"mean",0.0585852673607788
"pi","Probability of travel from i to j","point","LBR","COD",NA,"mean",0.00948994250429748
"pi","Probability of travel from i to j","point","MLI","COD",NA,"mean",0.0160747989965891
"pi","Probability of travel from i to j","point","MOZ","COD",NA,"mean",0.0452609622321077
"pi","Probability of travel from i to j","point","MRT","COD",NA,"mean",0.0159245849005636
"pi","Probability of travel from i to j","point","MWI","COD",NA,"mean",0.0510430633100673
"pi","Probability of travel from i to j","point","NAM","COD",NA,"mean",0.0682000263408123
"pi","Probability of travel from i to j","point","NER","COD",NA,"mean",0.0289537491474311
"pi","Probability of travel from i to j","point","NGA","COD",NA,"mean",0.0401307788050966
"pi","Probability of travel from i to j","point","RWA","COD",NA,"mean",0.0953987091120763
"pi","Probability of travel from i to j","point","SEN","COD",NA,"mean",0.00607887630970838
"pi","Probability of travel from i to j","point","SLE","COD",NA,"mean",0.00653466278390684
"pi","Probability of travel from i to j","point","SOM","COD",NA,"mean",0.035722206330943
"pi","Probability of travel from i to j","point","SSD","COD",NA,"mean",0.0927214142967381
"pi","Probability of travel from i to j","point","SWZ","COD",NA,"mean",0.0350620407667988
"pi","Probability of travel from i to j","point","TCD","COD",NA,"mean",0.0623834339978788
"pi","Probability of travel from i to j","point","TGO","COD",NA,"mean",0.00666476065768728
"pi","Probability of travel from i to j","point","TZA","COD",NA,"mean",0.0932470836156405
"pi","Probability of travel from i to j","point","UGA","COD",NA,"mean",0.0989230827346013
"pi","Probability of travel from i to j","point","ZAF","COD",NA,"mean",0.0633782930166873
"pi","Probability of travel from i to j","point","ZMB","COD",NA,"mean",0.108402398288357
"pi","Probability of travel from i to j","point","ZWE","COD",NA,"mean",0.0530958674951085
"pi","Probability of travel from i to j","point","AGO","COG",NA,"mean",0.0301810764243757
"pi","Probability of travel from i to j","point","BDI","COG",NA,"mean",0.00337599845332161
"pi","Probability of travel from i to j","point","BEN","COG",NA,"mean",0.00340037391839415
"pi","Probability of travel from i to j","point","BFA","COG",NA,"mean",0.00359726331690866
"pi","Probability of travel from i to j","point","BWA","COG",NA,"mean",0.00636967113467746
"pi","Probability of travel from i to j","point","CAF","COG",NA,"mean",0.030648285633003
"pi","Probability of travel from i to j","point","CIV","COG",NA,"mean",0.00385424078068536
"pi","Probability of travel from i to j","point","CMR","COG",NA,"mean",0.0366178891858908
"pi","Probability of travel from i to j","point","COD","COG",NA,"mean",0.0350117665037958
"pi","Probability of travel from i to j","point","COG","COG",NA,"mean",NA
"pi","Probability of travel from i to j","point","ERI","COG",NA,"mean",0.0047871580543926
"pi","Probability of travel from i to j","point","ETH","COG",NA,"mean",0.00576474094528665
"pi","Probability of travel from i to j","point","GAB","COG",NA,"mean",0.155946605349671
"pi","Probability of travel from i to j","point","GHA","COG",NA,"mean",0.00363046520565148
"pi","Probability of travel from i to j","point","GIN","COG",NA,"mean",0.00209408425501023
"pi","Probability of travel from i to j","point","GMB","COG",NA,"mean",0.000709389835264264
"pi","Probability of travel from i to j","point","GNB","COG",NA,"mean",0.001300468795672
"pi","Probability of travel from i to j","point","GNQ","COG",NA,"mean",0.0552716453457314
"pi","Probability of travel from i to j","point","KEN","COG",NA,"mean",0.0044570515796596
"pi","Probability of travel from i to j","point","LBR","COG",NA,"mean",0.00287324532513625
"pi","Probability of travel from i to j","point","MLI","COG",NA,"mean",0.00457144941804355
"pi","Probability of travel from i to j","point","MOZ","COG",NA,"mean",0.00420380786957921
"pi","Probability of travel from i to j","point","MRT","COG",NA,"mean",0.00416707103027735
"pi","Probability of travel from i to j","point","MWI","COG",NA,"mean",0.00404934498080781
"pi","Probability of travel from i to j","point","NAM","COG",NA,"mean",0.010745961609277
"pi","Probability of travel from i to j","point","NER","COG",NA,"mean",0.00816562354476715
"pi","Probability of travel from i to j","point","NGA","COG",NA,"mean",0.0165378605643732
"pi","Probability of travel from i to j","point","RWA","COG",NA,"mean",0.00339878833807534
"pi","Probability of travel from i to j","point","SEN","COG",NA,"mean",0.00162803162084369
"pi","Probability of travel from i to j","point","SLE","COG",NA,"mean",0.001878299604676
"pi","Probability of travel from i to j","point","SOM","COG",NA,"mean",0.00373323883652173
"pi","Probability of travel from i to j","point","SSD","COG",NA,"mean",0.00843070646428673
"pi","Probability of travel from i to j","point","SWZ","COG",NA,"mean",0.00426395214335318
"pi","Probability of travel from i to j","point","TCD","COG",NA,"mean",0.0139363185371167
"pi","Probability of travel from i to j","point","TGO","COG",NA,"mean",0.00246535162789999
"pi","Probability of travel from i to j","point","TZA","COG",NA,"mean",0.00578655746158272
"pi","Probability of travel from i to j","point","UGA","COG",NA,"mean",0.00583908223589712
"pi","Probability of travel from i to j","point","ZAF","COG",NA,"mean",0.00869645313289159
"pi","Probability of travel from i to j","point","ZMB","COG",NA,"mean",0.00816580183208208
"pi","Probability of travel from i to j","point","ZWE","COG",NA,"mean",0.00531304844323971
"pi","Probability of travel from i to j","point","AGO","ERI",NA,"mean",0.00269618538579631
"pi","Probability of travel from i to j","point","BDI","ERI",NA,"mean",0.00130516281707876
"pi","Probability of travel from i to j","point","BEN","ERI",NA,"mean",0.000558908490323933
"pi","Probability of travel from i to j","point","BFA","ERI",NA,"mean",0.000805667803282997
"pi","Probability of travel from i to j","point","BWA","ERI",NA,"mean",0.00156762326788117
"pi","Probability of travel from i to j","point","CAF","ERI",NA,"mean",0.00490649937234062
"pi","Probability of travel from i to j","point","CIV","ERI",NA,"mean",0.000765332474771923
"pi","Probability of travel from i to j","point","CMR","ERI",NA,"mean",0.00196590723312402
"pi","Probability of travel from i to j","point","COD","ERI",NA,"mean",0.00369499255678397
"pi","Probability of travel from i to j","point","COG","ERI",NA,"mean",0.0022718137636637
"pi","Probability of travel from i to j","point","ERI","ERI",NA,"mean",NA
"pi","Probability of travel from i to j","point","ETH","ERI",NA,"mean",0.0534008846623945
"pi","Probability of travel from i to j","point","GAB","ERI",NA,"mean",0.00170317992353462
"pi","Probability of travel from i to j","point","GHA","ERI",NA,"mean",0.000614179958778226
"pi","Probability of travel from i to j","point","GIN","ERI",NA,"mean",0.000540356765809485
"pi","Probability of travel from i to j","point","GMB","ERI",NA,"mean",0.000218596916600402
"pi","Probability of travel from i to j","point","GNB","ERI",NA,"mean",0.00038254664281103
"pi","Probability of travel from i to j","point","GNQ","ERI",NA,"mean",0.00146826869320709
"pi","Probability of travel from i to j","point","KEN","ERI",NA,"mean",0.00719711731302152
"pi","Probability of travel from i to j","point","LBR","ERI",NA,"mean",0.000623947860440319
"pi","Probability of travel from i to j","point","MLI","ERI",NA,"mean",0.00140080110010122
"pi","Probability of travel from i to j","point","MOZ","ERI",NA,"mean",0.00194116137721655
"pi","Probability of travel from i to j","point","MRT","ERI",NA,"mean",0.00151325074018033
"pi","Probability of travel from i to j","point","MWI","ERI",NA,"mean",0.00180398432536781
"pi","Probability of travel from i to j","point","NAM","ERI",NA,"mean",0.00203907522464404
"pi","Probability of travel from i to j","point","NER","ERI",NA,"mean",0.00279126380977347
"pi","Probability of travel from i to j","point","NGA","ERI",NA,"mean",0.00221752127290076
"pi","Probability of travel from i to j","point","RWA","ERI",NA,"mean",0.00144627534966415
"pi","Probability of travel from i to j","point","SEN","ERI",NA,"mean",0.000507644333171118
"pi","Probability of travel from i to j","point","SLE","ERI",NA,"mean",0.000467232761697297
"pi","Probability of travel from i to j","point","SOM","ERI",NA,"mean",0.017825336281951
"pi","Probability of travel from i to j","point","SSD","ERI",NA,"mean",0.0127258961852645
"pi","Probability of travel from i to j","point","SWZ","ERI",NA,"mean",0.00159294412306774
"pi","Probability of travel from i to j","point","TCD","ERI",NA,"mean",0.00734718596664931
"pi","Probability of travel from i to j","point","TGO","ERI",NA,"mean",0.000392876589981282
"pi","Probability of travel from i to j","point","TZA","ERI",NA,"mean",0.00359055912305493
"pi","Probability of travel from i to j","point","UGA","ERI",NA,"mean",0.00531666232314106
"pi","Probability of travel from i to j","point","ZAF","ERI",NA,"mean",0.00269884874096499
"pi","Probability of travel from i to j","point","ZMB","ERI",NA,"mean",0.00206001357248867
"pi","Probability of travel from i to j","point","ZWE","ERI",NA,"mean",0.00169980550522074
"pi","Probability of travel from i to j","point","AGO","ETH",NA,"mean",0.0322125648639371
"pi","Probability of travel from i to j","point","BDI","ETH",NA,"mean",0.0211351575124538
"pi","Probability of travel from i to j","point","BEN","ETH",NA,"mean",0.00494927339099142
"pi","Probability of travel from i to j","point","BFA","ETH",NA,"mean",0.00697014290859941
"pi","Probability of travel from i to j","point","BWA","ETH",NA,"mean",0.0194721596072842
"pi","Probability of travel from i to j","point","CAF","ETH",NA,"mean",0.0495848257669631
"pi","Probability of travel from i to j","point","CIV","ETH",NA,"mean",0.00687216636873762
"pi","Probability of travel from i to j","point","CMR","ETH",NA,"mean",0.0188389837491909
"pi","Probability of travel from i to j","point","COD","ETH",NA,"mean",0.0483476303675835
"pi","Probability of travel from i to j","point","COG","ETH",NA,"mean",0.0246267821564959
"pi","Probability of travel from i to j","point","ERI","ETH",NA,"mean",0.480708016691648
"pi","Probability of travel from i to j","point","ETH","ETH",NA,"mean",NA
"pi","Probability of travel from i to j","point","GAB","ETH",NA,"mean",0.0177040315742029
"pi","Probability of travel from i to j","point","GHA","ETH",NA,"mean",0.00551659796314598
"pi","Probability of travel from i to j","point","GIN","ETH",NA,"mean",0.00475863064162811
"pi","Probability of travel from i to j","point","GMB","ETH",NA,"mean",0.00189665536145517
"pi","Probability of travel from i to j","point","GNB","ETH",NA,"mean",0.00334361717717272
"pi","Probability of travel from i to j","point","GNQ","ETH",NA,"mean",0.0146667214572627
"pi","Probability of travel from i to j","point","KEN","ETH",NA,"mean",0.203285226817393
"pi","Probability of travel from i to j","point","LBR","ETH",NA,"mean",0.00563319153344769
"pi","Probability of travel from i to j","point","MLI","ETH",NA,"mean",0.0116668835060222
"pi","Probability of travel from i to j","point","MOZ","ETH",NA,"mean",0.0274787286683082
"pi","Probability of travel from i to j","point","MRT","ETH",NA,"mean",0.0125634515964413
"pi","Probability of travel from i to j","point","MWI","ETH",NA,"mean",0.0267566850354527
"pi","Probability of travel from i to j","point","NAM","ETH",NA,"mean",0.0241029870178301
"pi","Probability of travel from i to j","point","NER","ETH",NA,"mean",0.0220492333142191
"pi","Probability of travel from i to j","point","NGA","ETH",NA,"mean",0.0196966466329227
"pi","Probability of travel from i to j","point","RWA","ETH",NA,"mean",0.023812034084071
"pi","Probability of travel from i to j","point","SEN","ETH",NA,"mean",0.00438059311093743
"pi","Probability of travel from i to j","point","SLE","ETH",NA,"mean",0.00416069741795562
"pi","Probability of travel from i to j","point","SOM","ETH",NA,"mean",0.469101796722058
"pi","Probability of travel from i to j","point","SSD","ETH",NA,"mean",0.179050947942821
"pi","Probability of travel from i to j","point","SWZ","ETH",NA,"mean",0.0201063284005312
"pi","Probability of travel from i to j","point","TCD","ETH",NA,"mean",0.0556924047158588
"pi","Probability of travel from i to j","point","TGO","ETH",NA,"mean",0.00351599963951635
"pi","Probability of travel from i to j","point","TZA","ETH",NA,"mean",0.0632139105381685
"pi","Probability of travel from i to j","point","UGA","ETH",NA,"mean",0.106394155448129
"pi","Probability of travel from i to j","point","ZAF","ETH",NA,"mean",0.032672669153823
"pi","Probability of travel from i to j","point","ZMB","ETH",NA,"mean",0.0282812627980067
"pi","Probability of travel from i to j","point","ZWE","ETH",NA,"mean",0.0226356906461575
"pi","Probability of travel from i to j","point","AGO","GAB",NA,"mean",0.0139517998549951
"pi","Probability of travel from i to j","point","BDI","GAB",NA,"mean",0.00128944209687449
"pi","Probability of travel from i to j","point","BEN","GAB",NA,"mean",0.00267808993996773
"pi","Probability of travel from i to j","point","BFA","GAB",NA,"mean",0.00263871519915531
"pi","Probability of travel from i to j","point","BWA","GAB",NA,"mean",0.00316059610229315
"pi","Probability of travel from i to j","point","CAF","GAB",NA,"mean",0.0115439399248713
"pi","Probability of travel from i to j","point","CIV","GAB",NA,"mean",0.00292794583175679
"pi","Probability of travel from i to j","point","CMR","GAB",NA,"mean",0.0247325439929413
"pi","Probability of travel from i to j","point","COD","GAB",NA,"mean",0.0105197632109923
"pi","Probability of travel from i to j","point","COG","GAB",NA,"mean",0.098920628580009
"pi","Probability of travel from i to j","point","ERI","GAB",NA,"mean",0.0022765464252352
"pi","Probability of travel from i to j","point","ETH","GAB",NA,"mean",0.00262878606834604
"pi","Probability of travel from i to j","point","GAB","GAB",NA,"mean",NA
"pi","Probability of travel from i to j","point","GHA","GAB",NA,"mean",0.00288830004664725
"pi","Probability of travel from i to j","point","GIN","GAB",NA,"mean",0.00148624078379332
"pi","Probability of travel from i to j","point","GMB","GAB",NA,"mean",0.00048380560238348
"pi","Probability of travel from i to j","point","GNB","GAB",NA,"mean",0.000894658844947601
"pi","Probability of travel from i to j","point","GNQ","GAB",NA,"mean",0.118582670229986
"pi","Probability of travel from i to j","point","KEN","GAB",NA,"mean",0.00193084102794357
"pi","Probability of travel from i to j","point","LBR","GAB",NA,"mean",0.00211893353769044
"pi","Probability of travel from i to j","point","MLI","GAB",NA,"mean",0.00312729011063706
"pi","Probability of travel from i to j","point","MOZ","GAB",NA,"mean",0.00195098526208707
"pi","Probability of travel from i to j","point","MRT","GAB",NA,"mean",0.00276758990302449
"pi","Probability of travel from i to j","point","MWI","GAB",NA,"mean",0.00180802912151068
"pi","Probability of travel from i to j","point","NAM","GAB",NA,"mean",0.00567024796089999
"pi","Probability of travel from i to j","point","NER","GAB",NA,"mean",0.0050981894680788
"pi","Probability of travel from i to j","point","NGA","GAB",NA,"mean",0.0124823952932733
"pi","Probability of travel from i to j","point","RWA","GAB",NA,"mean",0.00129181163688389
"pi","Probability of travel from i to j","point","SEN","GAB",NA,"mean",0.00110926277238433
"pi","Probability of travel from i to j","point","SLE","GAB",NA,"mean",0.0013402779875326
"pi","Probability of travel from i to j","point","SOM","GAB",NA,"mean",0.00174564261777747
"pi","Probability of travel from i to j","point","SSD","GAB",NA,"mean",0.00351624206359703
"pi","Probability of travel from i to j","point","SWZ","GAB",NA,"mean",0.00212942486101773
"pi","Probability of travel from i to j","point","TCD","GAB",NA,"mean",0.00720900207103891
"pi","Probability of travel from i to j","point","TGO","GAB",NA,"mean",0.00198339711722655
"pi","Probability of travel from i to j","point","TZA","GAB",NA,"mean",0.00245028914060022
"pi","Probability of travel from i to j","point","UGA","GAB",NA,"mean",0.00235301749349856
"pi","Probability of travel from i to j","point","ZAF","GAB",NA,"mean",0.00449816867263067
"pi","Probability of travel from i to j","point","ZMB","GAB",NA,"mean",0.00353368193708893
"pi","Probability of travel from i to j","point","ZWE","GAB",NA,"mean",0.00249123479382357
"pi","Probability of travel from i to j","point","AGO","GHA",NA,"mean",0.017432743638814
"pi","Probability of travel from i to j","point","BDI","GHA",NA,"mean",0.00219615990900877
"pi","Probability of travel from i to j","point","BEN","GHA",NA,"mean",0.157307443128103
"pi","Probability of travel from i to j","point","BFA","GHA",NA,"mean",0.217939825135727
"pi","Probability of travel from i to j","point","BWA","GHA",NA,"mean",0.00689392675450387
"pi","Probability of travel from i to j","point","CAF","GHA",NA,"mean",0.0175309787514337
"pi","Probability of travel from i to j","point","CIV","GHA",NA,"mean",0.257665332129295
"pi","Probability of travel from i to j","point","CMR","GHA",NA,"mean",0.0287316741283655
"pi","Probability of travel from i to j","point","COD","GHA",NA,"mean",0.0117837616317929
"pi","Probability of travel from i to j","point","COG","GHA",NA,"mean",0.020862877276563
"pi","Probability of travel from i to j","point","ERI","GHA",NA,"mean",0.00743725385790966
"pi","Probability of travel from i to j","point","ETH","GHA",NA,"mean",0.00742087961627702
"pi","Probability of travel from i to j","point","GAB","GHA",NA,"mean",0.0261663586572927
"pi","Probability of travel from i to j","point","GHA","GHA",NA,"mean",NA
"pi","Probability of travel from i to j","point","GIN","GHA",NA,"mean",0.0455342299023204
"pi","Probability of travel from i to j","point","GMB","GHA",NA,"mean",0.00969271050781825
"pi","Probability of travel from i to j","point","GNB","GHA",NA,"mean",0.0187398517990603
"pi","Probability of travel from i to j","point","GNQ","GHA",NA,"mean",0.0314346840769182
"pi","Probability of travel from i to j","point","KEN","GHA",NA,"mean",0.004554837629337
"pi","Probability of travel from i to j","point","LBR","GHA",NA,"mean",0.0738282049304597
"pi","Probability of travel from i to j","point","MLI","GHA",NA,"mean",0.088321941093526
"pi","Probability of travel from i to j","point","MOZ","GHA",NA,"mean",0.00448186575397402
"pi","Probability of travel from i to j","point","MRT","GHA",NA,"mean",0.0532587813646051
"pi","Probability of travel from i to j","point","MWI","GHA",NA,"mean",0.00384873807237204
"pi","Probability of travel from i to j","point","NAM","GHA",NA,"mean",0.0123453817839305
"pi","Probability of travel from i to j","point","NER","GHA",NA,"mean",0.0438781995530442
"pi","Probability of travel from i to j","point","NGA","GHA",NA,"mean",0.0863501996597271
"pi","Probability of travel from i to j","point","RWA","GHA",NA,"mean",0.00222484484643806
"pi","Probability of travel from i to j","point","SEN","GHA",NA,"mean",0.0230547692033242
"pi","Probability of travel from i to j","point","SLE","GHA",NA,"mean",0.0370422894209432
"pi","Probability of travel from i to j","point","SOM","GHA",NA,"mean",0.00516129210652306
"pi","Probability of travel from i to j","point","SSD","GHA",NA,"mean",0.00793728422917069
"pi","Probability of travel from i to j","point","SWZ","GHA",NA,"mean",0.00542641129249566
"pi","Probability of travel from i to j","point","TCD","GHA",NA,"mean",0.0265753573533368
"pi","Probability of travel from i to j","point","TGO","GHA",NA,"mean",0.342454958079773
"pi","Probability of travel from i to j","point","TZA","GHA",NA,"mean",0.00506105909146264
"pi","Probability of travel from i to j","point","UGA","GHA",NA,"mean",0.00475768079692255
"pi","Probability of travel from i to j","point","ZAF","GHA",NA,"mean",0.0117286804668919
"pi","Probability of travel from i to j","point","ZMB","GHA",NA,"mean",0.00631520092220041
"pi","Probability of travel from i to j","point","ZWE","GHA",NA,"mean",0.00534173314352681
"pi","Probability of travel from i to j","point","AGO","GIN",NA,"mean",0.00590320358235209
"pi","Probability of travel from i to j","point","BDI","GIN",NA,"mean",0.000765634408115122
"pi","Probability of travel from i to j","point","BEN","GIN",NA,"mean",0.00900377438161455
"pi","Probability of travel from i to j","point","BFA","GIN",NA,"mean",0.0302711497642642
"pi","Probability of travel from i to j","point","BWA","GIN",NA,"mean",0.00273490415200522
"pi","Probability of travel from i to j","point","CAF","GIN",NA,"mean",0.004952537043052
"pi","Probability of travel from i to j","point","CIV","GIN",NA,"mean",0.0797968494986643
"pi","Probability of travel from i to j","point","CMR","GIN",NA,"mean",0.00598978155263744
"pi","Probability of travel from i to j","point","COD","GIN",NA,"mean",0.00374238855018709
"pi","Probability of travel from i to j","point","COG","GIN",NA,"mean",0.00536699967403369
"pi","Probability of travel from i to j","point","ERI","GIN",NA,"mean",0.00291825374333051
"pi","Probability of travel from i to j","point","ETH","GIN",NA,"mean",0.00285490421209674
"pi","Probability of travel from i to j","point","GAB","GIN",NA,"mean",0.00600503648119243
"pi","Probability of travel from i to j","point","GHA","GIN",NA,"mean",0.0203078285832038
"pi","Probability of travel from i to j","point","GIN","GIN",NA,"mean",NA
"pi","Probability of travel from i to j","point","GMB","GIN",NA,"mean",0.0399669376425752
"pi","Probability of travel from i to j","point","GNB","GIN",NA,"mean",0.104049241302299
"pi","Probability of travel from i to j","point","GNQ","GIN",NA,"mean",0.0062505570213141
"pi","Probability of travel from i to j","point","KEN","GIN",NA,"mean",0.00171164911709061
"pi","Probability of travel from i to j","point","LBR","GIN",NA,"mean",0.143359082269231
"pi","Probability of travel from i to j","point","MLI","GIN",NA,"mean",0.0480259049616493
"pi","Probability of travel from i to j","point","MOZ","GIN",NA,"mean",0.00178093950724185
"pi","Probability of travel from i to j","point","MRT","GIN",NA,"mean",0.069757052757494
"pi","Probability of travel from i to j","point","MWI","GIN",NA,"mean",0.00148351639028836
"pi","Probability of travel from i to j","point","NAM","GIN",NA,"mean",0.00487434455338235
"pi","Probability of travel from i to j","point","NER","GIN",NA,"mean",0.0117492781540843
"pi","Probability of travel from i to j","point","NGA","GIN",NA,"mean",0.0131685872569529
"pi","Probability of travel from i to j","point","RWA","GIN",NA,"mean",0.000770814418176022
"pi","Probability of travel from i to j","point","SEN","GIN",NA,"mean",0.0917477074126711
"pi","Probability of travel from i to j","point","SLE","GIN",NA,"mean",0.465331007810261
"pi","Probability of travel from i to j","point","SOM","GIN",NA,"mean",0.00207685091911968
"pi","Probability of travel from i to j","point","SSD","GIN",NA,"mean",0.00273707684454712
"pi","Probability of travel from i to j","point","SWZ","GIN",NA,"mean",0.00226816038113893
"pi","Probability of travel from i to j","point","TCD","GIN",NA,"mean",0.00797679442671354
"pi","Probability of travel from i to j","point","TGO","GIN",NA,"mean",0.00822316086734318
"pi","Probability of travel from i to j","point","TZA","GIN",NA,"mean",0.00188713066449269
"pi","Probability of travel from i to j","point","UGA","GIN",NA,"mean",0.00168196180424304
"pi","Probability of travel from i to j","point","ZAF","GIN",NA,"mean",0.00496461827504367
"pi","Probability of travel from i to j","point","ZMB","GIN",NA,"mean",0.00233153091448934
"pi","Probability of travel from i to j","point","ZWE","GIN",NA,"mean",0.00209442713306673
"pi","Probability of travel from i to j","point","AGO","GMB",NA,"mean",0.00160294483278943
"pi","Probability of travel from i to j","point","BDI","GMB",NA,"mean",0.000218207162652782
"pi","Probability of travel from i to j","point","BEN","GMB",NA,"mean",0.00177239568231102
"pi","Probability of travel from i to j","point","BFA","GMB",NA,"mean",0.00523887307924142
"pi","Probability of travel from i to j","point","BWA","GMB",NA,"mean",0.000788050729595432
"pi","Probability of travel from i to j","point","CAF","GMB",NA,"mean",0.00133948585567612
"pi","Probability of travel from i to j","point","CIV","GMB",NA,"mean",0.00846724309802646
"pi","Probability of travel from i to j","point","CMR","GMB",NA,"mean",0.00148240782819443
"pi","Probability of travel from i to j","point","COD","GMB",NA,"mean",0.00102884125084963
"pi","Probability of travel from i to j","point","COG","GMB",NA,"mean",0.00137359522416678
"pi","Probability of travel from i to j","point","ERI","GMB",NA,"mean",0.000891913798573717
"pi","Probability of travel from i to j","point","ETH","GMB",NA,"mean",0.000859675126191428
"pi","Probability of travel from i to j","point","GAB","GMB",NA,"mean",0.00147684107277593
"pi","Probability of travel from i to j","point","GHA","GMB",NA,"mean",0.00326593192624304
"pi","Probability of travel from i to j","point","GIN","GMB",NA,"mean",0.0301951552120367
"pi","Probability of travel from i to j","point","GMB","GMB",NA,"mean",NA
"pi","Probability of travel from i to j","point","GNB","GMB",NA,"mean",0.272441916239927
"pi","Probability of travel from i to j","point","GNQ","GMB",NA,"mean",0.00149388300013928
"pi","Probability of travel from i to j","point","KEN","GMB",NA,"mean",0.000505801967320317
"pi","Probability of travel from i to j","point","LBR","GMB",NA,"mean",0.0118864916083651
"pi","Probability of travel from i to j","point","MLI","GMB",NA,"mean",0.0117169424108274
"pi","Probability of travel from i to j","point","MOZ","GMB",NA,"mean",0.000524443757530415
"pi","Probability of travel from i to j","point","MRT","GMB",NA,"mean",0.0336775179801503
"pi","Probability of travel from i to j","point","MWI","GMB",NA,"mean",0.000433222912260696
"pi","Probability of travel from i to j","point","NAM","GMB",NA,"mean",0.00138225607547985
"pi","Probability of travel from i to j","point","NER","GMB",NA,"mean",0.00313139626627374
"pi","Probability of travel from i to j","point","NGA","GMB",NA,"mean",0.00306337289453539
"pi","Probability of travel from i to j","point","RWA","GMB",NA,"mean",0.00021972243314203
"pi","Probability of travel from i to j","point","SEN","GMB",NA,"mean",0.474885783122718
"pi","Probability of travel from i to j","point","SLE","GMB",NA,"mean",0.0214107547768852
"pi","Probability of travel from i to j","point","SOM","GMB",NA,"mean",0.000634252964476289
"pi","Probability of travel from i to j","point","SSD","GMB",NA,"mean",0.000791241804749043
"pi","Probability of travel from i to j","point","SWZ","GMB",NA,"mean",0.00067208919291716
"pi","Probability of travel from i to j","point","TCD","GMB",NA,"mean",0.00222979667171494
"pi","Probability of travel from i to j","point","TGO","GMB",NA,"mean",0.00150396183871664
"pi","Probability of travel from i to j","point","TZA","GMB",NA,"mean",0.00054998959389772
"pi","Probability of travel from i to j","point","UGA","GMB",NA,"mean",0.000486191912549462
"pi","Probability of travel from i to j","point","ZAF","GMB",NA,"mean",0.00146384261834983
"pi","Probability of travel from i to j","point","ZMB","GMB",NA,"mean",0.000665358263175676
"pi","Probability of travel from i to j","point","ZWE","GMB",NA,"mean",0.000608477887332448
"pi","Probability of travel from i to j","point","AGO","GNB",NA,"mean",0.00147287685141757
"pi","Probability of travel from i to j","point","BDI","GNB",NA,"mean",0.000195947258551861
"pi","Probability of travel from i to j","point","BEN","GNB",NA,"mean",0.00164415959433837
"pi","Probability of travel from i to j","point","BFA","GNB",NA,"mean",0.00482585533159035
"pi","Probability of travel from i to j","point","BWA","GNB",NA,"mean",0.00071820333098037
"pi","Probability of travel from i to j","point","CAF","GNB",NA,"mean",0.00120014105072413
"pi","Probability of travel from i to j","point","CIV","GNB",NA,"mean",0.00879254851743498
"pi","Probability of travel from i to j","point","CMR","GNB",NA,"mean",0.00134913699388853
"pi","Probability of travel from i to j","point","COD","GNB",NA,"mean",0.000930569738276002
"pi","Probability of travel from i to j","point","COG","GNB",NA,"mean",0.00125859079590645
"pi","Probability of travel from i to j","point","ERI","GNB",NA,"mean",0.000780142702935616
"pi","Probability of travel from i to j","point","ETH","GNB",NA,"mean",0.00075748369728021
"pi","Probability of travel from i to j","point","GAB","GNB",NA,"mean",0.00136499522928371
"pi","Probability of travel from i to j","point","GHA","GNB",NA,"mean",0.00315601343272917
"pi","Probability of travel from i to j","point","GIN","GNB",NA,"mean",0.0392903697503615
"pi","Probability of travel from i to j","point","GMB","GNB",NA,"mean",0.136171032626383
"pi","Probability of travel from i to j","point","GNB","GNB",NA,"mean",NA
"pi","Probability of travel from i to j","point","GNQ","GNB",NA,"mean",0.0013818452318351
"pi","Probability of travel from i to j","point","KEN","GNB",NA,"mean",0.000449636949977478
"pi","Probability of travel from i to j","point","LBR","GNB",NA,"mean",0.0138457555491779
"pi","Probability of travel from i to j","point","MLI","GNB",NA,"mean",0.00983579866735844
"pi","Probability of travel from i to j","point","MOZ","GNB",NA,"mean",0.00047231224348049
"pi","Probability of travel from i to j","point","MRT","GNB",NA,"mean",0.0234300774056079
"pi","Probability of travel from i to j","point","MWI","GNB",NA,"mean",0.000390018688948076
"pi","Probability of travel from i to j","point","NAM","GNB",NA,"mean",0.0012689999547356
"pi","Probability of travel from i to j","point","NER","GNB",NA,"mean",0.0027286724691744
"pi","Probability of travel from i to j","point","NGA","GNB",NA,"mean",0.00278214807779905
"pi","Probability of travel from i to j","point","RWA","GNB",NA,"mean",0.00019706109357804
"pi","Probability of travel from i to j","point","SEN","GNB",NA,"mean",0.122805195360853
"pi","Probability of travel from i to j","point","SLE","GNB",NA,"mean",0.0302497345325161
"pi","Probability of travel from i to j","point","SOM","GNB",NA,"mean",0.00055887997732476
"pi","Probability of travel from i to j","point","SSD","GNB",NA,"mean",0.000701669703089703
"pi","Probability of travel from i to j","point","SWZ","GNB",NA,"mean",0.000608464964535268
"pi","Probability of travel from i to j","point","TCD","GNB",NA,"mean",0.00195907806207751
"pi","Probability of travel from i to j","point","TGO","GNB",NA,"mean",0.0014191979802975
"pi","Probability of travel from i to j","point","TZA","GNB",NA,"mean",0.000492783819264314
"pi","Probability of travel from i to j","point","UGA","GNB",NA,"mean",0.000433542525552541
"pi","Probability of travel from i to j","point","ZAF","GNB",NA,"mean",0.00133159504164552
"pi","Probability of travel from i to j","point","ZMB","GNB",NA,"mean",0.000602804905880827
"pi","Probability of travel from i to j","point","ZWE","GNB",NA,"mean",0.000551053816912029
"pi","Probability of travel from i to j","point","AGO","GNQ",NA,"mean",0.00791213756372828
"pi","Probability of travel from i to j","point","BDI","GNQ",NA,"mean",0.000871780861136105
"pi","Probability of travel from i to j","point","BEN","GNQ",NA,"mean",0.00327233856789337
"pi","Probability of travel from i to j","point","BFA","GNQ",NA,"mean",0.00287320763742779
"pi","Probability of travel from i to j","point","BWA","GNQ",NA,"mean",0.00210869811192611
"pi","Probability of travel from i to j","point","CAF","GNQ",NA,"mean",0.00946017141072321
"pi","Probability of travel from i to j","point","CIV","GNQ",NA,"mean",0.00302360927366395
"pi","Probability of travel from i to j","point","CMR","GNQ",NA,"mean",0.0366200998802441
"pi","Probability of travel from i to j","point","COD","GNQ",NA,"mean",0.00639341682590761
"pi","Probability of travel from i to j","point","COG","GNQ",NA,"mean",0.0328997372790889
"pi","Probability of travel from i to j","point","ERI","GNQ",NA,"mean",0.00184162251488654
"pi","Probability of travel from i to j","point","ETH","GNQ",NA,"mean",0.00204359677278639
"pi","Probability of travel from i to j","point","GAB","GNQ",NA,"mean",0.111275696291059
"pi","Probability of travel from i to j","point","GHA","GNQ",NA,"mean",0.00325602111319212
"pi","Probability of travel from i to j","point","GIN","GNQ",NA,"mean",0.00145168149520863
"pi","Probability of travel from i to j","point","GMB","GNQ",NA,"mean",0.000459232706774748
"pi","Probability of travel from i to j","point","GNB","GNQ",NA,"mean",0.000849894122169664
"pi","Probability of travel from i to j","point","GNQ","GNQ",NA,"mean",NA
"pi","Probability of travel from i to j","point","KEN","GNQ",NA,"mean",0.00142005036203156
"pi","Probability of travel from i to j","point","LBR","GNQ",NA,"mean",0.0020746458633677
"pi","Probability of travel from i to j","point","MLI","GNQ",NA,"mean",0.0032143228420757
"pi","Probability of travel from i to j","point","MOZ","GNQ",NA,"mean",0.00135168940703274
"pi","Probability of travel from i to j","point","MRT","GNQ",NA,"mean",0.00268679986784565
"pi","Probability of travel from i to j","point","MWI","GNQ",NA,"mean",0.00123815122423519
"pi","Probability of travel from i to j","point","NAM","GNQ",NA,"mean",0.00374060144684436
"pi","Probability of travel from i to j","point","NER","GNQ",NA,"mean",0.00546035159077005
"pi","Probability of travel from i to j","point","NGA","GNQ",NA,"mean",0.0173005179526805
"pi","Probability of travel from i to j","point","RWA","GNQ",NA,"mean",0.000884157778804876
"pi","Probability of travel from i to j","point","SEN","GNQ",NA,"mean",0.00105928159386644
"pi","Probability of travel from i to j","point","SLE","GNQ",NA,"mean",0.001293456819558
"pi","Probability of travel from i to j","point","SOM","GNQ",NA,"mean",0.00134437034904496
"pi","Probability of travel from i to j","point","SSD","GNQ",NA,"mean",0.00271278565373689
"pi","Probability of travel from i to j","point","SWZ","GNQ",NA,"mean",0.00148620086043275
"pi","Probability of travel from i to j","point","TCD","GNQ",NA,"mean",0.00690387277919499
"pi","Probability of travel from i to j","point","TGO","GNQ",NA,"mean",0.00236817522746053
"pi","Probability of travel from i to j","point","TZA","GNQ",NA,"mean",0.00170617053820659
"pi","Probability of travel from i to j","point","UGA","GNQ",NA,"mean",0.0017014988618279
"pi","Probability of travel from i to j","point","ZAF","GNQ",NA,"mean",0.00312933417844066
"pi","Probability of travel from i to j","point","ZMB","GNQ",NA,"mean",0.00229136799203401
"pi","Probability of travel from i to j","point","ZWE","GNQ",NA,"mean",0.00167856092810486
"pi","Probability of travel from i to j","point","AGO","KEN",NA,"mean",0.030587854908154
"pi","Probability of travel from i to j","point","BDI","KEN",NA,"mean",0.0368840307317499
"pi","Probability of travel from i to j","point","BEN","KEN",NA,"mean",0.0030615841902633
"pi","Probability of travel from i to j","point","BFA","KEN",NA,"mean",0.004204356907521
"pi","Probability of travel from i to j","point","BWA","KEN",NA,"mean",0.0193774212258091
"pi","Probability of travel from i to j","point","CAF","KEN",NA,"mean",0.0326097348012268
"pi","Probability of travel from i to j","point","CIV","KEN",NA,"mean",0.00433571738896628
"pi","Probability of travel from i to j","point","CMR","KEN",NA,"mean",0.0125505131412185
"pi","Probability of travel from i to j","point","COD","KEN",NA,"mean",0.0514686988618781
"pi","Probability of travel from i to j","point","COG","KEN",NA,"mean",0.0195630484355282
"pi","Probability of travel from i to j","point","ERI","KEN",NA,"mean",0.0665660048131566
"pi","Probability of travel from i to j","point","ETH","KEN",NA,"mean",0.208865550950293
"pi","Probability of travel from i to j","point","GAB","KEN",NA,"mean",0.0133605533851516
"pi","Probability of travel from i to j","point","GHA","KEN",NA,"mean",0.00347896328509551
"pi","Probability of travel from i to j","point","GIN","KEN",NA,"mean",0.00293133999200817
"pi","Probability of travel from i to j","point","GMB","KEN",NA,"mean",0.00114655679749205
"pi","Probability of travel from i to j","point","GNB","KEN",NA,"mean",0.00203923017013092
"pi","Probability of travel from i to j","point","GNQ","KEN",NA,"mean",0.0104713476907047
"pi","Probability of travel from i to j","point","KEN","KEN",NA,"mean",NA
"pi","Probability of travel from i to j","point","LBR","KEN",NA,"mean",0.00357664298883719
"pi","Probability of travel from i to j","point","MLI","KEN",NA,"mean",0.00673931623669228
"pi","Probability of travel from i to j","point","MOZ","KEN",NA,"mean",0.0340243414824859
"pi","Probability of travel from i to j","point","MRT","KEN",NA,"mean",0.00722291675488021
"pi","Probability of travel from i to j","point","MWI","KEN",NA,"mean",0.0379097666713652
"pi","Probability of travel from i to j","point","NAM","KEN",NA,"mean",0.0221818326963597
"pi","Probability of travel from i to j","point","NER","KEN",NA,"mean",0.0119192803993453
"pi","Probability of travel from i to j","point","NGA","KEN",NA,"mean",0.0121223158107415
"pi","Probability of travel from i to j","point","RWA","KEN",NA,"mean",0.040951118674798
"pi","Probability of travel from i to j","point","SEN","KEN",NA,"mean",0.00263175581462911
"pi","Probability of travel from i to j","point","SLE","KEN",NA,"mean",0.00259694685926552
"pi","Probability of travel from i to j","point","SOM","KEN",NA,"mean",0.139862368020428
"pi","Probability of travel from i to j","point","SSD","KEN",NA,"mean",0.0945119790015821
"pi","Probability of travel from i to j","point","SWZ","KEN",NA,"mean",0.0199088639905959
"pi","Probability of travel from i to j","point","TCD","KEN",NA,"mean",0.0276511944285361
"pi","Probability of travel from i to j","point","TGO","KEN",NA,"mean",0.00220506946082452
"pi","Probability of travel from i to j","point","TZA","KEN",NA,"mean",0.153233797254571
"pi","Probability of travel from i to j","point","UGA","KEN",NA,"mean",0.203450997269337
"pi","Probability of travel from i to j","point","ZAF","KEN",NA,"mean",0.0304760791144257
"pi","Probability of travel from i to j","point","ZMB","KEN",NA,"mean",0.0348656120195617
"pi","Probability of travel from i to j","point","ZWE","KEN",NA,"mean",0.025508308679558
"pi","Probability of travel from i to j","point","AGO","LBR",NA,"mean",0.00402534602408594
"pi","Probability of travel from i to j","point","BDI","LBR",NA,"mean",0.000478910576614723
"pi","Probability of travel from i to j","point","BEN","LBR",NA,"mean",0.00593851144034504
"pi","Probability of travel from i to j","point","BFA","LBR",NA,"mean",0.0159060795398504
"pi","Probability of travel from i to j","point","BWA","LBR",NA,"mean",0.00179295569150585
"pi","Probability of travel from i to j","point","CAF","LBR",NA,"mean",0.0030631319132115
"pi","Probability of travel from i to j","point","CIV","LBR",NA,"mean",0.100755515318045
"pi","Probability of travel from i to j","point","CMR","LBR",NA,"mean",0.0039223969740905
"pi","Probability of travel from i to j","point","COD","LBR",NA,"mean",0.0024068400592244
"pi","Probability of travel from i to j","point","COG","LBR",NA,"mean",0.00364074662680407
"pi","Probability of travel from i to j","point","ERI","LBR",NA,"mean",0.00166598500074213
"pi","Probability of travel from i to j","point","ETH","LBR",NA,"mean",0.0016708766581025
"pi","Probability of travel from i to j","point","GAB","LBR",NA,"mean",0.00423276483014614
"pi","Probability of travel from i to j","point","GHA","LBR",NA,"mean",0.016279015307818
"pi","Probability of travel from i to j","point","GIN","LBR",NA,"mean",0.0708770350477689
"pi","Probability of travel from i to j","point","GMB","LBR",NA,"mean",0.00777853166913068
"pi","Probability of travel from i to j","point","GNB","LBR",NA,"mean",0.0181279957737405
"pi","Probability of travel from i to j","point","GNQ","LBR",NA,"mean",0.00441643338920937
"pi","Probability of travel from i to j","point","KEN","LBR",NA,"mean",0.00103253425615904
"pi","Probability of travel from i to j","point","LBR","LBR",NA,"mean",NA
"pi","Probability of travel from i to j","point","MLI","LBR",NA,"mean",0.0179253403509305
"pi","Probability of travel from i to j","point","MOZ","LBR",NA,"mean",0.00112080345777927
"pi","Probability of travel from i to j","point","MRT","LBR",NA,"mean",0.0202089583625346
"pi","Probability of travel from i to j","point","MWI","LBR",NA,"mean",0.000933763715742063
"pi","Probability of travel from i to j","point","NAM","LBR",NA,"mean",0.00328114974332267
"pi","Probability of travel from i to j","point","NER","LBR",NA,"mean",0.00630277148523336
"pi","Probability of travel from i to j","point","NGA","LBR",NA,"mean",0.00834111769943215
"pi","Probability of travel from i to j","point","RWA","LBR",NA,"mean",0.000480004763247636
"pi","Probability of travel from i to j","point","SEN","LBR",NA,"mean",0.0167470847835335
"pi","Probability of travel from i to j","point","SLE","LBR",NA,"mean",0.109879475753651
"pi","Probability of travel from i to j","point","SOM","LBR",NA,"mean",0.001216050297146
"pi","Probability of travel from i to j","point","SSD","LBR",NA,"mean",0.00163571865621247
"pi","Probability of travel from i to j","point","SWZ","LBR",NA,"mean",0.0014483491650807
"pi","Probability of travel from i to j","point","TCD","LBR",NA,"mean",0.00455677116507239
"pi","Probability of travel from i to j","point","TGO","LBR",NA,"mean",0.00589782726976292
"pi","Probability of travel from i to j","point","TZA","LBR",NA,"mean",0.00116977703916276
"pi","Probability of travel from i to j","point","UGA","LBR",NA,"mean",0.00102582496884423
"pi","Probability of travel from i to j","point","ZAF","LBR",NA,"mean",0.00321841744152513
"pi","Probability of travel from i to j","point","ZMB","LBR",NA,"mean",0.00150290559612657
"pi","Probability of travel from i to j","point","ZWE","LBR",NA,"mean",0.00134422787689172
"pi","Probability of travel from i to j","point","AGO","MLI",NA,"mean",0.00792795990687942
"pi","Probability of travel from i to j","point","BDI","MLI",NA,"mean",0.00123342953662459
"pi","Probability of travel from i to j","point","BEN","MLI",NA,"mean",0.0217861038038402
"pi","Probability of travel from i to j","point","BFA","MLI",NA,"mean",0.11330505226798
"pi","Probability of travel from i to j","point","BWA","MLI",NA,"mean",0.00358184002924582
"pi","Probability of travel from i to j","point","CAF","MLI",NA,"mean",0.00955579208150489
"pi","Probability of travel from i to j","point","CIV","MLI",NA,"mean",0.0412512231876441
"pi","Probability of travel from i to j","point","CMR","MLI",NA,"mean",0.0115411452087267
"pi","Probability of travel from i to j","point","COD","MLI",NA,"mean",0.00599539416322908
"pi","Probability of travel from i to j","point","COG","MLI",NA,"mean",0.0085184426811841
"pi","Probability of travel from i to j","point","ERI","MLI",NA,"mean",0.00550031802688553
"pi","Probability of travel from i to j","point","ETH","MLI",NA,"mean",0.00508900966016079
"pi","Probability of travel from i to j","point","GAB","MLI",NA,"mean",0.00918678423127637
"pi","Probability of travel from i to j","point","GHA","MLI",NA,"mean",0.0286393374948953
"pi","Probability of travel from i to j","point","GIN","MLI",NA,"mean",0.0349176032760364
"pi","Probability of travel from i to j","point","GMB","MLI",NA,"mean",0.0112757846035268
"pi","Probability of travel from i to j","point","GNB","MLI",NA,"mean",0.0189378774398799
"pi","Probability of travel from i to j","point","GNQ","MLI",NA,"mean",0.0100624965470936
"pi","Probability of travel from i to j","point","KEN","MLI",NA,"mean",0.00286110141603675
"pi","Probability of travel from i to j","point","LBR","MLI",NA,"mean",0.0263606399980429
"pi","Probability of travel from i to j","point","MLI","MLI",NA,"mean",NA
"pi","Probability of travel from i to j","point","MOZ","MLI",NA,"mean",0.00255488180409683
"pi","Probability of travel from i to j","point","MRT","MLI",NA,"mean",0.174011067409647
"pi","Probability of travel from i to j","point","MWI","MLI",NA,"mean",0.00217931355795328
"pi","Probability of travel from i to j","point","NAM","MLI",NA,"mean",0.0060653604342021
"pi","Probability of travel from i to j","point","NER","MLI",NA,"mean",0.042785416960219
"pi","Probability of travel from i to j","point","NGA","MLI",NA,"mean",0.031922451617906
"pi","Probability of travel from i to j","point","RWA","MLI",NA,"mean",0.00126217628608298
"pi","Probability of travel from i to j","point","SEN","MLI",NA,"mean",0.0304438701734326
"pi","Probability of travel from i to j","point","SLE","MLI",NA,"mean",0.0224975439566857
"pi","Probability of travel from i to j","point","SOM","MLI",NA,"mean",0.0035480560458544
"pi","Probability of travel from i to j","point","SSD","MLI",NA,"mean",0.0050459905228071
"pi","Probability of travel from i to j","point","SWZ","MLI",NA,"mean",0.00302074485387474
"pi","Probability of travel from i to j","point","TCD","MLI",NA,"mean",0.0193011280682381
"pi","Probability of travel from i to j","point","TGO","MLI",NA,"mean",0.0157796419823205
"pi","Probability of travel from i to j","point","TZA","MLI",NA,"mean",0.00295541785522868
"pi","Probability of travel from i to j","point","UGA","MLI",NA,"mean",0.00286763669640938
"pi","Probability of travel from i to j","point","ZAF","MLI",NA,"mean",0.00633338773374963
"pi","Probability of travel from i to j","point","ZMB","MLI",NA,"mean",0.00334444385722122
"pi","Probability of travel from i to j","point","ZWE","MLI",NA,"mean",0.00290053015614912
"pi","Probability of travel from i to j","point","AGO","MOZ",NA,"mean",0.036018777694882
"pi","Probability of travel from i to j","point","BDI","MOZ",NA,"mean",0.00951667932398826
"pi","Probability of travel from i to j","point","BEN","MOZ",NA,"mean",0.00160954201663531
"pi","Probability of travel from i to j","point","BFA","MOZ",NA,"mean",0.0022519593869379
"pi","Probability of travel from i to j","point","BWA","MOZ",NA,"mean",0.059919878787735
"pi","Probability of travel from i to j","point","CAF","MOZ",NA,"mean",0.010161885027185
"pi","Probability of travel from i to j","point","CIV","MOZ",NA,"mean",0.00259504336713716
"pi","Probability of travel from i to j","point","CMR","MOZ",NA,"mean",0.00569455398639839
"pi","Probability of travel from i to j","point","COD","MOZ",NA,"mean",0.0229819201714556
"pi","Probability of travel from i to j","point","COG","MOZ",NA,"mean",0.0106644751107292
"pi","Probability of travel from i to j","point","ERI","MOZ",NA,"mean",0.0103767966946064
"pi","Probability of travel from i to j","point","ETH","MOZ",NA,"mean",0.0163179421454106
"pi","Probability of travel from i to j","point","GAB","MOZ",NA,"mean",0.00780260592055373
"pi","Probability of travel from i to j","point","GHA","MOZ",NA,"mean",0.00197853412631982
"pi","Probability of travel from i to j","point","GIN","MOZ",NA,"mean",0.00176282165472195
"pi","Probability of travel from i to j","point","GMB","MOZ",NA,"mean",0.000687102827286462
"pi","Probability of travel from i to j","point","GNB","MOZ",NA,"mean",0.0012380586371706
"pi","Probability of travel from i to j","point","GNQ","MOZ",NA,"mean",0.00576080930706186
"pi","Probability of travel from i to j","point","KEN","MOZ",NA,"mean",0.0196651600090151
"pi","Probability of travel from i to j","point","LBR","MOZ",NA,"mean",0.00224392502099239
"pi","Probability of travel from i to j","point","MLI","MOZ",NA,"mean",0.00347825287445873
"pi","Probability of travel from i to j","point","MOZ","MOZ",NA,"mean",NA
"pi","Probability of travel from i to j","point","MRT","MOZ",NA,"mean",0.00389760109769145
"pi","Probability of travel from i to j","point","MWI","MOZ",NA,"mean",0.328078770542347
"pi","Probability of travel from i to j","point","NAM","MOZ",NA,"mean",0.0419111649439803
"pi","Probability of travel from i to j","point","NER","MOZ",NA,"mean",0.00492469650637172
"pi","Probability of travel from i to j","point","NGA","MOZ",NA,"mean",0.00570500339942462
"pi","Probability of travel from i to j","point","RWA","MOZ",NA,"mean",0.00808662568598786
"pi","Probability of travel from i to j","point","SEN","MOZ",NA,"mean",0.00155271858747058
"pi","Probability of travel from i to j","point","SLE","MOZ",NA,"mean",0.00160920989862169
"pi","Probability of travel from i to j","point","SOM","MOZ",NA,"mean",0.0158250925430345
"pi","Probability of travel from i to j","point","SSD","MOZ",NA,"mean",0.011635762063413
"pi","Probability of travel from i to j","point","SWZ","MOZ",NA,"mean",0.0954831913144292
"pi","Probability of travel from i to j","point","TCD","MOZ",NA,"mean",0.00871446454546549
"pi","Probability of travel from i to j","point","TGO","MOZ",NA,"mean",0.00120651591448195
"pi","Probability of travel from i to j","point","TZA","MOZ",NA,"mean",0.0554767219019703
"pi","Probability of travel from i to j","point","UGA","MOZ",NA,"mean",0.0138338126115187
"pi","Probability of travel from i to j","point","ZAF","MOZ",NA,"mean",0.0880603613804144
"pi","Probability of travel from i to j","point","ZMB","MOZ",NA,"mean",0.0957508725378493
"pi","Probability of travel from i to j","point","ZWE","MOZ",NA,"mean",0.211154947940758
"pi","Probability of travel from i to j","point","AGO","MRT",NA,"mean",0.0022093560922233
"pi","Probability of travel from i to j","point","BDI","MRT",NA,"mean",0.000340684905118902
"pi","Probability of travel from i to j","point","BEN","MRT",NA,"mean",0.00304934602062418
"pi","Probability of travel from i to j","point","BFA","MRT",NA,"mean",0.0100666108277434
"pi","Probability of travel from i to j","point","BWA","MRT",NA,"mean",0.00107487942373308
"pi","Probability of travel from i to j","point","CAF","MRT",NA,"mean",0.00228807935586218
"pi","Probability of travel from i to j","point","CIV","MRT",NA,"mean",0.00874605629063066
"pi","Probability of travel from i to j","point","CMR","MRT",NA,"mean",0.00245615159573206
"pi","Probability of travel from i to j","point","COD","MRT",NA,"mean",0.00158528915842224
"pi","Probability of travel from i to j","point","COG","MRT",NA,"mean",0.00207255168308757
"pi","Probability of travel from i to j","point","ERI","MRT",NA,"mean",0.00158595332278904
"pi","Probability of travel from i to j","point","ETH","MRT",NA,"mean",0.00146270101913728
"pi","Probability of travel from i to j","point","GAB","MRT",NA,"mean",0.00217002762011142
"pi","Probability of travel from i to j","point","GHA","MRT",NA,"mean",0.00460949943846548
"pi","Probability of travel from i to j","point","GIN","MRT",NA,"mean",0.0135370854977782
"pi","Probability of travel from i to j","point","GMB","MRT",NA,"mean",0.00865049046466223
"pi","Probability of travel from i to j","point","GNB","MRT",NA,"mean",0.0120410282093517
"pi","Probability of travel from i to j","point","GNQ","MRT",NA,"mean",0.00224501758614912
"pi","Probability of travel from i to j","point","KEN","MRT",NA,"mean",0.000818461406114222
"pi","Probability of travel from i to j","point","LBR","MRT",NA,"mean",0.0079323277108148
"pi","Probability of travel from i to j","point","MLI","MRT",NA,"mean",0.0464456505562359
"pi","Probability of travel from i to j","point","MOZ","MRT",NA,"mean",0.000764144037601257
"pi","Probability of travel from i to j","point","MRT","MRT",NA,"mean",NA
"pi","Probability of travel from i to j","point","MWI","MRT",NA,"mean",0.0006404552100096
"pi","Probability of travel from i to j","point","NAM","MRT",NA,"mean",0.00181881766737405
"pi","Probability of travel from i to j","point","NER","MRT",NA,"mean",0.0072189961213206
"pi","Probability of travel from i to j","point","NGA","MRT",NA,"mean",0.00551550144800703
"pi","Probability of travel from i to j","point","RWA","MRT",NA,"mean",0.000346647338400974
"pi","Probability of travel from i to j","point","SEN","MRT",NA,"mean",0.026384542292575
"pi","Probability of travel from i to j","point","SLE","MRT",NA,"mean",0.00869801696064678
"pi","Probability of travel from i to j","point","SOM","MRT",NA,"mean",0.00105496972704814
"pi","Probability of travel from i to j","point","SSD","MRT",NA,"mean",0.00135168641426008
"pi","Probability of travel from i to j","point","SWZ","MRT",NA,"mean",0.000930494810409436
"pi","Probability of travel from i to j","point","TCD","MRT",NA,"mean",0.00438117969817573
"pi","Probability of travel from i to j","point","TGO","MRT",NA,"mean",0.00236709271653023
"pi","Probability of travel from i to j","point","TZA","MRT",NA,"mean",0.00084844414758306
"pi","Probability of travel from i to j","point","UGA","MRT",NA,"mean",0.000790652127935869
"pi","Probability of travel from i to j","point","ZAF","MRT",NA,"mean",0.00196492266556895
"pi","Probability of travel from i to j","point","ZMB","MRT",NA,"mean",0.000963515348866105
"pi","Probability of travel from i to j","point","ZWE","MRT",NA,"mean",0.000863171128331277
"pi","Probability of travel from i to j","point","AGO","MWI",NA,"mean",0.0332501431291185
"pi","Probability of travel from i to j","point","BDI","MWI",NA,"mean",0.0127567805716291
"pi","Probability of travel from i to j","point","BEN","MWI",NA,"mean",0.00141411836063209
"pi","Probability of travel from i to j","point","BFA","MWI",NA,"mean",0.00194644039850012
"pi","Probability of travel from i to j","point","BWA","MWI",NA,"mean",0.0391385414661033
"pi","Probability of travel from i to j","point","CAF","MWI",NA,"mean",0.010110367215695
"pi","Probability of travel from i to j","point","CIV","MWI",NA,"mean",0.00220667385436301
"pi","Probability of travel from i to j","point","CMR","MWI",NA,"mean",0.00533922211708556
"pi","Probability of travel from i to j","point","COD","MWI",NA,"mean",0.0260989473586307
"pi","Probability of travel from i to j","point","COG","MWI",NA,"mean",0.0103443959559018
"pi","Probability of travel from i to j","point","ERI","MWI",NA,"mean",0.00971087039598707
"pi","Probability of travel from i to j","point","ETH","MWI",NA,"mean",0.0160001771696943
"pi","Probability of travel from i to j","point","GAB","MWI",NA,"mean",0.00728139912834783
"pi","Probability of travel from i to j","point","GHA","MWI",NA,"mean",0.00171090852210723
"pi","Probability of travel from i to j","point","GIN","MWI",NA,"mean",0.00147868371352187
"pi","Probability of travel from i to j","point","GMB","MWI",NA,"mean",0.000571554916211522
"pi","Probability of travel from i to j","point","GNB","MWI",NA,"mean",0.00102948769643165
"pi","Probability of travel from i to j","point","GNQ","MWI",NA,"mean",0.00531378541694813
"pi","Probability of travel from i to j","point","KEN","MWI",NA,"mean",0.0220639162002829
"pi","Probability of travel from i to j","point","LBR","MWI",NA,"mean",0.00188252002716595
"pi","Probability of travel from i to j","point","MLI","MWI",NA,"mean",0.00298767802030827
"pi","Probability of travel from i to j","point","MOZ","MWI",NA,"mean",0.330370956517704
"pi","Probability of travel from i to j","point","MRT","MWI",NA,"mean",0.00328953608665249
"pi","Probability of travel from i to j","point","MWI","MWI",NA,"mean",NA
"pi","Probability of travel from i to j","point","NAM","MWI",NA,"mean",0.0306885816341842
"pi","Probability of travel from i to j","point","NER","MWI",NA,"mean",0.00441464709586678
"pi","Probability of travel from i to j","point","NGA","MWI",NA,"mean",0.00515804722124141
"pi","Probability of travel from i to j","point","RWA","MWI",NA,"mean",0.010314737441542
"pi","Probability of travel from i to j","point","SEN","MWI",NA,"mean",0.0012951624678747
"pi","Probability of travel from i to j","point","SLE","MWI",NA,"mean",0.0013440564613703
"pi","Probability of travel from i to j","point","SOM","MWI",NA,"mean",0.0147474076764596
"pi","Probability of travel from i to j","point","SSD","MWI",NA,"mean",0.0120956650647738
"pi","Probability of travel from i to j","point","SWZ","MWI",NA,"mean",0.0431600653528359
"pi","Probability of travel from i to j","point","TCD","MWI",NA,"mean",0.00814585112143869
"pi","Probability of travel from i to j","point","TGO","MWI",NA,"mean",0.00105342453632826
"pi","Probability of travel from i to j","point","TZA","MWI",NA,"mean",0.0919681250513786
"pi","Probability of travel from i to j","point","UGA","MWI",NA,"mean",0.016038555209959
"pi","Probability of travel from i to j","point","ZAF","MWI",NA,"mean",0.050416855488387
"pi","Probability of travel from i to j","point","ZMB","MWI",NA,"mean",0.126664627044972
"pi","Probability of travel from i to j","point","ZWE","MWI",NA,"mean",0.113470844223988
"pi","Probability of travel from i to j","point","AGO","NAM",NA,"mean",0.0256765890976237
"pi","Probability of travel from i to j","point","BDI","NAM",NA,"mean",0.00096324369866916
"pi","Probability of travel from i to j","point","BEN","NAM",NA,"mean",0.000512118443374754
"pi","Probability of travel from i to j","point","BFA","NAM",NA,"mean",0.000708989268544979
"pi","Probability of travel from i to j","point","BWA","NAM",NA,"mean",0.0484113436635965
"pi","Probability of travel from i to j","point","CAF","NAM",NA,"mean",0.00212124998861921
"pi","Probability of travel from i to j","point","CIV","NAM",NA,"mean",0.000914501896655209
"pi","Probability of travel from i to j","point","CMR","NAM",NA,"mean",0.00161416121168231
"pi","Probability of travel from i to j","point","COD","NAM",NA,"mean",0.00429637296400918
"pi","Probability of travel from i to j","point","COG","NAM",NA,"mean",0.00338218075740928
"pi","Probability of travel from i to j","point","ERI","NAM",NA,"mean",0.00135235221809215
"pi","Probability of travel from i to j","point","ETH","NAM",NA,"mean",0.00177580192979635
"pi","Probability of travel from i to j","point","GAB","NAM",NA,"mean",0.0028134722685331
"pi","Probability of travel from i to j","point","GHA","NAM",NA,"mean",0.000676151678136603
"pi","Probability of travel from i to j","point","GIN","NAM",NA,"mean",0.0005985912127154
"pi","Probability of travel from i to j","point","GMB","NAM",NA,"mean",0.000224680936917521
"pi","Probability of travel from i to j","point","GNB","NAM",NA,"mean",0.000412694347653095
"pi","Probability of travel from i to j","point","GNQ","NAM",NA,"mean",0.00197789362306139
"pi","Probability of travel from i to j","point","KEN","NAM",NA,"mean",0.00159059672842655
"pi","Probability of travel from i to j","point","LBR","NAM",NA,"mean",0.000815004175083162
"pi","Probability of travel from i to j","point","MLI","NAM",NA,"mean",0.00102447616056376
"pi","Probability of travel from i to j","point","MOZ","NAM",NA,"mean",0.00519977600961501
"pi","Probability of travel from i to j","point","MRT","NAM",NA,"mean",0.00115097589378258
"pi","Probability of travel from i to j","point","MWI","NAM",NA,"mean",0.00378101141233506
"pi","Probability of travel from i to j","point","NAM","NAM",NA,"mean",NA
"pi","Probability of travel from i to j","point","NER","NAM",NA,"mean",0.00123726998753607
"pi","Probability of travel from i to j","point","NGA","NAM",NA,"mean",0.0016604517162795
"pi","Probability of travel from i to j","point","RWA","NAM",NA,"mean",0.000866578085251622
"pi","Probability of travel from i to j","point","SEN","NAM",NA,"mean",0.00050098471578886
"pi","Probability of travel from i to j","point","SLE","NAM",NA,"mean",0.00056391311841093
"pi","Probability of travel from i to j","point","SOM","NAM",NA,"mean",0.00147797854774522
"pi","Probability of travel from i to j","point","SSD","NAM",NA,"mean",0.00159340646853805
"pi","Probability of travel from i to j","point","SWZ","NAM",NA,"mean",0.0117197076706219
"pi","Probability of travel from i to j","point","TCD","NAM",NA,"mean",0.00182923756610844
"pi","Probability of travel from i to j","point","TGO","NAM",NA,"mean",0.000399329911645664
"pi","Probability of travel from i to j","point","TZA","NAM",NA,"mean",0.00283143447737353
"pi","Probability of travel from i to j","point","UGA","NAM",NA,"mean",0.00146590707658264
"pi","Probability of travel from i to j","point","ZAF","NAM",NA,"mean",0.0429453601743921
"pi","Probability of travel from i to j","point","ZMB","NAM",NA,"mean",0.0087913776290304
"pi","Probability of travel from i to j","point","ZWE","NAM",NA,"mean",0.0110487945718499
"pi","Probability of travel from i to j","point","AGO","NER",NA,"mean",0.0113163461556971
"pi","Probability of travel from i to j","point","BDI","NER",NA,"mean",0.00226516347754103
"pi","Probability of travel from i to j","point","BEN","NER",NA,"mean",0.0198493995093356
"pi","Probability of travel from i to j","point","BFA","NER",NA,"mean",0.026031994057417
"pi","Probability of travel from i to j","point","BWA","NER",NA,"mean",0.00478469195433513
"pi","Probability of travel from i to j","point","CAF","NER",NA,"mean",0.0269388973481955
"pi","Probability of travel from i to j","point","CIV","NER",NA,"mean",0.0146118555891949
"pi","Probability of travel from i to j","point","CMR","NER",NA,"mean",0.0302838788284287
"pi","Probability of travel from i to j","point","COD","NER",NA,"mean",0.011287457694794
"pi","Probability of travel from i to j","point","COG","NER",NA,"mean",0.0159043080598253
"pi","Probability of travel from i to j","point","ERI","NER",NA,"mean",0.0114559563486337
"pi","Probability of travel from i to j","point","ETH","NER",NA,"mean",0.0100528926583856
"pi","Probability of travel from i to j","point","GAB","NER",NA,"mean",0.0156541847407101
"pi","Probability of travel from i to j","point","GHA","NER",NA,"mean",0.0148717576519899
"pi","Probability of travel from i to j","point","GIN","NER",NA,"mean",0.00892892537369602
"pi","Probability of travel from i to j","point","GMB","NER",NA,"mean",0.00314984833989156
"pi","Probability of travel from i to j","point","GNB","NER",NA,"mean",0.00549151556415048
"pi","Probability of travel from i to j","point","GNQ","NER",NA,"mean",0.0178671793169233
"pi","Probability of travel from i to j","point","KEN","NER",NA,"mean",0.00528915862160043
"pi","Probability of travel from i to j","point","LBR","NER",NA,"mean",0.00968811398233303
"pi","Probability of travel from i to j","point","MLI","NER",NA,"mean",0.0447213502209737
"pi","Probability of travel from i to j","point","MOZ","NER",NA,"mean",0.00378101387033079
"pi","Probability of travel from i to j","point","MRT","NER",NA,"mean",0.0282701275336393
"pi","Probability of travel from i to j","point","MWI","NER",NA,"mean",0.0033658988385699
"pi","Probability of travel from i to j","point","NAM","NER",NA,"mean",0.00765664257471319
"pi","Probability of travel from i to j","point","NER","NER",NA,"mean",NA
"pi","Probability of travel from i to j","point","NGA","NER",NA,"mean",0.0951120672804983
"pi","Probability of travel from i to j","point","RWA","NER",NA,"mean",0.00238349593150264
"pi","Probability of travel from i to j","point","SEN","NER",NA,"mean",0.00767115712594613
"pi","Probability of travel from i to j","point","SLE","NER",NA,"mean",0.00707341305846418
"pi","Probability of travel from i to j","point","SOM","NER",NA,"mean",0.00634624763540632
"pi","Probability of travel from i to j","point","SSD","NER",NA,"mean",0.0116191280887903
"pi","Probability of travel from i to j","point","SWZ","NER",NA,"mean",0.00403007555031734
"pi","Probability of travel from i to j","point","TCD","NER",NA,"mean",0.101325855664705
"pi","Probability of travel from i to j","point","TGO","NER",NA,"mean",0.0112822475117294
"pi","Probability of travel from i to j","point","TZA","NER",NA,"mean",0.00503445513816954
"pi","Probability of travel from i to j","point","UGA","NER",NA,"mean",0.00569787235536095
"pi","Probability of travel from i to j","point","ZAF","NER",NA,"mean",0.0080408822621018
"pi","Probability of travel from i to j","point","ZMB","NER",NA,"mean",0.00510672797949747
"pi","Probability of travel from i to j","point","ZWE","NER",NA,"mean",0.00414755123645382
"pi","Probability of travel from i to j","point","AGO","NGA",NA,"mean",0.0753758862152913
"pi","Probability of travel from i to j","point","BDI","NGA",NA,"mean",0.0119875992553734
"pi","Probability of travel from i to j","point","BEN","NGA",NA,"mean",0.252190784734422
"pi","Probability of travel from i to j","point","BFA","NGA",NA,"mean",0.146346781140857
"pi","Probability of travel from i to j","point","BWA","NGA",NA,"mean",0.0271747850149452
"pi","Probability of travel from i to j","point","CAF","NGA",NA,"mean",0.159236783866456
"pi","Probability of travel from i to j","point","CIV","NGA",NA,"mean",0.0957014724956605
"pi","Probability of travel from i to j","point","CMR","NGA",NA,"mean",0.470064384190621
"pi","Probability of travel from i to j","point","COD","NGA",NA,"mean",0.0696235990314183
"pi","Probability of travel from i to j","point","COG","NGA",NA,"mean",0.143348219926122
"pi","Probability of travel from i to j","point","ERI","NGA",NA,"mean",0.0405028714212768
"pi","Probability of travel from i to j","point","ETH","NGA",NA,"mean",0.0399647774635335
"pi","Probability of travel from i to j","point","GAB","NGA",NA,"mean",0.170568946931608
"pi","Probability of travel from i to j","point","GHA","NGA",NA,"mean",0.130246001623413
"pi","Probability of travel from i to j","point","GIN","NGA",NA,"mean",0.0445363628562759
"pi","Probability of travel from i to j","point","GMB","NGA",NA,"mean",0.0137132070330484
"pi","Probability of travel from i to j","point","GNB","NGA",NA,"mean",0.0249177373717584
"pi","Probability of travel from i to j","point","GNQ","NGA",NA,"mean",0.25193125316508
"pi","Probability of travel from i to j","point","KEN","NGA",NA,"mean",0.0239392038159666
"pi","Probability of travel from i to j","point","LBR","NGA",NA,"mean",0.0570583857514604
"pi","Probability of travel from i to j","point","MLI","NGA",NA,"mean",0.148491956373136
"pi","Probability of travel from i to j","point","MOZ","NGA",NA,"mean",0.0194927117096363
"pi","Probability of travel from i to j","point","MRT","NGA",NA,"mean",0.0961221586444943
"pi","Probability of travel from i to j","point","MWI","NGA",NA,"mean",0.0175016072623568
"pi","Probability of travel from i to j","point","NAM","NGA",NA,"mean",0.0457285783795055
"pi","Probability of travel from i to j","point","NER","NGA",NA,"mean",0.423275541914557
"pi","Probability of travel from i to j","point","NGA","NGA",NA,"mean",NA
"pi","Probability of travel from i to j","point","RWA","NGA",NA,"mean",0.0124474127111693
"pi","Probability of travel from i to j","point","SEN","NGA",NA,"mean",0.032639539834475
"pi","Probability of travel from i to j","point","SLE","NGA",NA,"mean",0.0368921001454284
"pi","Probability of travel from i to j","point","SOM","NGA",NA,"mean",0.025684356583975
"pi","Probability of travel from i to j","point","SSD","NGA",NA,"mean",0.0503224084075096
"pi","Probability of travel from i to j","point","SWZ","NGA",NA,"mean",0.0212957890763735
"pi","Probability of travel from i to j","point","TCD","NGA",NA,"mean",0.256087736601371
"pi","Probability of travel from i to j","point","TGO","NGA",NA,"mean",0.125401507186274
"pi","Probability of travel from i to j","point","TZA","NGA",NA,"mean",0.0252128537488688
"pi","Probability of travel from i to j","point","UGA","NGA",NA,"mean",0.0271952888206224
"pi","Probability of travel from i to j","point","ZAF","NGA",NA,"mean",0.0437728829821545
"pi","Probability of travel from i to j","point","ZMB","NGA",NA,"mean",0.0287637367088745
"pi","Probability of travel from i to j","point","ZWE","NGA",NA,"mean",0.0225691738863826
"pi","Probability of travel from i to j","point","AGO","RWA",NA,"mean",0.0271907429493604
"pi","Probability of travel from i to j","point","BDI","RWA",NA,"mean",0.557425417085858
"pi","Probability of travel from i to j","point","BEN","RWA",NA,"mean",0.00186235651615885
"pi","Probability of travel from i to j","point","BFA","RWA",NA,"mean",0.00241639077186643
"pi","Probability of travel from i to j","point","BWA","RWA",NA,"mean",0.0125776397582684
"pi","Probability of travel from i to j","point","CAF","RWA",NA,"mean",0.0269511160016224
"pi","Probability of travel from i to j","point","CIV","RWA",NA,"mean",0.0025280844502327
"pi","Probability of travel from i to j","point","CMR","RWA",NA,"mean",0.00933924056873065
"pi","Probability of travel from i to j","point","COD","RWA",NA,"mean",0.103198167485864
"pi","Probability of travel from i to j","point","COG","RWA",NA,"mean",0.0183690926164637
"pi","Probability of travel from i to j","point","ERI","RWA",NA,"mean",0.0164709864053582
"pi","Probability of travel from i to j","point","ETH","RWA",NA,"mean",0.0301253573365224
"pi","Probability of travel from i to j","point","GAB","RWA",NA,"mean",0.0110065658176573
"pi","Probability of travel from i to j","point","GHA","RWA",NA,"mean",0.00209243217726211
"pi","Probability of travel from i to j","point","GIN","RWA",NA,"mean",0.00162545891415671
"pi","Probability of travel from i to j","point","GMB","RWA",NA,"mean",0.000613287584911939
"pi","Probability of travel from i to j","point","GNB","RWA",NA,"mean",0.00110047418034142
"pi","Probability of travel from i to j","point","GNQ","RWA",NA,"mean",0.00802792524474192
"pi","Probability of travel from i to j","point","KEN","RWA",NA,"mean",0.0504243703986877
"pi","Probability of travel from i to j","point","LBR","RWA",NA,"mean",0.00204734666052597
"pi","Probability of travel from i to j","point","MLI","RWA",NA,"mean",0.00366081105327307
"pi","Probability of travel from i to j","point","MOZ","RWA",NA,"mean",0.0172279776322057
"pi","Probability of travel from i to j","point","MRT","RWA",NA,"mean",0.00376683839438024
"pi","Probability of travel from i to j","point","MWI","RWA",NA,"mean",0.0218223443208747
"pi","Probability of travel from i to j","point","NAM","RWA",NA,"mean",0.0148805764980361
"pi","Probability of travel from i to j","point","NER","RWA",NA,"mean",0.00661382309230379
"pi","Probability of travel from i to j","point","NGA","RWA",NA,"mean",0.00776121466242554
"pi","Probability of travel from i to j","point","RWA","RWA",NA,"mean",NA
"pi","Probability of travel from i to j","point","SEN","RWA",NA,"mean",0.00140578051629613
"pi","Probability of travel from i to j","point","SLE","RWA",NA,"mean",0.00144838543526696
"pi","Probability of travel from i to j","point","SOM","RWA",NA,"mean",0.0183448246292944
"pi","Probability of travel from i to j","point","SSD","RWA",NA,"mean",0.0452904605602831
"pi","Probability of travel from i to j","point","SWZ","RWA",NA,"mean",0.0104932754862739
"pi","Probability of travel from i to j","point","TCD","RWA",NA,"mean",0.015353626437352
"pi","Probability of travel from i to j","point","TGO","RWA",NA,"mean",0.00134337621960472
"pi","Probability of travel from i to j","point","TZA","RWA",NA,"mean",0.08140411312515
"pi","Probability of travel from i to j","point","UGA","RWA",NA,"mean",0.140507666641991
"pi","Probability of travel from i to j","point","ZAF","RWA",NA,"mean",0.0170644339281401
"pi","Probability of travel from i to j","point","ZMB","RWA",NA,"mean",0.0304854620351064
"pi","Probability of travel from i to j","point","ZWE","RWA",NA,"mean",0.0160350834869363
"pi","Probability of travel from i to j","point","AGO","SEN",NA,"mean",0.0052669846668035
"pi","Probability of travel from i to j","point","BDI","SEN",NA,"mean",0.000728442787693852
"pi","Probability of travel from i to j","point","BEN","SEN",NA,"mean",0.00622553811459366
"pi","Probability of travel from i to j","point","BFA","SEN",NA,"mean",0.0192073685319956
"pi","Probability of travel from i to j","point","BWA","SEN",NA,"mean",0.00257491368452822
"pi","Probability of travel from i to j","point","CAF","SEN",NA,"mean",0.00455002430187129
"pi","Probability of travel from i to j","point","CIV","SEN",NA,"mean",0.0287931681425573
"pi","Probability of travel from i to j","point","CMR","SEN",NA,"mean",0.00504970509620954
"pi","Probability of travel from i to j","point","COD","SEN",NA,"mean",0.00343648810210736
"pi","Probability of travel from i to j","point","COG","SEN",NA,"mean",0.00459820649800855
"pi","Probability of travel from i to j","point","ERI","SEN",NA,"mean",0.00302127472607885
"pi","Probability of travel from i to j","point","ETH","SEN",NA,"mean",0.00289621419617896
"pi","Probability of travel from i to j","point","GAB","SEN",NA,"mean",0.00493911491952275
"pi","Probability of travel from i to j","point","GHA","SEN",NA,"mean",0.011331163063747
"pi","Probability of travel from i to j","point","GIN","SEN",NA,"mean",0.101107515452601
"pi","Probability of travel from i to j","point","GMB","SEN",NA,"mean",0.692693308286355
"pi","Probability of travel from i to j","point","GNB","SEN",NA,"mean",0.358391548607484
"pi","Probability of travel from i to j","point","GNQ","SEN",NA,"mean",0.00502628400290772
"pi","Probability of travel from i to j","point","KEN","SEN",NA,"mean",0.00169348890622267
"pi","Probability of travel from i to j","point","LBR","SEN",NA,"mean",0.0373290645594652
"pi","Probability of travel from i to j","point","MLI","SEN",NA,"mean",0.0461444219060392
"pi","Probability of travel from i to j","point","MOZ","SEN",NA,"mean",0.00172870847371203
"pi","Probability of travel from i to j","point","MRT","SEN",NA,"mean",0.149830674166596
"pi","Probability of travel from i to j","point","MWI","SEN",NA,"mean",0.00143195551868388
"pi","Probability of travel from i to j","point","NAM","SEN",NA,"mean",0.00449571303239657
"pi","Probability of travel from i to j","point","NER","SEN",NA,"mean",0.011124002764866
"pi","Probability of travel from i to j","point","NGA","SEN",NA,"mean",0.0106354699265067
"pi","Probability of travel from i to j","point","RWA","SEN",NA,"mean",0.000734648456376694
"pi","Probability of travel from i to j","point","SEN","SEN",NA,"mean",NA
"pi","Probability of travel from i to j","point","SLE","SEN",NA,"mean",0.0630339768359819
"pi","Probability of travel from i to j","point","SOM","SEN",NA,"mean",0.00212782489327833
"pi","Probability of travel from i to j","point","SSD","SEN",NA,"mean",0.00267447915906262
"pi","Probability of travel from i to j","point","SWZ","SEN",NA,"mean",0.00219724050921513
"pi","Probability of travel from i to j","point","TCD","SEN",NA,"mean",0.00771042767428274
"pi","Probability of travel from i to j","point","TGO","SEN",NA,"mean",0.00524515559954499
"pi","Probability of travel from i to j","point","TZA","SEN",NA,"mean",0.00182994073694556
"pi","Probability of travel from i to j","point","UGA","SEN",NA,"mean",0.00163143801341224
"pi","Probability of travel from i to j","point","ZAF","SEN",NA,"mean",0.00476430184510874
"pi","Probability of travel from i to j","point","ZMB","SEN",NA,"mean",0.0021956263875144
"pi","Probability of travel from i to j","point","ZWE","SEN",NA,"mean",0.00199922484267943
"pi","Probability of travel from i to j","point","AGO","SLE",NA,"mean",0.00436924452032886
"pi","Probability of travel from i to j","point","BDI","SLE",NA,"mean",0.000545798260534339
"pi","Probability of travel from i to j","point","BEN","SLE",NA,"mean",0.0057317351133973
"pi","Probability of travel from i to j","point","BFA","SLE",NA,"mean",0.0168095261921302
"pi","Probability of travel from i to j","point","BWA","SLE",NA,"mean",0.00203114071092213
"pi","Probability of travel from i to j","point","CAF","SLE",NA,"mean",0.00342217901241893
"pi","Probability of travel from i to j","point","CIV","SLE",NA,"mean",0.0535891786452039
"pi","Probability of travel from i to j","point","CMR","SLE",NA,"mean",0.00413005389171845
"pi","Probability of travel from i to j","point","COD","SLE",NA,"mean",0.00267355151923404
"pi","Probability of travel from i to j","point","COG","SLE",NA,"mean",0.00383940866246308
"pi","Probability of travel from i to j","point","ERI","SLE",NA,"mean",0.00201250885881672
"pi","Probability of travel from i to j","point","ETH","SLE",NA,"mean",0.00199084630665417
"pi","Probability of travel from i to j","point","GAB","SLE",NA,"mean",0.0043190021105851
"pi","Probability of travel from i to j","point","GHA","SLE",NA,"mean",0.0131760541026983
"pi","Probability of travel from i to j","point","GIN","SLE",NA,"mean",0.371128280096048
"pi","Probability of travel from i to j","point","GMB","SLE",NA,"mean",0.0226025604695236
"pi","Probability of travel from i to j","point","GNB","SLE",NA,"mean",0.0638905203898807
"pi","Probability of travel from i to j","point","GNQ","SLE",NA,"mean",0.00444182425546821
"pi","Probability of travel from i to j","point","KEN","SLE",NA,"mean",0.00120941030843773
"pi","Probability of travel from i to j","point","LBR","SLE",NA,"mean",0.177254922604355
"pi","Probability of travel from i to j","point","MLI","SLE",NA,"mean",0.0246790419176189
"pi","Probability of travel from i to j","point","MOZ","SLE",NA,"mean",0.00129662843826633
"pi","Probability of travel from i to j","point","MRT","SLE",NA,"mean",0.0357474656482313
"pi","Probability of travel from i to j","point","MWI","SLE",NA,"mean",0.0010754658592589
"pi","Probability of travel from i to j","point","NAM","SLE",NA,"mean",0.00366235248975245
"pi","Probability of travel from i to j","point","NER","SLE",NA,"mean",0.00742340351035245
"pi","Probability of travel from i to j","point","NGA","SLE",NA,"mean",0.00870001244405883
"pi","Probability of travel from i to j","point","RWA","SLE",NA,"mean",0.00054779748982102
"pi","Probability of travel from i to j","point","SEN","SLE",NA,"mean",0.045619292549741
"pi","Probability of travel from i to j","point","SLE","SLE",NA,"mean",NA
"pi","Probability of travel from i to j","point","SOM","SLE",NA,"mean",0.0014578703981855
"pi","Probability of travel from i to j","point","SSD","SLE",NA,"mean",0.00190240456257026
"pi","Probability of travel from i to j","point","SWZ","SLE",NA,"mean",0.00167603633497627
"pi","Probability of travel from i to j","point","TCD","SLE",NA,"mean",0.00531364517791922
"pi","Probability of travel from i to j","point","TGO","SLE",NA,"mean",0.00530884517953646
"pi","Probability of travel from i to j","point","TZA","SLE",NA,"mean",0.00135113186198421
"pi","Probability of travel from i to j","point","UGA","SLE",NA,"mean",0.00118560536040342
"pi","Probability of travel from i to j","point","ZAF","SLE",NA,"mean",0.00370290814523787
"pi","Probability of travel from i to j","point","ZMB","SLE",NA,"mean",0.00170017869459165
"pi","Probability of travel from i to j","point","ZWE","SLE",NA,"mean",0.00153695301777861
"pi","Probability of travel from i to j","point","AGO","SOM",NA,"mean",0.00756768870180399
"pi","Probability of travel from i to j","point","BDI","SOM",NA,"mean",0.00426736022133958
"pi","Probability of travel from i to j","point","BEN","SOM",NA,"mean",0.00104251859893686
"pi","Probability of travel from i to j","point","BFA","SOM",NA,"mean",0.00150281051087007
"pi","Probability of travel from i to j","point","BWA","SOM",NA,"mean",0.00525302189552811
"pi","Probability of travel from i to j","point","CAF","SOM",NA,"mean",0.00835392195779756
"pi","Probability of travel from i to j","point","CIV","SOM",NA,"mean",0.00152758598773822
"pi","Probability of travel from i to j","point","CMR","SOM",NA,"mean",0.00364908357395795
"pi","Probability of travel from i to j","point","COD","SOM",NA,"mean",0.00951862940934649
"pi","Probability of travel from i to j","point","COG","SOM",NA,"mean",0.00496999573661447
"pi","Probability of travel from i to j","point","ERI","SOM",NA,"mean",0.0500049517984157
"pi","Probability of travel from i to j","point","ETH","SOM",NA,"mean",0.146187239261969
"pi","Probability of travel from i to j","point","GAB","SOM",NA,"mean",0.00366365554964644
"pi","Probability of travel from i to j","point","GHA","SOM",NA,"mean",0.00119568492969782
"pi","Probability of travel from i to j","point","GIN","SOM",NA,"mean",0.00107879306679182
"pi","Probability of travel from i to j","point","GMB","SOM",NA,"mean",0.000436072737240552
"pi","Probability of travel from i to j","point","GNB","SOM",NA,"mean",0.000768783716867714
"pi","Probability of travel from i to j","point","GNQ","SOM",NA,"mean",0.00300676252979601
"pi","Probability of travel from i to j","point","KEN","SOM",NA,"mean",0.0424211314690662
"pi","Probability of travel from i to j","point","LBR","SOM",NA,"mean",0.00127762685612232
"pi","Probability of travel from i to j","point","MLI","SOM",NA,"mean",0.00253486261193598
"pi","Probability of travel from i to j","point","MOZ","SOM",NA,"mean",0.00830462207272361
"pi","Probability of travel from i to j","point","MRT","SOM",NA,"mean",0.00282381195521417
"pi","Probability of travel from i to j","point","MWI","SOM",NA,"mean",0.00768538394901099
"pi","Probability of travel from i to j","point","NAM","SOM",NA,"mean",0.00625153751848441
"pi","Probability of travel from i to j","point","NER","SOM",NA,"mean",0.00433772315213083
"pi","Probability of travel from i to j","point","NGA","SOM",NA,"mean",0.00394480875546588
"pi","Probability of travel from i to j","point","RWA","SOM",NA,"mean",0.00451876983584585
"pi","Probability of travel from i to j","point","SEN","SOM",NA,"mean",0.0010029527914278
"pi","Probability of travel from i to j","point","SLE","SOM",NA,"mean",0.000949488448668312
"pi","Probability of travel from i to j","point","SOM","SOM",NA,"mean",NA
"pi","Probability of travel from i to j","point","SSD","SOM",NA,"mean",0.0195054248244163
"pi","Probability of travel from i to j","point","SWZ","SOM",NA,"mean",0.00592788025945171
"pi","Probability of travel from i to j","point","TCD","SOM",NA,"mean",0.00953709820406192
"pi","Probability of travel from i to j","point","TGO","SOM",NA,"mean",0.000750089667361202
"pi","Probability of travel from i to j","point","TZA","SOM",NA,"mean",0.0164445369607832
"pi","Probability of travel from i to j","point","UGA","SOM",NA,"mean",0.016052673492567
"pi","Probability of travel from i to j","point","ZAF","SOM",NA,"mean",0.00925015468520572
"pi","Probability of travel from i to j","point","ZMB","SOM",NA,"mean",0.00724187909951432
"pi","Probability of travel from i to j","point","ZWE","SOM",NA,"mean",0.00632379572845102
"pi","Probability of travel from i to j","point","AGO","SSD",NA,"mean",0.0123134324716743
"pi","Probability of travel from i to j","point","BDI","SSD",NA,"mean",0.00992329045962019
"pi","Probability of travel from i to j","point","BEN","SSD",NA,"mean",0.0019623804887443
"pi","Probability of travel from i to j","point","BFA","SSD",NA,"mean",0.00257306801077694
"pi","Probability of travel from i to j","point","BWA","SSD",NA,"mean",0.00584083189172508
"pi","Probability of travel from i to j","point","CAF","SSD",NA,"mean",0.040721549227535
"pi","Probability of travel from i to j","point","CIV","SSD",NA,"mean",0.00246456203297462
"pi","Probability of travel from i to j","point","CMR","SSD",NA,"mean",0.00979445683390937
"pi","Probability of travel from i to j","point","COD","SSD",NA,"mean",0.0280194524565871
"pi","Probability of travel from i to j","point","COG","SSD",NA,"mean",0.0127285127648363
"pi","Probability of travel from i to j","point","ERI","SSD",NA,"mean",0.0404862087563863
"pi","Probability of travel from i to j","point","ETH","SSD",NA,"mean",0.0632794135502087
"pi","Probability of travel from i to j","point","GAB","SSD",NA,"mean",0.00836915318252955
"pi","Probability of travel from i to j","point","GHA","SSD",NA,"mean",0.00208532476920139
"pi","Probability of travel from i to j","point","GIN","SSD",NA,"mean",0.00161236464636596
"pi","Probability of travel from i to j","point","GMB","SSD",NA,"mean",0.000616948777268353
"pi","Probability of travel from i to j","point","GNB","SSD",NA,"mean",0.00109461602841204
"pi","Probability of travel from i to j","point","GNQ","SSD",NA,"mean",0.00688080320666212
"pi","Probability of travel from i to j","point","KEN","SSD",NA,"mean",0.0325096041034905
"pi","Probability of travel from i to j","point","LBR","SSD",NA,"mean",0.00194896730617992
"pi","Probability of travel from i to j","point","MLI","SSD",NA,"mean",0.00408840431233492
"pi","Probability of travel from i to j","point","MOZ","SSD",NA,"mean",0.00692487438186841
"pi","Probability of travel from i to j","point","MRT","SSD",NA,"mean",0.00410312905188053
"pi","Probability of travel from i to j","point","MWI","SSD",NA,"mean",0.00714863442649241
"pi","Probability of travel from i to j","point","NAM","SSD",NA,"mean",0.00764343787668288
"pi","Probability of travel from i to j","point","NER","SSD",NA,"mean",0.009006619342844
"pi","Probability of travel from i to j","point","NGA","SSD",NA,"mean",0.00876520612596792
"pi","Probability of travel from i to j","point","RWA","SSD",NA,"mean",0.0126519319261877
"pi","Probability of travel from i to j","point","SEN","SSD",NA,"mean",0.00142964192922629
"pi","Probability of travel from i to j","point","SLE","SSD",NA,"mean",0.00140513191933668
"pi","Probability of travel from i to j","point","SOM","SSD",NA,"mean",0.0221207000255755
"pi","Probability of travel from i to j","point","SSD","SSD",NA,"mean",NA
"pi","Probability of travel from i to j","point","SWZ","SSD",NA,"mean",0.00526446219043612
"pi","Probability of travel from i to j","point","TCD","SSD",NA,"mean",0.0294579403602869
"pi","Probability of travel from i to j","point","TGO","SSD",NA,"mean",0.00136996599296853
"pi","Probability of travel from i to j","point","TZA","SSD",NA,"mean",0.0172787635437998
"pi","Probability of travel from i to j","point","UGA","SSD",NA,"mean",0.0651946196391711
"pi","Probability of travel from i to j","point","ZAF","SSD",NA,"mean",0.00902909196027581
"pi","Probability of travel from i to j","point","ZMB","SSD",NA,"mean",0.00924418812425026
"pi","Probability of travel from i to j","point","ZWE","SSD",NA,"mean",0.00644413490288843
"pi","Probability of travel from i to j","point","AGO","SWZ",NA,"mean",0.00433731230381292
"pi","Probability of travel from i to j","point","BDI","SWZ",NA,"mean",0.000557088025025447
"pi","Probability of travel from i to j","point","BEN","SWZ",NA,"mean",0.00018829260444949
"pi","Probability of travel from i to j","point","BFA","SWZ",NA,"mean",0.000269635753962241
"pi","Probability of travel from i to j","point","BWA","SWZ",NA,"mean",0.017051031282578
"pi","Probability of travel from i to j","point","CAF","SWZ",NA,"mean",0.000918822960097171
"pi","Probability of travel from i to j","point","CIV","SWZ",NA,"mean",0.000327414741988838
"pi","Probability of travel from i to j","point","CMR","SWZ",NA,"mean",0.000593063200490049
"pi","Probability of travel from i to j","point","COD","SWZ",NA,"mean",0.00179178291174289
"pi","Probability of travel from i to j","point","COG","SWZ",NA,"mean",0.00108866589736122
"pi","Probability of travel from i to j","point","ERI","SWZ",NA,"mean",0.000857013926368407
"pi","Probability of travel from i to j","point","ETH","SWZ",NA,"mean",0.00120167546981006
"pi","Probability of travel from i to j","point","GAB","SWZ",NA,"mean",0.000857104302723174
"pi","Probability of travel from i to j","point","GHA","SWZ",NA,"mean",0.000241092155801286
"pi","Probability of travel from i to j","point","GIN","SWZ",NA,"mean",0.000225953274648953
"pi","Probability of travel from i to j","point","GMB","SWZ",NA,"mean",8.8620745318693e-05
"pi","Probability of travel from i to j","point","GNB","SWZ",NA,"mean",0.000160521518019617
"pi","Probability of travel from i to j","point","GNQ","SWZ",NA,"mean",0.000637484703895575
"pi","Probability of travel from i to j","point","KEN","SWZ",NA,"mean",0.00115808358698604
"pi","Probability of travel from i to j","point","LBR","SWZ",NA,"mean",0.000291835300628645
"pi","Probability of travel from i to j","point","MLI","SWZ",NA,"mean",0.000413894880544427
"pi","Probability of travel from i to j","point","MOZ","SWZ",NA,"mean",0.00960976122508004
"pi","Probability of travel from i to j","point","MRT","SWZ",NA,"mean",0.000477663202865479
"pi","Probability of travel from i to j","point","MWI","SWZ",NA,"mean",0.00431364133961156
"pi","Probability of travel from i to j","point","NAM","SWZ",NA,"mean",0.0095070887132942
"pi","Probability of travel from i to j","point","NER","SWZ",NA,"mean",0.000528287165236828
"pi","Probability of travel from i to j","point","NGA","SWZ",NA,"mean",0.000627282331976405
"pi","Probability of travel from i to j","point","RWA","SWZ",NA,"mean",0.000495712405408166
"pi","Probability of travel from i to j","point","SEN","SWZ",NA,"mean",0.000198625159658155
"pi","Probability of travel from i to j","point","SLE","SWZ",NA,"mean",0.000209346764551202
"pi","Probability of travel from i to j","point","SOM","SWZ",NA,"mean",0.00113687175943405
"pi","Probability of travel from i to j","point","SSD","SWZ",NA,"mean",0.000890271794015243
"pi","Probability of travel from i to j","point","SWZ","SWZ",NA,"mean",NA
"pi","Probability of travel from i to j","point","TCD","SWZ",NA,"mean",0.000844570305455371
"pi","Probability of travel from i to j","point","TGO","SWZ",NA,"mean",0.00014376442656851
"pi","Probability of travel from i to j","point","TZA","SWZ",NA,"mean",0.00224204439216705
"pi","Probability of travel from i to j","point","UGA","SWZ",NA,"mean",0.000893158456242254
"pi","Probability of travel from i to j","point","ZAF","SWZ",NA,"mean",0.0684465227516026
"pi","Probability of travel from i to j","point","ZMB","SWZ",NA,"mean",0.00524113467750697
"pi","Probability of travel from i to j","point","ZWE","SWZ",NA,"mean",0.0164587847361707
"pi","Probability of travel from i to j","point","AGO","TCD",NA,"mean",0.011377619346514
"pi","Probability of travel from i to j","point","BDI","TCD",NA,"mean",0.00322114441007928
"pi","Probability of travel from i to j","point","BEN","TCD",NA,"mean",0.00638873178993735
"pi","Probability of travel from i to j","point","BFA","TCD",NA,"mean",0.00792024751967539
"pi","Probability of travel from i to j","point","BWA","TCD",NA,"mean",0.00479825346385978
"pi","Probability of travel from i to j","point","CAF","TCD",NA,"mean",0.0619027238036453
"pi","Probability of travel from i to j","point","CIV","TCD",NA,"mean",0.00613766964426213
"pi","Probability of travel from i to j","point","CMR","TCD",NA,"mean",0.0289117159318907
"pi","Probability of travel from i to j","point","COD","TCD",NA,"mean",0.0154868651002488
"pi","Probability of travel from i to j","point","COG","TCD",NA,"mean",0.017285279212752
"pi","Probability of travel from i to j","point","ERI","TCD",NA,"mean",0.0192023511634051
"pi","Probability of travel from i to j","point","ETH","TCD",NA,"mean",0.0161694941110048
"pi","Probability of travel from i to j","point","GAB","TCD",NA,"mean",0.0140958913405353
"pi","Probability of travel from i to j","point","GHA","TCD",NA,"mean",0.00573582012558517
"pi","Probability of travel from i to j","point","GIN","TCD",NA,"mean",0.00386028453752161
"pi","Probability of travel from i to j","point","GMB","TCD",NA,"mean",0.00142830115327417
"pi","Probability of travel from i to j","point","GNB","TCD",NA,"mean",0.00251070368943887
"pi","Probability of travel from i to j","point","GNQ","TCD",NA,"mean",0.0143857026029216
"pi","Probability of travel from i to j","point","KEN","TCD",NA,"mean",0.00781363932926868
"pi","Probability of travel from i to j","point","LBR","TCD",NA,"mean",0.0044603383794104
"pi","Probability of travel from i to j","point","MLI","TCD",NA,"mean",0.0128470892317788
"pi","Probability of travel from i to j","point","MOZ","TCD",NA,"mean",0.0042606162172097
"pi","Probability of travel from i to j","point","MRT","TCD",NA,"mean",0.0109255909194455
"pi","Probability of travel from i to j","point","MWI","TCD",NA,"mean",0.00395498139831027
"pi","Probability of travel from i to j","point","NAM","TCD",NA,"mean",0.00720853343127141
"pi","Probability of travel from i to j","point","NER","TCD",NA,"mean",0.0645242833363877
"pi","Probability of travel from i to j","point","NGA","TCD",NA,"mean",0.0366441066304
"pi","Probability of travel from i to j","point","RWA","TCD",NA,"mean",0.00352351171870023
"pi","Probability of travel from i to j","point","SEN","TCD",NA,"mean",0.00338595488831833
"pi","Probability of travel from i to j","point","SLE","TCD",NA,"mean",0.0032241958329322
"pi","Probability of travel from i to j","point","SOM","TCD",NA,"mean",0.00888534608823338
"pi","Probability of travel from i to j","point","SSD","TCD",NA,"mean",0.0242000921432996
"pi","Probability of travel from i to j","point","SWZ","TCD",NA,"mean",0.00410281415965242
"pi","Probability of travel from i to j","point","TCD","TCD",NA,"mean",NA
"pi","Probability of travel from i to j","point","TGO","TCD",NA,"mean",0.00407294786877473
"pi","Probability of travel from i to j","point","TZA","TCD",NA,"mean",0.00663475349624965
"pi","Probability of travel from i to j","point","UGA","TCD",NA,"mean",0.0092351030754167
"pi","Probability of travel from i to j","point","ZAF","TCD",NA,"mean",0.00779643338013499
"pi","Probability of travel from i to j","point","ZMB","TCD",NA,"mean",0.0058165566030722
"pi","Probability of travel from i to j","point","ZWE","TCD",NA,"mean",0.00447294731592589
"pi","Probability of travel from i to j","point","AGO","TGO",NA,"mean",0.00817759506752001
"pi","Probability of travel from i to j","point","BDI","TGO",NA,"mean",0.00107229495149623
"pi","Probability of travel from i to j","point","BEN","TGO",NA,"mean",0.3154696541167
"pi","Probability of travel from i to j","point","BFA","TGO",NA,"mean",0.0854632591642646
"pi","Probability of travel from i to j","point","BWA","TGO",NA,"mean",0.00314924111873422
"pi","Probability of travel from i to j","point","CAF","TGO",NA,"mean",0.00935382863911569
"pi","Probability of travel from i to j","point","CIV","TGO",NA,"mean",0.0515331683878868
"pi","Probability of travel from i to j","point","CMR","TGO",NA,"mean",0.0169143070456765
"pi","Probability of travel from i to j","point","COD","TGO",NA,"mean",0.00585691033676195
"pi","Probability of travel from i to j","point","COG","TGO",NA,"mean",0.0108242293365338
"pi","Probability of travel from i to j","point","ERI","TGO",NA,"mean",0.00363478984875334
"pi","Probability of travel from i to j","point","ETH","TGO",NA,"mean",0.00361359156395356
"pi","Probability of travel from i to j","point","GAB","TGO",NA,"mean",0.013728302824359
"pi","Probability of travel from i to j","point","GHA","TGO",NA,"mean",0.261643318318256
"pi","Probability of travel from i to j","point","GIN","TGO",NA,"mean",0.0140870314289425
"pi","Probability of travel from i to j","point","GMB","TGO",NA,"mean",0.003410209975439
"pi","Probability of travel from i to j","point","GNB","TGO",NA,"mean",0.00643837819101849
"pi","Probability of travel from i to j","point","GNQ","TGO",NA,"mean",0.0174679488528815
"pi","Probability of travel from i to j","point","KEN","TGO",NA,"mean",0.00220572577953222
"pi","Probability of travel from i to j","point","LBR","TGO",NA,"mean",0.0204358363796385
"pi","Probability of travel from i to j","point","MLI","TGO",NA,"mean",0.0371799647297397
"pi","Probability of travel from i to j","point","MOZ","TGO",NA,"mean",0.00208811562613228
"pi","Probability of travel from i to j","point","MRT","TGO",NA,"mean",0.0208957959086006
"pi","Probability of travel from i to j","point","MWI","TGO",NA,"mean",0.00181051107724544
"pi","Probability of travel from i to j","point","NAM","TGO",NA,"mean",0.00557055449442655
"pi","Probability of travel from i to j","point","NER","TGO",NA,"mean",0.0254324566306373
"pi","Probability of travel from i to j","point","NGA","TGO",NA,"mean",0.0635196201862376
"pi","Probability of travel from i to j","point","RWA","TGO",NA,"mean",0.00109132018113792
"pi","Probability of travel from i to j","point","SEN","TGO",NA,"mean",0.00815362729672152
"pi","Probability of travel from i to j","point","SLE","TGO",NA,"mean",0.0114029889032652
"pi","Probability of travel from i to j","point","SOM","TGO",NA,"mean",0.00247377990088936
"pi","Probability of travel from i to j","point","SSD","TGO",NA,"mean",0.00398395301112487
"pi","Probability of travel from i to j","point","SWZ","TGO",NA,"mean",0.00247222078868592
"pi","Probability of travel from i to j","point","TCD","TGO",NA,"mean",0.0144177878626716
"pi","Probability of travel from i to j","point","TGO","TGO",NA,"mean",NA
"pi","Probability of travel from i to j","point","TZA","TGO",NA,"mean",0.00242536403170143
"pi","Probability of travel from i to j","point","UGA","TGO",NA,"mean",0.00234200492843948
"pi","Probability of travel from i to j","point","ZAF","TGO",NA,"mean",0.00528575402659353
"pi","Probability of travel from i to j","point","ZMB","TGO",NA,"mean",0.00297605442266303
"pi","Probability of travel from i to j","point","ZWE","TGO",NA,"mean",0.00247528470653763
"pi","Probability of travel from i to j","point","AGO","TZA",NA,"mean",0.0552837643563789
"pi","Probability of travel from i to j","point","BDI","TZA",NA,"mean",0.0851735037864306
"pi","Probability of travel from i to j","point","BEN","TZA",NA,"mean",0.00332468637607105
"pi","Probability of travel from i to j","point","BFA","TZA",NA,"mean",0.00450853095202659
"pi","Probability of travel from i to j","point","BWA","TZA",NA,"mean",0.0391478129351264
"pi","Probability of travel from i to j","point","CAF","TZA",NA,"mean",0.0312690057534102
"pi","Probability of travel from i to j","point","CIV","TZA",NA,"mean",0.00487677306927299
"pi","Probability of travel from i to j","point","CMR","TZA",NA,"mean",0.0137775569873609
"pi","Probability of travel from i to j","point","COD","TZA",NA,"mean",0.0822342648278901
"pi","Probability of travel from i to j","point","COG","TZA",NA,"mean",0.0254959925505536
"pi","Probability of travel from i to j","point","ERI","TZA",NA,"mean",0.0333364059428166
"pi","Probability of travel from i to j","point","ETH","TZA",NA,"mean",0.0651983249364991
"pi","Probability of travel from i to j","point","GAB","TZA",NA,"mean",0.0170199408660522
"pi","Probability of travel from i to j","point","GHA","TZA",NA,"mean",0.00388044146776968
"pi","Probability of travel from i to j","point","GIN","TZA",NA,"mean",0.0032442641510811
"pi","Probability of travel from i to j","point","GMB","TZA",NA,"mean",0.00125150421040237
"pi","Probability of travel from i to j","point","GNB","TZA",NA,"mean",0.00224348658563562
"pi","Probability of travel from i to j","point","GNQ","TZA",NA,"mean",0.0126294388643672
"pi","Probability of travel from i to j","point","KEN","TZA",NA,"mean",0.15382160806271
"pi","Probability of travel from i to j","point","LBR","TZA",NA,"mean",0.00406758838969428
"pi","Probability of travel from i to j","point","MLI","TZA",NA,"mean",0.00698818284234846
"pi","Probability of travel from i to j","point","MOZ","TZA",NA,"mean",0.0963531280167014
"pi","Probability of travel from i to j","point","MRT","TZA",NA,"mean",0.00751623665554952
"pi","Probability of travel from i to j","point","MWI","TZA",NA,"mean",0.158623901670086
"pi","Probability of travel from i to j","point","NAM","TZA",NA,"mean",0.0396375351197225
"pi","Probability of travel from i to j","point","NER","TZA",NA,"mean",0.0113888193306849
"pi","Probability of travel from i to j","point","NGA","TZA",NA,"mean",0.0128162414224651
"pi","Probability of travel from i to j","point","RWA","TZA",NA,"mean",0.0663642847646363
"pi","Probability of travel from i to j","point","SEN","TZA",NA,"mean",0.00285471688430707
"pi","Probability of travel from i to j","point","SLE","TZA",NA,"mean",0.00291239257832103
"pi","Probability of travel from i to j","point","SOM","TZA",NA,"mean",0.0544255794694252
"pi","Probability of travel from i to j","point","SSD","TZA",NA,"mean",0.0504255473511718
"pi","Probability of travel from i to j","point","SWZ","TZA",NA,"mean",0.0386913215391938
"pi","Probability of travel from i to j","point","TCD","TZA",NA,"mean",0.0235693774015114
"pi","Probability of travel from i to j","point","TGO","TZA",NA,"mean",0.00243394338155896
"pi","Probability of travel from i to j","point","TZA","TZA",NA,"mean",NA
"pi","Probability of travel from i to j","point","UGA","TZA",NA,"mean",0.100356190431077
"pi","Probability of travel from i to j","point","ZAF","TZA",NA,"mean",0.0549292735664308
"pi","Probability of travel from i to j","point","ZMB","TZA",NA,"mean",0.106462727300136
"pi","Probability of travel from i to j","point","ZWE","TZA",NA,"mean",0.0640866624377643
"pi","Probability of travel from i to j","point","AGO","UGA",NA,"mean",0.0370813666765948
"pi","Probability of travel from i to j","point","BDI","UGA",NA,"mean",0.0816656301980507
"pi","Probability of travel from i to j","point","BEN","UGA",NA,"mean",0.00366679707147844
"pi","Probability of travel from i to j","point","BFA","UGA",NA,"mean",0.00484344411958362
"pi","Probability of travel from i to j","point","BWA","UGA",NA,"mean",0.0189060990141215
"pi","Probability of travel from i to j","point","CAF","UGA",NA,"mean",0.0558101683118362
"pi","Probability of travel from i to j","point","CIV","UGA",NA,"mean",0.00491768387938798
"pi","Probability of travel from i to j","point","CMR","UGA",NA,"mean",0.0175148655061858
"pi","Probability of travel from i to j","point","COD","UGA",NA,"mean",0.0971896596232395
"pi","Probability of travel from i to j","point","COG","UGA",NA,"mean",0.0286616447075735
"pi","Probability of travel from i to j","point","ERI","UGA",NA,"mean",0.0549921417702329
"pi","Probability of travel from i to j","point","ETH","UGA",NA,"mean",0.122249309561566
"pi","Probability of travel from i to j","point","GAB","UGA",NA,"mean",0.0182083557703343
"pi","Probability of travel from i to j","point","GHA","UGA",NA,"mean",0.00406387080474051
"pi","Probability of travel from i to j","point","GIN","UGA",NA,"mean",0.00322133008082924
"pi","Probability of travel from i to j","point","GMB","UGA",NA,"mean",0.00123250995523678
"pi","Probability of travel from i to j","point","GNB","UGA",NA,"mean",0.00219889050555913
"pi","Probability of travel from i to j","point","GNQ","UGA",NA,"mean",0.014031307499439
"pi","Probability of travel from i to j","point","KEN","UGA",NA,"mean",0.22752413357661
"pi","Probability of travel from i to j","point","LBR","UGA",NA,"mean",0.0039738551713229
"pi","Probability of travel from i to j","point","MLI","UGA",NA,"mean",0.00755395440224934
"pi","Probability of travel from i to j","point","MOZ","UGA",NA,"mean",0.026767128190086
"pi","Probability of travel from i to j","point","MRT","UGA",NA,"mean",0.00780310578337103
"pi","Probability of travel from i to j","point","MWI","UGA",NA,"mean",0.0308177836341706
"pi","Probability of travel from i to j","point","NAM","UGA",NA,"mean",0.0228618530086855
"pi","Probability of travel from i to j","point","NER","UGA",NA,"mean",0.0143596484268613
"pi","Probability of travel from i to j","point","NGA","UGA",NA,"mean",0.0154005848374123
"pi","Probability of travel from i to j","point","RWA","UGA",NA,"mean",0.127612422661258
"pi","Probability of travel from i to j","point","SEN","UGA",NA,"mean",0.00283531593535168
"pi","Probability of travel from i to j","point","SLE","UGA",NA,"mean",0.00284706378605493
"pi","Probability of travel from i to j","point","SOM","UGA",NA,"mean",0.0591879976152164
"pi","Probability of travel from i to j","point","SSD","UGA",NA,"mean",0.211960325794449
"pi","Probability of travel from i to j","point","SWZ","UGA",NA,"mean",0.0171712825183656
"pi","Probability of travel from i to j","point","TCD","UGA",NA,"mean",0.0365485312155908
"pi","Probability of travel from i to j","point","TGO","UGA",NA,"mean",0.00261834100022895
"pi","Probability of travel from i to j","point","TZA","UGA",NA,"mean",0.111801860271545
"pi","Probability of travel from i to j","point","UGA","UGA",NA,"mean",NA
"pi","Probability of travel from i to j","point","ZAF","UGA",NA,"mean",0.0278768681295781
"pi","Probability of travel from i to j","point","ZMB","UGA",NA,"mean",0.0366934116852571
"pi","Probability of travel from i to j","point","ZWE","UGA",NA,"mean",0.0232952533109167
"pi","Probability of travel from i to j","point","AGO","ZAF",NA,"mean",0.0569872933402468
"pi","Probability of travel from i to j","point","BDI","ZAF",NA,"mean",0.00521151691385564
"pi","Probability of travel from i to j","point","BEN","ZAF",NA,"mean",0.00231782429460474
"pi","Probability of travel from i to j","point","BFA","ZAF",NA,"mean",0.00333277280976004
"pi","Probability of travel from i to j","point","BWA","ZAF",NA,"mean",0.27598593730817
"pi","Probability of travel from i to j","point","CAF","ZAF",NA,"mean",0.0100592564539968
"pi","Probability of travel from i to j","point","CIV","ZAF",NA,"mean",0.00417806341948778
"pi","Probability of travel from i to j","point","CMR","ZAF",NA,"mean",0.00698042961112446
"pi","Probability of travel from i to j","point","COD","ZAF",NA,"mean",0.0188495331967593
"pi","Probability of travel from i to j","point","COG","ZAF",NA,"mean",0.0129221958590232
"pi","Probability of travel from i to j","point","ERI","ZAF",NA,"mean",0.00845040927605057
"pi","Probability of travel from i to j","point","ETH","ZAF",NA,"mean",0.0113645148552341
"pi","Probability of travel from i to j","point","GAB","ZAF",NA,"mean",0.0105370478725706
"pi","Probability of travel from i to j","point","GHA","ZAF",NA,"mean",0.00303271352835429
"pi","Probability of travel from i to j","point","GIN","ZAF",NA,"mean",0.00287834337698972
"pi","Probability of travel from i to j","point","GMB","ZAF",NA,"mean",0.00112334908169481
"pi","Probability of travel from i to j","point","GNB","ZAF",NA,"mean",0.00204447456670248
"pi","Probability of travel from i to j","point","GNQ","ZAF",NA,"mean",0.0078118890241895
"pi","Probability of travel from i to j","point","KEN","ZAF",NA,"mean",0.0103172601310354
"pi","Probability of travel from i to j","point","LBR","ZAF",NA,"mean",0.00377414676524852
"pi","Probability of travel from i to j","point","MLI","ZAF",NA,"mean",0.00505037874294851
"pi","Probability of travel from i to j","point","MOZ","ZAF",NA,"mean",0.0515796030702451
"pi","Probability of travel from i to j","point","MRT","ZAF",NA,"mean",0.00587036567170336
"pi","Probability of travel from i to j","point","MWI","ZAF",NA,"mean",0.0293257788726908
"pi","Probability of travel from i to j","point","NAM","ZAF",NA,"mean",0.202749073483402
"pi","Probability of travel from i to j","point","NER","ZAF",NA,"mean",0.00613440487441383
"pi","Probability of travel from i to j","point","NGA","ZAF",NA,"mean",0.00750388779201356
"pi","Probability of travel from i to j","point","RWA","ZAF",NA,"mean",0.00469161601628837
"pi","Probability of travel from i to j","point","SEN","ZAF",NA,"mean",0.00250650048005914
"pi","Probability of travel from i to j","point","SLE","ZAF",NA,"mean",0.00269176798948515
"pi","Probability of travel from i to j","point","SOM","ZAF",NA,"mean",0.0103245923360298
"pi","Probability of travel from i to j","point","SSD","ZAF",NA,"mean",0.00888637304779583
"pi","Probability of travel from i to j","point","SWZ","ZAF",NA,"mean",0.398348559697781
"pi","Probability of travel from i to j","point","TCD","ZAF",NA,"mean",0.00934032086795659
"pi","Probability of travel from i to j","point","TGO","ZAF",NA,"mean",0.00178888735038414
"pi","Probability of travel from i to j","point","TZA","ZAF",NA,"mean",0.0185244942810446
"pi","Probability of travel from i to j","point","UGA","ZAF",NA,"mean",0.00843881804299937
"pi","Probability of travel from i to j","point","ZAF","ZAF",NA,"mean",NA
"pi","Probability of travel from i to j","point","ZMB","ZAF",NA,"mean",0.0458131115326432
"pi","Probability of travel from i to j","point","ZWE","ZAF",NA,"mean",0.099734206133514
"pi","Probability of travel from i to j","point","AGO","ZMB",NA,"mean",0.080430973385335
"pi","Probability of travel from i to j","point","BDI","ZMB",NA,"mean",0.0141805520316361
"pi","Probability of travel from i to j","point","BEN","ZMB",NA,"mean",0.00179092050888585
"pi","Probability of travel from i to j","point","BFA","ZMB",NA,"mean",0.00239738116459709
"pi","Probability of travel from i to j","point","BWA","ZMB",NA,"mean",0.0709190864234935
"pi","Probability of travel from i to j","point","CAF","ZMB",NA,"mean",0.0126978238420296
"pi","Probability of travel from i to j","point","CIV","ZMB",NA,"mean",0.00277407627457048
"pi","Probability of travel from i to j","point","CMR","ZMB",NA,"mean",0.0071758238181311
"pi","Probability of travel from i to j","point","COD","ZMB",NA,"mean",0.0429879166133657
"pi","Probability of travel from i to j","point","COG","ZMB",NA,"mean",0.016178581477796
"pi","Probability of travel from i to j","point","ERI","ZMB",NA,"mean",0.00860036189046664
"pi","Probability of travel from i to j","point","ETH","ZMB",NA,"mean",0.013116335857813
"pi","Probability of travel from i to j","point","GAB","ZMB",NA,"mean",0.0110371798352753
"pi","Probability of travel from i to j","point","GHA","ZMB",NA,"mean",0.00217729287866998
"pi","Probability of travel from i to j","point","GIN","ZMB",NA,"mean",0.0018023758721369
"pi","Probability of travel from i to j","point","GMB","ZMB",NA,"mean",0.000680805958475729
"pi","Probability of travel from i to j","point","GNB","ZMB",NA,"mean",0.00123405287115577
"pi","Probability of travel from i to j","point","GNQ","ZMB",NA,"mean",0.00762687115121191
"pi","Probability of travel from i to j","point","KEN","ZMB",NA,"mean",0.0157380176164068
"pi","Probability of travel from i to j","point","LBR","ZMB",NA,"mean",0.00234993342544988
"pi","Probability of travel from i to j","point","MLI","ZMB",NA,"mean",0.00355597932608005
"pi","Probability of travel from i to j","point","MOZ","ZMB",NA,"mean",0.0747803887022809
"pi","Probability of travel from i to j","point","MRT","ZMB",NA,"mean",0.00383818386646607
"pi","Probability of travel from i to j","point","MWI","ZMB",NA,"mean",0.0982373400803817
"pi","Probability of travel from i to j","point","NAM","ZMB",NA,"mean",0.0553410009432961
"pi","Probability of travel from i to j","point","NER","ZMB",NA,"mean",0.00519468124752036
"pi","Probability of travel from i to j","point","NGA","ZMB",NA,"mean",0.00657466956452117
"pi","Probability of travel from i to j","point","RWA","ZMB",NA,"mean",0.0111755987723566
"pi","Probability of travel from i to j","point","SEN","ZMB",NA,"mean",0.00154019039523979
"pi","Probability of travel from i to j","point","SLE","ZMB",NA,"mean",0.00164792218522629
"pi","Probability of travel from i to j","point","SOM","ZMB",NA,"mean",0.0107776141977689
"pi","Probability of travel from i to j","point","SSD","ZMB",NA,"mean",0.0121310023069573
"pi","Probability of travel from i to j","point","SWZ","ZMB",NA,"mean",0.0406709790169273
"pi","Probability of travel from i to j","point","TCD","ZMB",NA,"mean",0.00929135872870792
"pi","Probability of travel from i to j","point","TGO","ZMB",NA,"mean",0.00134296396090292
"pi","Probability of travel from i to j","point","TZA","ZMB",NA,"mean",0.0478726576716403
"pi","Probability of travel from i to j","point","UGA","ZMB",NA,"mean",0.0148106180242076
"pi","Probability of travel from i to j","point","ZAF","ZMB",NA,"mean",0.0610853736707002
"pi","Probability of travel from i to j","point","ZMB","ZMB",NA,"mean",NA
"pi","Probability of travel from i to j","point","ZWE","ZMB",NA,"mean",0.150513277453895
"pi","Probability of travel from i to j","point","AGO","ZWE",NA,"mean",0.0415221158702647
"pi","Probability of travel from i to j","point","BDI","ZWE",NA,"mean",0.00584145275084079
"pi","Probability of travel from i to j","point","BEN","ZWE",NA,"mean",0.00124211507748949
"pi","Probability of travel from i to j","point","BFA","ZWE",NA,"mean",0.00171953319801124
"pi","Probability of travel from i to j","point","BWA","ZWE",NA,"mean",0.132856840222702
"pi","Probability of travel from i to j","point","CAF","ZWE",NA,"mean",0.00725511918601727
"pi","Probability of travel from i to j","point","CIV","ZWE",NA,"mean",0.00203713845867595
"pi","Probability of travel from i to j","point","CMR","ZWE",NA,"mean",0.00439278556724696
"pi","Probability of travel from i to j","point","COD","ZWE",NA,"mean",0.0177170575030416
"pi","Probability of travel from i to j","point","COG","ZWE",NA,"mean",0.00885745075948234
"pi","Probability of travel from i to j","point","ERI","ZWE",NA,"mean",0.00597130483640726
"pi","Probability of travel from i to j","point","ETH","ZWE",NA,"mean",0.00883346002482614
"pi","Probability of travel from i to j","point","GAB","ZWE",NA,"mean",0.00654739722305583
"pi","Probability of travel from i to j","point","GHA","ZWE",NA,"mean",0.00154965575914943
"pi","Probability of travel from i to j","point","GIN","ZWE",NA,"mean",0.00136236290181962
"pi","Probability of travel from i to j","point","GMB","ZWE",NA,"mean",0.000523884995650807
"pi","Probability of travel from i to j","point","GNB","ZWE",NA,"mean",0.000949236371022829
"pi","Probability of travel from i to j","point","GNQ","ZWE",NA,"mean",0.00470123589960826
"pi","Probability of travel from i to j","point","KEN","ZWE",NA,"mean",0.00968852723866901
"pi","Probability of travel from i to j","point","LBR","ZWE",NA,"mean",0.00176856131663284
"pi","Probability of travel from i to j","point","MLI","ZWE",NA,"mean",0.0025949922749129
"pi","Probability of travel from i to j","point","MOZ","ZWE",NA,"mean",0.138761698580193
"pi","Probability of travel from i to j","point","MRT","ZWE",NA,"mean",0.00289325965069456
"pi","Probability of travel from i to j","point","MWI","ZWE",NA,"mean",0.0740506540679559
"pi","Probability of travel from i to j","point","NAM","ZWE",NA,"mean",0.0585232370877411
"pi","Probability of travel from i to j","point","NER","ZWE",NA,"mean",0.00355002413361183
"pi","Probability of travel from i to j","point","NGA","ZWE",NA,"mean",0.00434077879814357
"pi","Probability of travel from i to j","point","RWA","ZWE",NA,"mean",0.00494621069239541
"pi","Probability of travel from i to j","point","SEN","ZWE",NA,"mean",0.0011800515392003
"pi","Probability of travel from i to j","point","SLE","ZWE",NA,"mean",0.00125350505490373
"pi","Probability of travel from i to j","point","SOM","ZWE",NA,"mean",0.00791904047595103
"pi","Probability of travel from i to j","point","SSD","ZWE",NA,"mean",0.00711567166613031
"pi","Probability of travel from i to j","point","SWZ","ZWE",NA,"mean",0.107468314855866
"pi","Probability of travel from i to j","point","TCD","ZWE",NA,"mean",0.00601215846506746
"pi","Probability of travel from i to j","point","TGO","ZWE",NA,"mean",0.000939879148638086
"pi","Probability of travel from i to j","point","TZA","ZWE",NA,"mean",0.0242482818867935
"pi","Probability of travel from i to j","point","UGA","ZWE",NA,"mean",0.00791181077630779
"pi","Probability of travel from i to j","point","ZAF","ZWE",NA,"mean",0.11189609937819
"pi","Probability of travel from i to j","point","ZMB","ZWE",NA,"mean",0.126647954378647
"pi","Probability of travel from i to j","point","ZWE","ZWE",NA,"mean",NA
