"parameter","mean","sd","Q2.5","Q97.5","Rhat","n.eff","AC10"
"gamma",1.54928643799506,0.0167336897550209,1.51602255994192,1.58199045401952,1.01,1039,-0.01
"omega",0.943436220760518,0.0114042626564739,0.921017718344438,0.965396335921735,1.01,933,0
"tau",0.205071178206869,0.00187956531099768,0.201378401045291,0.208661463508227,1,1261,0
"theta",0.000176225329866207,7.55587202394619e-07,0.000174757426194038,0.000177713219843128,1.01,1789,-0.02
