"variable_name","variable_description","parameter_distribution","i","j","t","parameter_name","parameter_value"
"pi","Probability of travel from i to j","point","AGO","AGO",NA,"mean",NA
"pi","Probability of travel from i to j","point","BDI","AGO",NA,"mean",0.0102468217345514
"pi","Probability of travel from i to j","point","BEN","AGO",NA,"mean",0.00468127294025936
"pi","Probability of travel from i to j","point","BFA","AGO",NA,"mean",0.00564349060080209
"pi","Probability of travel from i to j","point","BWA","AGO",NA,"mean",0.0635022766745552
"pi","Probability of travel from i to j","point","CAF","AGO",NA,"mean",0.0230302557805187
"pi","Probability of travel from i to j","point","CIV","AGO",NA,"mean",0.00640312236478064
"pi","Probability of travel from i to j","point","CMR","AGO",NA,"mean",0.019049873485285
"pi","Probability of travel from i to j","point","COD","AGO",NA,"mean",0.0558386938991135
"pi","Probability of travel from i to j","point","COG","AGO",NA,"mean",0.046533251770941
"pi","Probability of travel from i to j","point","ERI","AGO",NA,"mean",0.0121049996983118
"pi","Probability of travel from i to j","point","ETH","AGO",NA,"mean",0.0130350283019346
"pi","Probability of travel from i to j","point","GAB","AGO",NA,"mean",0.0326236731460447
"pi","Probability of travel from i to j","point","GHA","AGO",NA,"mean",0.0053035214970751
"pi","Probability of travel from i to j","point","GIN","AGO",NA,"mean",0.00363860261079563
"pi","Probability of travel from i to j","point","GMB","AGO",NA,"mean",0.00147636059553952
"pi","Probability of travel from i to j","point","GNB","AGO",NA,"mean",0.00237373511655001
"pi","Probability of travel from i to j","point","GNQ","AGO",NA,"mean",0.0219140654900386
"pi","Probability of travel from i to j","point","KEN","AGO",NA,"mean",0.0135573542695854
"pi","Probability of travel from i to j","point","LBR","AGO",NA,"mean",0.00544367779623309
"pi","Probability of travel from i to j","point","MLI","AGO",NA,"mean",0.00733428397812885
"pi","Probability of travel from i to j","point","MOZ","AGO",NA,"mean",0.0237456990501585
"pi","Probability of travel from i to j","point","MRT","AGO",NA,"mean",0.00736958091472353
"pi","Probability of travel from i to j","point","MWI","AGO",NA,"mean",0.0232302496395272
"pi","Probability of travel from i to j","point","NAM","AGO",NA,"mean",0.121365148575976
"pi","Probability of travel from i to j","point","NER","AGO",NA,"mean",0.0116617179992034
"pi","Probability of travel from i to j","point","NGA","AGO",NA,"mean",0.0136286361344996
"pi","Probability of travel from i to j","point","RWA","AGO",NA,"mean",0.00917979118109472
"pi","Probability of travel from i to j","point","SEN","AGO",NA,"mean",0.0024771327445381
"pi","Probability of travel from i to j","point","SLE","AGO",NA,"mean",0.00355781329689241
"pi","Probability of travel from i to j","point","SOM","AGO",NA,"mean",0.0123236693083716
"pi","Probability of travel from i to j","point","SSD","AGO",NA,"mean",0.0155306796430624
"pi","Probability of travel from i to j","point","SWZ","AGO",NA,"mean",0.0301447585487731
"pi","Probability of travel from i to j","point","TCD","AGO",NA,"mean",0.0166272594857843
"pi","Probability of travel from i to j","point","TGO","AGO",NA,"mean",0.00370431841729972
"pi","Probability of travel from i to j","point","TZA","AGO",NA,"mean",0.0216828184280341
"pi","Probability of travel from i to j","point","UGA","AGO",NA,"mean",0.0138496273218325
"pi","Probability of travel from i to j","point","ZAF","AGO",NA,"mean",0.0517521084008579
"pi","Probability of travel from i to j","point","ZMB","AGO",NA,"mean",0.0645442637418358
"pi","Probability of travel from i to j","point","ZWE","AGO",NA,"mean",0.0399548751537959
"pi","Probability of travel from i to j","point","AGO","BDI",NA,"mean",0.0351642528958315
"pi","Probability of travel from i to j","point","BDI","BDI",NA,"mean",NA
"pi","Probability of travel from i to j","point","BEN","BDI",NA,"mean",0.00263317752108786
"pi","Probability of travel from i to j","point","BFA","BDI",NA,"mean",0.00324323380678446
"pi","Probability of travel from i to j","point","BWA","BDI",NA,"mean",0.0177660701006833
"pi","Probability of travel from i to j","point","CAF","BDI",NA,"mean",0.0299140294462964
"pi","Probability of travel from i to j","point","CIV","BDI",NA,"mean",0.00319980585137709
"pi","Probability of travel from i to j","point","CMR","BDI",NA,"mean",0.0125981283144645
"pi","Probability of travel from i to j","point","COD","BDI",NA,"mean",0.11118221027431
"pi","Probability of travel from i to j","point","COG","BDI",NA,"mean",0.0213602997450286
"pi","Probability of travel from i to j","point","ERI","BDI",NA,"mean",0.0220520648777841
"pi","Probability of travel from i to j","point","ETH","BDI",NA,"mean",0.0316122693023814
"pi","Probability of travel from i to j","point","GAB","BDI",NA,"mean",0.0125135532821889
"pi","Probability of travel from i to j","point","GHA","BDI",NA,"mean",0.00272262120366242
"pi","Probability of travel from i to j","point","GIN","BDI",NA,"mean",0.00191975644002827
"pi","Probability of travel from i to j","point","GMB","BDI",NA,"mean",0.000815226807538483
"pi","Probability of travel from i to j","point","GNB","BDI",NA,"mean",0.00128271550450367
"pi","Probability of travel from i to j","point","GNQ","BDI",NA,"mean",0.00991745578327448
"pi","Probability of travel from i to j","point","KEN","BDI",NA,"mean",0.0582914957665273
"pi","Probability of travel from i to j","point","LBR","BDI",NA,"mean",0.0026481155723846
"pi","Probability of travel from i to j","point","MLI","BDI",NA,"mean",0.00459216865286042
"pi","Probability of travel from i to j","point","MOZ","BDI",NA,"mean",0.0244711137163906
"pi","Probability of travel from i to j","point","MRT","BDI",NA,"mean",0.00457578558960068
"pi","Probability of travel from i to j","point","MWI","BDI",NA,"mean",0.0340046956337639
"pi","Probability of travel from i to j","point","NAM","BDI",NA,"mean",0.0199303003084053
"pi","Probability of travel from i to j","point","NER","BDI",NA,"mean",0.00925538181005899
"pi","Probability of travel from i to j","point","NGA","BDI",NA,"mean",0.00871154330033537
"pi","Probability of travel from i to j","point","RWA","BDI",NA,"mean",0.567556652401943
"pi","Probability of travel from i to j","point","SEN","BDI",NA,"mean",0.00138838982032572
"pi","Probability of travel from i to j","point","SLE","BDI",NA,"mean",0.00181196869868103
"pi","Probability of travel from i to j","point","SOM","BDI",NA,"mean",0.0259171903518588
"pi","Probability of travel from i to j","point","SSD","BDI",NA,"mean",0.0457038170124562
"pi","Probability of travel from i to j","point","SWZ","BDI",NA,"mean",0.0157595139795688
"pi","Probability of travel from i to j","point","TCD","BDI",NA,"mean",0.0182859877120451
"pi","Probability of travel from i to j","point","TGO","BDI",NA,"mean",0.00197466642045797
"pi","Probability of travel from i to j","point","TZA","BDI",NA,"mean",0.117401455745347
"pi","Probability of travel from i to j","point","UGA","BDI",NA,"mean",0.104954348154571
"pi","Probability of travel from i to j","point","ZAF","BDI",NA,"mean",0.0196544722842734
"pi","Probability of travel from i to j","point","ZMB","BDI",NA,"mean",0.0454594466870278
"pi","Probability of travel from i to j","point","ZWE","BDI",NA,"mean",0.0227563209335016
"pi","Probability of travel from i to j","point","AGO","BEN",NA,"mean",0.0133010698014463
"pi","Probability of travel from i to j","point","BDI","BEN",NA,"mean",0.0021801708783123
"pi","Probability of travel from i to j","point","BEN","BEN",NA,"mean",NA
"pi","Probability of travel from i to j","point","BFA","BEN",NA,"mean",0.11542975098791
"pi","Probability of travel from i to j","point","BWA","BEN",NA,"mean",0.00555607139372208
"pi","Probability of travel from i to j","point","CAF","BEN",NA,"mean",0.0182176440602912
"pi","Probability of travel from i to j","point","CIV","BEN",NA,"mean",0.049517740773694
"pi","Probability of travel from i to j","point","CMR","BEN",NA,"mean",0.0350405270733129
"pi","Probability of travel from i to j","point","COD","BEN",NA,"mean",0.0100165586036798
"pi","Probability of travel from i to j","point","COG","BEN",NA,"mean",0.0179610023307149
"pi","Probability of travel from i to j","point","ERI","BEN",NA,"mean",0.00829238374211978
"pi","Probability of travel from i to j","point","ETH","BEN",NA,"mean",0.00673659043812227
"pi","Probability of travel from i to j","point","GAB","BEN",NA,"mean",0.0207886065864797
"pi","Probability of travel from i to j","point","GHA","BEN",NA,"mean",0.126533887642842
"pi","Probability of travel from i to j","point","GIN","BEN",NA,"mean",0.0162991171674484
"pi","Probability of travel from i to j","point","GMB","BEN",NA,"mean",0.00488634523969789
"pi","Probability of travel from i to j","point","GNB","BEN",NA,"mean",0.00792711120507413
"pi","Probability of travel from i to j","point","GNQ","BEN",NA,"mean",0.0287528154978094
"pi","Probability of travel from i to j","point","KEN","BEN",NA,"mean",0.00468150135221941
"pi","Probability of travel from i to j","point","LBR","BEN",NA,"mean",0.0236327488873209
"pi","Probability of travel from i to j","point","MLI","BEN",NA,"mean",0.057168371053466
"pi","Probability of travel from i to j","point","MOZ","BEN",NA,"mean",0.00383947750874972
"pi","Probability of travel from i to j","point","MRT","BEN",NA,"mean",0.0300497875717882
"pi","Probability of travel from i to j","point","MWI","BEN",NA,"mean",0.0035853340934558
"pi","Probability of travel from i to j","point","NAM","BEN",NA,"mean",0.00918646824259285
"pi","Probability of travel from i to j","point","NER","BEN",NA,"mean",0.0595810601671928
"pi","Probability of travel from i to j","point","NGA","BEN",NA,"mean",0.127842935834937
"pi","Probability of travel from i to j","point","RWA","BEN",NA,"mean",0.00221832834658884
"pi","Probability of travel from i to j","point","SEN","BEN",NA,"mean",0.0087297381447625
"pi","Probability of travel from i to j","point","SLE","BEN",NA,"mean",0.0138300745459749
"pi","Probability of travel from i to j","point","SOM","BEN",NA,"mean",0.00574743466870057
"pi","Probability of travel from i to j","point","SSD","BEN",NA,"mean",0.00830744508837923
"pi","Probability of travel from i to j","point","SWZ","BEN",NA,"mean",0.004743300436296
"pi","Probability of travel from i to j","point","TCD","BEN",NA,"mean",0.0290889178488027
"pi","Probability of travel from i to j","point","TGO","BEN",NA,"mean",0.346741326308397
"pi","Probability of travel from i to j","point","TZA","BEN",NA,"mean",0.00463616605297454
"pi","Probability of travel from i to j","point","UGA","BEN",NA,"mean",0.00472817471017312
"pi","Probability of travel from i to j","point","ZAF","BEN",NA,"mean",0.0076587892208892
"pi","Probability of travel from i to j","point","ZMB","BEN",NA,"mean",0.00541883129212791
"pi","Probability of travel from i to j","point","ZWE","BEN",NA,"mean",0.00442861404050671
"pi","Probability of travel from i to j","point","AGO","BFA",NA,"mean",0.0119491027691586
"pi","Probability of travel from i to j","point","BDI","BFA",NA,"mean",0.00200102970002332
"pi","Probability of travel from i to j","point","BEN","BFA",NA,"mean",0.0860166728199345
"pi","Probability of travel from i to j","point","BFA","BFA",NA,"mean",NA
"pi","Probability of travel from i to j","point","BWA","BFA",NA,"mean",0.00542516800048025
"pi","Probability of travel from i to j","point","CAF","BFA",NA,"mean",0.0146790556314793
"pi","Probability of travel from i to j","point","CIV","BFA",NA,"mean",0.100795847113674
"pi","Probability of travel from i to j","point","CMR","BFA",NA,"mean",0.0220753528755235
"pi","Probability of travel from i to j","point","COD","BFA",NA,"mean",0.00866574659483925
"pi","Probability of travel from i to j","point","COG","BFA",NA,"mean",0.0135688462371232
"pi","Probability of travel from i to j","point","ERI","BFA",NA,"mean",0.0083814518472328
"pi","Probability of travel from i to j","point","ETH","BFA",NA,"mean",0.00666135867593029
"pi","Probability of travel from i to j","point","GAB","BFA",NA,"mean",0.014688744204477
"pi","Probability of travel from i to j","point","GHA","BFA",NA,"mean",0.123207469718823
"pi","Probability of travel from i to j","point","GIN","BFA",NA,"mean",0.0365471846539812
"pi","Probability of travel from i to j","point","GMB","BFA",NA,"mean",0.00970627469197767
"pi","Probability of travel from i to j","point","GNB","BFA",NA,"mean",0.0156428761270392
"pi","Probability of travel from i to j","point","GNQ","BFA",NA,"mean",0.0182280375625025
"pi","Probability of travel from i to j","point","KEN","BFA",NA,"mean",0.0045207240579795
"pi","Probability of travel from i to j","point","LBR","BFA",NA,"mean",0.0427878365879402
"pi","Probability of travel from i to j","point","MLI","BFA",NA,"mean",0.193246778517749
"pi","Probability of travel from i to j","point","MOZ","BFA",NA,"mean",0.0037732951948823
"pi","Probability of travel from i to j","point","MRT","BFA",NA,"mean",0.066232644837225
"pi","Probability of travel from i to j","point","MWI","BFA",NA,"mean",0.00346972640684018
"pi","Probability of travel from i to j","point","NAM","BFA",NA,"mean",0.00893880544653729
"pi","Probability of travel from i to j","point","NER","BFA",NA,"mean",0.0550959298886876
"pi","Probability of travel from i to j","point","NGA","BFA",NA,"mean",0.0548923965788672
"pi","Probability of travel from i to j","point","RWA","BFA",NA,"mean",0.00203075059272607
"pi","Probability of travel from i to j","point","SEN","BFA",NA,"mean",0.0180544064298997
"pi","Probability of travel from i to j","point","SLE","BFA",NA,"mean",0.0272700883740001
"pi","Probability of travel from i to j","point","SOM","BFA",NA,"mean",0.00580923191771648
"pi","Probability of travel from i to j","point","SSD","BFA",NA,"mean",0.00768054775039009
"pi","Probability of travel from i to j","point","SWZ","BFA",NA,"mean",0.00476451955555225
"pi","Probability of travel from i to j","point","TCD","BFA",NA,"mean",0.0255121603056951
"pi","Probability of travel from i to j","point","TGO","BFA",NA,"mean",0.0727048807427347
"pi","Probability of travel from i to j","point","TZA","BFA",NA,"mean",0.00442421361966926
"pi","Probability of travel from i to j","point","UGA","BFA",NA,"mean",0.00440178162436919
"pi","Probability of travel from i to j","point","ZAF","BFA",NA,"mean",0.00772279151229747
"pi","Probability of travel from i to j","point","ZMB","BFA",NA,"mean",0.00510847813213327
"pi","Probability of travel from i to j","point","ZWE","BFA",NA,"mean",0.00430902921420257
"pi","Probability of travel from i to j","point","AGO","BWA",NA,"mean",0.0325691298596299
"pi","Probability of travel from i to j","point","BDI","BWA",NA,"mean",0.00265519252876357
"pi","Probability of travel from i to j","point","BEN","BWA",NA,"mean",0.00100291024628049
"pi","Probability of travel from i to j","point","BFA","BWA",NA,"mean",0.00131414280366269
"pi","Probability of travel from i to j","point","BWA","BWA",NA,"mean",NA
"pi","Probability of travel from i to j","point","CAF","BWA",NA,"mean",0.00448686209818226
"pi","Probability of travel from i to j","point","CIV","BWA",NA,"mean",0.00149963797283503
"pi","Probability of travel from i to j","point","CMR","BWA",NA,"mean",0.00332401330604908
"pi","Probability of travel from i to j","point","COD","BWA",NA,"mean",0.00867701413742047
"pi","Probability of travel from i to j","point","COG","BWA",NA,"mean",0.0056660478714276
"pi","Probability of travel from i to j","point","ERI","BWA",NA,"mean",0.00382452563089099
"pi","Probability of travel from i to j","point","ETH","BWA",NA,"mean",0.00427191798906956
"pi","Probability of travel from i to j","point","GAB","BWA",NA,"mean",0.00424608064540094
"pi","Probability of travel from i to j","point","GHA","BWA",NA,"mean",0.00116595055839936
"pi","Probability of travel from i to j","point","GIN","BWA",NA,"mean",0.000928410459191409
"pi","Probability of travel from i to j","point","GMB","BWA",NA,"mean",0.000398341204098932
"pi","Probability of travel from i to j","point","GNB","BWA",NA,"mean",0.000635551172533248
"pi","Probability of travel from i to j","point","GNQ","BWA",NA,"mean",0.00332344311893778
"pi","Probability of travel from i to j","point","KEN","BWA",NA,"mean",0.00464344922857583
"pi","Probability of travel from i to j","point","LBR","BWA",NA,"mean",0.00133850446769196
"pi","Probability of travel from i to j","point","MLI","BWA",NA,"mean",0.0018276723762687
"pi","Probability of travel from i to j","point","MOZ","BWA",NA,"mean",0.0201726197622383
"pi","Probability of travel from i to j","point","MRT","BWA",NA,"mean",0.00196893985116925
"pi","Probability of travel from i to j","point","MWI","BWA",NA,"mean",0.0142521415615902
"pi","Probability of travel from i to j","point","NAM","BWA",NA,"mean",0.115991361606285
"pi","Probability of travel from i to j","point","NER","BWA",NA,"mean",0.00273028694707549
"pi","Probability of travel from i to j","point","NGA","BWA",NA,"mean",0.00274647177691915
"pi","Probability of travel from i to j","point","RWA","BWA",NA,"mean",0.0023388474721991
"pi","Probability of travel from i to j","point","SEN","BWA",NA,"mean",0.000664845928543138
"pi","Probability of travel from i to j","point","SLE","BWA",NA,"mean",0.000910710669208315
"pi","Probability of travel from i to j","point","SOM","BWA",NA,"mean",0.00460000479362933
"pi","Probability of travel from i to j","point","SSD","BWA",NA,"mean",0.00405164841135231
"pi","Probability of travel from i to j","point","SWZ","BWA",NA,"mean",0.0575176685547224
"pi","Probability of travel from i to j","point","TCD","BWA",NA,"mean",0.00388343840416192
"pi","Probability of travel from i to j","point","TGO","BWA",NA,"mean",0.000794299803208572
"pi","Probability of travel from i to j","point","TZA","BWA",NA,"mean",0.00824680686524809
"pi","Probability of travel from i to j","point","UGA","BWA",NA,"mean",0.00386702471517069
"pi","Probability of travel from i to j","point","ZAF","BWA",NA,"mean",0.120155207250208
"pi","Probability of travel from i to j","point","ZMB","BWA",NA,"mean",0.0301737207099689
"pi","Probability of travel from i to j","point","ZWE","BWA",NA,"mean",0.0628086461613101
"pi","Probability of travel from i to j","point","AGO","CAF",NA,"mean",0.017497880581265
"pi","Probability of travel from i to j","point","BDI","CAF",NA,"mean",0.00662291817890291
"pi","Probability of travel from i to j","point","BEN","CAF",NA,"mean",0.00487142802293494
"pi","Probability of travel from i to j","point","BFA","CAF",NA,"mean",0.00526741229347436
"pi","Probability of travel from i to j","point","BWA","CAF",NA,"mean",0.00664679904481393
"pi","Probability of travel from i to j","point","CAF","CAF",NA,"mean",NA
"pi","Probability of travel from i to j","point","CIV","CAF",NA,"mean",0.00451014978188082
"pi","Probability of travel from i to j","point","CMR","CAF",NA,"mean",0.0481346857697185
"pi","Probability of travel from i to j","point","COD","CAF",NA,"mean",0.0369867649697408
"pi","Probability of travel from i to j","point","COG","CAF",NA,"mean",0.0383319436316971
"pi","Probability of travel from i to j","point","ERI","CAF",NA,"mean",0.0172638590732877
"pi","Probability of travel from i to j","point","ETH","CAF",NA,"mean",0.0158812097310307
"pi","Probability of travel from i to j","point","GAB","CAF",NA,"mean",0.0221635902705951
"pi","Probability of travel from i to j","point","GHA","CAF",NA,"mean",0.00432893251942692
"pi","Probability of travel from i to j","point","GIN","CAF",NA,"mean",0.00250439273306713
"pi","Probability of travel from i to j","point","GMB","CAF",NA,"mean",0.0010123752682137
"pi","Probability of travel from i to j","point","GNB","CAF",NA,"mean",0.0015895532408828
"pi","Probability of travel from i to j","point","GNQ","CAF",NA,"mean",0.0210504510262435
"pi","Probability of travel from i to j","point","KEN","CAF",NA,"mean",0.0116909665904489
"pi","Probability of travel from i to j","point","LBR","CAF",NA,"mean",0.0034181219262714
"pi","Probability of travel from i to j","point","MLI","CAF",NA,"mean",0.007098872275649
"pi","Probability of travel from i to j","point","MOZ","CAF",NA,"mean",0.00586183093418594
"pi","Probability of travel from i to j","point","MRT","CAF",NA,"mean",0.00618400335221861
"pi","Probability of travel from i to j","point","MWI","CAF",NA,"mean",0.00615329393097694
"pi","Probability of travel from i to j","point","NAM","CAF",NA,"mean",0.00943363013534983
"pi","Probability of travel from i to j","point","NER","CAF",NA,"mean",0.0214137271157211
"pi","Probability of travel from i to j","point","NGA","CAF",NA,"mean",0.0223658270062295
"pi","Probability of travel from i to j","point","RWA","CAF",NA,"mean",0.00739155849464801
"pi","Probability of travel from i to j","point","SEN","CAF",NA,"mean",0.00175257827823368
"pi","Probability of travel from i to j","point","SLE","CAF",NA,"mean",0.00229546850932266
"pi","Probability of travel from i to j","point","SOM","CAF",NA,"mean",0.0109812098365732
"pi","Probability of travel from i to j","point","SSD","CAF",NA,"mean",0.0388555365664082
"pi","Probability of travel from i to j","point","SWZ","CAF",NA,"mean",0.00568304309379706
"pi","Probability of travel from i to j","point","TCD","CAF",NA,"mean",0.0664532977290899
"pi","Probability of travel from i to j","point","TGO","CAF",NA,"mean",0.00341305037923971
"pi","Probability of travel from i to j","point","TZA","CAF",NA,"mean",0.0102986571400222
"pi","Probability of travel from i to j","point","UGA","CAF",NA,"mean",0.0165204183162986
"pi","Probability of travel from i to j","point","ZAF","CAF",NA,"mean",0.00821781897996867
"pi","Probability of travel from i to j","point","ZMB","CAF",NA,"mean",0.00922719994571629
"pi","Probability of travel from i to j","point","ZWE","CAF",NA,"mean",0.00628401111234039
"pi","Probability of travel from i to j","point","AGO","CIV",NA,"mean",0.0138277969206478
"pi","Probability of travel from i to j","point","BDI","CIV",NA,"mean",0.00201359723252445
"pi","Probability of travel from i to j","point","BEN","CIV",NA,"mean",0.0376356485260286
"pi","Probability of travel from i to j","point","BFA","CIV",NA,"mean",0.102805497778034
"pi","Probability of travel from i to j","point","BWA","CIV",NA,"mean",0.00631438066886755
"pi","Probability of travel from i to j","point","CAF","CIV",NA,"mean",0.0128193341941201
"pi","Probability of travel from i to j","point","CIV","CIV",NA,"mean",NA
"pi","Probability of travel from i to j","point","CMR","CIV",NA,"mean",0.0187191378068086
"pi","Probability of travel from i to j","point","COD","CIV",NA,"mean",0.00875525481308604
"pi","Probability of travel from i to j","point","COG","CIV",NA,"mean",0.0138007146021886
"pi","Probability of travel from i to j","point","ERI","CIV",NA,"mean",0.00761193577297797
"pi","Probability of travel from i to j","point","ETH","CIV",NA,"mean",0.00626529437230957
"pi","Probability of travel from i to j","point","GAB","CIV",NA,"mean",0.0154400451240901
"pi","Probability of travel from i to j","point","GHA","CIV",NA,"mean",0.137474284517659
"pi","Probability of travel from i to j","point","GIN","CIV",NA,"mean",0.0867146362230266
"pi","Probability of travel from i to j","point","GMB","CIV",NA,"mean",0.0145343592936699
"pi","Probability of travel from i to j","point","GNB","CIV",NA,"mean",0.0262192651177365
"pi","Probability of travel from i to j","point","GNQ","CIV",NA,"mean",0.0182285498131177
"pi","Probability of travel from i to j","point","KEN","CIV",NA,"mean",0.00443550343468968
"pi","Probability of travel from i to j","point","LBR","CIV",NA,"mean",0.231634160513761
"pi","Probability of travel from i to j","point","MLI","CIV",NA,"mean",0.0711869096350789
"pi","Probability of travel from i to j","point","MOZ","CIV",NA,"mean",0.00410986981848638
"pi","Probability of travel from i to j","point","MRT","CIV",NA,"mean",0.0553062380647703
"pi","Probability of travel from i to j","point","MWI","CIV",NA,"mean",0.00372164019180964
"pi","Probability of travel from i to j","point","NAM","CIV",NA,"mean",0.0108256430614955
"pi","Probability of travel from i to j","point","NER","CIV",NA,"mean",0.0305003611098117
"pi","Probability of travel from i to j","point","NGA","CIV",NA,"mean",0.0350844064106871
"pi","Probability of travel from i to j","point","RWA","CIV",NA,"mean",0.00201968824682531
"pi","Probability of travel from i to j","point","SEN","CIV",NA,"mean",0.0251869593194951
"pi","Probability of travel from i to j","point","SLE","CIV",NA,"mean",0.0773765994100546
"pi","Probability of travel from i to j","point","SOM","CIV",NA,"mean",0.00562294320342084
"pi","Probability of travel from i to j","point","SSD","CIV",NA,"mean",0.00702991310047859
"pi","Probability of travel from i to j","point","SWZ","CIV",NA,"mean",0.00545153966535947
"pi","Probability of travel from i to j","point","TCD","CIV",NA,"mean",0.0191302454625442
"pi","Probability of travel from i to j","point","TGO","CIV",NA,"mean",0.0430546132287579
"pi","Probability of travel from i to j","point","TZA","CIV",NA,"mean",0.00454026764767513
"pi","Probability of travel from i to j","point","UGA","CIV",NA,"mean",0.00425605873669031
"pi","Probability of travel from i to j","point","ZAF","CIV",NA,"mean",0.00910551238433947
"pi","Probability of travel from i to j","point","ZMB","CIV",NA,"mean",0.00558585727294387
"pi","Probability of travel from i to j","point","ZWE","CIV",NA,"mean",0.00481727920795236
"pi","Probability of travel from i to j","point","AGO","CMR",NA,"mean",0.0321093291879753
"pi","Probability of travel from i to j","point","BDI","CMR",NA,"mean",0.00618775272731179
"pi","Probability of travel from i to j","point","BEN","CMR",NA,"mean",0.0207867770333058
"pi","Probability of travel from i to j","point","BFA","CMR",NA,"mean",0.0175735418956078
"pi","Probability of travel from i to j","point","BWA","CMR",NA,"mean",0.0109240839876841
"pi","Probability of travel from i to j","point","CAF","CMR",NA,"mean",0.106785083352802
"pi","Probability of travel from i to j","point","CIV","CMR",NA,"mean",0.0146104565462337
"pi","Probability of travel from i to j","point","CMR","CMR",NA,"mean",NA
"pi","Probability of travel from i to j","point","COD","CMR",NA,"mean",0.0357472038843498
"pi","Probability of travel from i to j","point","COG","CMR",NA,"mean",0.106880996091173
"pi","Probability of travel from i to j","point","ERI","CMR",NA,"mean",0.0172197908607599
"pi","Probability of travel from i to j","point","ETH","CMR",NA,"mean",0.0150679902017882
"pi","Probability of travel from i to j","point","GAB","CMR",NA,"mean",0.107057260254166
"pi","Probability of travel from i to j","point","GHA","CMR",NA,"mean",0.0162507942542513
"pi","Probability of travel from i to j","point","GIN","CMR",NA,"mean",0.00706358504298628
"pi","Probability of travel from i to j","point","GMB","CMR",NA,"mean",0.00262657249559883
"pi","Probability of travel from i to j","point","GNB","CMR",NA,"mean",0.00418519357291349
"pi","Probability of travel from i to j","point","GNQ","CMR",NA,"mean",0.177401867646817
"pi","Probability of travel from i to j","point","KEN","CMR",NA,"mean",0.0112278441309287
"pi","Probability of travel from i to j","point","LBR","CMR",NA,"mean",0.0101729491133365
"pi","Probability of travel from i to j","point","MLI","CMR",NA,"mean",0.0199961595652007
"pi","Probability of travel from i to j","point","MOZ","CMR",NA,"mean",0.008016888614487
"pi","Probability of travel from i to j","point","MRT","CMR",NA,"mean",0.0155903191079731
"pi","Probability of travel from i to j","point","MWI","CMR",NA,"mean",0.00795846476736663
"pi","Probability of travel from i to j","point","NAM","CMR",NA,"mean",0.0172055061582157
"pi","Probability of travel from i to j","point","NER","CMR",NA,"mean",0.0563819628250625
"pi","Probability of travel from i to j","point","NGA","CMR",NA,"mean",0.14606040339427
"pi","Probability of travel from i to j","point","RWA","CMR",NA,"mean",0.00643126854297276
"pi","Probability of travel from i to j","point","SEN","CMR",NA,"mean",0.00455906463599595
"pi","Probability of travel from i to j","point","SLE","CMR",NA,"mean",0.00646128371438094
"pi","Probability of travel from i to j","point","SOM","CMR",NA,"mean",0.011880252017179
"pi","Probability of travel from i to j","point","SSD","CMR",NA,"mean",0.0239777241236906
"pi","Probability of travel from i to j","point","SWZ","CMR",NA,"mean",0.0088778741376067
"pi","Probability of travel from i to j","point","TCD","CMR",NA,"mean",0.0765674918837904
"pi","Probability of travel from i to j","point","TGO","CMR",NA,"mean",0.0140547145813518
"pi","Probability of travel from i to j","point","TZA","CMR",NA,"mean",0.011233065370925
"pi","Probability of travel from i to j","point","UGA","CMR",NA,"mean",0.0130943634184313
"pi","Probability of travel from i to j","point","ZAF","CMR",NA,"mean",0.0137427290024007
"pi","Probability of travel from i to j","point","ZMB","CMR",NA,"mean",0.0127198903386404
"pi","Probability of travel from i to j","point","ZWE","CMR",NA,"mean",0.00924342500330088
"pi","Probability of travel from i to j","point","AGO","COD",NA,"mean",0.122325455602822
"pi","Probability of travel from i to j","point","BDI","COD",NA,"mean",0.0709748821567644
"pi","Probability of travel from i to j","point","BEN","COD",NA,"mean",0.00772284854155483
"pi","Probability of travel from i to j","point","BFA","COD",NA,"mean",0.00896602789206712
"pi","Probability of travel from i to j","point","BWA","COD",NA,"mean",0.0370625277375572
"pi","Probability of travel from i to j","point","CAF","COD",NA,"mean",0.106645184862536
"pi","Probability of travel from i to j","point","CIV","COD",NA,"mean",0.00888155868144843
"pi","Probability of travel from i to j","point","CMR","COD",NA,"mean",0.0464605697343703
"pi","Probability of travel from i to j","point","COD","COD",NA,"mean",NA
"pi","Probability of travel from i to j","point","COG","COD",NA,"mean",0.114405686386226
"pi","Probability of travel from i to j","point","ERI","COD",NA,"mean",0.0348140905626765
"pi","Probability of travel from i to j","point","ETH","COD",NA,"mean",0.0408370539073655
"pi","Probability of travel from i to j","point","GAB","COD",NA,"mean",0.0534776959966723
"pi","Probability of travel from i to j","point","GHA","COD",NA,"mean",0.00784425548861867
"pi","Probability of travel from i to j","point","GIN","COD",NA,"mean",0.00506654018480196
"pi","Probability of travel from i to j","point","GMB","COD",NA,"mean",0.00207979562249679
"pi","Probability of travel from i to j","point","GNB","COD",NA,"mean",0.00329471528739815
"pi","Probability of travel from i to j","point","GNQ","COD",NA,"mean",0.0383397501215456
"pi","Probability of travel from i to j","point","KEN","COD",NA,"mean",0.0472963154966229
"pi","Probability of travel from i to j","point","LBR","COD",NA,"mean",0.0071738866686942
"pi","Probability of travel from i to j","point","MLI","COD",NA,"mean",0.0120559775331811
"pi","Probability of travel from i to j","point","MOZ","COD",NA,"mean",0.0332654017375129
"pi","Probability of travel from i to j","point","MRT","COD",NA,"mean",0.0115298172019673
"pi","Probability of travel from i to j","point","MWI","COD",NA,"mean",0.0395472062324123
"pi","Probability of travel from i to j","point","NAM","COD",NA,"mean",0.0482578279454701
"pi","Probability of travel from i to j","point","NER","COD",NA,"mean",0.0248733437204082
"pi","Probability of travel from i to j","point","NGA","COD",NA,"mean",0.0270414718809392
"pi","Probability of travel from i to j","point","RWA","COD",NA,"mean",0.0688433261850948
"pi","Probability of travel from i to j","point","SEN","COD",NA,"mean",0.00354388378024509
"pi","Probability of travel from i to j","point","SLE","COD",NA,"mean",0.00479170548779118
"pi","Probability of travel from i to j","point","SOM","COD",NA,"mean",0.0326948655131227
"pi","Probability of travel from i to j","point","SSD","COD",NA,"mean",0.0719748891885059
"pi","Probability of travel from i to j","point","SWZ","COD",NA,"mean",0.0280534325757839
"pi","Probability of travel from i to j","point","TCD","COD",NA,"mean",0.0475153258117096
"pi","Probability of travel from i to j","point","TGO","COD",NA,"mean",0.00578542700037433
"pi","Probability of travel from i to j","point","TZA","COD",NA,"mean",0.067358697716829
"pi","Probability of travel from i to j","point","UGA","COD",NA,"mean",0.073313544084735
"pi","Probability of travel from i to j","point","ZAF","COD",NA,"mean",0.0390720742490397
"pi","Probability of travel from i to j","point","ZMB","COD",NA,"mean",0.0765382584957104
"pi","Probability of travel from i to j","point","ZWE","COD",NA,"mean",0.0383319659406892
"pi","Probability of travel from i to j","point","AGO","COG",NA,"mean",0.0440458754955111
"pi","Probability of travel from i to j","point","BDI","COG",NA,"mean",0.00589165046239943
"pi","Probability of travel from i to j","point","BEN","COG",NA,"mean",0.00598342434902894
"pi","Probability of travel from i to j","point","BFA","COG",NA,"mean",0.00606592833746231
"pi","Probability of travel from i to j","point","BWA","COG",NA,"mean",0.0104569546365801
"pi","Probability of travel from i to j","point","CAF","COG",NA,"mean",0.0477546865115974
"pi","Probability of travel from i to j","point","CIV","COG",NA,"mean",0.00604898110464053
"pi","Probability of travel from i to j","point","CMR","COG",NA,"mean",0.0600209963259291
"pi","Probability of travel from i to j","point","COD","COG",NA,"mean",0.0494319638813489
"pi","Probability of travel from i to j","point","COG","COG",NA,"mean",NA
"pi","Probability of travel from i to j","point","ERI","COG",NA,"mean",0.00958856707568779
"pi","Probability of travel from i to j","point","ETH","COG",NA,"mean",0.00942230206363873
"pi","Probability of travel from i to j","point","GAB","COG",NA,"mean",0.19172518447898
"pi","Probability of travel from i to j","point","GHA","COG",NA,"mean",0.00584428848118489
"pi","Probability of travel from i to j","point","GIN","COG",NA,"mean",0.00309594055413342
"pi","Probability of travel from i to j","point","GMB","COG",NA,"mean",0.00118813582714224
"pi","Probability of travel from i to j","point","GNB","COG",NA,"mean",0.00190526791435531
"pi","Probability of travel from i to j","point","GNQ","COG",NA,"mean",0.0779488715479427
"pi","Probability of travel from i to j","point","KEN","COG",NA,"mean",0.00828525061540204
"pi","Probability of travel from i to j","point","LBR","COG",NA,"mean",0.00460921755344329
"pi","Probability of travel from i to j","point","MLI","COG",NA,"mean",0.00730267764098388
"pi","Probability of travel from i to j","point","MOZ","COG",NA,"mean",0.0070308642619182
"pi","Probability of travel from i to j","point","MRT","COG",NA,"mean",0.00645792513998279
"pi","Probability of travel from i to j","point","MWI","COG",NA,"mean",0.00720622571019873
"pi","Probability of travel from i to j","point","NAM","COG",NA,"mean",0.0167709545257092
"pi","Probability of travel from i to j","point","NER","COG",NA,"mean",0.014948728177603
"pi","Probability of travel from i to j","point","NGA","COG",NA,"mean",0.0232210362986051
"pi","Probability of travel from i to j","point","RWA","COG",NA,"mean",0.00590659382979231
"pi","Probability of travel from i to j","point","SEN","COG",NA,"mean",0.00202876242338049
"pi","Probability of travel from i to j","point","SLE","COG",NA,"mean",0.00293176578856548
"pi","Probability of travel from i to j","point","SOM","COG",NA,"mean",0.00772139810618413
"pi","Probability of travel from i to j","point","SSD","COG",NA,"mean",0.0149110304171088
"pi","Probability of travel from i to j","point","SWZ","COG",NA,"mean",0.00764080529362311
"pi","Probability of travel from i to j","point","TCD","COG",NA,"mean",0.0229340116117954
"pi","Probability of travel from i to j","point","TGO","COG",NA,"mean",0.00448798954345045
"pi","Probability of travel from i to j","point","TZA","COG",NA,"mean",0.00974153212351701
"pi","Probability of travel from i to j","point","UGA","COG",NA,"mean",0.0101149703925228
"pi","Probability of travel from i to j","point","ZAF","COG",NA,"mean",0.0119219499207575
"pi","Probability of travel from i to j","point","ZMB","COG",NA,"mean",0.0132834760925794
"pi","Probability of travel from i to j","point","ZWE","COG",NA,"mean",0.00869016584306211
"pi","Probability of travel from i to j","point","AGO","ERI",NA,"mean",0.00515860087638465
"pi","Probability of travel from i to j","point","BDI","ERI",NA,"mean",0.00273844606783678
"pi","Probability of travel from i to j","point","BEN","ERI",NA,"mean",0.00124372374771828
"pi","Probability of travel from i to j","point","BFA","ERI",NA,"mean",0.00168693717407828
"pi","Probability of travel from i to j","point","BWA","ERI",NA,"mean",0.0031778095105152
"pi","Probability of travel from i to j","point","CAF","ERI",NA,"mean",0.00968318746768006
"pi","Probability of travel from i to j","point","CIV","ERI",NA,"mean",0.00150210768639302
"pi","Probability of travel from i to j","point","CMR","ERI",NA,"mean",0.00435367373995191
"pi","Probability of travel from i to j","point","COD","ERI",NA,"mean",0.00677236893156281
"pi","Probability of travel from i to j","point","COG","ERI",NA,"mean",0.0043169698029516
"pi","Probability of travel from i to j","point","ERI","ERI",NA,"mean",NA
"pi","Probability of travel from i to j","point","ETH","ERI",NA,"mean",0.0869744133653187
"pi","Probability of travel from i to j","point","GAB","ERI",NA,"mean",0.00310831115314307
"pi","Probability of travel from i to j","point","GHA","ERI",NA,"mean",0.00124820269138163
"pi","Probability of travel from i to j","point","GIN","ERI",NA,"mean",0.000983697688238618
"pi","Probability of travel from i to j","point","GMB","ERI",NA,"mean",0.000446120520363224
"pi","Probability of travel from i to j","point","GNB","ERI",NA,"mean",0.000684794112997668
"pi","Probability of travel from i to j","point","GNQ","ERI",NA,"mean",0.0029164676892556
"pi","Probability of travel from i to j","point","KEN","ERI",NA,"mean",0.0147817086464931
"pi","Probability of travel from i to j","point","LBR","ERI",NA,"mean",0.00124512563470579
"pi","Probability of travel from i to j","point","MLI","ERI",NA,"mean",0.00272756895841825
"pi","Probability of travel from i to j","point","MOZ","ERI",NA,"mean",0.00386252903025865
"pi","Probability of travel from i to j","point","MRT","ERI",NA,"mean",0.00282998703698172
"pi","Probability of travel from i to j","point","MWI","ERI",NA,"mean",0.00382754628797239
"pi","Probability of travel from i to j","point","NAM","ERI",NA,"mean",0.00399042432675874
"pi","Probability of travel from i to j","point","NER","ERI",NA,"mean",0.00618842144627554
"pi","Probability of travel from i to j","point","NGA","ERI",NA,"mean",0.00398526089110955
"pi","Probability of travel from i to j","point","RWA","ERI",NA,"mean",0.00300473423348488
"pi","Probability of travel from i to j","point","SEN","ERI",NA,"mean",0.000770284687793668
"pi","Probability of travel from i to j","point","SLE","ERI",NA,"mean",0.000899955758421667
"pi","Probability of travel from i to j","point","SOM","ERI",NA,"mean",0.0382054930643333
"pi","Probability of travel from i to j","point","SSD","ERI",NA,"mean",0.0249672769085784
"pi","Probability of travel from i to j","point","SWZ","ERI",NA,"mean",0.00343883465529248
"pi","Probability of travel from i to j","point","TCD","ERI",NA,"mean",0.0142723465370903
"pi","Probability of travel from i to j","point","TGO","ERI",NA,"mean",0.000906115208421788
"pi","Probability of travel from i to j","point","TZA","ERI",NA,"mean",0.0070668928593697
"pi","Probability of travel from i to j","point","UGA","ERI",NA,"mean",0.0105262588394856
"pi","Probability of travel from i to j","point","ZAF","ERI",NA,"mean",0.00450639050573286
"pi","Probability of travel from i to j","point","ZMB","ERI",NA,"mean",0.00413186125265952
"pi","Probability of travel from i to j","point","ZWE","ERI",NA,"mean",0.00338023833069515
"pi","Probability of travel from i to j","point","AGO","ETH",NA,"mean",0.0223600995835809
"pi","Probability of travel from i to j","point","BDI","ETH",NA,"mean",0.0158017509984473
"pi","Probability of travel from i to j","point","BEN","ETH",NA,"mean",0.00406704792638244
"pi","Probability of travel from i to j","point","BFA","ETH",NA,"mean",0.00539680943670777
"pi","Probability of travel from i to j","point","BWA","ETH",NA,"mean",0.0142878802501358
"pi","Probability of travel from i to j","point","CAF","ETH",NA,"mean",0.0358557366362904
"pi","Probability of travel from i to j","point","CIV","ETH",NA,"mean",0.00497670667682458
"pi","Probability of travel from i to j","point","CMR","ETH",NA,"mean",0.015334794034714
"pi","Probability of travel from i to j","point","COD","ETH",NA,"mean",0.0319767681238333
"pi","Probability of travel from i to j","point","COG","ETH",NA,"mean",0.0170756377673434
"pi","Probability of travel from i to j","point","ERI","ETH",NA,"mean",0.350095169435403
"pi","Probability of travel from i to j","point","ETH","ETH",NA,"mean",NA
"pi","Probability of travel from i to j","point","GAB","ETH",NA,"mean",0.0118188778382593
"pi","Probability of travel from i to j","point","GHA","ETH",NA,"mean",0.0041366659285783
"pi","Probability of travel from i to j","point","GIN","ETH",NA,"mean",0.00320007014569333
"pi","Probability of travel from i to j","point","GMB","ETH",NA,"mean",0.001431115522937
"pi","Probability of travel from i to j","point","GNB","ETH",NA,"mean",0.00221198334072251
"pi","Probability of travel from i to j","point","GNQ","ETH",NA,"mean",0.0106818482754684
"pi","Probability of travel from i to j","point","KEN","ETH",NA,"mean",0.143963165505226
"pi","Probability of travel from i to j","point","LBR","ETH",NA,"mean",0.00414645725807624
"pi","Probability of travel from i to j","point","MLI","ETH",NA,"mean",0.00841942298667417
"pi","Probability of travel from i to j","point","MOZ","ETH",NA,"mean",0.0196389917455927
"pi","Probability of travel from i to j","point","MRT","ETH",NA,"mean",0.00870948169675164
"pi","Probability of travel from i to j","point","MWI","ETH",NA,"mean",0.0203345540023829
"pi","Probability of travel from i to j","point","NAM","ETH",NA,"mean",0.017123679259722
"pi","Probability of travel from i to j","point","NER","ETH",NA,"mean",0.0181743681501476
"pi","Probability of travel from i to j","point","NGA","ETH",NA,"mean",0.013069459825971
"pi","Probability of travel from i to j","point","RWA","ETH",NA,"mean",0.0176110784018636
"pi","Probability of travel from i to j","point","SEN","ETH",NA,"mean",0.00245834529835937
"pi","Probability of travel from i to j","point","SLE","ETH",NA,"mean",0.00295845438043699
"pi","Probability of travel from i to j","point","SOM","ETH",NA,"mean",0.348137124409992
"pi","Probability of travel from i to j","point","SSD","ETH",NA,"mean",0.12622003771536
"pi","Probability of travel from i to j","point","SWZ","ETH",NA,"mean",0.0156963859977961
"pi","Probability of travel from i to j","point","TCD","ETH",NA,"mean",0.0403196001024878
"pi","Probability of travel from i to j","point","TGO","ETH",NA,"mean",0.0029926732320863
"pi","Probability of travel from i to j","point","TZA","ETH",NA,"mean",0.0441156958171664
"pi","Probability of travel from i to j","point","UGA","ETH",NA,"mean",0.0741273987294988
"pi","Probability of travel from i to j","point","ZAF","ETH",NA,"mean",0.0197770917401579
"pi","Probability of travel from i to j","point","ZMB","ETH",NA,"mean",0.0204114275990116
"pi","Probability of travel from i to j","point","ZWE","ETH",NA,"mean",0.0162264312646807
"pi","Probability of travel from i to j","point","AGO","GAB",NA,"mean",0.0266264249180065
"pi","Probability of travel from i to j","point","BDI","GAB",NA,"mean",0.00297610626643721
"pi","Probability of travel from i to j","point","BEN","GAB",NA,"mean",0.00597149086634391
"pi","Probability of travel from i to j","point","BFA","GAB",NA,"mean",0.0056620953519646
"pi","Probability of travel from i to j","point","BWA","GAB",NA,"mean",0.00675696049161245
"pi","Probability of travel from i to j","point","CAF","GAB",NA,"mean",0.023808576347031
"pi","Probability of travel from i to j","point","CIV","GAB",NA,"mean",0.00583535624999
"pi","Probability of travel from i to j","point","CMR","GAB",NA,"mean",0.0518390446526697
"pi","Probability of travel from i to j","point","COD","GAB",NA,"mean",0.0199237506848691
"pi","Probability of travel from i to j","point","COG","GAB",NA,"mean",0.165316925922989
"pi","Probability of travel from i to j","point","ERI","GAB",NA,"mean",0.0059530200221017
"pi","Probability of travel from i to j","point","ETH","GAB",NA,"mean",0.00562334190558105
"pi","Probability of travel from i to j","point","GAB","GAB",NA,"mean",NA
"pi","Probability of travel from i to j","point","GHA","GAB",NA,"mean",0.00588826270992757
"pi","Probability of travel from i to j","point","GIN","GAB",NA,"mean",0.00280152162049686
"pi","Probability of travel from i to j","point","GMB","GAB",NA,"mean",0.00103557476789792
"pi","Probability of travel from i to j","point","GNB","GAB",NA,"mean",0.0016742491437401
"pi","Probability of travel from i to j","point","GNQ","GAB",NA,"mean",0.199727762062263
"pi","Probability of travel from i to j","point","KEN","GAB",NA,"mean",0.0047117608178595
"pi","Probability of travel from i to j","point","LBR","GAB",NA,"mean",0.00432408340068218
"pi","Probability of travel from i to j","point","MLI","GAB",NA,"mean",0.00638333013344026
"pi","Probability of travel from i to j","point","MOZ","GAB",NA,"mean",0.00426609514341216
"pi","Probability of travel from i to j","point","MRT","GAB",NA,"mean",0.00549001971171376
"pi","Probability of travel from i to j","point","MWI","GAB",NA,"mean",0.00421630130494241
"pi","Probability of travel from i to j","point","NAM","GAB",NA,"mean",0.0114823363729624
"pi","Probability of travel from i to j","point","NER","GAB",NA,"mean",0.011990232809589
"pi","Probability of travel from i to j","point","NGA","GAB",NA,"mean",0.0222652197372605
"pi","Probability of travel from i to j","point","RWA","GAB",NA,"mean",0.00296995323659681
"pi","Probability of travel from i to j","point","SEN","GAB",NA,"mean",0.00176667523370998
"pi","Probability of travel from i to j","point","SLE","GAB",NA,"mean",0.00266641422357541
"pi","Probability of travel from i to j","point","SOM","GAB",NA,"mean",0.0047182788294861
"pi","Probability of travel from i to j","point","SSD","GAB",NA,"mean",0.00818230209361202
"pi","Probability of travel from i to j","point","SWZ","GAB",NA,"mean",0.00496727168359204
"pi","Probability of travel from i to j","point","TCD","GAB",NA,"mean",0.0154110741139978
"pi","Probability of travel from i to j","point","TGO","GAB",NA,"mean",0.00456952893385294
"pi","Probability of travel from i to j","point","TZA","GAB",NA,"mean",0.00542235976605856
"pi","Probability of travel from i to j","point","UGA","GAB",NA,"mean",0.00537379333043606
"pi","Probability of travel from i to j","point","ZAF","GAB",NA,"mean",0.00801066637293029
"pi","Probability of travel from i to j","point","ZMB","GAB",NA,"mean",0.00754652267905494
"pi","Probability of travel from i to j","point","ZWE","GAB",NA,"mean",0.00532409797753189
"pi","Probability of travel from i to j","point","AGO","GHA",NA,"mean",0.0172221094599361
"pi","Probability of travel from i to j","point","BDI","GHA",NA,"mean",0.00257630347982384
"pi","Probability of travel from i to j","point","BEN","GHA",NA,"mean",0.14461263980004
"pi","Probability of travel from i to j","point","BFA","GHA",NA,"mean",0.188960730866946
"pi","Probability of travel from i to j","point","BWA","GHA",NA,"mean",0.00738219115120872
"pi","Probability of travel from i to j","point","CAF","GHA",NA,"mean",0.01850189196581
"pi","Probability of travel from i to j","point","CIV","GHA",NA,"mean",0.206719901004757
"pi","Probability of travel from i to j","point","CMR","GHA",NA,"mean",0.0313081543834129
"pi","Probability of travel from i to j","point","COD","GHA",NA,"mean",0.0116276553685451
"pi","Probability of travel from i to j","point","COG","GHA",NA,"mean",0.0200498815958447
"pi","Probability of travel from i to j","point","ERI","GHA",NA,"mean",0.00951130222346381
"pi","Probability of travel from i to j","point","ETH","GHA",NA,"mean",0.00783088247152124
"pi","Probability of travel from i to j","point","GAB","GHA",NA,"mean",0.0234276748947103
"pi","Probability of travel from i to j","point","GHA","GHA",NA,"mean",NA
"pi","Probability of travel from i to j","point","GIN","GHA",NA,"mean",0.0367748026482686
"pi","Probability of travel from i to j","point","GMB","GHA",NA,"mean",0.00911521998693027
"pi","Probability of travel from i to j","point","GNB","GHA",NA,"mean",0.015367291222261
"pi","Probability of travel from i to j","point","GNQ","GHA",NA,"mean",0.0300375201609678
"pi","Probability of travel from i to j","point","KEN","GHA",NA,"mean",0.00554159155945083
"pi","Probability of travel from i to j","point","LBR","GHA",NA,"mean",0.0640626763929063
"pi","Probability of travel from i to j","point","MLI","GHA",NA,"mean",0.0776148172971622
"pi","Probability of travel from i to j","point","MOZ","GHA",NA,"mean",0.00489374453322578
"pi","Probability of travel from i to j","point","MRT","GHA",NA,"mean",0.0465273395634954
"pi","Probability of travel from i to j","point","MWI","GHA",NA,"mean",0.00450200995395695
"pi","Probability of travel from i to j","point","NAM","GHA",NA,"mean",0.0125232192231944
"pi","Probability of travel from i to j","point","NER","GHA",NA,"mean",0.0476607337624592
"pi","Probability of travel from i to j","point","NGA","GHA",NA,"mean",0.0720609595875418
"pi","Probability of travel from i to j","point","RWA","GHA",NA,"mean",0.00259806871784223
"pi","Probability of travel from i to j","point","SEN","GHA",NA,"mean",0.0160972440165351
"pi","Probability of travel from i to j","point","SLE","GHA",NA,"mean",0.03176749089506
"pi","Probability of travel from i to j","point","SOM","GHA",NA,"mean",0.00686300865663858
"pi","Probability of travel from i to j","point","SSD","GHA",NA,"mean",0.00923260989897899
"pi","Probability of travel from i to j","point","SWZ","GHA",NA,"mean",0.0062821989032966
"pi","Probability of travel from i to j","point","TCD","GHA",NA,"mean",0.0275868542250978
"pi","Probability of travel from i to j","point","TGO","GHA",NA,"mean",0.305201319917229
"pi","Probability of travel from i to j","point","TZA","GHA",NA,"mean",0.00562792014922915
"pi","Probability of travel from i to j","point","UGA","GHA",NA,"mean",0.00546680527843246
"pi","Probability of travel from i to j","point","ZAF","GHA",NA,"mean",0.0103522929985939
"pi","Probability of travel from i to j","point","ZMB","GHA",NA,"mean",0.00683530451351686
"pi","Probability of travel from i to j","point","ZWE","GHA",NA,"mean",0.00572385975498907
"pi","Probability of travel from i to j","point","AGO","GIN",NA,"mean",0.00772584346865624
"pi","Probability of travel from i to j","point","BDI","GIN",NA,"mean",0.00118780513142869
"pi","Probability of travel from i to j","point","BEN","GIN",NA,"mean",0.0121801531887015
"pi","Probability of travel from i to j","point","BFA","GIN",NA,"mean",0.0366503153006987
"pi","Probability of travel from i to j","point","BWA","GIN",NA,"mean",0.00384356688034
"pi","Probability of travel from i to j","point","CAF","GIN",NA,"mean",0.00699885548355808
"pi","Probability of travel from i to j","point","CIV","GIN",NA,"mean",0.0852594433993745
"pi","Probability of travel from i to j","point","CMR","GIN",NA,"mean",0.00889810076265877
"pi","Probability of travel from i to j","point","COD","GIN",NA,"mean",0.00491067484663848
"pi","Probability of travel from i to j","point","COG","GIN",NA,"mean",0.00694483683328705
"pi","Probability of travel from i to j","point","ERI","GIN",NA,"mean",0.00490123791092098
"pi","Probability of travel from i to j","point","ETH","GIN",NA,"mean",0.00396103811306517
"pi","Probability of travel from i to j","point","GAB","GIN",NA,"mean",0.0072882834629588
"pi","Probability of travel from i to j","point","GHA","GIN",NA,"mean",0.0240458214016146
"pi","Probability of travel from i to j","point","GIN","GIN",NA,"mean",NA
"pi","Probability of travel from i to j","point","GMB","GIN",NA,"mean",0.0429533784243241
"pi","Probability of travel from i to j","point","GNB","GIN",NA,"mean",0.0958091416988976
"pi","Probability of travel from i to j","point","GNQ","GIN",NA,"mean",0.00816540231689909
"pi","Probability of travel from i to j","point","KEN","GIN",NA,"mean",0.00274183346412402
"pi","Probability of travel from i to j","point","LBR","GIN",NA,"mean",0.148632485290517
"pi","Probability of travel from i to j","point","MLI","GIN",NA,"mean",0.0543665338404495
"pi","Probability of travel from i to j","point","MOZ","GIN",NA,"mean",0.00255189660567727
"pi","Probability of travel from i to j","point","MRT","GIN",NA,"mean",0.0745278488409123
"pi","Probability of travel from i to j","point","MWI","GIN",NA,"mean",0.00228135610779631
"pi","Probability of travel from i to j","point","NAM","GIN",NA,"mean",0.00649117586776048
"pi","Probability of travel from i to j","point","NER","GIN",NA,"mean",0.0171430153964461
"pi","Probability of travel from i to j","point","NGA","GIN",NA,"mean",0.0152612790518906
"pi","Probability of travel from i to j","point","RWA","GIN",NA,"mean",0.00119083462310644
"pi","Probability of travel from i to j","point","SEN","GIN",NA,"mean",0.0733621444428156
"pi","Probability of travel from i to j","point","SLE","GIN",NA,"mean",0.426997168927478
"pi","Probability of travel from i to j","point","SOM","GIN",NA,"mean",0.00362134885646416
"pi","Probability of travel from i to j","point","SSD","GIN",NA,"mean",0.00421318519832042
"pi","Probability of travel from i to j","point","SWZ","GIN",NA,"mean",0.00343562345937255
"pi","Probability of travel from i to j","point","TCD","GIN",NA,"mean",0.0110480243187217
"pi","Probability of travel from i to j","point","TGO","GIN",NA,"mean",0.0113524749357743
"pi","Probability of travel from i to j","point","TZA","GIN",NA,"mean",0.00276422294629413
"pi","Probability of travel from i to j","point","UGA","GIN",NA,"mean",0.00255379915366453
"pi","Probability of travel from i to j","point","ZAF","GIN",NA,"mean",0.00572904766326348
"pi","Probability of travel from i to j","point","ZMB","GIN",NA,"mean",0.00332606704662325
"pi","Probability of travel from i to j","point","ZWE","GIN",NA,"mean",0.00294745211868729
"pi","Probability of travel from i to j","point","AGO","GMB",NA,"mean",0.00340665570730496
"pi","Probability of travel from i to j","point","BDI","GMB",NA,"mean",0.000548153305153834
"pi","Probability of travel from i to j","point","BEN","GMB",NA,"mean",0.00396823458407513
"pi","Probability of travel from i to j","point","BFA","GMB",NA,"mean",0.0105779348126592
"pi","Probability of travel from i to j","point","BWA","GMB",NA,"mean",0.00179214923231385
"pi","Probability of travel from i to j","point","CAF","GMB",NA,"mean",0.0030746142724986
"pi","Probability of travel from i to j","point","CIV","GMB",NA,"mean",0.0155299657949243
"pi","Probability of travel from i to j","point","CMR","GMB",NA,"mean",0.00359572155942907
"pi","Probability of travel from i to j","point","COD","GMB",NA,"mean",0.0021906594422906
"pi","Probability of travel from i to j","point","COG","GMB",NA,"mean",0.00289641005201848
"pi","Probability of travel from i to j","point","ERI","GMB",NA,"mean",0.00241557682399304
"pi","Probability of travel from i to j","point","ETH","GMB",NA,"mean",0.00192507979653044
"pi","Probability of travel from i to j","point","GAB","GMB",NA,"mean",0.00292777203159257
"pi","Probability of travel from i to j","point","GHA","GMB",NA,"mean",0.00647710505978386
"pi","Probability of travel from i to j","point","GIN","GMB",NA,"mean",0.0466790328144628
"pi","Probability of travel from i to j","point","GMB","GMB",NA,"mean",NA
"pi","Probability of travel from i to j","point","GNB","GMB",NA,"mean",0.356303259012198
"pi","Probability of travel from i to j","point","GNQ","GMB",NA,"mean",0.00319303346086855
"pi","Probability of travel from i to j","point","KEN","GMB",NA,"mean",0.00130914293144755
"pi","Probability of travel from i to j","point","LBR","GMB",NA,"mean",0.0214657455671912
"pi","Probability of travel from i to j","point","MLI","GMB",NA,"mean",0.0216755402337761
"pi","Probability of travel from i to j","point","MOZ","GMB",NA,"mean",0.00121445842804591
"pi","Probability of travel from i to j","point","MRT","GMB",NA,"mean",0.0564741744411044
"pi","Probability of travel from i to j","point","MWI","GMB",NA,"mean",0.00107720057602248
"pi","Probability of travel from i to j","point","NAM","GMB",NA,"mean",0.00298149107449015
"pi","Probability of travel from i to j","point","NER","GMB",NA,"mean",0.00742753295607378
"pi","Probability of travel from i to j","point","NGA","GMB",NA,"mean",0.00581799555247387
"pi","Probability of travel from i to j","point","RWA","GMB",NA,"mean",0.000549643063695005
"pi","Probability of travel from i to j","point","SEN","GMB",NA,"mean",0.518024687327785
"pi","Probability of travel from i to j","point","SLE","GMB",NA,"mean",0.0354336543618919
"pi","Probability of travel from i to j","point","SOM","GMB",NA,"mean",0.00178345862364564
"pi","Probability of travel from i to j","point","SSD","GMB",NA,"mean",0.0019705029795972
"pi","Probability of travel from i to j","point","SWZ","GMB",NA,"mean",0.00164463204234531
"pi","Probability of travel from i to j","point","TCD","GMB",NA,"mean",0.00500642712556829
"pi","Probability of travel from i to j","point","TGO","GMB",NA,"mean",0.00345131709721266
"pi","Probability of travel from i to j","point","TZA","GMB",NA,"mean",0.0013027504019466
"pi","Probability of travel from i to j","point","UGA","GMB",NA,"mean",0.00119433033297684
"pi","Probability of travel from i to j","point","ZAF","GMB",NA,"mean",0.00272978070640378
"pi","Probability of travel from i to j","point","ZMB","GMB",NA,"mean",0.00153681345214396
"pi","Probability of travel from i to j","point","ZWE","GMB",NA,"mean",0.00138497872579129
"pi","Probability of travel from i to j","point","AGO","GNB",NA,"mean",0.00332083846832728
"pi","Probability of travel from i to j","point","BDI","GNB",NA,"mean",0.000522918042470932
"pi","Probability of travel from i to j","point","BEN","GNB",NA,"mean",0.00390308346020175
"pi","Probability of travel from i to j","point","BFA","GNB",NA,"mean",0.0103358122672539
"pi","Probability of travel from i to j","point","BWA","GNB",NA,"mean",0.00173360104802704
"pi","Probability of travel from i to j","point","CAF","GNB",NA,"mean",0.00292687306848384
"pi","Probability of travel from i to j","point","CIV","GNB",NA,"mean",0.0169853625055091
"pi","Probability of travel from i to j","point","CMR","GNB",NA,"mean",0.00347369680670549
"pi","Probability of travel from i to j","point","COD","GNB",NA,"mean",0.00210402936560702
"pi","Probability of travel from i to j","point","COG","GNB",NA,"mean",0.00281598090677053
"pi","Probability of travel from i to j","point","ERI","GNB",NA,"mean",0.00224806244236417
"pi","Probability of travel from i to j","point","ETH","GNB",NA,"mean",0.00180399609613228
"pi","Probability of travel from i to j","point","GAB","GNB",NA,"mean",0.00286982609922704
"pi","Probability of travel from i to j","point","GHA","GNB",NA,"mean",0.00662050025246087
"pi","Probability of travel from i to j","point","GIN","GNB",NA,"mean",0.0631264211111749
"pi","Probability of travel from i to j","point","GMB","GNB",NA,"mean",0.216022751081519
"pi","Probability of travel from i to j","point","GNB","GNB",NA,"mean",NA
"pi","Probability of travel from i to j","point","GNQ","GNB",NA,"mean",0.00313218079313242
"pi","Probability of travel from i to j","point","KEN","GNB",NA,"mean",0.00123705596924553
"pi","Probability of travel from i to j","point","LBR","GNB",NA,"mean",0.0261572237191903
"pi","Probability of travel from i to j","point","MLI","GNB",NA,"mean",0.019406938264127
"pi","Probability of travel from i to j","point","MOZ","GNB",NA,"mean",0.00116171569228692
"pi","Probability of travel from i to j","point","MRT","GNB",NA,"mean",0.0423736807782015
"pi","Probability of travel from i to j","point","MWI","GNB",NA,"mean",0.00103006998929823
"pi","Probability of travel from i to j","point","NAM","GNB",NA,"mean",0.00290402539869728
"pi","Probability of travel from i to j","point","NER","GNB",NA,"mean",0.00688796799525838
"pi","Probability of travel from i to j","point","NGA","GNB",NA,"mean",0.00560951008276389
"pi","Probability of travel from i to j","point","RWA","GNB",NA,"mean",0.000523721951433983
"pi","Probability of travel from i to j","point","SEN","GNB",NA,"mean",0.1531776400352
"pi","Probability of travel from i to j","point","SLE","GNB",NA,"mean",0.0517765923973408
"pi","Probability of travel from i to j","point","SOM","GNB",NA,"mean",0.00167134458776701
"pi","Probability of travel from i to j","point","SSD","GNB",NA,"mean",0.0018577357355094
"pi","Probability of travel from i to j","point","SWZ","GNB",NA,"mean",0.00158099196282757
"pi","Probability of travel from i to j","point","TCD","GNB",NA,"mean",0.00467881996469287
"pi","Probability of travel from i to j","point","TGO","GNB",NA,"mean",0.00344968544607278
"pi","Probability of travel from i to j","point","TZA","GNB",NA,"mean",0.00124017168554097
"pi","Probability of travel from i to j","point","UGA","GNB",NA,"mean",0.00113185264249442
"pi","Probability of travel from i to j","point","ZAF","GNB",NA,"mean",0.00263593982973029
"pi","Probability of travel from i to j","point","ZMB","GNB",NA,"mean",0.00147834621069653
"pi","Probability of travel from i to j","point","ZWE","GNB",NA,"mean",0.00133179156480222
"pi","Probability of travel from i to j","point","AGO","GNQ",NA,"mean",0.0169165569515019
"pi","Probability of travel from i to j","point","BDI","GNQ",NA,"mean",0.00223088446303073
"pi","Probability of travel from i to j","point","BEN","GNQ",NA,"mean",0.00781172215908648
"pi","Probability of travel from i to j","point","BFA","GNQ",NA,"mean",0.0066457108969018
"pi","Probability of travel from i to j","point","BWA","GNQ",NA,"mean",0.005002192609177
"pi","Probability of travel from i to j","point","CAF","GNQ",NA,"mean",0.0213876830019637
"pi","Probability of travel from i to j","point","CIV","GNQ",NA,"mean",0.00651598308109125
"pi","Probability of travel from i to j","point","CMR","GNQ",NA,"mean",0.0812471378696119
"pi","Probability of travel from i to j","point","COD","GNQ",NA,"mean",0.0135100422558537
"pi","Probability of travel from i to j","point","COG","GNQ",NA,"mean",0.0635707020828911
"pi","Probability of travel from i to j","point","ERI","GNQ",NA,"mean",0.0052829809507005
"pi","Probability of travel from i to j","point","ETH","GNQ",NA,"mean",0.00480699499571411
"pi","Probability of travel from i to j","point","GAB","GNQ",NA,"mean",0.188906740551301
"pi","Probability of travel from i to j","point","GHA","GNQ",NA,"mean",0.00714054044910017
"pi","Probability of travel from i to j","point","GIN","GNQ",NA,"mean",0.00296862492618972
"pi","Probability of travel from i to j","point","GMB","GNQ",NA,"mean",0.00106821012713807
"pi","Probability of travel from i to j","point","GNB","GNQ",NA,"mean",0.00172830483756874
"pi","Probability of travel from i to j","point","GNQ","GNQ",NA,"mean",NA
"pi","Probability of travel from i to j","point","KEN","GNQ",NA,"mean",0.00382298987219048
"pi","Probability of travel from i to j","point","LBR","GNQ",NA,"mean",0.00459238352557054
"pi","Probability of travel from i to j","point","MLI","GNQ",NA,"mean",0.0070964186296464
"pi","Probability of travel from i to j","point","MOZ","GNQ",NA,"mean",0.0032722693842212
"pi","Probability of travel from i to j","point","MRT","GNQ",NA,"mean",0.00578419892407643
"pi","Probability of travel from i to j","point","MWI","GNQ",NA,"mean",0.00319885287804596
"pi","Probability of travel from i to j","point","NAM","GNQ",NA,"mean",0.00841052788923258
"pi","Probability of travel from i to j","point","NER","GNQ",NA,"mean",0.0138562533474498
"pi","Probability of travel from i to j","point","NGA","GNQ",NA,"mean",0.0327932356702578
"pi","Probability of travel from i to j","point","RWA","GNQ",NA,"mean",0.00225210480754381
"pi","Probability of travel from i to j","point","SEN","GNQ",NA,"mean",0.00183270452370921
"pi","Probability of travel from i to j","point","SLE","GNQ",NA,"mean",0.00279365450323477
"pi","Probability of travel from i to j","point","SOM","GNQ",NA,"mean",0.00399785788039644
"pi","Probability of travel from i to j","point","SSD","GNQ",NA,"mean",0.00694459122957744
"pi","Probability of travel from i to j","point","SWZ","GNQ",NA,"mean",0.00383654243906154
"pi","Probability of travel from i to j","point","TCD","GNQ",NA,"mean",0.0160300896241959
"pi","Probability of travel from i to j","point","TGO","GNQ",NA,"mean",0.00584923827652809
"pi","Probability of travel from i to j","point","TZA","GNQ",NA,"mean",0.0041788813422535
"pi","Probability of travel from i to j","point","UGA","GNQ",NA,"mean",0.00429125805101214
"pi","Probability of travel from i to j","point","ZAF","GNQ",NA,"mean",0.00616842723127836
"pi","Probability of travel from i to j","point","ZMB","GNQ",NA,"mean",0.00543888054906704
"pi","Probability of travel from i to j","point","ZWE","GNQ",NA,"mean",0.00397813305966975
"pi","Probability of travel from i to j","point","AGO","KEN",NA,"mean",0.0258972080176974
"pi","Probability of travel from i to j","point","BDI","KEN",NA,"mean",0.0324467338140427
"pi","Probability of travel from i to j","point","BEN","KEN",NA,"mean",0.00314731741119342
"pi","Probability of travel from i to j","point","BFA","KEN",NA,"mean",0.00407848161519892
"pi","Probability of travel from i to j","point","BWA","KEN",NA,"mean",0.0172942543443582
"pi","Probability of travel from i to j","point","CAF","KEN",NA,"mean",0.0293928523448879
"pi","Probability of travel from i to j","point","CIV","KEN",NA,"mean",0.00392337417353852
"pi","Probability of travel from i to j","point","CMR","KEN",NA,"mean",0.0127243392214725
"pi","Probability of travel from i to j","point","COD","KEN",NA,"mean",0.0412404807375315
"pi","Probability of travel from i to j","point","COG","KEN",NA,"mean",0.0167202129977852
"pi","Probability of travel from i to j","point","ERI","KEN",NA,"mean",0.0662575684181381
"pi","Probability of travel from i to j","point","ETH","KEN",NA,"mean",0.160312590866519
"pi","Probability of travel from i to j","point","GAB","KEN",NA,"mean",0.0110276058634377
"pi","Probability of travel from i to j","point","GHA","KEN",NA,"mean",0.00325979659608782
"pi","Probability of travel from i to j","point","GIN","KEN",NA,"mean",0.00246665150265797
"pi","Probability of travel from i to j","point","GMB","KEN",NA,"mean",0.00108375039027157
"pi","Probability of travel from i to j","point","GNB","KEN",NA,"mean",0.00168908635337628
"pi","Probability of travel from i to j","point","GNQ","KEN",NA,"mean",0.0094600215979584
"pi","Probability of travel from i to j","point","KEN","KEN",NA,"mean",NA
"pi","Probability of travel from i to j","point","LBR","KEN",NA,"mean",0.00328840940846024
"pi","Probability of travel from i to j","point","MLI","KEN",NA,"mean",0.00610882762913346
"pi","Probability of travel from i to j","point","MOZ","KEN",NA,"mean",0.0291980945777313
"pi","Probability of travel from i to j","point","MRT","KEN",NA,"mean",0.00629118014299771
"pi","Probability of travel from i to j","point","MWI","KEN",NA,"mean",0.0343191393579202
"pi","Probability of travel from i to j","point","NAM","KEN",NA,"mean",0.0192567428605375
"pi","Probability of travel from i to j","point","NER","KEN",NA,"mean",0.0123889067992853
"pi","Probability of travel from i to j","point","NGA","KEN",NA,"mean",0.0100655646847
"pi","Probability of travel from i to j","point","RWA","KEN",NA,"mean",0.0356668082313972
"pi","Probability of travel from i to j","point","SEN","KEN",NA,"mean",0.00185081174275606
"pi","Probability of travel from i to j","point","SLE","KEN",NA,"mean",0.00230881025373547
"pi","Probability of travel from i to j","point","SOM","KEN",NA,"mean",0.135573847254093
"pi","Probability of travel from i to j","point","SSD","KEN",NA,"mean",0.0841331601622594
"pi","Probability of travel from i to j","point","SWZ","KEN",NA,"mean",0.0189100950829891
"pi","Probability of travel from i to j","point","TCD","KEN",NA,"mean",0.0253708259436991
"pi","Probability of travel from i to j","point","TGO","KEN",NA,"mean",0.00234604560536561
"pi","Probability of travel from i to j","point","TZA","KEN",NA,"mean",0.123405005467773
"pi","Probability of travel from i to j","point","UGA","KEN",NA,"mean",0.165884800306958
"pi","Probability of travel from i to j","point","ZAF","KEN",NA,"mean",0.0225242551654652
"pi","Probability of travel from i to j","point","ZMB","KEN",NA,"mean",0.0302222011478943
"pi","Probability of travel from i to j","point","ZWE","KEN",NA,"mean",0.0220785707018666
"pi","Probability of travel from i to j","point","AGO","LBR",NA,"mean",0.00677494756065208
"pi","Probability of travel from i to j","point","BDI","LBR",NA,"mean",0.000960369252873365
"pi","Probability of travel from i to j","point","BEN","LBR",NA,"mean",0.0103515445872008
"pi","Probability of travel from i to j","point","BFA","LBR",NA,"mean",0.0251504849950303
"pi","Probability of travel from i to j","point","BWA","LBR",NA,"mean",0.0032480035197659
"pi","Probability of travel from i to j","point","CAF","LBR",NA,"mean",0.0055990505615448
"pi","Probability of travel from i to j","point","CIV","LBR",NA,"mean",0.133491908624526
"pi","Probability of travel from i to j","point","CMR","LBR",NA,"mean",0.00751140642513387
"pi","Probability of travel from i to j","point","COD","LBR",NA,"mean",0.00407555207724021
"pi","Probability of travel from i to j","point","COG","LBR",NA,"mean",0.00606036649764994
"pi","Probability of travel from i to j","point","ERI","LBR",NA,"mean",0.00363629874362243
"pi","Probability of travel from i to j","point","ETH","LBR",NA,"mean",0.00300835417130308
"pi","Probability of travel from i to j","point","GAB","LBR",NA,"mean",0.00659367575331006
"pi","Probability of travel from i to j","point","GHA","LBR",NA,"mean",0.0245525493671181
"pi","Probability of travel from i to j","point","GIN","LBR",NA,"mean",0.0871196230772402
"pi","Probability of travel from i to j","point","GMB","LBR",NA,"mean",0.0115777376615307
"pi","Probability of travel from i to j","point","GNB","LBR",NA,"mean",0.023269640638437
"pi","Probability of travel from i to j","point","GNQ","LBR",NA,"mean",0.00740393600570603
"pi","Probability of travel from i to j","point","KEN","LBR",NA,"mean",0.0021425028470809
"pi","Probability of travel from i to j","point","LBR","LBR",NA,"mean",NA
"pi","Probability of travel from i to j","point","MLI","LBR",NA,"mean",0.027041940869873
"pi","Probability of travel from i to j","point","MOZ","LBR",NA,"mean",0.00207513787570157
"pi","Probability of travel from i to j","point","MRT","LBR",NA,"mean",0.029207385955097
"pi","Probability of travel from i to j","point","MWI","LBR",NA,"mean",0.00185539982920956
"pi","Probability of travel from i to j","point","NAM","LBR",NA,"mean",0.00562353122655972
"pi","Probability of travel from i to j","point","NER","LBR",NA,"mean",0.0119952929892142
"pi","Probability of travel from i to j","point","NGA","LBR",NA,"mean",0.0124857261050396
"pi","Probability of travel from i to j","point","RWA","LBR",NA,"mean",0.00095878612760076
"pi","Probability of travel from i to j","point","SEN","LBR",NA,"mean",0.0186162388743293
"pi","Probability of travel from i to j","point","SLE","LBR",NA,"mean",0.138053265050382
"pi","Probability of travel from i to j","point","SOM","LBR",NA,"mean",0.00275151726321893
"pi","Probability of travel from i to j","point","SSD","LBR",NA,"mean",0.00326334678956929
"pi","Probability of travel from i to j","point","SWZ","LBR",NA,"mean",0.00283227324316656
"pi","Probability of travel from i to j","point","TCD","LBR",NA,"mean",0.00820167547020692
"pi","Probability of travel from i to j","point","TGO","LBR",NA,"mean",0.0104397886043864
"pi","Probability of travel from i to j","point","TZA","LBR",NA,"mean",0.00221598417781198
"pi","Probability of travel from i to j","point","UGA","LBR",NA,"mean",0.00201628859155428
"pi","Probability of travel from i to j","point","ZAF","LBR",NA,"mean",0.00479050675698837
"pi","Probability of travel from i to j","point","ZMB","LBR",NA,"mean",0.00276636697203396
"pi","Probability of travel from i to j","point","ZWE","LBR",NA,"mean",0.00244148444174286
"pi","Probability of travel from i to j","point","AGO","MLI",NA,"mean",0.00909545845623437
"pi","Probability of travel from i to j","point","BDI","MLI",NA,"mean",0.00165948178078289
"pi","Probability of travel from i to j","point","BEN","MLI",NA,"mean",0.0249516966254997
"pi","Probability of travel from i to j","point","BFA","MLI",NA,"mean",0.11318572202329
"pi","Probability of travel from i to j","point","BWA","MLI",NA,"mean",0.00441924786685814
"pi","Probability of travel from i to j","point","CAF","MLI",NA,"mean",0.0115869610881019
"pi","Probability of travel from i to j","point","CIV","MLI",NA,"mean",0.0408795231682593
"pi","Probability of travel from i to j","point","CMR","MLI",NA,"mean",0.0147120885391954
"pi","Probability of travel from i to j","point","COD","MLI",NA,"mean",0.00682476516719729
"pi","Probability of travel from i to j","point","COG","MLI",NA,"mean",0.00956769139471713
"pi","Probability of travel from i to j","point","ERI","MLI",NA,"mean",0.00793734884043674
"pi","Probability of travel from i to j","point","ETH","MLI",NA,"mean",0.00608677778419367
"pi","Probability of travel from i to j","point","GAB","MLI",NA,"mean",0.00969916120947267
"pi","Probability of travel from i to j","point","GHA","MLI",NA,"mean",0.0296407713280039
"pi","Probability of travel from i to j","point","GIN","MLI",NA,"mean",0.0317531810996951
"pi","Probability of travel from i to j","point","GMB","MLI",NA,"mean",0.0116493315229567
"pi","Probability of travel from i to j","point","GNB","MLI",NA,"mean",0.0172031668233533
"pi","Probability of travel from i to j","point","GNQ","MLI",NA,"mean",0.0114003210106388
"pi","Probability of travel from i to j","point","KEN","MLI",NA,"mean",0.00396594551577444
"pi","Probability of travel from i to j","point","LBR","MLI",NA,"mean",0.0269458076828118
"pi","Probability of travel from i to j","point","MLI","MLI",NA,"mean",NA
"pi","Probability of travel from i to j","point","MOZ","MLI",NA,"mean",0.00319665980502804
"pi","Probability of travel from i to j","point","MRT","MLI",NA,"mean",0.157114940884397
"pi","Probability of travel from i to j","point","MWI","MLI",NA,"mean",0.00292228797043074
"pi","Probability of travel from i to j","point","NAM","MLI",NA,"mean",0.00711258043917823
"pi","Probability of travel from i to j","point","NER","MLI",NA,"mean",0.0515906336420024
"pi","Probability of travel from i to j","point","NGA","MLI",NA,"mean",0.0313179222901633
"pi","Probability of travel from i to j","point","RWA","MLI",NA,"mean",0.001689420308408
"pi","Probability of travel from i to j","point","SEN","MLI",NA,"mean",0.0231776717462569
"pi","Probability of travel from i to j","point","SLE","MLI",NA,"mean",0.022026039353431
"pi","Probability of travel from i to j","point","SOM","MLI",NA,"mean",0.00534666684285275
"pi","Probability of travel from i to j","point","SSD","MLI",NA,"mean",0.00668255693734136
"pi","Probability of travel from i to j","point","SWZ","MLI",NA,"mean",0.00401296719751377
"pi","Probability of travel from i to j","point","TCD","MLI",NA,"mean",0.0226324369987984
"pi","Probability of travel from i to j","point","TGO","MLI",NA,"mean",0.0186979151730335
"pi","Probability of travel from i to j","point","TZA","MLI",NA,"mean",0.00376053798255545
"pi","Probability of travel from i to j","point","UGA","MLI",NA,"mean",0.00376334640819892
"pi","Probability of travel from i to j","point","ZAF","MLI",NA,"mean",0.00642624289468954
"pi","Probability of travel from i to j","point","ZMB","MLI",NA,"mean",0.00416608121527065
"pi","Probability of travel from i to j","point","ZWE","MLI",NA,"mean",0.00357170427712739
"pi","Probability of travel from i to j","point","AGO","MOZ",NA,"mean",0.0346612673391929
"pi","Probability of travel from i to j","point","BDI","MOZ",NA,"mean",0.0104088080540653
"pi","Probability of travel from i to j","point","BEN","MOZ",NA,"mean",0.0019724635993578
"pi","Probability of travel from i to j","point","BFA","MOZ",NA,"mean",0.00260131395632474
"pi","Probability of travel from i to j","point","BWA","MOZ",NA,"mean",0.0574122967892504
"pi","Probability of travel from i to j","point","CAF","MOZ",NA,"mean",0.0112617551368367
"pi","Probability of travel from i to j","point","CIV","MOZ",NA,"mean",0.00277796233455985
"pi","Probability of travel from i to j","point","CMR","MOZ",NA,"mean",0.00694266470369742
"pi","Probability of travel from i to j","point","COD","MOZ",NA,"mean",0.0221651492881708
"pi","Probability of travel from i to j","point","COG","MOZ",NA,"mean",0.0108424230285579
"pi","Probability of travel from i to j","point","ERI","MOZ",NA,"mean",0.013230129360629
"pi","Probability of travel from i to j","point","ETH","MOZ",NA,"mean",0.0167115568756844
"pi","Probability of travel from i to j","point","GAB","MOZ",NA,"mean",0.00762974484638196
"pi","Probability of travel from i to j","point","GHA","MOZ",NA,"mean",0.00219977752879314
"pi","Probability of travel from i to j","point","GIN","MOZ",NA,"mean",0.00175432993887783
"pi","Probability of travel from i to j","point","GMB","MOZ",NA,"mean",0.000768256658765032
"pi","Probability of travel from i to j","point","GNB","MOZ",NA,"mean",0.00121211503426605
"pi","Probability of travel from i to j","point","GNQ","MOZ",NA,"mean",0.00618756120412589
"pi","Probability of travel from i to j","point","KEN","MOZ",NA,"mean",0.0223118709466644
"pi","Probability of travel from i to j","point","LBR","MOZ",NA,"mean",0.00243384496254195
"pi","Probability of travel from i to j","point","MLI","MOZ",NA,"mean",0.00376260844499669
"pi","Probability of travel from i to j","point","MOZ","MOZ",NA,"mean",NA
"pi","Probability of travel from i to j","point","MRT","MOZ",NA,"mean",0.00404072816032442
"pi","Probability of travel from i to j","point","MWI","MOZ",NA,"mean",0.300036017947328
"pi","Probability of travel from i to j","point","NAM","MOZ",NA,"mean",0.0402150720375129
"pi","Probability of travel from i to j","point","NER","MOZ",NA,"mean",0.00618954843830555
"pi","Probability of travel from i to j","point","NGA","MOZ",NA,"mean",0.00568411717715368
"pi","Probability of travel from i to j","point","RWA","MOZ",NA,"mean",0.00889639017358079
"pi","Probability of travel from i to j","point","SEN","MOZ",NA,"mean",0.00129288828387434
"pi","Probability of travel from i to j","point","SLE","MOZ",NA,"mean",0.00168900266761534
"pi","Probability of travel from i to j","point","SOM","MOZ",NA,"mean",0.0200246429364754
"pi","Probability of travel from i to j","point","SSD","MOZ",NA,"mean",0.0134540063287261
"pi","Probability of travel from i to j","point","SWZ","MOZ",NA,"mean",0.0948715746365609
"pi","Probability of travel from i to j","point","TCD","MOZ",NA,"mean",0.00982447021462172
"pi","Probability of travel from i to j","point","TGO","MOZ",NA,"mean",0.00152662996859262
"pi","Probability of travel from i to j","point","TZA","MOZ",NA,"mean",0.0544473472781078
"pi","Probability of travel from i to j","point","UGA","MOZ",NA,"mean",0.0151741549044652
"pi","Probability of travel from i to j","point","ZAF","MOZ",NA,"mean",0.0701521305601237
"pi","Probability of travel from i to j","point","ZMB","MOZ",NA,"mean",0.0897316065917838
"pi","Probability of travel from i to j","point","ZWE","MOZ",NA,"mean",0.185115059621322
"pi","Probability of travel from i to j","point","AGO","MRT",NA,"mean",0.00399333003936981
"pi","Probability of travel from i to j","point","BDI","MRT",NA,"mean",0.000722513332966656
"pi","Probability of travel from i to j","point","BEN","MRT",NA,"mean",0.0057307466667802
"pi","Probability of travel from i to j","point","BFA","MRT",NA,"mean",0.0169502856384493
"pi","Probability of travel from i to j","point","BWA","MRT",NA,"mean",0.00208021394167844
"pi","Probability of travel from i to j","point","CAF","MRT",NA,"mean",0.00441037424129683
"pi","Probability of travel from i to j","point","CIV","MRT",NA,"mean",0.0138773116271227
"pi","Probability of travel from i to j","point","CMR","MRT",NA,"mean",0.00501196790509478
"pi","Probability of travel from i to j","point","COD","MRT",NA,"mean",0.00285189311517284
"pi","Probability of travel from i to j","point","COG","MRT",NA,"mean",0.00369694998715598
"pi","Probability of travel from i to j","point","ERI","MRT",NA,"mean",0.00359840229513656
"pi","Probability of travel from i to j","point","ETH","MRT",NA,"mean",0.00275120510952482
"pi","Probability of travel from i to j","point","GAB","MRT",NA,"mean",0.00364490586213283
"pi","Probability of travel from i to j","point","GHA","MRT",NA,"mean",0.00776387656591279
"pi","Probability of travel from i to j","point","GIN","MRT",NA,"mean",0.0190195274104137
"pi","Probability of travel from i to j","point","GMB","MRT",NA,"mean",0.0132619231151854
"pi","Probability of travel from i to j","point","GNB","MRT",NA,"mean",0.0164124383402729
"pi","Probability of travel from i to j","point","GNQ","MRT",NA,"mean",0.00406019239942128
"pi","Probability of travel from i to j","point","KEN","MRT",NA,"mean",0.00178462319858192
"pi","Probability of travel from i to j","point","LBR","MRT",NA,"mean",0.0127166165815283
"pi","Probability of travel from i to j","point","MLI","MRT",NA,"mean",0.0686503928527085
"pi","Probability of travel from i to j","point","MOZ","MRT",NA,"mean",0.00150000452477962
"pi","Probability of travel from i to j","point","MRT","MRT",NA,"mean",NA
"pi","Probability of travel from i to j","point","MWI","MRT",NA,"mean",0.00134876128822264
"pi","Probability of travel from i to j","point","NAM","MRT",NA,"mean",0.00334568303053203
"pi","Probability of travel from i to j","point","NER","MRT",NA,"mean",0.0141266472382718
"pi","Probability of travel from i to j","point","NGA","MRT",NA,"mean",0.00876919331517085
"pi","Probability of travel from i to j","point","RWA","MRT",NA,"mean",0.000731621450283094
"pi","Probability of travel from i to j","point","SEN","MRT",NA,"mean",0.0295938166488035
"pi","Probability of travel from i to j","point","SLE","MRT",NA,"mean",0.0131590324135558
"pi","Probability of travel from i to j","point","SOM","MRT",NA,"mean",0.00249502783853234
"pi","Probability of travel from i to j","point","SSD","MRT",NA,"mean",0.0028267908505767
"pi","Probability of travel from i to j","point","SWZ","MRT",NA,"mean",0.00193598035691098
"pi","Probability of travel from i to j","point","TCD","MRT",NA,"mean",0.00819242081651088
"pi","Probability of travel from i to j","point","TGO","MRT",NA,"mean",0.00458370543328722
"pi","Probability of travel from i to j","point","TZA","MRT",NA,"mean",0.0016978455939966
"pi","Probability of travel from i to j","point","UGA","MRT",NA,"mean",0.00163574755850275
"pi","Probability of travel from i to j","point","ZAF","MRT",NA,"mean",0.00312117525652974
"pi","Probability of travel from i to j","point","ZMB","MRT",NA,"mean",0.00188719097404769
"pi","Probability of travel from i to j","point","ZWE","MRT",NA,"mean",0.00166807621924263
"pi","Probability of travel from i to j","point","AGO","MWI",NA,"mean",0.0358400438625761
"pi","Probability of travel from i to j","point","BDI","MWI",NA,"mean",0.015287671201148
"pi","Probability of travel from i to j","point","BEN","MWI",NA,"mean",0.00194680152259883
"pi","Probability of travel from i to j","point","BFA","MWI",NA,"mean",0.00252826385989911
"pi","Probability of travel from i to j","point","BWA","MWI",NA,"mean",0.0428724125389484
"pi","Probability of travel from i to j","point","CAF","MWI",NA,"mean",0.0124949818535667
"pi","Probability of travel from i to j","point","CIV","MWI",NA,"mean",0.0026588133300324
"pi","Probability of travel from i to j","point","CMR","MWI",NA,"mean",0.00728458502559404
"pi","Probability of travel from i to j","point","COD","MWI",NA,"mean",0.0278515181919921
"pi","Probability of travel from i to j","point","COG","MWI",NA,"mean",0.0117457478077921
"pi","Probability of travel from i to j","point","ERI","MWI",NA,"mean",0.0138569599729007
"pi","Probability of travel from i to j","point","ETH","MWI",NA,"mean",0.0182888986036185
"pi","Probability of travel from i to j","point","GAB","MWI",NA,"mean",0.00797014629878572
"pi","Probability of travel from i to j","point","GHA","MWI",NA,"mean",0.00213894242626007
"pi","Probability of travel from i to j","point","GIN","MWI",NA,"mean",0.00165766382229526
"pi","Probability of travel from i to j","point","GMB","MWI",NA,"mean",0.000720237009474674
"pi","Probability of travel from i to j","point","GNB","MWI",NA,"mean",0.0011359674660751
"pi","Probability of travel from i to j","point","GNQ","MWI",NA,"mean",0.00639322371936638
"pi","Probability of travel from i to j","point","KEN","MWI",NA,"mean",0.0277187118277517
"pi","Probability of travel from i to j","point","LBR","MWI",NA,"mean",0.0023000572278417
"pi","Probability of travel from i to j","point","MLI","MWI",NA,"mean",0.00363555561680765
"pi","Probability of travel from i to j","point","MOZ","MWI",NA,"mean",0.317123605000781
"pi","Probability of travel from i to j","point","MRT","MWI",NA,"mean",0.0038402308712197
"pi","Probability of travel from i to j","point","MWI","MWI",NA,"mean",NA
"pi","Probability of travel from i to j","point","NAM","MWI",NA,"mean",0.0334381861858379
"pi","Probability of travel from i to j","point","NER","MWI",NA,"mean",0.00622570495193024
"pi","Probability of travel from i to j","point","NGA","MWI",NA,"mean",0.00576349628876329
"pi","Probability of travel from i to j","point","RWA","MWI",NA,"mean",0.0124699290041331
"pi","Probability of travel from i to j","point","SEN","MWI",NA,"mean",0.00121521947550932
"pi","Probability of travel from i to j","point","SLE","MWI",NA,"mean",0.00158951081892955
"pi","Probability of travel from i to j","point","SOM","MWI",NA,"mean",0.0208906102288871
"pi","Probability of travel from i to j","point","SSD","MWI",NA,"mean",0.0155559990211734
"pi","Probability of travel from i to j","point","SWZ","MWI",NA,"mean",0.0501049417994069
"pi","Probability of travel from i to j","point","TCD","MWI",NA,"mean",0.0102788238390206
"pi","Probability of travel from i to j","point","TGO","MWI",NA,"mean",0.00149793772275516
"pi","Probability of travel from i to j","point","TZA","MWI",NA,"mean",0.0976639003411085
"pi","Probability of travel from i to j","point","UGA","MWI",NA,"mean",0.019441878420561
"pi","Probability of travel from i to j","point","ZAF","MWI",NA,"mean",0.0462763032403892
"pi","Probability of travel from i to j","point","ZMB","MWI",NA,"mean",0.130161394198582
"pi","Probability of travel from i to j","point","ZWE","MWI",NA,"mean",0.115046511083753
"pi","Probability of travel from i to j","point","AGO","NAM",NA,"mean",0.0455690445381855
"pi","Probability of travel from i to j","point","BDI","NAM",NA,"mean",0.00218060779121321
"pi","Probability of travel from i to j","point","BEN","NAM",NA,"mean",0.00121395307497775
"pi","Probability of travel from i to j","point","BFA","NAM",NA,"mean",0.00158514109573819
"pi","Probability of travel from i to j","point","BWA","NAM",NA,"mean",0.0849150593350027
"pi","Probability of travel from i to j","point","CAF","NAM",NA,"mean",0.00466195512484935
"pi","Probability of travel from i to j","point","CIV","NAM",NA,"mean",0.00188221158865878
"pi","Probability of travel from i to j","point","CMR","NAM",NA,"mean",0.00383269488703911
"pi","Probability of travel from i to j","point","COD","NAM",NA,"mean",0.00827107789309709
"pi","Probability of travel from i to j","point","COG","NAM",NA,"mean",0.00665260698792436
"pi","Probability of travel from i to j","point","ERI","NAM",NA,"mean",0.00351582998346067
"pi","Probability of travel from i to j","point","ETH","NAM",NA,"mean",0.00374810078499639
"pi","Probability of travel from i to j","point","GAB","NAM",NA,"mean",0.00528233809818924
"pi","Probability of travel from i to j","point","GHA","NAM",NA,"mean",0.00144800446909048
"pi","Probability of travel from i to j","point","GIN","NAM",NA,"mean",0.00114785763846068
"pi","Probability of travel from i to j","point","GMB","NAM",NA,"mean",0.00048514733006524
"pi","Probability of travel from i to j","point","GNB","NAM",NA,"mean",0.00077940079537176
"pi","Probability of travel from i to j","point","GNQ","NAM",NA,"mean",0.00409081807395941
"pi","Probability of travel from i to j","point","KEN","NAM",NA,"mean",0.00378512966595109
"pi","Probability of travel from i to j","point","LBR","NAM",NA,"mean",0.00169656895530877
"pi","Probability of travel from i to j","point","MLI","NAM",NA,"mean",0.00215345722095733
"pi","Probability of travel from i to j","point","MOZ","NAM",NA,"mean",0.0103443999394165
"pi","Probability of travel from i to j","point","MRT","NAM",NA,"mean",0.00231829293042447
"pi","Probability of travel from i to j","point","MWI","NAM",NA,"mean",0.00813774331143926
"pi","Probability of travel from i to j","point","NAM","NAM",NA,"mean",NA
"pi","Probability of travel from i to j","point","NER","NAM",NA,"mean",0.00305022720269965
"pi","Probability of travel from i to j","point","NGA","NAM",NA,"mean",0.00321695874223944
"pi","Probability of travel from i to j","point","RWA","NAM",NA,"mean",0.00196659419490862
"pi","Probability of travel from i to j","point","SEN","NAM",NA,"mean",0.000806230313943857
"pi","Probability of travel from i to j","point","SLE","NAM",NA,"mean",0.00113835098620817
"pi","Probability of travel from i to j","point","SOM","NAM",NA,"mean",0.00388934997268155
"pi","Probability of travel from i to j","point","SSD","NAM",NA,"mean",0.00374584255985084
"pi","Probability of travel from i to j","point","SWZ","NAM",NA,"mean",0.0238288006832443
"pi","Probability of travel from i to j","point","TCD","NAM",NA,"mean",0.00408827800466933
"pi","Probability of travel from i to j","point","TGO","NAM",NA,"mean",0.00097509027538164
"pi","Probability of travel from i to j","point","TZA","NAM",NA,"mean",0.00598927330791361
"pi","Probability of travel from i to j","point","UGA","NAM",NA,"mean",0.00331908085389351
"pi","Probability of travel from i to j","point","ZAF","NAM",NA,"mean",0.0645266255890541
"pi","Probability of travel from i to j","point","ZMB","NAM",NA,"mean",0.0171509372342994
"pi","Probability of travel from i to j","point","ZWE","NAM",NA,"mean",0.0208457560343052
"pi","Probability of travel from i to j","point","AGO","NER",NA,"mean",0.0124747186451961
"pi","Probability of travel from i to j","point","BDI","NER",NA,"mean",0.0028850301056972
"pi","Probability of travel from i to j","point","BEN","NER",NA,"mean",0.0224312688941522
"pi","Probability of travel from i to j","point","BFA","NER",NA,"mean",0.0278355784749604
"pi","Probability of travel from i to j","point","BWA","NER",NA,"mean",0.00569455323123069
"pi","Probability of travel from i to j","point","CAF","NER",NA,"mean",0.0301490617464057
"pi","Probability of travel from i to j","point","CIV","NER",NA,"mean",0.0151081752530814
"pi","Probability of travel from i to j","point","CMR","NER",NA,"mean",0.0357823845051364
"pi","Probability of travel from i to j","point","COD","NER",NA,"mean",0.0121456511989489
"pi","Probability of travel from i to j","point","COG","NER",NA,"mean",0.0168939274397293
"pi","Probability of travel from i to j","point","ERI","NER",NA,"mean",0.0155339163450111
"pi","Probability of travel from i to j","point","ETH","NER",NA,"mean",0.0113335454423475
"pi","Probability of travel from i to j","point","GAB","NER",NA,"mean",0.0157150525895969
"pi","Probability of travel from i to j","point","GHA","NER",NA,"mean",0.0157002633348401
"pi","Probability of travel from i to j","point","GIN","NER",NA,"mean",0.00863662695445483
"pi","Probability of travel from i to j","point","GMB","NER",NA,"mean",0.00344331704868657
"pi","Probability of travel from i to j","point","GNB","NER",NA,"mean",0.00526676387558624
"pi","Probability of travel from i to j","point","GNQ","NER",NA,"mean",0.0192010518117259
"pi","Probability of travel from i to j","point","KEN","NER",NA,"mean",0.00693782289949896
"pi","Probability of travel from i to j","point","LBR","NER",NA,"mean",0.0103101636393029
"pi","Probability of travel from i to j","point","MLI","NER",NA,"mean",0.0445012503026619
"pi","Probability of travel from i to j","point","MOZ","NER",NA,"mean",0.00453594428426974
"pi","Probability of travel from i to j","point","MRT","NER",NA,"mean",0.0278878421098905
"pi","Probability of travel from i to j","point","MWI","NER",NA,"mean",0.00431660295101245
"pi","Probability of travel from i to j","point","NAM","NER",NA,"mean",0.00869009418092807
"pi","Probability of travel from i to j","point","NER","NER",NA,"mean",NA
"pi","Probability of travel from i to j","point","NGA","NER",NA,"mean",0.0858426916534502
"pi","Probability of travel from i to j","point","RWA","NER",NA,"mean",0.00301515068479172
"pi","Probability of travel from i to j","point","SEN","NER",NA,"mean",0.00621742988869612
"pi","Probability of travel from i to j","point","SLE","NER",NA,"mean",0.00727659550929532
"pi","Probability of travel from i to j","point","SOM","NER",NA,"mean",0.00906733396903346
"pi","Probability of travel from i to j","point","SSD","NER",NA,"mean",0.0143732709915867
"pi","Probability of travel from i to j","point","SWZ","NER",NA,"mean",0.00516488530687564
"pi","Probability of travel from i to j","point","TCD","NER",NA,"mean",0.105705992926224
"pi","Probability of travel from i to j","point","TGO","NER",NA,"mean",0.0133813462360915
"pi","Probability of travel from i to j","point","TZA","NER",NA,"mean",0.00609124638587482
"pi","Probability of travel from i to j","point","UGA","NER",NA,"mean",0.00704585605171311
"pi","Probability of travel from i to j","point","ZAF","NER",NA,"mean",0.00789393166165339
"pi","Probability of travel from i to j","point","ZMB","NER",NA,"mean",0.00608804176371111
"pi","Probability of travel from i to j","point","ZWE","NER",NA,"mean",0.00490688371532266
"pi","Probability of travel from i to j","point","AGO","NGA",NA,"mean",0.0429187529917536
"pi","Probability of travel from i to j","point","BDI","NGA",NA,"mean",0.00799424739347184
"pi","Probability of travel from i to j","point","BEN","NGA",NA,"mean",0.1416931399592
"pi","Probability of travel from i to j","point","BFA","NGA",NA,"mean",0.0816430838038884
"pi","Probability of travel from i to j","point","BWA","NGA",NA,"mean",0.0168637043216755
"pi","Probability of travel from i to j","point","CAF","NGA",NA,"mean",0.0927028258582749
"pi","Probability of travel from i to j","point","CIV","NGA",NA,"mean",0.0511620149340536
"pi","Probability of travel from i to j","point","CMR","NGA",NA,"mean",0.272890273947255
"pi","Probability of travel from i to j","point","COD","NGA",NA,"mean",0.0388725861309938
"pi","Probability of travel from i to j","point","COG","NGA",NA,"mean",0.0772563971969613
"pi","Probability of travel from i to j","point","ERI","NGA",NA,"mean",0.0294499329985545
"pi","Probability of travel from i to j","point","ETH","NGA",NA,"mean",0.0239933329990902
"pi","Probability of travel from i to j","point","GAB","NGA",NA,"mean",0.0859095972087934
"pi","Probability of travel from i to j","point","GHA","NGA",NA,"mean",0.0698831910467294
"pi","Probability of travel from i to j","point","GIN","NGA",NA,"mean",0.0226346797338658
"pi","Probability of travel from i to j","point","GMB","NGA",NA,"mean",0.00794021541080575
"pi","Probability of travel from i to j","point","GNB","NGA",NA,"mean",0.012627114972468
"pi","Probability of travel from i to j","point","GNQ","NGA",NA,"mean",0.133779617072979
"pi","Probability of travel from i to j","point","KEN","NGA",NA,"mean",0.0165941435258751
"pi","Probability of travel from i to j","point","LBR","NGA",NA,"mean",0.0315932988829172
"pi","Probability of travel from i to j","point","MLI","NGA",NA,"mean",0.0795281294124163
"pi","Probability of travel from i to j","point","MOZ","NGA",NA,"mean",0.0122630427408218
"pi","Probability of travel from i to j","point","MRT","NGA",NA,"mean",0.0509638148163842
"pi","Probability of travel from i to j","point","MWI","NGA",NA,"mean",0.0117642991804532
"pi","Probability of travel from i to j","point","NAM","NGA",NA,"mean",0.026981386223556
"pi","Probability of travel from i to j","point","NER","NGA",NA,"mean",0.252714290439708
"pi","Probability of travel from i to j","point","NGA","NGA",NA,"mean",NA
"pi","Probability of travel from i to j","point","RWA","NGA",NA,"mean",0.00825104955473854
"pi","Probability of travel from i to j","point","SEN","NGA",NA,"mean",0.0140310123247733
"pi","Probability of travel from i to j","point","SLE","NGA",NA,"mean",0.0198884625347703
"pi","Probability of travel from i to j","point","SOM","NGA",NA,"mean",0.0195213900121405
"pi","Probability of travel from i to j","point","SSD","NGA",NA,"mean",0.0329824601974651
"pi","Probability of travel from i to j","point","SWZ","NGA",NA,"mean",0.0142913858495537
"pi","Probability of travel from i to j","point","TCD","NGA",NA,"mean",0.146128194191244
"pi","Probability of travel from i to j","point","TGO","NGA",NA,"mean",0.0745337075838024
"pi","Probability of travel from i to j","point","TZA","NGA",NA,"mean",0.0160245802494023
"pi","Probability of travel from i to j","point","UGA","NGA",NA,"mean",0.0177157833174283
"pi","Probability of travel from i to j","point","ZAF","NGA",NA,"mean",0.0224628162524453
"pi","Probability of travel from i to j","point","ZMB","NGA",NA,"mean",0.0178885336189844
"pi","Probability of travel from i to j","point","ZWE","NGA",NA,"mean",0.0139575617285206
"pi","Probability of travel from i to j","point","AGO","RWA",NA,"mean",0.0326247539247823
"pi","Probability of travel from i to j","point","BDI","RWA",NA,"mean",0.587775455886794
"pi","Probability of travel from i to j","point","BEN","RWA",NA,"mean",0.00277471040059264
"pi","Probability of travel from i to j","point","BFA","RWA",NA,"mean",0.00340865887493639
"pi","Probability of travel from i to j","point","BWA","RWA",NA,"mean",0.0162068824745351
"pi","Probability of travel from i to j","point","CAF","RWA",NA,"mean",0.0345751261863693
"pi","Probability of travel from i to j","point","CIV","RWA",NA,"mean",0.0033238207087938
"pi","Probability of travel from i to j","point","CMR","RWA",NA,"mean",0.013560382814312
"pi","Probability of travel from i to j","point","COD","RWA",NA,"mean",0.111684961055589
"pi","Probability of travel from i to j","point","COG","RWA",NA,"mean",0.0221773528041724
"pi","Probability of travel from i to j","point","ERI","RWA",NA,"mean",0.0250584014676599
"pi","Probability of travel from i to j","point","ETH","RWA",NA,"mean",0.0364870404442318
"pi","Probability of travel from i to j","point","GAB","RWA",NA,"mean",0.0129325466181555
"pi","Probability of travel from i to j","point","GHA","RWA",NA,"mean",0.00284343342744548
"pi","Probability of travel from i to j","point","GIN","RWA",NA,"mean",0.00199321716108484
"pi","Probability of travel from i to j","point","GMB","RWA",NA,"mean",0.000846563218924383
"pi","Probability of travel from i to j","point","GNB","RWA",NA,"mean",0.00133045357070343
"pi","Probability of travel from i to j","point","GNQ","RWA",NA,"mean",0.0103684543573119
"pi","Probability of travel from i to j","point","KEN","RWA",NA,"mean",0.0663591308020768
"pi","Probability of travel from i to j","point","LBR","RWA",NA,"mean",0.00273793200338188
"pi","Probability of travel from i to j","point","MLI","RWA",NA,"mean",0.00484155957297744
"pi","Probability of travel from i to j","point","MOZ","RWA",NA,"mean",0.0216605153673003
"pi","Probability of travel from i to j","point","MRT","RWA",NA,"mean",0.00479853270350348
"pi","Probability of travel from i to j","point","MWI","RWA",NA,"mean",0.0287252467394147
"pi","Probability of travel from i to j","point","NAM","RWA",NA,"mean",0.0186145809817946
"pi","Probability of travel from i to j","point","NER","RWA",NA,"mean",0.0100174051656102
"pi","Probability of travel from i to j","point","NGA","RWA",NA,"mean",0.00931169922718955
"pi","Probability of travel from i to j","point","RWA","RWA",NA,"mean",NA
"pi","Probability of travel from i to j","point","SEN","RWA",NA,"mean",0.0014438795703685
"pi","Probability of travel from i to j","point","SLE","RWA",NA,"mean",0.00187584915714264
"pi","Probability of travel from i to j","point","SOM","RWA",NA,"mean",0.0282184112936729
"pi","Probability of travel from i to j","point","SSD","RWA",NA,"mean",0.0592612640132936
"pi","Probability of travel from i to j","point","SWZ","RWA",NA,"mean",0.0145679472516813
"pi","Probability of travel from i to j","point","TCD","RWA",NA,"mean",0.0205274019673419
"pi","Probability of travel from i to j","point","TGO","RWA",NA,"mean",0.00207125416864684
"pi","Probability of travel from i to j","point","TZA","RWA",NA,"mean",0.0957771790248423
"pi","Probability of travel from i to j","point","UGA","RWA",NA,"mean",0.164796918399363
"pi","Probability of travel from i to j","point","ZAF","RWA",NA,"mean",0.0183683709674358
"pi","Probability of travel from i to j","point","ZMB","RWA",NA,"mean",0.0374859062280107
"pi","Probability of travel from i to j","point","ZWE","RWA",NA,"mean",0.0200760090343121
"pi","Probability of travel from i to j","point","AGO","SEN",NA,"mean",0.00657395881342119
"pi","Probability of travel from i to j","point","BDI","SEN",NA,"mean",0.00107368504858185
"pi","Probability of travel from i to j","point","BEN","SEN",NA,"mean",0.00815372962515056
"pi","Probability of travel from i to j","point","BFA","SEN",NA,"mean",0.0226294200129865
"pi","Probability of travel from i to j","point","BWA","SEN",NA,"mean",0.00344018543044849
"pi","Probability of travel from i to j","point","CAF","SEN",NA,"mean",0.00612164916721832
"pi","Probability of travel from i to j","point","CIV","SEN",NA,"mean",0.0309522516755159
"pi","Probability of travel from i to j","point","CMR","SEN",NA,"mean",0.00717817945110602
"pi","Probability of travel from i to j","point","COD","SEN",NA,"mean",0.00429314521847374
"pi","Probability of travel from i to j","point","COG","SEN",NA,"mean",0.00568809768907093
"pi","Probability of travel from i to j","point","ERI","SEN",NA,"mean",0.0047969127451826
"pi","Probability of travel from i to j","point","ETH","SEN",NA,"mean",0.00380328462200448
"pi","Probability of travel from i to j","point","GAB","SEN",NA,"mean",0.00574452889711071
"pi","Probability of travel from i to j","point","GHA","SEN",NA,"mean",0.013155495627029
"pi","Probability of travel from i to j","point","GIN","SEN",NA,"mean",0.0916934763605463
"pi","Probability of travel from i to j","point","GMB","SEN",NA,"mean",0.595788830761468
"pi","Probability of travel from i to j","point","GNB","SEN",NA,"mean",0.2905745516273
"pi","Probability of travel from i to j","point","GNQ","SEN",NA,"mean",0.00630058870816116
"pi","Probability of travel from i to j","point","KEN","SEN",NA,"mean",0.0025713544391707
"pi","Probability of travel from i to j","point","LBR","SEN",NA,"mean",0.0396968563383644
"pi","Probability of travel from i to j","point","MLI","SEN",NA,"mean",0.0495998808847223
"pi","Probability of travel from i to j","point","MOZ","SEN",NA,"mean",0.00235060264160024
"pi","Probability of travel from i to j","point","MRT","SEN",NA,"mean",0.144939334844775
"pi","Probability of travel from i to j","point","MWI","SEN",NA,"mean",0.00209034400931421
"pi","Probability of travel from i to j","point","NAM","SEN",NA,"mean",0.00569850444434134
"pi","Probability of travel from i to j","point","NER","SEN",NA,"mean",0.0154248294632117
"pi","Probability of travel from i to j","point","NGA","SEN",NA,"mean",0.0118242065190563
"pi","Probability of travel from i to j","point","RWA","SEN",NA,"mean",0.00107818733909669
"pi","Probability of travel from i to j","point","SEN","SEN",NA,"mean",NA
"pi","Probability of travel from i to j","point","SLE","SEN",NA,"mean",0.0616642417689314
"pi","Probability of travel from i to j","point","SOM","SEN",NA,"mean",0.00350960258308413
"pi","Probability of travel from i to j","point","SSD","SEN",NA,"mean",0.00390513563504559
"pi","Probability of travel from i to j","point","SWZ","SEN",NA,"mean",0.00315867031841469
"pi","Probability of travel from i to j","point","TCD","SEN",NA,"mean",0.0101364519725576
"pi","Probability of travel from i to j","point","TGO","SEN",NA,"mean",0.00704420675866062
"pi","Probability of travel from i to j","point","TZA","SEN",NA,"mean",0.00254376821325244
"pi","Probability of travel from i to j","point","UGA","SEN",NA,"mean",0.00235073430176052
"pi","Probability of travel from i to j","point","ZAF","SEN",NA,"mean",0.00522074546218505
"pi","Probability of travel from i to j","point","ZMB","SEN",NA,"mean",0.00297762081815806
"pi","Probability of travel from i to j","point","ZWE","SEN",NA,"mean",0.00267249421167706
"pi","Probability of travel from i to j","point","AGO","SLE",NA,"mean",0.0066064528124298
"pi","Probability of travel from i to j","point","BDI","SLE",NA,"mean",0.000980445958171122
"pi","Probability of travel from i to j","point","BEN","SLE",NA,"mean",0.00903830713388689
"pi","Probability of travel from i to j","point","BFA","SLE",NA,"mean",0.0239157628628984
"pi","Probability of travel from i to j","point","BWA","SLE",NA,"mean",0.00329722624413249
"pi","Probability of travel from i to j","point","CAF","SLE",NA,"mean",0.00561009009405744
"pi","Probability of travel from i to j","point","CIV","SLE",NA,"mean",0.0665324676115631
"pi","Probability of travel from i to j","point","CMR","SLE",NA,"mean",0.00711811266783018
"pi","Probability of travel from i to j","point","COD","SLE",NA,"mean",0.00406156782458989
"pi","Probability of travel from i to j","point","COG","SLE",NA,"mean",0.00575138726677626
"pi","Probability of travel from i to j","point","ERI","SLE",NA,"mean",0.00392138243298882
"pi","Probability of travel from i to j","point","ETH","SLE",NA,"mean",0.00320249385645022
"pi","Probability of travel from i to j","point","GAB","SLE",NA,"mean",0.00606642453766808
"pi","Probability of travel from i to j","point","GHA","SLE",NA,"mean",0.0181654468667346
"pi","Probability of travel from i to j","point","GIN","SLE",NA,"mean",0.373421140494304
"pi","Probability of travel from i to j","point","GMB","SLE",NA,"mean",0.0285144716747208
"pi","Probability of travel from i to j","point","GNB","SLE",NA,"mean",0.0687231648459068
"pi","Probability of travel from i to j","point","GNQ","SLE",NA,"mean",0.00671999358510596
"pi","Probability of travel from i to j","point","KEN","SLE",NA,"mean",0.0022443750157126
"pi","Probability of travel from i to j","point","LBR","SLE",NA,"mean",0.205976815673131
"pi","Probability of travel from i to j","point","MLI","SLE",NA,"mean",0.0329803090673671
"pi","Probability of travel from i to j","point","MOZ","SLE",NA,"mean",0.00214860231937005
"pi","Probability of travel from i to j","point","MRT","SLE",NA,"mean",0.0450937888134193
"pi","Probability of travel from i to j","point","MWI","SLE",NA,"mean",0.00191308389673011
"pi","Probability of travel from i to j","point","NAM","SLE",NA,"mean",0.00562970244136942
"pi","Probability of travel from i to j","point","NER","SLE",NA,"mean",0.0126312169167295
"pi","Probability of travel from i to j","point","NGA","SLE",NA,"mean",0.0117271288412671
"pi","Probability of travel from i to j","point","RWA","SLE",NA,"mean",0.000980096082656378
"pi","Probability of travel from i to j","point","SEN","SLE",NA,"mean",0.043146033910581
"pi","Probability of travel from i to j","point","SLE","SLE",NA,"mean",NA
"pi","Probability of travel from i to j","point","SOM","SLE",NA,"mean",0.00294610055368261
"pi","Probability of travel from i to j","point","SSD","SLE",NA,"mean",0.00339581538149724
"pi","Probability of travel from i to j","point","SWZ","SLE",NA,"mean",0.00293333034150432
"pi","Probability of travel from i to j","point","TCD","SLE",NA,"mean",0.00855572936721706
"pi","Probability of travel from i to j","point","TGO","SLE",NA,"mean",0.00853619095429995
"pi","Probability of travel from i to j","point","TZA","SLE",NA,"mean",0.00229100042441804
"pi","Probability of travel from i to j","point","UGA","SLE",NA,"mean",0.00208577453627198
"pi","Probability of travel from i to j","point","ZAF","SLE",NA,"mean",0.00493453265012067
"pi","Probability of travel from i to j","point","ZMB","SLE",NA,"mean",0.00280459641539641
"pi","Probability of travel from i to j","point","ZWE","SLE",NA,"mean",0.00250014968018298
"pi","Probability of travel from i to j","point","AGO","SOM",NA,"mean",0.00933615406115504
"pi","Probability of travel from i to j","point","BDI","SOM",NA,"mean",0.00572141800194039
"pi","Probability of travel from i to j","point","BEN","SOM",NA,"mean",0.00153242563240339
"pi","Probability of travel from i to j","point","BFA","SOM",NA,"mean",0.00207854388437145
"pi","Probability of travel from i to j","point","BWA","SOM",NA,"mean",0.00679468609803636
"pi","Probability of travel from i to j","point","CAF","SOM",NA,"mean",0.0109494291355863
"pi","Probability of travel from i to j","point","CIV","SOM",NA,"mean",0.00197256116669576
"pi","Probability of travel from i to j","point","CMR","SOM",NA,"mean",0.005339670891495
"pi","Probability of travel from i to j","point","COD","SOM",NA,"mean",0.0113064414542406
"pi","Probability of travel from i to j","point","COG","SOM",NA,"mean",0.00617990891170026
"pi","Probability of travel from i to j","point","ERI","SOM",NA,"mean",0.0679182735599291
"pi","Probability of travel from i to j","point","ETH","SOM",NA,"mean",0.153750506956571
"pi","Probability of travel from i to j","point","GAB","SOM",NA,"mean",0.0043795710337624
"pi","Probability of travel from i to j","point","GHA","SOM",NA,"mean",0.0016011075619448
"pi","Probability of travel from i to j","point","GIN","SOM",NA,"mean",0.00129207302449918
"pi","Probability of travel from i to j","point","GMB","SOM",NA,"mean",0.000585538172689251
"pi","Probability of travel from i to j","point","GNB","SOM",NA,"mean",0.000905062303204477
"pi","Probability of travel from i to j","point","GNQ","SOM",NA,"mean",0.00392343358163993
"pi","Probability of travel from i to j","point","KEN","SOM",NA,"mean",0.0537682490052564
"pi","Probability of travel from i to j","point","LBR","SOM",NA,"mean",0.00167489154239879
"pi","Probability of travel from i to j","point","MLI","SOM",NA,"mean",0.00326621090253509
"pi","Probability of travel from i to j","point","MOZ","SOM",NA,"mean",0.0103928168946016
"pi","Probability of travel from i to j","point","MRT","SOM",NA,"mean",0.0034882769304018
"pi","Probability of travel from i to j","point","MWI","SOM",NA,"mean",0.010258041323007
"pi","Probability of travel from i to j","point","NAM","SOM",NA,"mean",0.00784745920275757
"pi","Probability of travel from i to j","point","NER","SOM",NA,"mean",0.00642154250455474
"pi","Probability of travel from i to j","point","NGA","SOM",NA,"mean",0.00469617220135497
"pi","Probability of travel from i to j","point","RWA","SOM",NA,"mean",0.00601514485392695
"pi","Probability of travel from i to j","point","SEN","SOM",NA,"mean",0.00100186271880756
"pi","Probability of travel from i to j","point","SLE","SOM",NA,"mean",0.00120196094346779
"pi","Probability of travel from i to j","point","SOM","SOM",NA,"mean",NA
"pi","Probability of travel from i to j","point","SSD","SOM",NA,"mean",0.0255735508159279
"pi","Probability of travel from i to j","point","SWZ","SOM",NA,"mean",0.00811508297418306
"pi","Probability of travel from i to j","point","TCD","SOM",NA,"mean",0.0125028581800352
"pi","Probability of travel from i to j","point","TGO","SOM",NA,"mean",0.00114118228153085
"pi","Probability of travel from i to j","point","TZA","SOM",NA,"mean",0.0202741056599526
"pi","Probability of travel from i to j","point","UGA","SOM",NA,"mean",0.0204047612979747
"pi","Probability of travel from i to j","point","ZAF","SOM",NA,"mean",0.00984223828708168
"pi","Probability of travel from i to j","point","ZMB","SOM",NA,"mean",0.00924210087295886
"pi","Probability of travel from i to j","point","ZWE","SOM",NA,"mean",0.00797472695790865
"pi","Probability of travel from i to j","point","AGO","SSD",NA,"mean",0.015994884130898
"pi","Probability of travel from i to j","point","BDI","SSD",NA,"mean",0.0137161079710973
"pi","Probability of travel from i to j","point","BEN","SSD",NA,"mean",0.00301117160849046
"pi","Probability of travel from i to j","point","BFA","SSD",NA,"mean",0.00373590083745076
"pi","Probability of travel from i to j","point","BWA","SSD",NA,"mean",0.00813589862640328
"pi","Probability of travel from i to j","point","CAF","SSD",NA,"mean",0.0526692168346753
"pi","Probability of travel from i to j","point","CIV","SSD",NA,"mean",0.00335258194690873
"pi","Probability of travel from i to j","point","CMR","SSD",NA,"mean",0.0146507365583156
"pi","Probability of travel from i to j","point","COD","SSD",NA,"mean",0.0338368597414308
"pi","Probability of travel from i to j","point","COG","SSD",NA,"mean",0.016223944371025
"pi","Probability of travel from i to j","point","ERI","SSD",NA,"mean",0.0603385223321252
"pi","Probability of travel from i to j","point","ETH","SSD",NA,"mean",0.0757804513401373
"pi","Probability of travel from i to j","point","GAB","SSD",NA,"mean",0.0103249069296487
"pi","Probability of travel from i to j","point","GHA","SSD",NA,"mean",0.00292814858857025
"pi","Probability of travel from i to j","point","GIN","SSD",NA,"mean",0.00204357183588753
"pi","Probability of travel from i to j","point","GMB","SSD",NA,"mean",0.000879492082428834
"pi","Probability of travel from i to j","point","GNB","SSD",NA,"mean",0.00136759994815679
"pi","Probability of travel from i to j","point","GNQ","SSD",NA,"mean",0.00926506145709306
"pi","Probability of travel from i to j","point","KEN","SSD",NA,"mean",0.0453607094540779
"pi","Probability of travel from i to j","point","LBR","SSD",NA,"mean",0.00270047610457896
"pi","Probability of travel from i to j","point","MLI","SSD",NA,"mean",0.00554966069959133
"pi","Probability of travel from i to j","point","MOZ","SSD",NA,"mean",0.00949254764937908
"pi","Probability of travel from i to j","point","MRT","SSD",NA,"mean",0.00537269145370411
"pi","Probability of travel from i to j","point","MWI","SSD",NA,"mean",0.0103842201894959
"pi","Probability of travel from i to j","point","NAM","SSD",NA,"mean",0.0102745834981836
"pi","Probability of travel from i to j","point","NER","SSD",NA,"mean",0.0138381497670767
"pi","Probability of travel from i to j","point","NGA","SSD",NA,"mean",0.0107864611981184
"pi","Probability of travel from i to j","point","RWA","SSD",NA,"mean",0.0171730369711778
"pi","Probability of travel from i to j","point","SEN","SSD",NA,"mean",0.00151547599237198
"pi","Probability of travel from i to j","point","SLE","SSD",NA,"mean",0.00188343017731692
"pi","Probability of travel from i to j","point","SOM","SSD",NA,"mean",0.0347659175645242
"pi","Probability of travel from i to j","point","SSD","SSD",NA,"mean",NA
"pi","Probability of travel from i to j","point","SWZ","SSD",NA,"mean",0.00786480046447725
"pi","Probability of travel from i to j","point","TCD","SSD",NA,"mean",0.0391506448655168
"pi","Probability of travel from i to j","point","TGO","SSD",NA,"mean",0.00217963006182399
"pi","Probability of travel from i to j","point","TZA","SSD",NA,"mean",0.023017379853882
"pi","Probability of travel from i to j","point","UGA","SSD",NA,"mean",0.082663314686088
"pi","Probability of travel from i to j","point","ZAF","SSD",NA,"mean",0.0104256542428678
"pi","Probability of travel from i to j","point","ZMB","SSD",NA,"mean",0.0126012967988249
"pi","Probability of travel from i to j","point","ZWE","SSD",NA,"mean",0.0087965455786492
"pi","Probability of travel from i to j","point","AGO","SWZ",NA,"mean",0.0103071292953721
"pi","Probability of travel from i to j","point","BDI","SWZ",NA,"mean",0.00157020559373382
"pi","Probability of travel from i to j","point","BEN","SWZ",NA,"mean",0.000570799965780245
"pi","Probability of travel from i to j","point","BFA","SWZ",NA,"mean",0.000769409488670896
"pi","Probability of travel from i to j","point","BWA","SWZ",NA,"mean",0.0383451400447993
"pi","Probability of travel from i to j","point","CAF","SWZ",NA,"mean",0.00255752670235215
"pi","Probability of travel from i to j","point","CIV","SWZ",NA,"mean",0.000863145278661859
"pi","Probability of travel from i to j","point","CMR","SWZ",NA,"mean",0.00180092555706016
"pi","Probability of travel from i to j","point","COD","SWZ",NA,"mean",0.00437855018904851
"pi","Probability of travel from i to j","point","COG","SWZ",NA,"mean",0.00276008974063672
"pi","Probability of travel from i to j","point","ERI","SWZ",NA,"mean",0.00275911666578907
"pi","Probability of travel from i to j","point","ETH","SWZ",NA,"mean",0.00312869933250671
"pi","Probability of travel from i to j","point","GAB","SWZ",NA,"mean",0.00208096045598642
"pi","Probability of travel from i to j","point","GHA","SWZ",NA,"mean",0.000661478275284771
"pi","Probability of travel from i to j","point","GIN","SWZ",NA,"mean",0.000553248437353615
"pi","Probability of travel from i to j","point","GMB","SWZ",NA,"mean",0.00024370187075239
"pi","Probability of travel from i to j","point","GNB","SWZ",NA,"mean",0.000386402635555949
"pi","Probability of travel from i to j","point","GNQ","SWZ",NA,"mean",0.00169932677771684
"pi","Probability of travel from i to j","point","KEN","SWZ",NA,"mean",0.00338486713760874
"pi","Probability of travel from i to j","point","LBR","SWZ",NA,"mean",0.000778121719539361
"pi","Probability of travel from i to j","point","MLI","SWZ",NA,"mean",0.00110643180441824
"pi","Probability of travel from i to j","point","MOZ","SWZ",NA,"mean",0.0222229927463621
"pi","Probability of travel from i to j","point","MRT","SWZ",NA,"mean",0.00122161525490501
"pi","Probability of travel from i to j","point","MWI","SWZ",NA,"mean",0.0111043162189531
"pi","Probability of travel from i to j","point","NAM","SWZ",NA,"mean",0.0216996219764896
"pi","Probability of travel from i to j","point","NER","SWZ",NA,"mean",0.00165089089421912
"pi","Probability of travel from i to j","point","NGA","SWZ",NA,"mean",0.00155169214184746
"pi","Probability of travel from i to j","point","RWA","SWZ",NA,"mean",0.00140155398997276
"pi","Probability of travel from i to j","point","SEN","SWZ",NA,"mean",0.000406960740717477
"pi","Probability of travel from i to j","point","SLE","SWZ",NA,"mean",0.00054013423578408
"pi","Probability of travel from i to j","point","SOM","SWZ",NA,"mean",0.00366261192793534
"pi","Probability of travel from i to j","point","SSD","SWZ",NA,"mean",0.00261109688219302
"pi","Probability of travel from i to j","point","SWZ","SWZ",NA,"mean",NA
"pi","Probability of travel from i to j","point","TCD","SWZ",NA,"mean",0.00238165815090567
"pi","Probability of travel from i to j","point","TGO","SWZ",NA,"mean",0.000449494151969042
"pi","Probability of travel from i to j","point","TZA","SWZ",NA,"mean",0.00579612761109479
"pi","Probability of travel from i to j","point","UGA","SWZ",NA,"mean",0.00251011349556306
"pi","Probability of travel from i to j","point","ZAF","SWZ",NA,"mean",0.120598957216475
"pi","Probability of travel from i to j","point","ZMB","SWZ",NA,"mean",0.0127077445987512
"pi","Probability of travel from i to j","point","ZWE","SWZ",NA,"mean",0.0365598924606738
"pi","Probability of travel from i to j","point","AGO","TCD",NA,"mean",0.0135446147109539
"pi","Probability of travel from i to j","point","BDI","TCD",NA,"mean",0.00434062423410731
"pi","Probability of travel from i to j","point","BEN","TCD",NA,"mean",0.00833970977024588
"pi","Probability of travel from i to j","point","BFA","TCD",NA,"mean",0.00981534854405729
"pi","Probability of travel from i to j","point","BWA","TCD",NA,"mean",0.00616801672055116
"pi","Probability of travel from i to j","point","CAF","TCD",NA,"mean",0.0712485174469169
"pi","Probability of travel from i to j","point","CIV","TCD",NA,"mean",0.00721614634723249
"pi","Probability of travel from i to j","point","CMR","TCD",NA,"mean",0.0370042209571262
"pi","Probability of travel from i to j","point","COD","TCD",NA,"mean",0.0176684357716414
"pi","Probability of travel from i to j","point","COG","TCD",NA,"mean",0.0197371374129466
"pi","Probability of travel from i to j","point","ERI","TCD",NA,"mean",0.0272818752369795
"pi","Probability of travel from i to j","point","ETH","TCD",NA,"mean",0.0191469869935887
"pi","Probability of travel from i to j","point","GAB","TCD",NA,"mean",0.0153815070575714
"pi","Probability of travel from i to j","point","GHA","TCD",NA,"mean",0.00692031956250405
"pi","Probability of travel from i to j","point","GIN","TCD",NA,"mean",0.00423856965660293
"pi","Probability of travel from i to j","point","GMB","TCD",NA,"mean",0.00176741314770419
"pi","Probability of travel from i to j","point","GNB","TCD",NA,"mean",0.00272437457768841
"pi","Probability of travel from i to j","point","GNQ","TCD",NA,"mean",0.0169158144103736
"pi","Probability of travel from i to j","point","KEN","TCD",NA,"mean",0.0108193852860817
"pi","Probability of travel from i to j","point","LBR","TCD",NA,"mean",0.00536827846937642
"pi","Probability of travel from i to j","point","MLI","TCD",NA,"mean",0.0148665579561444
"pi","Probability of travel from i to j","point","MOZ","TCD",NA,"mean",0.00548271464163041
"pi","Probability of travel from i to j","point","MRT","TCD",NA,"mean",0.0123158905318093
"pi","Probability of travel from i to j","point","MWI","TCD",NA,"mean",0.00542718653380749
"pi","Probability of travel from i to j","point","NAM","TCD",NA,"mean",0.00886973144796609
"pi","Probability of travel from i to j","point","NER","TCD",NA,"mean",0.0804965684860495
"pi","Probability of travel from i to j","point","NGA","TCD",NA,"mean",0.037799434294589
"pi","Probability of travel from i to j","point","RWA","TCD",NA,"mean",0.00470506389343283
"pi","Probability of travel from i to j","point","SEN","TCD",NA,"mean",0.00311138855236954
"pi","Probability of travel from i to j","point","SLE","TCD",NA,"mean",0.00375333938804578
"pi","Probability of travel from i to j","point","SOM","TCD",NA,"mean",0.0134439631238626
"pi","Probability of travel from i to j","point","SSD","TCD",NA,"mean",0.0309666527549187
"pi","Probability of travel from i to j","point","SWZ","TCD",NA,"mean",0.0056741327528199
"pi","Probability of travel from i to j","point","TCD","TCD",NA,"mean",NA
"pi","Probability of travel from i to j","point","TGO","TCD",NA,"mean",0.00554238368613935
"pi","Probability of travel from i to j","point","TZA","TCD",NA,"mean",0.0085314428812857
"pi","Probability of travel from i to j","point","UGA","TCD",NA,"mean",0.0119893492245857
"pi","Probability of travel from i to j","point","ZAF","TCD",NA,"mean",0.00828337769193886
"pi","Probability of travel from i to j","point","ZMB","TCD",NA,"mean",0.00743343000567334
"pi","Probability of travel from i to j","point","ZWE","TCD",NA,"mean",0.00569112711968552
"pi","Probability of travel from i to j","point","AGO","TGO",NA,"mean",0.0116631723217965
"pi","Probability of travel from i to j","point","BDI","TGO",NA,"mean",0.00181171511837088
"pi","Probability of travel from i to j","point","BEN","TGO",NA,"mean",0.384230095039129
"pi","Probability of travel from i to j","point","BFA","TGO",NA,"mean",0.108114627813686
"pi","Probability of travel from i to j","point","BWA","TGO",NA,"mean",0.00487613786869694
"pi","Probability of travel from i to j","point","CAF","TGO",NA,"mean",0.0141437442070597
"pi","Probability of travel from i to j","point","CIV","TGO",NA,"mean",0.0627721324227169
"pi","Probability of travel from i to j","point","CMR","TGO",NA,"mean",0.0262537457533328
"pi","Probability of travel from i to j","point","COD","TGO",NA,"mean",0.00831499914479811
"pi","Probability of travel from i to j","point","COG","TGO",NA,"mean",0.0149285756533946
"pi","Probability of travel from i to j","point","ERI","TGO",NA,"mean",0.00669460036043607
"pi","Probability of travel from i to j","point","ETH","TGO",NA,"mean",0.0054929535384737
"pi","Probability of travel from i to j","point","GAB","TGO",NA,"mean",0.0176278688975313
"pi","Probability of travel from i to j","point","GHA","TGO",NA,"mean",0.295918949987429
"pi","Probability of travel from i to j","point","GIN","TGO",NA,"mean",0.0168340128828353
"pi","Probability of travel from i to j","point","GMB","TGO",NA,"mean",0.00470931179899773
"pi","Probability of travel from i to j","point","GNB","TGO",NA,"mean",0.0077637650004275
"pi","Probability of travel from i to j","point","GNQ","TGO",NA,"mean",0.0238571562395232
"pi","Probability of travel from i to j","point","KEN","TGO",NA,"mean",0.00386693463706632
"pi","Probability of travel from i to j","point","LBR","TGO",NA,"mean",0.0264111042893804
"pi","Probability of travel from i to j","point","MLI","TGO",NA,"mean",0.0474716900701719
"pi","Probability of travel from i to j","point","MOZ","TGO",NA,"mean",0.00329293142227626
"pi","Probability of travel from i to j","point","MRT","TGO",NA,"mean",0.0266337714298926
"pi","Probability of travel from i to j","point","MWI","TGO",NA,"mean",0.00305694400461954
"pi","Probability of travel from i to j","point","NAM","TGO",NA,"mean",0.0081766851626795
"pi","Probability of travel from i to j","point","NER","TGO",NA,"mean",0.0393858266715651
"pi","Probability of travel from i to j","point","NGA","TGO",NA,"mean",0.0745188953255413
"pi","Probability of travel from i to j","point","RWA","TGO",NA,"mean",0.00183496309633988
"pi","Probability of travel from i to j","point","SEN","TGO",NA,"mean",0.00835723813782831
"pi","Probability of travel from i to j","point","SLE","TGO",NA,"mean",0.014473958387549
"pi","Probability of travel from i to j","point","SOM","TGO",NA,"mean",0.00474280673387799
"pi","Probability of travel from i to j","point","SSD","TGO",NA,"mean",0.00666347133301485
"pi","Probability of travel from i to j","point","SWZ","TGO",NA,"mean",0.00413910566028232
"pi","Probability of travel from i to j","point","TCD","TGO",NA,"mean",0.0214219493400446
"pi","Probability of travel from i to j","point","TGO","TGO",NA,"mean",NA
"pi","Probability of travel from i to j","point","TZA","TGO",NA,"mean",0.0038887111080551
"pi","Probability of travel from i to j","point","UGA","TGO",NA,"mean",0.00387399740042615
"pi","Probability of travel from i to j","point","ZAF","TGO",NA,"mean",0.00675139361350683
"pi","Probability of travel from i to j","point","ZMB","TGO",NA,"mean",0.00464904984104469
"pi","Probability of travel from i to j","point","ZWE","TGO",NA,"mean",0.00383192244467959
"pi","Probability of travel from i to j","point","AGO","TZA",NA,"mean",0.0439185803460024
"pi","Probability of travel from i to j","point","BDI","TZA",NA,"mean",0.0692937122521042
"pi","Probability of travel from i to j","point","BEN","TZA",NA,"mean",0.00330498074464528
"pi","Probability of travel from i to j","point","BFA","TZA",NA,"mean",0.00423234593829743
"pi","Probability of travel from i to j","point","BWA","TZA",NA,"mean",0.0325687825107162
"pi","Probability of travel from i to j","point","CAF","TZA",NA,"mean",0.0274553176864806
"pi","Probability of travel from i to j","point","CIV","TZA",NA,"mean",0.00425846246837633
"pi","Probability of travel from i to j","point","CMR","TZA",NA,"mean",0.0134986926680726
"pi","Probability of travel from i to j","point","COD","TZA",NA,"mean",0.0622794332330831
"pi","Probability of travel from i to j","point","COG","TZA",NA,"mean",0.0208457719674878
"pi","Probability of travel from i to j","point","ERI","TZA",NA,"mean",0.0335887562401925
"pi","Probability of travel from i to j","point","ETH","TZA",NA,"mean",0.052091149217493
"pi","Probability of travel from i to j","point","GAB","TZA",NA,"mean",0.0134567718126737
"pi","Probability of travel from i to j","point","GHA","TZA",NA,"mean",0.00351041511164938
"pi","Probability of travel from i to j","point","GIN","TZA",NA,"mean",0.00263690418834419
"pi","Probability of travel from i to j","point","GMB","TZA",NA,"mean",0.00114355742307918
"pi","Probability of travel from i to j","point","GNB","TZA",NA,"mean",0.00179555567289961
"pi","Probability of travel from i to j","point","GNQ","TZA",NA,"mean",0.0109648723449305
"pi","Probability of travel from i to j","point","KEN","TZA",NA,"mean",0.130854100185245
"pi","Probability of travel from i to j","point","LBR","TZA",NA,"mean",0.0036064979474089
"pi","Probability of travel from i to j","point","MLI","TZA",NA,"mean",0.00614208279909495
"pi","Probability of travel from i to j","point","MOZ","TZA",NA,"mean",0.0755526682884588
"pi","Probability of travel from i to j","point","MRT","TZA",NA,"mean",0.00634655924646334
"pi","Probability of travel from i to j","point","MWI","TZA",NA,"mean",0.128218877062975
"pi","Probability of travel from i to j","point","NAM","TZA",NA,"mean",0.0323095389719192
"pi","Probability of travel from i to j","point","NER","TZA",NA,"mean",0.0115337491812238
"pi","Probability of travel from i to j","point","NGA","TZA",NA,"mean",0.010306816028513
"pi","Probability of travel from i to j","point","RWA","TZA",NA,"mean",0.054585860258852
"pi","Probability of travel from i to j","point","SEN","TZA",NA,"mean",0.0019414776600563
"pi","Probability of travel from i to j","point","SLE","TZA",NA,"mean",0.0024990361956472
"pi","Probability of travel from i to j","point","SOM","TZA",NA,"mean",0.054205866615324
"pi","Probability of travel from i to j","point","SSD","TZA",NA,"mean",0.0452686776247823
"pi","Probability of travel from i to j","point","SWZ","TZA",NA,"mean",0.0343355955361087
"pi","Probability of travel from i to j","point","TCD","TZA",NA,"mean",0.0212133406722955
"pi","Probability of travel from i to j","point","TGO","TZA",NA,"mean",0.00250166907189272
"pi","Probability of travel from i to j","point","TZA","TZA",NA,"mean",NA
"pi","Probability of travel from i to j","point","UGA","TZA",NA,"mean",0.0829033584210474
"pi","Probability of travel from i to j","point","ZAF","TZA",NA,"mean",0.0380989598365602
"pi","Probability of travel from i to j","point","ZMB","TZA",NA,"mean",0.0839481929051338
"pi","Probability of travel from i to j","point","ZWE","TZA",NA,"mean",0.0510445228259381
"pi","Probability of travel from i to j","point","AGO","UGA",NA,"mean",0.0326722347064069
"pi","Probability of travel from i to j","point","BDI","UGA",NA,"mean",0.0721487771725463
"pi","Probability of travel from i to j","point","BEN","UGA",NA,"mean",0.00392565075037688
"pi","Probability of travel from i to j","point","BFA","UGA",NA,"mean",0.00490435338505802
"pi","Probability of travel from i to j","point","BWA","UGA",NA,"mean",0.0177869236505886
"pi","Probability of travel from i to j","point","CAF","UGA",NA,"mean",0.0512950085067095
"pi","Probability of travel from i to j","point","CIV","UGA",NA,"mean",0.0046492957637324
"pi","Probability of travel from i to j","point","CMR","UGA",NA,"mean",0.0183267732411763
"pi","Probability of travel from i to j","point","COD","UGA",NA,"mean",0.0789484080031072
"pi","Probability of travel from i to j","point","COG","UGA",NA,"mean",0.0252094589267868
"pi","Probability of travel from i to j","point","ERI","UGA",NA,"mean",0.0582703535988747
"pi","Probability of travel from i to j","point","ETH","UGA",NA,"mean",0.101943081768201
"pi","Probability of travel from i to j","point","GAB","UGA",NA,"mean",0.0155325125049579
"pi","Probability of travel from i to j","point","GHA","UGA",NA,"mean",0.00397147969532088
"pi","Probability of travel from i to j","point","GIN","UGA",NA,"mean",0.00283737157616686
"pi","Probability of travel from i to j","point","GMB","UGA",NA,"mean",0.00122103866617695
"pi","Probability of travel from i to j","point","GNB","UGA",NA,"mean",0.0019086009939418
"pi","Probability of travel from i to j","point","GNQ","UGA",NA,"mean",0.0131140357821184
"pi","Probability of travel from i to j","point","KEN","UGA",NA,"mean",0.204865744809322
"pi","Probability of travel from i to j","point","LBR","UGA",NA,"mean",0.00382190528285487
"pi","Probability of travel from i to j","point","MLI","UGA",NA,"mean",0.00715892934382572
"pi","Probability of travel from i to j","point","MOZ","UGA",NA,"mean",0.0245236883025847
"pi","Probability of travel from i to j","point","MRT","UGA",NA,"mean",0.00712138753900656
"pi","Probability of travel from i to j","point","MWI","UGA",NA,"mean",0.0297279060917957
"pi","Probability of travel from i to j","point","NAM","UGA",NA,"mean",0.0208536775694119
"pi","Probability of travel from i to j","point","NER","UGA",NA,"mean",0.015538399928617
"pi","Probability of travel from i to j","point","NGA","UGA",NA,"mean",0.0132710845009078
"pi","Probability of travel from i to j","point","RWA","UGA",NA,"mean",0.109389439470265
"pi","Probability of travel from i to j","point","SEN","UGA",NA,"mean",0.00208961654849942
"pi","Probability of travel from i to j","point","SLE","UGA",NA,"mean",0.00264986000821307
"pi","Probability of travel from i to j","point","SOM","UGA",NA,"mean",0.0635395738930794
"pi","Probability of travel from i to j","point","SSD","UGA",NA,"mean",0.189348963481042
"pi","Probability of travel from i to j","point","SWZ","UGA",NA,"mean",0.0173184171934608
"pi","Probability of travel from i to j","point","TCD","UGA",NA,"mean",0.0347208527002989
"pi","Probability of travel from i to j","point","TGO","UGA",NA,"mean",0.00290263011368041
"pi","Probability of travel from i to j","point","TZA","UGA",NA,"mean",0.096556233672264
"pi","Probability of travel from i to j","point","UGA","UGA",NA,"mean",NA
"pi","Probability of travel from i to j","point","ZAF","UGA",NA,"mean",0.0218014123012005
"pi","Probability of travel from i to j","point","ZMB","UGA",NA,"mean",0.033378453219419
"pi","Probability of travel from i to j","point","ZWE","UGA",NA,"mean",0.0213376876115647
"pi","Probability of travel from i to j","point","AGO","ZAF",NA,"mean",0.0447162479372201
"pi","Probability of travel from i to j","point","BDI","ZAF",NA,"mean",0.00494864706632823
"pi","Probability of travel from i to j","point","BEN","ZAF",NA,"mean",0.0023290285687954
"pi","Probability of travel from i to j","point","BFA","ZAF",NA,"mean",0.00315154946552972
"pi","Probability of travel from i to j","point","BWA","ZAF",NA,"mean",0.202424485732706
"pi","Probability of travel from i to j","point","CAF","ZAF",NA,"mean",0.00934560005250215
"pi","Probability of travel from i to j","point","CIV","ZAF",NA,"mean",0.00364317896458602
"pi","Probability of travel from i to j","point","CMR","ZAF",NA,"mean",0.00704484031526961
"pi","Probability of travel from i to j","point","COD","ZAF",NA,"mean",0.0154106935592166
"pi","Probability of travel from i to j","point","COG","ZAF",NA,"mean",0.0108828528352648
"pi","Probability of travel from i to j","point","ERI","ZAF",NA,"mean",0.00913690241012892
"pi","Probability of travel from i to j","point","ETH","ZAF",NA,"mean",0.00996180372894119
"pi","Probability of travel from i to j","point","GAB","ZAF",NA,"mean",0.00848058773101105
"pi","Probability of travel from i to j","point","GHA","ZAF",NA,"mean",0.00275455755587374
"pi","Probability of travel from i to j","point","GIN","ZAF",NA,"mean",0.00233135529905213
"pi","Probability of travel from i to j","point","GMB","ZAF",NA,"mean",0.00102218444757807
"pi","Probability of travel from i to j","point","GNB","ZAF",NA,"mean",0.00162801088248562
"pi","Probability of travel from i to j","point","GNQ","ZAF",NA,"mean",0.00690434896091648
"pi","Probability of travel from i to j","point","KEN","ZAF",NA,"mean",0.0101884881780483
"pi","Probability of travel from i to j","point","LBR","ZAF",NA,"mean",0.0033258697626673
"pi","Probability of travel from i to j","point","MLI","ZAF",NA,"mean",0.00447741728330811
"pi","Probability of travel from i to j","point","MOZ","ZAF",NA,"mean",0.041525865629401
"pi","Probability of travel from i to j","point","MRT","ZAF",NA,"mean",0.00497694738492969
"pi","Probability of travel from i to j","point","MWI","ZAF",NA,"mean",0.0259167960057368
"pi","Probability of travel from i to j","point","NAM","ZAF",NA,"mean",0.148491068132423
"pi","Probability of travel from i to j","point","NER","ZAF",NA,"mean",0.00637620756069367
"pi","Probability of travel from i to j","point","NGA","ZAF",NA,"mean",0.00616320784457
"pi","Probability of travel from i to j","point","RWA","ZAF",NA,"mean",0.00446574074636077
"pi","Probability of travel from i to j","point","SEN","ZAF",NA,"mean",0.00169977770552828
"pi","Probability of travel from i to j","point","SLE","ZAF",NA,"mean",0.00229613887325768
"pi","Probability of travel from i to j","point","SOM","ZAF",NA,"mean",0.0112254357748235
"pi","Probability of travel from i to j","point","SSD","ZAF",NA,"mean",0.00874681595871805
"pi","Probability of travel from i to j","point","SWZ","ZAF",NA,"mean",0.304757881502129
"pi","Probability of travel from i to j","point","TCD","ZAF",NA,"mean",0.00878615358428988
"pi","Probability of travel from i to j","point","TGO","ZAF",NA,"mean",0.00185277360404779
"pi","Probability of travel from i to j","point","TZA","ZAF",NA,"mean",0.016252413616514
"pi","Probability of travel from i to j","point","UGA","ZAF",NA,"mean",0.00798511514178359
"pi","Probability of travel from i to j","point","ZAF","ZAF",NA,"mean",NA
"pi","Probability of travel from i to j","point","ZMB","ZAF",NA,"mean",0.0375720437649706
"pi","Probability of travel from i to j","point","ZWE","ZAF",NA,"mean",0.0765752103848785
"pi","Probability of travel from i to j","point","AGO","ZMB",NA,"mean",0.0830039784549652
"pi","Probability of travel from i to j","point","BDI","ZMB",NA,"mean",0.0170354334886946
"pi","Probability of travel from i to j","point","BEN","ZMB",NA,"mean",0.00245258619061291
"pi","Probability of travel from i to j","point","BFA","ZMB",NA,"mean",0.00310273944016516
"pi","Probability of travel from i to j","point","BWA","ZMB",NA,"mean",0.0756577225552151
"pi","Probability of travel from i to j","point","CAF","ZMB",NA,"mean",0.0156179670588985
"pi","Probability of travel from i to j","point","CIV","ZMB",NA,"mean",0.0033263649901758
"pi","Probability of travel from i to j","point","CMR","ZMB",NA,"mean",0.00970477538483005
"pi","Probability of travel from i to j","point","COD","ZMB",NA,"mean",0.0449301887990036
"pi","Probability of travel from i to j","point","COG","ZMB",NA,"mean",0.0180472548767856
"pi","Probability of travel from i to j","point","ERI","ZMB",NA,"mean",0.0124686617270347
"pi","Probability of travel from i to j","point","ETH","ZMB",NA,"mean",0.0153021651117635
"pi","Probability of travel from i to j","point","GAB","ZMB",NA,"mean",0.0118907196082993
"pi","Probability of travel from i to j","point","GHA","ZMB",NA,"mean",0.00270693054939106
"pi","Probability of travel from i to j","point","GIN","ZMB",NA,"mean",0.00201447081252495
"pi","Probability of travel from i to j","point","GMB","ZMB",NA,"mean",0.000856498511434799
"pi","Probability of travel from i to j","point","GNB","ZMB",NA,"mean",0.00135894510542567
"pi","Probability of travel from i to j","point","GNQ","ZMB",NA,"mean",0.00906070015606417
"pi","Probability of travel from i to j","point","KEN","ZMB",NA,"mean",0.0203464829665005
"pi","Probability of travel from i to j","point","LBR","ZMB",NA,"mean",0.00285849556458153
"pi","Probability of travel from i to j","point","MLI","ZMB",NA,"mean",0.00432018273333305
"pi","Probability of travel from i to j","point","MOZ","ZMB",NA,"mean",0.0790546140472857
"pi","Probability of travel from i to j","point","MRT","ZMB",NA,"mean",0.00447883120200586
"pi","Probability of travel from i to j","point","MWI","ZMB",NA,"mean",0.108494767642082
"pi","Probability of travel from i to j","point","NAM","ZMB",NA,"mean",0.0587426026746292
"pi","Probability of travel from i to j","point","NER","ZMB",NA,"mean",0.00731898162356374
"pi","Probability of travel from i to j","point","NGA","ZMB",NA,"mean",0.00730501817772215
"pi","Probability of travel from i to j","point","RWA","ZMB",NA,"mean",0.0135642201472802
"pi","Probability of travel from i to j","point","SEN","ZMB",NA,"mean",0.00144288909570686
"pi","Probability of travel from i to j","point","SLE","ZMB",NA,"mean",0.00194234534473874
"pi","Probability of travel from i to j","point","SOM","ZMB",NA,"mean",0.0156885927118422
"pi","Probability of travel from i to j","point","SSD","ZMB",NA,"mean",0.0157349679112884
"pi","Probability of travel from i to j","point","SWZ","ZMB",NA,"mean",0.0477951491544504
"pi","Probability of travel from i to j","point","TCD","ZMB",NA,"mean",0.0117350388864253
"pi","Probability of travel from i to j","point","TGO","ZMB",NA,"mean",0.0018988780685053
"pi","Probability of travel from i to j","point","TZA","ZMB",NA,"mean",0.0532991213293753
"pi","Probability of travel from i to j","point","UGA","ZMB",NA,"mean",0.0181956138700401
"pi","Probability of travel from i to j","point","ZAF","ZMB",NA,"mean",0.0559202069121056
"pi","Probability of travel from i to j","point","ZMB","ZMB",NA,"mean",NA
"pi","Probability of travel from i to j","point","ZWE","ZMB",NA,"mean",0.151386788459138
"pi","Probability of travel from i to j","point","AGO","ZWE",NA,"mean",0.0462860444857532
"pi","Probability of travel from i to j","point","BDI","ZWE",NA,"mean",0.00768192612708563
"pi","Probability of travel from i to j","point","BEN","ZWE",NA,"mean",0.00180561649596394
"pi","Probability of travel from i to j","point","BFA","ZWE",NA,"mean",0.00235761148609679
"pi","Probability of travel from i to j","point","BWA","ZWE",NA,"mean",0.141867482736129
"pi","Probability of travel from i to j","point","CAF","ZWE",NA,"mean",0.00958143478427079
"pi","Probability of travel from i to j","point","CIV","ZWE",NA,"mean",0.00258416903177996
"pi","Probability of travel from i to j","point","CMR","ZWE",NA,"mean",0.00635293007983921
"pi","Probability of travel from i to j","point","COD","ZWE",NA,"mean",0.0202702821283445
"pi","Probability of travel from i to j","point","COG","ZWE",NA,"mean",0.0106357105750637
"pi","Probability of travel from i to j","point","ERI","ZWE",NA,"mean",0.00918883531411182
"pi","Probability of travel from i to j","point","ETH","ZWE",NA,"mean",0.0109582587249268
"pi","Probability of travel from i to j","point","GAB","ZWE",NA,"mean",0.00755694616523688
"pi","Probability of travel from i to j","point","GHA","ZWE",NA,"mean",0.00204196015319875
"pi","Probability of travel from i to j","point","GIN","ZWE",NA,"mean",0.00160811006885165
"pi","Probability of travel from i to j","point","GMB","ZWE",NA,"mean",0.000695324599220125
"pi","Probability of travel from i to j","point","GNB","ZWE",NA,"mean",0.00110281090972538
"pi","Probability of travel from i to j","point","GNQ","ZWE",NA,"mean",0.00596994837607961
"pi","Probability of travel from i to j","point","KEN","ZWE",NA,"mean",0.0133897739476381
"pi","Probability of travel from i to j","point","LBR","ZWE",NA,"mean",0.00227258808570715
"pi","Probability of travel from i to j","point","MLI","ZWE",NA,"mean",0.00333648296069466
"pi","Probability of travel from i to j","point","MOZ","ZWE",NA,"mean",0.14691379013949
"pi","Probability of travel from i to j","point","MRT","ZWE",NA,"mean",0.00356618416979303
"pi","Probability of travel from i to j","point","MWI","ZWE",NA,"mean",0.0863851491776923
"pi","Probability of travel from i to j","point","NAM","ZWE",NA,"mean",0.0643164418925375
"pi","Probability of travel from i to j","point","NER","ZWE",NA,"mean",0.00531395451094427
"pi","Probability of travel from i to j","point","NGA","ZWE",NA,"mean",0.00513446442708471
"pi","Probability of travel from i to j","point","RWA","ZWE",NA,"mean",0.00654399909134473
"pi","Probability of travel from i to j","point","SEN","ZWE",NA,"mean",0.00116659299689461
"pi","Probability of travel from i to j","point","SLE","ZWE",NA,"mean",0.00155977198967088
"pi","Probability of travel from i to j","point","SOM","ZWE",NA,"mean",0.0121946162808965
"pi","Probability of travel from i to j","point","SSD","ZWE",NA,"mean",0.00989468130836251
"pi","Probability of travel from i to j","point","SWZ","ZWE",NA,"mean",0.1238680457096
"pi","Probability of travel from i to j","point","TCD","ZWE",NA,"mean",0.00809342964080627
"pi","Probability of travel from i to j","point","TGO","ZWE",NA,"mean",0.00140990100365718
"pi","Probability of travel from i to j","point","TZA","ZWE",NA,"mean",0.0291942201424194
"pi","Probability of travel from i to j","point","UGA","ZWE",NA,"mean",0.010478204979025
"pi","Probability of travel from i to j","point","ZAF","ZWE",NA,"mean",0.102667073188061
"pi","Probability of travel from i to j","point","ZMB","ZWE",NA,"mean",0.136372564803594
"pi","Probability of travel from i to j","point","ZWE","ZWE",NA,"mean",NA
