"variable_name","variable_description","parameter_distribution","i","j","t","parameter_name","parameter_value"
"pi","Probability of travel from i to j","point","AGO","AGO",NA,"mean",NA
"pi","Probability of travel from i to j","point","BDI","AGO",NA,"mean",0.00847911094404523
"pi","Probability of travel from i to j","point","BEN","AGO",NA,"mean",0.00522422530403367
"pi","Probability of travel from i to j","point","BFA","AGO",NA,"mean",0.0052869570620656
"pi","Probability of travel from i to j","point","BWA","AGO",NA,"mean",0.0545004684488397
"pi","Probability of travel from i to j","point","CAF","AGO",NA,"mean",0.019633509249043
"pi","Probability of travel from i to j","point","CIV","AGO",NA,"mean",0.00553307372297992
"pi","Probability of travel from i to j","point","CMR","AGO",NA,"mean",0.0192382745982177
"pi","Probability of travel from i to j","point","COD","AGO",NA,"mean",0.0473570436299311
"pi","Probability of travel from i to j","point","COG","AGO",NA,"mean",0.0422900497643322
"pi","Probability of travel from i to j","point","ERI","AGO",NA,"mean",0.0094515739392645
"pi","Probability of travel from i to j","point","ETH","AGO",NA,"mean",0.0115437420098579
"pi","Probability of travel from i to j","point","GAB","AGO",NA,"mean",0.0261996337031078
"pi","Probability of travel from i to j","point","GHA","AGO",NA,"mean",0.00529378996364626
"pi","Probability of travel from i to j","point","GIN","AGO",NA,"mean",0.0030663465765893
"pi","Probability of travel from i to j","point","GMB","AGO",NA,"mean",0.00148036029673926
"pi","Probability of travel from i to j","point","GNB","AGO",NA,"mean",0.00233928389739806
"pi","Probability of travel from i to j","point","GNQ","AGO",NA,"mean",0.019267177162982
"pi","Probability of travel from i to j","point","KEN","AGO",NA,"mean",0.0122013193966337
"pi","Probability of travel from i to j","point","LBR","AGO",NA,"mean",0.00430693253932113
"pi","Probability of travel from i to j","point","MLI","AGO",NA,"mean",0.00872198224847756
"pi","Probability of travel from i to j","point","MOZ","AGO",NA,"mean",0.0181943978852963
"pi","Probability of travel from i to j","point","MRT","AGO",NA,"mean",0.0179009698331162
"pi","Probability of travel from i to j","point","MWI","AGO",NA,"mean",0.0188730622472088
"pi","Probability of travel from i to j","point","NAM","AGO",NA,"mean",0.0994513391755201
"pi","Probability of travel from i to j","point","NER","AGO",NA,"mean",0.0124850506491993
"pi","Probability of travel from i to j","point","NGA","AGO",NA,"mean",0.0120702473196822
"pi","Probability of travel from i to j","point","RWA","AGO",NA,"mean",0.00774278464457513
"pi","Probability of travel from i to j","point","SEN","AGO",NA,"mean",0.00237505767919299
"pi","Probability of travel from i to j","point","SLE","AGO",NA,"mean",0.00313600166233519
"pi","Probability of travel from i to j","point","SOM","AGO",NA,"mean",0.0125272324847605
"pi","Probability of travel from i to j","point","SSD","AGO",NA,"mean",0.0155236852079622
"pi","Probability of travel from i to j","point","SWZ","AGO",NA,"mean",0.0279829253560301
"pi","Probability of travel from i to j","point","TCD","AGO",NA,"mean",0.0165327553367774
"pi","Probability of travel from i to j","point","TGO","AGO",NA,"mean",0.00421658549551939
"pi","Probability of travel from i to j","point","TZA","AGO",NA,"mean",0.0176087732287254
"pi","Probability of travel from i to j","point","UGA","AGO",NA,"mean",0.0129146059828023
"pi","Probability of travel from i to j","point","ZAF","AGO",NA,"mean",0.0518129628192224
"pi","Probability of travel from i to j","point","ZMB","AGO",NA,"mean",0.0445436364288505
"pi","Probability of travel from i to j","point","ZWE","AGO",NA,"mean",0.036242199028904
"pi","Probability of travel from i to j","point","AGO","BDI",NA,"mean",0.0353367089294013
"pi","Probability of travel from i to j","point","BDI","BDI",NA,"mean",NA
"pi","Probability of travel from i to j","point","BEN","BDI",NA,"mean",0.00394296972743459
"pi","Probability of travel from i to j","point","BFA","BDI",NA,"mean",0.00408788914173069
"pi","Probability of travel from i to j","point","BWA","BDI",NA,"mean",0.0233777457856326
"pi","Probability of travel from i to j","point","CAF","BDI",NA,"mean",0.0408715587674941
"pi","Probability of travel from i to j","point","CIV","BDI",NA,"mean",0.00399244694664488
"pi","Probability of travel from i to j","point","CMR","BDI",NA,"mean",0.0161114404304292
"pi","Probability of travel from i to j","point","COD","BDI",NA,"mean",0.0999503701888431
"pi","Probability of travel from i to j","point","COG","BDI",NA,"mean",0.023698889680671
"pi","Probability of travel from i to j","point","ERI","BDI",NA,"mean",0.0214260440108602
"pi","Probability of travel from i to j","point","ETH","BDI",NA,"mean",0.0334075036347689
"pi","Probability of travel from i to j","point","GAB","BDI",NA,"mean",0.0147189012536173
"pi","Probability of travel from i to j","point","GHA","BDI",NA,"mean",0.00380742691131965
"pi","Probability of travel from i to j","point","GIN","BDI",NA,"mean",0.00232670034452047
"pi","Probability of travel from i to j","point","GMB","BDI",NA,"mean",0.0011316038549594
"pi","Probability of travel from i to j","point","GNB","BDI",NA,"mean",0.00178870351110203
"pi","Probability of travel from i to j","point","GNQ","BDI",NA,"mean",0.0112229311500163
"pi","Probability of travel from i to j","point","KEN","BDI",NA,"mean",0.0582082641787004
"pi","Probability of travel from i to j","point","LBR","BDI",NA,"mean",0.00311595836311626
"pi","Probability of travel from i to j","point","MLI","BDI",NA,"mean",0.00706755789591598
"pi","Probability of travel from i to j","point","MOZ","BDI",NA,"mean",0.025119116016948
"pi","Probability of travel from i to j","point","MRT","BDI",NA,"mean",0.0135450628427785
"pi","Probability of travel from i to j","point","MWI","BDI",NA,"mean",0.0308444462096606
"pi","Probability of travel from i to j","point","NAM","BDI",NA,"mean",0.02085127573002
"pi","Probability of travel from i to j","point","NER","BDI",NA,"mean",0.010732163488644
"pi","Probability of travel from i to j","point","NGA","BDI",NA,"mean",0.0100175115855272
"pi","Probability of travel from i to j","point","RWA","BDI",NA,"mean",0.595193061310574
"pi","Probability of travel from i to j","point","SEN","BDI",NA,"mean",0.00181558102867078
"pi","Probability of travel from i to j","point","SLE","BDI",NA,"mean",0.00228645681880962
"pi","Probability of travel from i to j","point","SOM","BDI",NA,"mean",0.0285978201922202
"pi","Probability of travel from i to j","point","SSD","BDI",NA,"mean",0.0523119168764098
"pi","Probability of travel from i to j","point","SWZ","BDI",NA,"mean",0.0145917400840023
"pi","Probability of travel from i to j","point","TCD","BDI",NA,"mean",0.0195999068105482
"pi","Probability of travel from i to j","point","TGO","BDI",NA,"mean",0.00302434071456289
"pi","Probability of travel from i to j","point","TZA","BDI",NA,"mean",0.0934151595820364
"pi","Probability of travel from i to j","point","UGA","BDI",NA,"mean",0.128750942413133
"pi","Probability of travel from i to j","point","ZAF","BDI",NA,"mean",0.0203247987569057
"pi","Probability of travel from i to j","point","ZMB","BDI",NA,"mean",0.0570533491187496
"pi","Probability of travel from i to j","point","ZWE","BDI",NA,"mean",0.028560608968075
"pi","Probability of travel from i to j","point","AGO","BEN",NA,"mean",0.0165969182414541
"pi","Probability of travel from i to j","point","BDI","BEN",NA,"mean",0.00300575250369063
"pi","Probability of travel from i to j","point","BEN","BEN",NA,"mean",NA
"pi","Probability of travel from i to j","point","BFA","BEN",NA,"mean",0.114555308080867
"pi","Probability of travel from i to j","point","BWA","BEN",NA,"mean",0.00741597878515021
"pi","Probability of travel from i to j","point","CAF","BEN",NA,"mean",0.0283234021438896
"pi","Probability of travel from i to j","point","CIV","BEN",NA,"mean",0.0418080105813233
"pi","Probability of travel from i to j","point","CMR","BEN",NA,"mean",0.049627027443329
"pi","Probability of travel from i to j","point","COD","BEN",NA,"mean",0.0138404855000437
"pi","Probability of travel from i to j","point","COG","BEN",NA,"mean",0.0252016515319181
"pi","Probability of travel from i to j","point","ERI","BEN",NA,"mean",0.00998267755904428
"pi","Probability of travel from i to j","point","ETH","BEN",NA,"mean",0.00863645009440306
"pi","Probability of travel from i to j","point","GAB","BEN",NA,"mean",0.0282794131589921
"pi","Probability of travel from i to j","point","GHA","BEN",NA,"mean",0.116032680891259
"pi","Probability of travel from i to j","point","GIN","BEN",NA,"mean",0.0166462598383587
"pi","Probability of travel from i to j","point","GMB","BEN",NA,"mean",0.00597862380672059
"pi","Probability of travel from i to j","point","GNB","BEN",NA,"mean",0.00971887367782879
"pi","Probability of travel from i to j","point","GNQ","BEN",NA,"mean",0.0391071529491351
"pi","Probability of travel from i to j","point","KEN","BEN",NA,"mean",0.00589588285524661
"pi","Probability of travel from i to j","point","LBR","BEN",NA,"mean",0.0207502211687279
"pi","Probability of travel from i to j","point","MLI","BEN",NA,"mean",0.0601876904857407
"pi","Probability of travel from i to j","point","MOZ","BEN",NA,"mean",0.00445616542529511
"pi","Probability of travel from i to j","point","MRT","BEN",NA,"mean",0.0333758262165815
"pi","Probability of travel from i to j","point","MWI","BEN",NA,"mean",0.00410738609734234
"pi","Probability of travel from i to j","point","NAM","BEN",NA,"mean",0.00794669960513439
"pi","Probability of travel from i to j","point","NER","BEN",NA,"mean",0.0686265374818966
"pi","Probability of travel from i to j","point","NGA","BEN",NA,"mean",0.159133958859458
"pi","Probability of travel from i to j","point","RWA","BEN",NA,"mean",0.00296857119443694
"pi","Probability of travel from i to j","point","SEN","BEN",NA,"mean",0.00962244274953627
"pi","Probability of travel from i to j","point","SLE","BEN",NA,"mean",0.015048191831057
"pi","Probability of travel from i to j","point","SOM","BEN",NA,"mean",0.00837130041376243
"pi","Probability of travel from i to j","point","SSD","BEN",NA,"mean",0.0112232828655006
"pi","Probability of travel from i to j","point","SWZ","BEN",NA,"mean",0.00478950372308664
"pi","Probability of travel from i to j","point","TCD","BEN",NA,"mean",0.0404136331388629
"pi","Probability of travel from i to j","point","TGO","BEN",NA,"mean",0.262458377894924
"pi","Probability of travel from i to j","point","TZA","BEN",NA,"mean",0.00682583248382864
"pi","Probability of travel from i to j","point","UGA","BEN",NA,"mean",0.00619751808618108
"pi","Probability of travel from i to j","point","ZAF","BEN",NA,"mean",0.0074829677129704
"pi","Probability of travel from i to j","point","ZMB","BEN",NA,"mean",0.00809877683439981
"pi","Probability of travel from i to j","point","ZWE","BEN",NA,"mean",0.00788126503412734
"pi","Probability of travel from i to j","point","AGO","BFA",NA,"mean",0.0153682046007874
"pi","Probability of travel from i to j","point","BDI","BFA",NA,"mean",0.00285128532473934
"pi","Probability of travel from i to j","point","BEN","BFA",NA,"mean",0.104815862382512
"pi","Probability of travel from i to j","point","BFA","BFA",NA,"mean",NA
"pi","Probability of travel from i to j","point","BWA","BFA",NA,"mean",0.00739652872761024
"pi","Probability of travel from i to j","point","CAF","BFA",NA,"mean",0.0246008245045417
"pi","Probability of travel from i to j","point","CIV","BFA",NA,"mean",0.114040748326693
"pi","Probability of travel from i to j","point","CMR","BFA",NA,"mean",0.0342141311511204
"pi","Probability of travel from i to j","point","COD","BFA",NA,"mean",0.0127648703347048
"pi","Probability of travel from i to j","point","COG","BFA",NA,"mean",0.0199901164568711
"pi","Probability of travel from i to j","point","ERI","BFA",NA,"mean",0.00989663796064161
"pi","Probability of travel from i to j","point","ETH","BFA",NA,"mean",0.00863977515695361
"pi","Probability of travel from i to j","point","GAB","BFA",NA,"mean",0.0205778049075739
"pi","Probability of travel from i to j","point","GHA","BFA",NA,"mean",0.123972770354665
"pi","Probability of travel from i to j","point","GIN","BFA",NA,"mean",0.0427925391013042
"pi","Probability of travel from i to j","point","GMB","BFA",NA,"mean",0.0123319782276351
"pi","Probability of travel from i to j","point","GNB","BFA",NA,"mean",0.0204061633865326
"pi","Probability of travel from i to j","point","GNQ","BFA",NA,"mean",0.0259052928381351
"pi","Probability of travel from i to j","point","KEN","BFA",NA,"mean",0.00579953924161915
"pi","Probability of travel from i to j","point","LBR","BFA",NA,"mean",0.0499885373930145
"pi","Probability of travel from i to j","point","MLI","BFA",NA,"mean",0.179188480532918
"pi","Probability of travel from i to j","point","MOZ","BFA",NA,"mean",0.0044056970177811
"pi","Probability of travel from i to j","point","MRT","BFA",NA,"mean",0.0485077520335722
"pi","Probability of travel from i to j","point","MWI","BFA",NA,"mean",0.00401412818154794
"pi","Probability of travel from i to j","point","NAM","BFA",NA,"mean",0.00773151720300885
"pi","Probability of travel from i to j","point","NER","BFA",NA,"mean",0.0701875111152667
"pi","Probability of travel from i to j","point","NGA","BFA",NA,"mean",0.0688700818416646
"pi","Probability of travel from i to j","point","RWA","BFA",NA,"mean",0.00281763842451819
"pi","Probability of travel from i to j","point","SEN","BFA",NA,"mean",0.0198870673919619
"pi","Probability of travel from i to j","point","SLE","BFA",NA,"mean",0.0361649019301254
"pi","Probability of travel from i to j","point","SOM","BFA",NA,"mean",0.00860122648214723
"pi","Probability of travel from i to j","point","SSD","BFA",NA,"mean",0.0108589279675643
"pi","Probability of travel from i to j","point","SWZ","BFA",NA,"mean",0.00481482109516707
"pi","Probability of travel from i to j","point","TCD","BFA",NA,"mean",0.0364353307630261
"pi","Probability of travel from i to j","point","TGO","BFA",NA,"mean",0.122335481600956
"pi","Probability of travel from i to j","point","TZA","BFA",NA,"mean",0.00676434353661821
"pi","Probability of travel from i to j","point","UGA","BFA",NA,"mean",0.00592237437837478
"pi","Probability of travel from i to j","point","ZAF","BFA",NA,"mean",0.00748463746686272
"pi","Probability of travel from i to j","point","ZMB","BFA",NA,"mean",0.00766802338807142
"pi","Probability of travel from i to j","point","ZWE","BFA",NA,"mean",0.00780468622328842
"pi","Probability of travel from i to j","point","AGO","BWA",NA,"mean",0.0268012972874285
"pi","Probability of travel from i to j","point","BDI","BWA",NA,"mean",0.00275855997889552
"pi","Probability of travel from i to j","point","BEN","BWA",NA,"mean",0.00114793818750038
"pi","Probability of travel from i to j","point","BFA","BWA",NA,"mean",0.00125131364045125
"pi","Probability of travel from i to j","point","BWA","BWA",NA,"mean",NA
"pi","Probability of travel from i to j","point","CAF","BWA",NA,"mean",0.00504069106485743
"pi","Probability of travel from i to j","point","CIV","BWA",NA,"mean",0.0013595910400251
"pi","Probability of travel from i to j","point","CMR","BWA",NA,"mean",0.00372483191921467
"pi","Probability of travel from i to j","point","COD","BWA",NA,"mean",0.0100193065144841
"pi","Probability of travel from i to j","point","COG","BWA",NA,"mean",0.00548431910149622
"pi","Probability of travel from i to j","point","ERI","BWA",NA,"mean",0.00346185366153657
"pi","Probability of travel from i to j","point","ETH","BWA",NA,"mean",0.00413940463785571
"pi","Probability of travel from i to j","point","GAB","BWA",NA,"mean",0.00375305979019323
"pi","Probability of travel from i to j","point","GHA","BWA",NA,"mean",0.00122750575834656
"pi","Probability of travel from i to j","point","GIN","BWA",NA,"mean",0.000811414167223921
"pi","Probability of travel from i to j","point","GMB","BWA",NA,"mean",0.000409576061562141
"pi","Probability of travel from i to j","point","GNB","BWA",NA,"mean",0.00064448501228964
"pi","Probability of travel from i to j","point","GNQ","BWA",NA,"mean",0.00316717741222263
"pi","Probability of travel from i to j","point","KEN","BWA",NA,"mean",0.00448196640655196
"pi","Probability of travel from i to j","point","LBR","BWA",NA,"mean",0.00111121092160734
"pi","Probability of travel from i to j","point","MLI","BWA",NA,"mean",0.0022416078171232
"pi","Probability of travel from i to j","point","MOZ","BWA",NA,"mean",0.0114284880618312
"pi","Probability of travel from i to j","point","MRT","BWA",NA,"mean",0.00576982871200955
"pi","Probability of travel from i to j","point","MWI","BWA",NA,"mean",0.0120508007145135
"pi","Probability of travel from i to j","point","NAM","BWA",NA,"mean",0.0883142113516396
"pi","Probability of travel from i to j","point","NER","BWA",NA,"mean",0.00299229749981357
"pi","Probability of travel from i to j","point","NGA","BWA",NA,"mean",0.00247103651814589
"pi","Probability of travel from i to j","point","RWA","BWA",NA,"mean",0.00249911517047564
"pi","Probability of travel from i to j","point","SEN","BWA",NA,"mean",0.000656801073881165
"pi","Probability of travel from i to j","point","SLE","BWA",NA,"mean",0.000830422421824049
"pi","Probability of travel from i to j","point","SOM","BWA",NA,"mean",0.00485467568565523
"pi","Probability of travel from i to j","point","SSD","BWA",NA,"mean",0.00532033188370068
"pi","Probability of travel from i to j","point","SWZ","BWA",NA,"mean",0.0419342057081191
"pi","Probability of travel from i to j","point","TCD","BWA",NA,"mean",0.00444384268064214
"pi","Probability of travel from i to j","point","TGO","BWA",NA,"mean",0.000932042909777572
"pi","Probability of travel from i to j","point","TZA","BWA",NA,"mean",0.00898301669334344
"pi","Probability of travel from i to j","point","UGA","BWA",NA,"mean",0.00419622562839585
"pi","Probability of travel from i to j","point","ZAF","BWA",NA,"mean",0.0718611476619199
"pi","Probability of travel from i to j","point","ZMB","BWA",NA,"mean",0.0247995648920099
"pi","Probability of travel from i to j","point","ZWE","BWA",NA,"mean",0.0414595934174871
"pi","Probability of travel from i to j","point","AGO","CAF",NA,"mean",0.0148116038586395
"pi","Probability of travel from i to j","point","BDI","CAF",NA,"mean",0.00739860048556587
"pi","Probability of travel from i to j","point","BEN","CAF",NA,"mean",0.00672580108972847
"pi","Probability of travel from i to j","point","BFA","CAF",NA,"mean",0.00638464080533058
"pi","Probability of travel from i to j","point","BWA","CAF",NA,"mean",0.00773283346080584
"pi","Probability of travel from i to j","point","CAF","CAF",NA,"mean",NA
"pi","Probability of travel from i to j","point","CIV","CAF",NA,"mean",0.0055778024089258
"pi","Probability of travel from i to j","point","CMR","CAF",NA,"mean",0.0315584355112035
"pi","Probability of travel from i to j","point","COD","CAF",NA,"mean",0.0295183545962458
"pi","Probability of travel from i to j","point","COG","CAF",NA,"mean",0.0317616250244818
"pi","Probability of travel from i to j","point","ERI","CAF",NA,"mean",0.0141139260612137
"pi","Probability of travel from i to j","point","ETH","CAF",NA,"mean",0.0116973923917341
"pi","Probability of travel from i to j","point","GAB","CAF",NA,"mean",0.017561230315294
"pi","Probability of travel from i to j","point","GHA","CAF",NA,"mean",0.00578349382304121
"pi","Probability of travel from i to j","point","GIN","CAF",NA,"mean",0.00304713771786519
"pi","Probability of travel from i to j","point","GMB","CAF",NA,"mean",0.00139930465135473
"pi","Probability of travel from i to j","point","GNB","CAF",NA,"mean",0.00222437956504061
"pi","Probability of travel from i to j","point","GNQ","CAF",NA,"mean",0.0203712854561796
"pi","Probability of travel from i to j","point","KEN","CAF",NA,"mean",0.010964109623682
"pi","Probability of travel from i to j","point","LBR","CAF",NA,"mean",0.00407658270070848
"pi","Probability of travel from i to j","point","MLI","CAF",NA,"mean",0.00990196502847827
"pi","Probability of travel from i to j","point","MOZ","CAF",NA,"mean",0.0059414254135158
"pi","Probability of travel from i to j","point","MRT","CAF",NA,"mean",0.0139391632889543
"pi","Probability of travel from i to j","point","MWI","CAF",NA,"mean",0.00590535869350255
"pi","Probability of travel from i to j","point","NAM","CAF",NA,"mean",0.00667445801555363
"pi","Probability of travel from i to j","point","NER","CAF",NA,"mean",0.0173997031767911
"pi","Probability of travel from i to j","point","NGA","CAF",NA,"mean",0.0216056069286278
"pi","Probability of travel from i to j","point","RWA","CAF",NA,"mean",0.00727107483066909
"pi","Probability of travel from i to j","point","SEN","CAF",NA,"mean",0.00224651694483393
"pi","Probability of travel from i to j","point","SLE","CAF",NA,"mean",0.00294980446328515
"pi","Probability of travel from i to j","point","SOM","CAF",NA,"mean",0.010206140764036
"pi","Probability of travel from i to j","point","SSD","CAF",NA,"mean",0.0264723499230159
"pi","Probability of travel from i to j","point","SWZ","CAF",NA,"mean",0.00506071034529849
"pi","Probability of travel from i to j","point","TCD","CAF",NA,"mean",0.0346530139918444
"pi","Probability of travel from i to j","point","TGO","CAF",NA,"mean",0.00494756373690936
"pi","Probability of travel from i to j","point","TZA","CAF",NA,"mean",0.0120032613580498
"pi","Probability of travel from i to j","point","UGA","CAF",NA,"mean",0.0144107138277286
"pi","Probability of travel from i to j","point","ZAF","CAF",NA,"mean",0.00718679761481206
"pi","Probability of travel from i to j","point","ZMB","CAF",NA,"mean",0.0100938392801431
"pi","Probability of travel from i to j","point","ZWE","CAF",NA,"mean",0.00866295983604664
"pi","Probability of travel from i to j","point","AGO","CIV",NA,"mean",0.0148493710257748
"pi","Probability of travel from i to j","point","BDI","CIV",NA,"mean",0.00257101715323125
"pi","Probability of travel from i to j","point","BEN","CIV",NA,"mean",0.0353179549226287
"pi","Probability of travel from i to j","point","BFA","CIV",NA,"mean",0.105289317327292
"pi","Probability of travel from i to j","point","BWA","CIV",NA,"mean",0.00741983614624574
"pi","Probability of travel from i to j","point","CAF","CIV",NA,"mean",0.0198426910518265
"pi","Probability of travel from i to j","point","CIV","CIV",NA,"mean",NA
"pi","Probability of travel from i to j","point","CMR","CIV",NA,"mean",0.029137485076891
"pi","Probability of travel from i to j","point","COD","CIV",NA,"mean",0.011575934943821
"pi","Probability of travel from i to j","point","COG","CIV",NA,"mean",0.0179918427004673
"pi","Probability of travel from i to j","point","ERI","CIV",NA,"mean",0.00850314819265726
"pi","Probability of travel from i to j","point","ETH","CIV",NA,"mean",0.00751283253576495
"pi","Probability of travel from i to j","point","GAB","CIV",NA,"mean",0.0178688769680612
"pi","Probability of travel from i to j","point","GHA","CIV",NA,"mean",0.138367976559072
"pi","Probability of travel from i to j","point","GIN","CIV",NA,"mean",0.0843759495261095
"pi","Probability of travel from i to j","point","GMB","CIV",NA,"mean",0.0188496316023693
"pi","Probability of travel from i to j","point","GNB","CIV",NA,"mean",0.0316153184899645
"pi","Probability of travel from i to j","point","GNQ","CIV",NA,"mean",0.0216924476935515
"pi","Probability of travel from i to j","point","KEN","CIV",NA,"mean",0.00538923504288277
"pi","Probability of travel from i to j","point","LBR","CIV",NA,"mean",0.196908092891321
"pi","Probability of travel from i to j","point","MLI","CIV",NA,"mean",0.0721900415816732
"pi","Probability of travel from i to j","point","MOZ","CIV",NA,"mean",0.0043995267047905
"pi","Probability of travel from i to j","point","MRT","CIV",NA,"mean",0.0516829940232959
"pi","Probability of travel from i to j","point","MWI","CIV",NA,"mean",0.00398470741027428
"pi","Probability of travel from i to j","point","NAM","CIV",NA,"mean",0.00765728670091632
"pi","Probability of travel from i to j","point","NER","CIV",NA,"mean",0.0377432880714643
"pi","Probability of travel from i to j","point","NGA","CIV",NA,"mean",0.0378192819623492
"pi","Probability of travel from i to j","point","RWA","CIV",NA,"mean",0.00254189999591014
"pi","Probability of travel from i to j","point","SEN","CIV",NA,"mean",0.0298940892907205
"pi","Probability of travel from i to j","point","SLE","CIV",NA,"mean",0.0849924664685178
"pi","Probability of travel from i to j","point","SOM","CIV",NA,"mean",0.00775572994663605
"pi","Probability of travel from i to j","point","SSD","CIV",NA,"mean",0.00974281920336374
"pi","Probability of travel from i to j","point","SWZ","CIV",NA,"mean",0.00484997280654229
"pi","Probability of travel from i to j","point","TCD","CIV",NA,"mean",0.0278235672200637
"pi","Probability of travel from i to j","point","TGO","CIV",NA,"mean",0.0427791718036955
"pi","Probability of travel from i to j","point","TZA","CIV",NA,"mean",0.00633132784232417
"pi","Probability of travel from i to j","point","UGA","CIV",NA,"mean",0.00536853925409876
"pi","Probability of travel from i to j","point","ZAF","CIV",NA,"mean",0.00751938754635265
"pi","Probability of travel from i to j","point","ZMB","CIV",NA,"mean",0.00749099590027853
"pi","Probability of travel from i to j","point","ZWE","CIV",NA,"mean",0.00780031426889445
"pi","Probability of travel from i to j","point","AGO","CMR",NA,"mean",0.0276572978317403
"pi","Probability of travel from i to j","point","BDI","CMR",NA,"mean",0.00555779105687788
"pi","Probability of travel from i to j","point","BEN","CMR",NA,"mean",0.0224572375816188
"pi","Probability of travel from i to j","point","BFA","CMR",NA,"mean",0.0169212246956803
"pi","Probability of travel from i to j","point","BWA","CMR",NA,"mean",0.0108891687083425
"pi","Probability of travel from i to j","point","CAF","CMR",NA,"mean",0.0601388245784999
"pi","Probability of travel from i to j","point","CIV","CMR",NA,"mean",0.015608245571604
"pi","Probability of travel from i to j","point","CMR","CMR",NA,"mean",NA
"pi","Probability of travel from i to j","point","COD","CMR",NA,"mean",0.0263249208997721
"pi","Probability of travel from i to j","point","COG","CMR",NA,"mean",0.0648477658063084
"pi","Probability of travel from i to j","point","ERI","CMR",NA,"mean",0.0126316589939374
"pi","Probability of travel from i to j","point","ETH","CMR",NA,"mean",0.011158233737504
"pi","Probability of travel from i to j","point","GAB","CMR",NA,"mean",0.0723206900388089
"pi","Probability of travel from i to j","point","GHA","CMR",NA,"mean",0.018005777943714
"pi","Probability of travel from i to j","point","GIN","CMR",NA,"mean",0.00703987701462707
"pi","Probability of travel from i to j","point","GMB","CMR",NA,"mean",0.00306049863464032
"pi","Probability of travel from i to j","point","GNB","CMR",NA,"mean",0.00488518626312243
"pi","Probability of travel from i to j","point","GNQ","CMR",NA,"mean",0.09941105438713
"pi","Probability of travel from i to j","point","KEN","CMR",NA,"mean",0.0100735703320511
"pi","Probability of travel from i to j","point","LBR","CMR",NA,"mean",0.0105704244149641
"pi","Probability of travel from i to j","point","MLI","CMR",NA,"mean",0.0223951052477356
"pi","Probability of travel from i to j","point","MOZ","CMR",NA,"mean",0.00677149639142198
"pi","Probability of travel from i to j","point","MRT","CMR",NA,"mean",0.0269660908424796
"pi","Probability of travel from i to j","point","MWI","CMR",NA,"mean",0.00634029115645367
"pi","Probability of travel from i to j","point","NAM","CMR",NA,"mean",0.0120164165961866
"pi","Probability of travel from i to j","point","NER","CMR",NA,"mean",0.0414696797215343
"pi","Probability of travel from i to j","point","NGA","CMR",NA,"mean",0.076936383690935
"pi","Probability of travel from i to j","point","RWA","CMR",NA,"mean",0.00548184999660655
"pi","Probability of travel from i to j","point","SEN","CMR",NA,"mean",0.00491576318658845
"pi","Probability of travel from i to j","point","SLE","CMR",NA,"mean",0.00718697997476188
"pi","Probability of travel from i to j","point","SOM","CMR",NA,"mean",0.0110229177607657
"pi","Probability of travel from i to j","point","SSD","CMR",NA,"mean",0.0200691132142561
"pi","Probability of travel from i to j","point","SWZ","CMR",NA,"mean",0.00711835717797834
"pi","Probability of travel from i to j","point","TCD","CMR",NA,"mean",0.0485365930621201
"pi","Probability of travel from i to j","point","TGO","CMR",NA,"mean",0.0171085196165125
"pi","Probability of travel from i to j","point","TZA","CMR",NA,"mean",0.0114706575752258
"pi","Probability of travel from i to j","point","UGA","CMR",NA,"mean",0.0112827423542951
"pi","Probability of travel from i to j","point","ZAF","CMR",NA,"mean",0.0109511637368295
"pi","Probability of travel from i to j","point","ZMB","CMR",NA,"mean",0.0130673235601187
"pi","Probability of travel from i to j","point","ZWE","CMR",NA,"mean",0.0119500491519175
"pi","Probability of travel from i to j","point","AGO","COD",NA,"mean",0.0892075843525036
"pi","Probability of travel from i to j","point","BDI","COD",NA,"mean",0.0451778773532674
"pi","Probability of travel from i to j","point","BEN","COD",NA,"mean",0.00820659431459931
"pi","Probability of travel from i to j","point","BFA","COD",NA,"mean",0.00827210910067842
"pi","Probability of travel from i to j","point","BWA","COD",NA,"mean",0.0383794969970836
"pi","Probability of travel from i to j","point","CAF","COD",NA,"mean",0.0737063975392062
"pi","Probability of travel from i to j","point","CIV","COD",NA,"mean",0.0081251553281317
"pi","Probability of travel from i to j","point","CMR","COD",NA,"mean",0.0344937684990694
"pi","Probability of travel from i to j","point","COD","COD",NA,"mean",NA
"pi","Probability of travel from i to j","point","COG","COD",NA,"mean",0.0667763681912828
"pi","Probability of travel from i to j","point","ERI","COD",NA,"mean",0.0239736259234877
"pi","Probability of travel from i to j","point","ETH","COD",NA,"mean",0.0310257067443835
"pi","Probability of travel from i to j","point","GAB","COD",NA,"mean",0.0382259989646653
"pi","Probability of travel from i to j","point","GHA","COD",NA,"mean",0.00782524671941471
"pi","Probability of travel from i to j","point","GIN","COD",NA,"mean",0.00462966228608676
"pi","Probability of travel from i to j","point","GMB","COD",NA,"mean",0.00223859144408211
"pi","Probability of travel from i to j","point","GNB","COD",NA,"mean",0.00354055048770035
"pi","Probability of travel from i to j","point","GNQ","COD",NA,"mean",0.0279154509051666
"pi","Probability of travel from i to j","point","KEN","COD",NA,"mean",0.0379101320209466
"pi","Probability of travel from i to j","point","LBR","COD",NA,"mean",0.00629074553100624
"pi","Probability of travel from i to j","point","MLI","COD",NA,"mean",0.0141565105797119
"pi","Probability of travel from i to j","point","MOZ","COD",NA,"mean",0.0265159933928864
"pi","Probability of travel from i to j","point","MRT","COD",NA,"mean",0.0262699753216529
"pi","Probability of travel from i to j","point","MWI","COD",NA,"mean",0.0277056679499707
"pi","Probability of travel from i to j","point","NAM","COD",NA,"mean",0.0340189260548784
"pi","Probability of travel from i to j","point","NER","COD",NA,"mean",0.0217825645096573
"pi","Probability of travel from i to j","point","NGA","COD",NA,"mean",0.020828584724875
"pi","Probability of travel from i to j","point","RWA","COD",NA,"mean",0.0376628410336683
"pi","Probability of travel from i to j","point","SEN","COD",NA,"mean",0.00359190195223528
"pi","Probability of travel from i to j","point","SLE","COD",NA,"mean",0.00456768926561025
"pi","Probability of travel from i to j","point","SOM","COD",NA,"mean",0.0299379421526969
"pi","Probability of travel from i to j","point","SSD","COD",NA,"mean",0.0573027524681839
"pi","Probability of travel from i to j","point","SWZ","COD",NA,"mean",0.0241680270268717
"pi","Probability of travel from i to j","point","TCD","COD",NA,"mean",0.0359799743313306
"pi","Probability of travel from i to j","point","TGO","COD",NA,"mean",0.00626812748369822
"pi","Probability of travel from i to j","point","TZA","COD",NA,"mean",0.0498712432618993
"pi","Probability of travel from i to j","point","UGA","COD",NA,"mean",0.0509647308749989
"pi","Probability of travel from i to j","point","ZAF","COD",NA,"mean",0.0337834835751648
"pi","Probability of travel from i to j","point","ZMB","COD",NA,"mean",0.0817308626436891
"pi","Probability of travel from i to j","point","ZWE","COD",NA,"mean",0.0461128545542001
"pi","Probability of travel from i to j","point","AGO","COG",NA,"mean",0.0433488521813559
"pi","Probability of travel from i to j","point","BDI","COG",NA,"mean",0.00582896736912776
"pi","Probability of travel from i to j","point","BEN","COG",NA,"mean",0.00813135369402664
"pi","Probability of travel from i to j","point","BFA","COG",NA,"mean",0.00704916019153758
"pi","Probability of travel from i to j","point","BWA","COG",NA,"mean",0.0114315874065796
"pi","Probability of travel from i to j","point","CAF","COG",NA,"mean",0.043155679947003
"pi","Probability of travel from i to j","point","CIV","COG",NA,"mean",0.0068718465003167
"pi","Probability of travel from i to j","point","CMR","COG",NA,"mean",0.046237122342268
"pi","Probability of travel from i to j","point","COD","COG",NA,"mean",0.0363366599636175
"pi","Probability of travel from i to j","point","COG","COG",NA,"mean",NA
"pi","Probability of travel from i to j","point","ERI","COG",NA,"mean",0.0081344797142054
"pi","Probability of travel from i to j","point","ETH","COG",NA,"mean",0.00769220122861383
"pi","Probability of travel from i to j","point","GAB","COG",NA,"mean",0.186886924794712
"pi","Probability of travel from i to j","point","GHA","COG",NA,"mean",0.00735168725960659
"pi","Probability of travel from i to j","point","GIN","COG",NA,"mean",0.00334931824587628
"pi","Probability of travel from i to j","point","GMB","COG",NA,"mean",0.0015068155638573
"pi","Probability of travel from i to j","point","GNB","COG",NA,"mean",0.00239662933007687
"pi","Probability of travel from i to j","point","GNQ","COG",NA,"mean",0.0727156238183142
"pi","Probability of travel from i to j","point","KEN","COG",NA,"mean",0.00796436750338198
"pi","Probability of travel from i to j","point","LBR","COG",NA,"mean",0.00490729354180985
"pi","Probability of travel from i to j","point","MLI","COG",NA,"mean",0.0100037174882243
"pi","Probability of travel from i to j","point","MOZ","COG",NA,"mean",0.00754868148406637
"pi","Probability of travel from i to j","point","MRT","COG",NA,"mean",0.0147534776631251
"pi","Probability of travel from i to j","point","MWI","COG",NA,"mean",0.0074823306090776
"pi","Probability of travel from i to j","point","NAM","COG",NA,"mean",0.0128968153691351
"pi","Probability of travel from i to j","point","NER","COG",NA,"mean",0.0162473877500038
"pi","Probability of travel from i to j","point","NGA","COG",NA,"mean",0.0222315914329429
"pi","Probability of travel from i to j","point","RWA","COG",NA,"mean",0.00528157394857048
"pi","Probability of travel from i to j","point","SEN","COG",NA,"mean",0.0024192735104103
"pi","Probability of travel from i to j","point","SLE","COG",NA,"mean",0.00342151451839912
"pi","Probability of travel from i to j","point","SOM","COG",NA,"mean",0.00792890323608437
"pi","Probability of travel from i to j","point","SSD","COG",NA,"mean",0.0142923634737696
"pi","Probability of travel from i to j","point","SWZ","COG",NA,"mean",0.00734986042720321
"pi","Probability of travel from i to j","point","TCD","COG",NA,"mean",0.0216766168945925
"pi","Probability of travel from i to j","point","TGO","COG",NA,"mean",0.0064773831628846
"pi","Probability of travel from i to j","point","TZA","COG",NA,"mean",0.0103332567268813
"pi","Probability of travel from i to j","point","UGA","COG",NA,"mean",0.00910396204749876
"pi","Probability of travel from i to j","point","ZAF","COG",NA,"mean",0.010575671599345
"pi","Probability of travel from i to j","point","ZMB","COG",NA,"mean",0.0183583032784105
"pi","Probability of travel from i to j","point","ZWE","COG",NA,"mean",0.0132187722889272
"pi","Probability of travel from i to j","point","AGO","ERI",NA,"mean",0.0068571814049761
"pi","Probability of travel from i to j","point","BDI","ERI",NA,"mean",0.00372999039822175
"pi","Probability of travel from i to j","point","BEN","ERI",NA,"mean",0.00227972777254917
"pi","Probability of travel from i to j","point","BFA","ERI",NA,"mean",0.0024700846414913
"pi","Probability of travel from i to j","point","BWA","ERI",NA,"mean",0.00510733831954595
"pi","Probability of travel from i to j","point","CAF","ERI",NA,"mean",0.0135732917389759
"pi","Probability of travel from i to j","point","CIV","ERI",NA,"mean",0.00229868598945901
"pi","Probability of travel from i to j","point","CMR","ERI",NA,"mean",0.00637467823412277
"pi","Probability of travel from i to j","point","COD","ERI",NA,"mean",0.00923332304722337
"pi","Probability of travel from i to j","point","COG","ERI",NA,"mean",0.00575747256027845
"pi","Probability of travel from i to j","point","ERI","ERI",NA,"mean",NA
"pi","Probability of travel from i to j","point","ETH","ERI",NA,"mean",0.133348021002386
"pi","Probability of travel from i to j","point","GAB","ERI",NA,"mean",0.00382280651706202
"pi","Probability of travel from i to j","point","GHA","ERI",NA,"mean",0.00220769913529813
"pi","Probability of travel from i to j","point","GIN","ERI",NA,"mean",0.00143624861021678
"pi","Probability of travel from i to j","point","GMB","ERI",NA,"mean",0.000703785321089988
"pi","Probability of travel from i to j","point","GNB","ERI",NA,"mean",0.00111162537004475
"pi","Probability of travel from i to j","point","GNQ","ERI",NA,"mean",0.00400512958385448
"pi","Probability of travel from i to j","point","KEN","ERI",NA,"mean",0.0243292541193358
"pi","Probability of travel from i to j","point","LBR","ERI",NA,"mean",0.00181863068646311
"pi","Probability of travel from i to j","point","MLI","ERI",NA,"mean",0.00432594980403139
"pi","Probability of travel from i to j","point","MOZ","ERI",NA,"mean",0.00474010949173986
"pi","Probability of travel from i to j","point","MRT","ERI",NA,"mean",0.00864555972317656
"pi","Probability of travel from i to j","point","MWI","ERI",NA,"mean",0.00465892875192437
"pi","Probability of travel from i to j","point","NAM","ERI",NA,"mean",0.00437326451967809
"pi","Probability of travel from i to j","point","NER","ERI",NA,"mean",0.00677626366404835
"pi","Probability of travel from i to j","point","NGA","ERI",NA,"mean",0.00574247693135656
"pi","Probability of travel from i to j","point","RWA","ERI",NA,"mean",0.00400553762962877
"pi","Probability of travel from i to j","point","SEN","ERI",NA,"mean",0.00112907992469621
"pi","Probability of travel from i to j","point","SLE","ERI",NA,"mean",0.00141413994141022
"pi","Probability of travel from i to j","point","SOM","ERI",NA,"mean",0.043860984214428
"pi","Probability of travel from i to j","point","SSD","ERI",NA,"mean",0.0256685975102523
"pi","Probability of travel from i to j","point","SWZ","ERI",NA,"mean",0.00374306642935255
"pi","Probability of travel from i to j","point","TCD","ERI",NA,"mean",0.0201841499551198
"pi","Probability of travel from i to j","point","TGO","ERI",NA,"mean",0.00172917695255427
"pi","Probability of travel from i to j","point","TZA","ERI",NA,"mean",0.0120802311054717
"pi","Probability of travel from i to j","point","UGA","ERI",NA,"mean",0.0129590913124019
"pi","Probability of travel from i to j","point","ZAF","ERI",NA,"mean",0.00482715175844492
"pi","Probability of travel from i to j","point","ZMB","ERI",NA,"mean",0.00588313243753176
"pi","Probability of travel from i to j","point","ZWE","ERI",NA,"mean",0.00589554490686594
"pi","Probability of travel from i to j","point","AGO","ETH",NA,"mean",0.0261607266332928
"pi","Probability of travel from i to j","point","BDI","ETH",NA,"mean",0.0181665071197031
"pi","Probability of travel from i to j","point","BEN","ETH",NA,"mean",0.00616074030217979
"pi","Probability of travel from i to j","point","BFA","ETH",NA,"mean",0.00673578599349844
"pi","Probability of travel from i to j","point","BWA","ETH",NA,"mean",0.0190759199594046
"pi","Probability of travel from i to j","point","CAF","ETH",NA,"mean",0.0351388943561807
"pi","Probability of travel from i to j","point","CIV","ETH",NA,"mean",0.00634403100735297
"pi","Probability of travel from i to j","point","CMR","ETH",NA,"mean",0.0175895617067818
"pi","Probability of travel from i to j","point","COD","ETH",NA,"mean",0.0373256755912612
"pi","Probability of travel from i to j","point","COG","ETH",NA,"mean",0.0170064795483295
"pi","Probability of travel from i to j","point","ERI","ETH",NA,"mean",0.416531895477796
"pi","Probability of travel from i to j","point","ETH","ETH",NA,"mean",NA
"pi","Probability of travel from i to j","point","GAB","ETH",NA,"mean",0.0110478955008935
"pi","Probability of travel from i to j","point","GHA","ETH",NA,"mean",0.00603505369151679
"pi","Probability of travel from i to j","point","GIN","ETH",NA,"mean",0.0039902296974165
"pi","Probability of travel from i to j","point","GMB","ETH",NA,"mean",0.00196830862958429
"pi","Probability of travel from i to j","point","GNB","ETH",NA,"mean",0.00310686152338697
"pi","Probability of travel from i to j","point","GNQ","ETH",NA,"mean",0.0113134082282751
"pi","Probability of travel from i to j","point","KEN","ETH",NA,"mean",0.18332657691551
"pi","Probability of travel from i to j","point","LBR","ETH",NA,"mean",0.0050543070692498
"pi","Probability of travel from i to j","point","MLI","ETH",NA,"mean",0.0119294453702275
"pi","Probability of travel from i to j","point","MOZ","ETH",NA,"mean",0.0193597492311128
"pi","Probability of travel from i to j","point","MRT","ETH",NA,"mean",0.0247518254228335
"pi","Probability of travel from i to j","point","MWI","ETH",NA,"mean",0.0197736659356755
"pi","Probability of travel from i to j","point","NAM","ETH",NA,"mean",0.0164327825427876
"pi","Probability of travel from i to j","point","NER","ETH",NA,"mean",0.0183704315711997
"pi","Probability of travel from i to j","point","NGA","ETH",NA,"mean",0.01524098356602
"pi","Probability of travel from i to j","point","RWA","ETH",NA,"mean",0.0200150000968925
"pi","Probability of travel from i to j","point","SEN","ETH",NA,"mean",0.00315751197954903
"pi","Probability of travel from i to j","point","SLE","ETH",NA,"mean",0.00393552536382184
"pi","Probability of travel from i to j","point","SOM","ETH",NA,"mean",0.328261791146358
"pi","Probability of travel from i to j","point","SSD","ETH",NA,"mean",0.0978835868358285
"pi","Probability of travel from i to j","point","SWZ","ETH",NA,"mean",0.0140881599607864
"pi","Probability of travel from i to j","point","TCD","ETH",NA,"mean",0.0524994797761571
"pi","Probability of travel from i to j","point","TGO","ETH",NA,"mean",0.00469398619806041
"pi","Probability of travel from i to j","point","TZA","ETH",NA,"mean",0.0587417917273166
"pi","Probability of travel from i to j","point","UGA","ETH",NA,"mean",0.0751520636838707
"pi","Probability of travel from i to j","point","ZAF","ETH",NA,"mean",0.0178019026592633
"pi","Probability of travel from i to j","point","ZMB","ETH",NA,"mean",0.0238895936447307
"pi","Probability of travel from i to j","point","ZWE","ETH",NA,"mean",0.0226128740395003
"pi","Probability of travel from i to j","point","AGO","GAB",NA,"mean",0.026902226170666
"pi","Probability of travel from i to j","point","BDI","GAB",NA,"mean",0.00362654115508757
"pi","Probability of travel from i to j","point","BEN","GAB",NA,"mean",0.00914024499642366
"pi","Probability of travel from i to j","point","BFA","GAB",NA,"mean",0.00726900043872875
"pi","Probability of travel from i to j","point","BWA","GAB",NA,"mean",0.00783651379411107
"pi","Probability of travel from i to j","point","CAF","GAB",NA,"mean",0.0239025250451966
"pi","Probability of travel from i to j","point","CIV","GAB",NA,"mean",0.00683673358907544
"pi","Probability of travel from i to j","point","CMR","GAB",NA,"mean",0.0516549486531717
"pi","Probability of travel from i to j","point","COD","GAB",NA,"mean",0.0208369738746555
"pi","Probability of travel from i to j","point","COG","GAB",NA,"mean",0.187211495097099
"pi","Probability of travel from i to j","point","ERI","GAB",NA,"mean",0.00541045532250851
"pi","Probability of travel from i to j","point","ETH","GAB",NA,"mean",0.00500575243485069
"pi","Probability of travel from i to j","point","GAB","GAB",NA,"mean",NA
"pi","Probability of travel from i to j","point","GHA","GAB",NA,"mean",0.0077462830696928
"pi","Probability of travel from i to j","point","GIN","GAB",NA,"mean",0.00313929164769177
"pi","Probability of travel from i to j","point","GMB","GAB",NA,"mean",0.00137033420524853
"pi","Probability of travel from i to j","point","GNB","GAB",NA,"mean",0.00218547009746821
"pi","Probability of travel from i to j","point","GNQ","GAB",NA,"mean",0.19512234500727
"pi","Probability of travel from i to j","point","KEN","GAB",NA,"mean",0.00527064030214044
"pi","Probability of travel from i to j","point","LBR","GAB",NA,"mean",0.00468739041442238
"pi","Probability of travel from i to j","point","MLI","GAB",NA,"mean",0.0095843584816759
"pi","Probability of travel from i to j","point","MOZ","GAB",NA,"mean",0.00501510061537133
"pi","Probability of travel from i to j","point","MRT","GAB",NA,"mean",0.0123754679537402
"pi","Probability of travel from i to j","point","MWI","GAB",NA,"mean",0.00490000513576759
"pi","Probability of travel from i to j","point","NAM","GAB",NA,"mean",0.00945921009020853
"pi","Probability of travel from i to j","point","NER","GAB",NA,"mean",0.0165460331086561
"pi","Probability of travel from i to j","point","NGA","GAB",NA,"mean",0.0278590785040307
"pi","Probability of travel from i to j","point","RWA","GAB",NA,"mean",0.00331647813872206
"pi","Probability of travel from i to j","point","SEN","GAB",NA,"mean",0.00220081565943007
"pi","Probability of travel from i to j","point","SLE","GAB",NA,"mean",0.00320535913202966
"pi","Probability of travel from i to j","point","SOM","GAB",NA,"mean",0.00544442114013436
"pi","Probability of travel from i to j","point","SSD","GAB",NA,"mean",0.00883437411195957
"pi","Probability of travel from i to j","point","SWZ","GAB",NA,"mean",0.00497575605237611
"pi","Probability of travel from i to j","point","TCD","GAB",NA,"mean",0.0189449875661633
"pi","Probability of travel from i to j","point","TGO","GAB",NA,"mean",0.00722457761165327
"pi","Probability of travel from i to j","point","TZA","GAB",NA,"mean",0.00682443686582992
"pi","Probability of travel from i to j","point","UGA","GAB",NA,"mean",0.00555654998683129
"pi","Probability of travel from i to j","point","ZAF","GAB",NA,"mean",0.00780468020696929
"pi","Probability of travel from i to j","point","ZMB","GAB",NA,"mean",0.0114792113396324
"pi","Probability of travel from i to j","point","ZWE","GAB",NA,"mean",0.00879909383570388
"pi","Probability of travel from i to j","point","AGO","GHA",NA,"mean",0.0186749297593277
"pi","Probability of travel from i to j","point","BDI","GHA",NA,"mean",0.00322290915836043
"pi","Probability of travel from i to j","point","BEN","GHA",NA,"mean",0.128844843140976
"pi","Probability of travel from i to j","point","BFA","GHA",NA,"mean",0.150453129797454
"pi","Probability of travel from i to j","point","BWA","GHA",NA,"mean",0.0088056258417627
"pi","Probability of travel from i to j","point","CAF","GHA",NA,"mean",0.0270444647178148
"pi","Probability of travel from i to j","point","CIV","GHA",NA,"mean",0.181880550056846
"pi","Probability of travel from i to j","point","CMR","GHA",NA,"mean",0.044183542522733
"pi","Probability of travel from i to j","point","COD","GHA",NA,"mean",0.0146545711354244
"pi","Probability of travel from i to j","point","COG","GHA",NA,"mean",0.0253011282725391
"pi","Probability of travel from i to j","point","ERI","GHA",NA,"mean",0.0107347183867283
"pi","Probability of travel from i to j","point","ETH","GHA",NA,"mean",0.00939442532191766
"pi","Probability of travel from i to j","point","GAB","GHA",NA,"mean",0.0266129264633492
"pi","Probability of travel from i to j","point","GHA","GHA",NA,"mean",NA
"pi","Probability of travel from i to j","point","GIN","GHA",NA,"mean",0.0313213138876863
"pi","Probability of travel from i to j","point","GMB","GHA",NA,"mean",0.0100125718130455
"pi","Probability of travel from i to j","point","GNB","GHA",NA,"mean",0.0163830541734446
"pi","Probability of travel from i to j","point","GNQ","GHA",NA,"mean",0.034268890446539
"pi","Probability of travel from i to j","point","KEN","GHA",NA,"mean",0.00655920078930128
"pi","Probability of travel from i to j","point","LBR","GHA",NA,"mean",0.055438196387401
"pi","Probability of travel from i to j","point","MLI","GHA",NA,"mean",0.0778288215224207
"pi","Probability of travel from i to j","point","MOZ","GHA",NA,"mean",0.0052578892220589
"pi","Probability of travel from i to j","point","MRT","GHA",NA,"mean",0.0462612725567518
"pi","Probability of travel from i to j","point","MWI","GHA",NA,"mean",0.00480605077157464
"pi","Probability of travel from i to j","point","NAM","GHA",NA,"mean",0.00926835298637709
"pi","Probability of travel from i to j","point","NER","GHA",NA,"mean",0.0537626054019792
"pi","Probability of travel from i to j","point","NGA","GHA",NA,"mean",0.0762023292787265
"pi","Probability of travel from i to j","point","RWA","GHA",NA,"mean",0.00318492659634907
"pi","Probability of travel from i to j","point","SEN","GHA",NA,"mean",0.0159272714087711
"pi","Probability of travel from i to j","point","SLE","GHA",NA,"mean",0.0317994600826223
"pi","Probability of travel from i to j","point","SOM","GHA",NA,"mean",0.00942138810333495
"pi","Probability of travel from i to j","point","SSD","GHA",NA,"mean",0.0121338615775771
"pi","Probability of travel from i to j","point","SWZ","GHA",NA,"mean",0.00571939108249556
"pi","Probability of travel from i to j","point","TCD","GHA",NA,"mean",0.038552130867432
"pi","Probability of travel from i to j","point","TGO","GHA",NA,"mean",0.263153264010695
"pi","Probability of travel from i to j","point","TZA","GHA",NA,"mean",0.00765515047215139
"pi","Probability of travel from i to j","point","UGA","GHA",NA,"mean",0.00669237043539717
"pi","Probability of travel from i to j","point","ZAF","GHA",NA,"mean",0.00890340513776026
"pi","Probability of travel from i to j","point","ZMB","GHA",NA,"mean",0.00926146466015544
"pi","Probability of travel from i to j","point","ZWE","GHA",NA,"mean",0.00931011463018253
"pi","Probability of travel from i to j","point","AGO","GIN",NA,"mean",0.00893351581340591
"pi","Probability of travel from i to j","point","BDI","GIN",NA,"mean",0.00162654410274073
"pi","Probability of travel from i to j","point","BEN","GIN",NA,"mean",0.0152655439491395
"pi","Probability of travel from i to j","point","BFA","GIN",NA,"mean",0.0428895881966348
"pi","Probability of travel from i to j","point","BWA","GIN",NA,"mean",0.00480715555777106
"pi","Probability of travel from i to j","point","CAF","GIN",NA,"mean",0.0117676324939722
"pi","Probability of travel from i to j","point","CIV","GIN",NA,"mean",0.0915963656351612
"pi","Probability of travel from i to j","point","CMR","GIN",NA,"mean",0.0142666699984394
"pi","Probability of travel from i to j","point","COD","GIN",NA,"mean",0.0071603340919418
"pi","Probability of travel from i to j","point","COG","GIN",NA,"mean",0.00951958858961428
"pi","Probability of travel from i to j","point","ERI","GIN",NA,"mean",0.00576752239468068
"pi","Probability of travel from i to j","point","ETH","GIN",NA,"mean",0.00512974618008106
"pi","Probability of travel from i to j","point","GAB","GIN",NA,"mean",0.00890717192726682
"pi","Probability of travel from i to j","point","GHA","GIN",NA,"mean",0.025867167288185
"pi","Probability of travel from i to j","point","GIN","GIN",NA,"mean",NA
"pi","Probability of travel from i to j","point","GMB","GIN",NA,"mean",0.0627707675551158
"pi","Probability of travel from i to j","point","GNB","GIN",NA,"mean",0.116671539747974
"pi","Probability of travel from i to j","point","GNQ","GIN",NA,"mean",0.010210888944584
"pi","Probability of travel from i to j","point","KEN","GIN",NA,"mean",0.00351814900742314
"pi","Probability of travel from i to j","point","LBR","GIN",NA,"mean",0.193576332546459
"pi","Probability of travel from i to j","point","MLI","GIN",NA,"mean",0.0559675490064373
"pi","Probability of travel from i to j","point","MOZ","GIN",NA,"mean",0.00282413977275077
"pi","Probability of travel from i to j","point","MRT","GIN",NA,"mean",0.0541027026799355
"pi","Probability of travel from i to j","point","MWI","GIN",NA,"mean",0.00252736694377128
"pi","Probability of travel from i to j","point","NAM","GIN",NA,"mean",0.00483455943499159
"pi","Probability of travel from i to j","point","NER","GIN",NA,"mean",0.02317180806482
"pi","Probability of travel from i to j","point","NGA","GIN",NA,"mean",0.0181648916541411
"pi","Probability of travel from i to j","point","RWA","GIN",NA,"mean",0.0016088973454455
"pi","Probability of travel from i to j","point","SEN","GIN",NA,"mean",0.0983564723929623
"pi","Probability of travel from i to j","point","SLE","GIN",NA,"mean",0.377628761719839
"pi","Probability of travel from i to j","point","SOM","GIN",NA,"mean",0.00540536945762545
"pi","Probability of travel from i to j","point","SSD","GIN",NA,"mean",0.00626370662702731
"pi","Probability of travel from i to j","point","SWZ","GIN",NA,"mean",0.00316886539113737
"pi","Probability of travel from i to j","point","TCD","GIN",NA,"mean",0.0177433138248084
"pi","Probability of travel from i to j","point","TGO","GIN",NA,"mean",0.0141404043168713
"pi","Probability of travel from i to j","point","TZA","GIN",NA,"mean",0.00416116274351513
"pi","Probability of travel from i to j","point","UGA","GIN",NA,"mean",0.00341734271586308
"pi","Probability of travel from i to j","point","ZAF","GIN",NA,"mean",0.00488646280975497
"pi","Probability of travel from i to j","point","ZMB","GIN",NA,"mean",0.00460335451193882
"pi","Probability of travel from i to j","point","ZWE","GIN",NA,"mean",0.00501570939065426
"pi","Probability of travel from i to j","point","AGO","GMB",NA,"mean",0.00446021464572844
"pi","Probability of travel from i to j","point","BDI","GMB",NA,"mean",0.000818101082804795
"pi","Probability of travel from i to j","point","BEN","GMB",NA,"mean",0.00567001230717715
"pi","Probability of travel from i to j","point","BFA","GMB",NA,"mean",0.0127821446943335
"pi","Probability of travel from i to j","point","BWA","GMB",NA,"mean",0.00250938510198468
"pi","Probability of travel from i to j","point","CAF","GMB",NA,"mean",0.00558851539381521
"pi","Probability of travel from i to j","point","CIV","GMB",NA,"mean",0.0211616533329411
"pi","Probability of travel from i to j","point","CMR","GMB",NA,"mean",0.00641411723564818
"pi","Probability of travel from i to j","point","COD","GMB",NA,"mean",0.00358051892571971
"pi","Probability of travel from i to j","point","COG","GMB",NA,"mean",0.00442903407701268
"pi","Probability of travel from i to j","point","ERI","GMB",NA,"mean",0.00292271879578237
"pi","Probability of travel from i to j","point","ETH","GMB",NA,"mean",0.00261684703215352
"pi","Probability of travel from i to j","point","GAB","GMB",NA,"mean",0.00402088663695844
"pi","Probability of travel from i to j","point","GHA","GMB",NA,"mean",0.00855148826036299
"pi","Probability of travel from i to j","point","GIN","GMB",NA,"mean",0.0649149309014602
"pi","Probability of travel from i to j","point","GMB","GMB",NA,"mean",NA
"pi","Probability of travel from i to j","point","GNB","GMB",NA,"mean",0.33814322144984
"pi","Probability of travel from i to j","point","GNQ","GMB",NA,"mean",0.00448392630499091
"pi","Probability of travel from i to j","point","KEN","GMB",NA,"mean",0.00180872985025311
"pi","Probability of travel from i to j","point","LBR","GMB",NA,"mean",0.0302487558601738
"pi","Probability of travel from i to j","point","MLI","GMB",NA,"mean",0.0221449197873772
"pi","Probability of travel from i to j","point","MOZ","GMB",NA,"mean",0.00146581939991804
"pi","Probability of travel from i to j","point","MRT","GMB",NA,"mean",0.0380518120510298
"pi","Probability of travel from i to j","point","MWI","GMB",NA,"mean",0.00130217481819372
"pi","Probability of travel from i to j","point","NAM","GMB",NA,"mean",0.00248397435869272
"pi","Probability of travel from i to j","point","NER","GMB",NA,"mean",0.00996580221193758
"pi","Probability of travel from i to j","point","NGA","GMB",NA,"mean",0.00744211354609403
"pi","Probability of travel from i to j","point","RWA","GMB",NA,"mean",0.000809496598318732
"pi","Probability of travel from i to j","point","SEN","GMB",NA,"mean",0.509592565739187
"pi","Probability of travel from i to j","point","SLE","GMB",NA,"mean",0.0439768285953756
"pi","Probability of travel from i to j","point","SOM","GMB",NA,"mean",0.00281555623425287
"pi","Probability of travel from i to j","point","SSD","GMB",NA,"mean",0.00316269819854893
"pi","Probability of travel from i to j","point","SWZ","GMB",NA,"mean",0.00166293017035661
"pi","Probability of travel from i to j","point","TCD","GMB",NA,"mean",0.00847282692247411
"pi","Probability of travel from i to j","point","TGO","GMB",NA,"mean",0.00510189336171226
"pi","Probability of travel from i to j","point","TZA","GMB",NA,"mean",0.00215031260601944
"pi","Probability of travel from i to j","point","UGA","GMB",NA,"mean",0.00172570650323797
"pi","Probability of travel from i to j","point","ZAF","GMB",NA,"mean",0.00255560955090213
"pi","Probability of travel from i to j","point","ZMB","GMB",NA,"mean",0.00232711969974628
"pi","Probability of travel from i to j","point","ZWE","GMB",NA,"mean",0.00260605285305172
"pi","Probability of travel from i to j","point","AGO","GNB",NA,"mean",0.00423843843679752
"pi","Probability of travel from i to j","point","BDI","GNB",NA,"mean",0.000777652416974967
"pi","Probability of travel from i to j","point","BEN","GNB",NA,"mean",0.00554285259494968
"pi","Probability of travel from i to j","point","BFA","GNB",NA,"mean",0.0127194097231645
"pi","Probability of travel from i to j","point","BWA","GNB",NA,"mean",0.00237454382460834
"pi","Probability of travel from i to j","point","CAF","GNB",NA,"mean",0.0053422928095768
"pi","Probability of travel from i to j","point","CIV","GNB",NA,"mean",0.0213441521199597
"pi","Probability of travel from i to j","point","CMR","GNB",NA,"mean",0.00615687658441528
"pi","Probability of travel from i to j","point","COD","GNB",NA,"mean",0.00340546595778134
"pi","Probability of travel from i to j","point","COG","GNB",NA,"mean",0.00423627760417145
"pi","Probability of travel from i to j","point","ERI","GNB",NA,"mean",0.00277613061403462
"pi","Probability of travel from i to j","point","ETH","GNB",NA,"mean",0.00248394316332192
"pi","Probability of travel from i to j","point","GAB","GNB",NA,"mean",0.0038563355562919
"pi","Probability of travel from i to j","point","GHA","GNB",NA,"mean",0.00841444632888321
"pi","Probability of travel from i to j","point","GIN","GNB",NA,"mean",0.0725582344951093
"pi","Probability of travel from i to j","point","GMB","GNB",NA,"mean",0.203345845209752
"pi","Probability of travel from i to j","point","GNB","GNB",NA,"mean",NA
"pi","Probability of travel from i to j","point","GNQ","GNB",NA,"mean",0.00431094334179148
"pi","Probability of travel from i to j","point","KEN","GNB",NA,"mean",0.00171552406773133
"pi","Probability of travel from i to j","point","LBR","GNB",NA,"mean",0.0311922256840952
"pi","Probability of travel from i to j","point","MLI","GNB",NA,"mean",0.020318920208256
"pi","Probability of travel from i to j","point","MOZ","GNB",NA,"mean",0.00138781533631373
"pi","Probability of travel from i to j","point","MRT","GNB",NA,"mean",0.0326290065197745
"pi","Probability of travel from i to j","point","MWI","GNB",NA,"mean",0.00123374605776032
"pi","Probability of travel from i to j","point","NAM","GNB",NA,"mean",0.00235406819785687
"pi","Probability of travel from i to j","point","NER","GNB",NA,"mean",0.00961639609107454
"pi","Probability of travel from i to j","point","NGA","GNB",NA,"mean",0.00721298178559114
"pi","Probability of travel from i to j","point","RWA","GNB",NA,"mean",0.000769447609928414
"pi","Probability of travel from i to j","point","SEN","GNB",NA,"mean",0.132037816997938
"pi","Probability of travel from i to j","point","SLE","GNB",NA,"mean",0.0688781719533953
"pi","Probability of travel from i to j","point","SOM","GNB",NA,"mean",0.0026669330445137
"pi","Probability of travel from i to j","point","SSD","GNB",NA,"mean",0.00300516226036349
"pi","Probability of travel from i to j","point","SWZ","GNB",NA,"mean",0.00157277468322426
"pi","Probability of travel from i to j","point","TCD","GNB",NA,"mean",0.0080952068211741
"pi","Probability of travel from i to j","point","TGO","GNB",NA,"mean",0.00499975469044613
"pi","Probability of travel from i to j","point","TZA","GNB",NA,"mean",0.00203844770626035
"pi","Probability of travel from i to j","point","UGA","GNB",NA,"mean",0.0016397283441644
"pi","Probability of travel from i to j","point","ZAF","GNB",NA,"mean",0.00241784522386981
"pi","Probability of travel from i to j","point","ZMB","GNB",NA,"mean",0.00220881426988782
"pi","Probability of travel from i to j","point","ZWE","GNB",NA,"mean",0.00246712239265586
"pi","Probability of travel from i to j","point","AGO","GNQ",NA,"mean",0.0186767235938127
"pi","Probability of travel from i to j","point","BDI","GNQ",NA,"mean",0.00261043640779967
"pi","Probability of travel from i to j","point","BEN","GNQ",NA,"mean",0.0119325494941429
"pi","Probability of travel from i to j","point","BFA","GNQ",NA,"mean",0.00863880669644614
"pi","Probability of travel from i to j","point","BWA","GNQ",NA,"mean",0.00624308734821659
"pi","Probability of travel from i to j","point","CAF","GNQ",NA,"mean",0.0261756140390735
"pi","Probability of travel from i to j","point","CIV","GNQ",NA,"mean",0.00783519045873165
"pi","Probability of travel from i to j","point","CMR","GNQ",NA,"mean",0.067030684403708
"pi","Probability of travel from i to j","point","COD","GNQ",NA,"mean",0.0143651462343216
"pi","Probability of travel from i to j","point","COG","GNQ",NA,"mean",0.068765551235821
"pi","Probability of travel from i to j","point","ERI","GNQ",NA,"mean",0.00535127993300796
"pi","Probability of travel from i to j","point","ETH","GNQ",NA,"mean",0.00483919216725637
"pi","Probability of travel from i to j","point","GAB","GNQ",NA,"mean",0.184202961157337
"pi","Probability of travel from i to j","point","GHA","GNQ",NA,"mean",0.00941651869771955
"pi","Probability of travel from i to j","point","GIN","GNQ",NA,"mean",0.00339738670400528
"pi","Probability of travel from i to j","point","GMB","GNQ",NA,"mean",0.00144262261579938
"pi","Probability of travel from i to j","point","GNB","GNQ",NA,"mean",0.00230638586444987
"pi","Probability of travel from i to j","point","GNQ","GNQ",NA,"mean",NA
"pi","Probability of travel from i to j","point","KEN","GNQ",NA,"mean",0.00437572277736677
"pi","Probability of travel from i to j","point","LBR","GNQ",NA,"mean",0.00516368160650646
"pi","Probability of travel from i to j","point","MLI","GNQ",NA,"mean",0.0105886157894246
"pi","Probability of travel from i to j","point","MOZ","GNQ",NA,"mean",0.00387764623338107
"pi","Probability of travel from i to j","point","MRT","GNQ",NA,"mean",0.0121516027985568
"pi","Probability of travel from i to j","point","MWI","GNQ",NA,"mean",0.00372791172142296
"pi","Probability of travel from i to j","point","NAM","GNQ",NA,"mean",0.00731536104144339
"pi","Probability of travel from i to j","point","NER","GNQ",NA,"mean",0.0194131953765053
"pi","Probability of travel from i to j","point","NGA","GNQ",NA,"mean",0.0415615865454438
"pi","Probability of travel from i to j","point","RWA","GNQ",NA,"mean",0.00241060825837196
"pi","Probability of travel from i to j","point","SEN","GNQ",NA,"mean",0.00231754903821122
"pi","Probability of travel from i to j","point","SLE","GNQ",NA,"mean",0.00346727599411699
"pi","Probability of travel from i to j","point","SOM","GNQ",NA,"mean",0.00476868807979322
"pi","Probability of travel from i to j","point","SSD","GNQ",NA,"mean",0.00874610362801508
"pi","Probability of travel from i to j","point","SWZ","GNQ",NA,"mean",0.0039310927277852
"pi","Probability of travel from i to j","point","TCD","GNQ",NA,"mean",0.0199450370193842
"pi","Probability of travel from i to j","point","TGO","GNQ",NA,"mean",0.00934822765768514
"pi","Probability of travel from i to j","point","TZA","GNQ",NA,"mean",0.00524135575708381
"pi","Probability of travel from i to j","point","UGA","GNQ",NA,"mean",0.00491858694655202
"pi","Probability of travel from i to j","point","ZAF","GNQ",NA,"mean",0.00623744568091635
"pi","Probability of travel from i to j","point","ZMB","GNQ",NA,"mean",0.00830659064345622
"pi","Probability of travel from i to j","point","ZWE","GNQ",NA,"mean",0.00681832093555067
"pi","Probability of travel from i to j","point","AGO","KEN",NA,"mean",0.0286604424719335
"pi","Probability of travel from i to j","point","BDI","KEN",NA,"mean",0.0328083932630478
"pi","Probability of travel from i to j","point","BEN","KEN",NA,"mean",0.00435932637214839
"pi","Probability of travel from i to j","point","BFA","KEN",NA,"mean",0.00468653900529082
"pi","Probability of travel from i to j","point","BWA","KEN",NA,"mean",0.0214086415736882
"pi","Probability of travel from i to j","point","CAF","KEN",NA,"mean",0.0341385685824787
"pi","Probability of travel from i to j","point","CIV","KEN",NA,"mean",0.00471695375315844
"pi","Probability of travel from i to j","point","CMR","KEN",NA,"mean",0.0164594716745399
"pi","Probability of travel from i to j","point","COD","KEN",NA,"mean",0.0472731122604768
"pi","Probability of travel from i to j","point","COG","KEN",NA,"mean",0.0182510552775359
"pi","Probability of travel from i to j","point","ERI","KEN",NA,"mean",0.0787704609809796
"pi","Probability of travel from i to j","point","ETH","KEN",NA,"mean",0.190019571275966
"pi","Probability of travel from i to j","point","GAB","KEN",NA,"mean",0.0120572002405981
"pi","Probability of travel from i to j","point","GHA","KEN",NA,"mean",0.00436751846668338
"pi","Probability of travel from i to j","point","GIN","KEN",NA,"mean",0.00283654157874871
"pi","Probability of travel from i to j","point","GMB","KEN",NA,"mean",0.00141013752727116
"pi","Probability of travel from i to j","point","GNB","KEN",NA,"mean",0.00222407773408521
"pi","Probability of travel from i to j","point","GNQ","KEN",NA,"mean",0.0106033548069755
"pi","Probability of travel from i to j","point","KEN","KEN",NA,"mean",NA
"pi","Probability of travel from i to j","point","LBR","KEN",NA,"mean",0.00377288490116599
"pi","Probability of travel from i to j","point","MLI","KEN",NA,"mean",0.00840743343751124
"pi","Probability of travel from i to j","point","MOZ","KEN",NA,"mean",0.0260124680747044
"pi","Probability of travel from i to j","point","MRT","KEN",NA,"mean",0.0182345311206878
"pi","Probability of travel from i to j","point","MWI","KEN",NA,"mean",0.0290552544411037
"pi","Probability of travel from i to j","point","NAM","KEN",NA,"mean",0.0186616186699893
"pi","Probability of travel from i to j","point","NER","KEN",NA,"mean",0.0121729999571675
"pi","Probability of travel from i to j","point","NGA","KEN",NA,"mean",0.0104577851395493
"pi","Probability of travel from i to j","point","RWA","KEN",NA,"mean",0.0386391171163934
"pi","Probability of travel from i to j","point","SEN","KEN",NA,"mean",0.00226190770252609
"pi","Probability of travel from i to j","point","SLE","KEN",NA,"mean",0.00280323834090941
"pi","Probability of travel from i to j","point","SOM","KEN",NA,"mean",0.135054266387168
"pi","Probability of travel from i to j","point","SSD","KEN",NA,"mean",0.0807680107059228
"pi","Probability of travel from i to j","point","SWZ","KEN",NA,"mean",0.0159584875838396
"pi","Probability of travel from i to j","point","TCD","KEN",NA,"mean",0.0289020365772451
"pi","Probability of travel from i to j","point","TGO","KEN",NA,"mean",0.00338482397546398
"pi","Probability of travel from i to j","point","TZA","KEN",NA,"mean",0.126151562883689
"pi","Probability of travel from i to j","point","UGA","KEN",NA,"mean",0.170003255342878
"pi","Probability of travel from i to j","point","ZAF","KEN",NA,"mean",0.0194942487011558
"pi","Probability of travel from i to j","point","ZMB","KEN",NA,"mean",0.0297744126484743
"pi","Probability of travel from i to j","point","ZWE","KEN",NA,"mean",0.0265897227478517
"pi","Probability of travel from i to j","point","AGO","LBR",NA,"mean",0.00735604983150583
"pi","Probability of travel from i to j","point","BDI","LBR",NA,"mean",0.00127700458806
"pi","Probability of travel from i to j","point","BEN","LBR",NA,"mean",0.0111556214088456
"pi","Probability of travel from i to j","point","BFA","LBR",NA,"mean",0.0293717398380988
"pi","Probability of travel from i to j","point","BWA","LBR",NA,"mean",0.00385937974819758
"pi","Probability of travel from i to j","point","CAF","LBR",NA,"mean",0.00922929852437172
"pi","Probability of travel from i to j","point","CIV","LBR",NA,"mean",0.125313701222981
"pi","Probability of travel from i to j","point","CMR","LBR",NA,"mean",0.0125581420495819
"pi","Probability of travel from i to j","point","COD","LBR",NA,"mean",0.00570376356249468
"pi","Probability of travel from i to j","point","COG","LBR",NA,"mean",0.0081767218438529
"pi","Probability of travel from i to j","point","ERI","LBR",NA,"mean",0.00428133888627419
"pi","Probability of travel from i to j","point","ETH","LBR",NA,"mean",0.00380921096905073
"pi","Probability of travel from i to j","point","GAB","LBR",NA,"mean",0.0077967699600993
"pi","Probability of travel from i to j","point","GHA","LBR",NA,"mean",0.0268406738649778
"pi","Probability of travel from i to j","point","GIN","LBR",NA,"mean",0.113482182636301
"pi","Probability of travel from i to j","point","GMB","LBR",NA,"mean",0.0171473013112036
"pi","Probability of travel from i to j","point","GNB","LBR",NA,"mean",0.0294035663857136
"pi","Probability of travel from i to j","point","GNQ","LBR",NA,"mean",0.00909815744864054
"pi","Probability of travel from i to j","point","KEN","LBR",NA,"mean",0.00274330474483029
"pi","Probability of travel from i to j","point","LBR","LBR",NA,"mean",NA
"pi","Probability of travel from i to j","point","MLI","LBR",NA,"mean",0.0306949503134772
"pi","Probability of travel from i to j","point","MOZ","LBR",NA,"mean",0.00227459076596489
"pi","Probability of travel from i to j","point","MRT","LBR",NA,"mean",0.0333065601082659
"pi","Probability of travel from i to j","point","MWI","LBR",NA,"mean",0.00204399170474107
"pi","Probability of travel from i to j","point","NAM","LBR",NA,"mean",0.00391607430402751
"pi","Probability of travel from i to j","point","NER","LBR",NA,"mean",0.0166929494251163
"pi","Probability of travel from i to j","point","NGA","LBR",NA,"mean",0.0144472467795548
"pi","Probability of travel from i to j","point","RWA","LBR",NA,"mean",0.00126302368003122
"pi","Probability of travel from i to j","point","SEN","LBR",NA,"mean",0.0271219669478302
"pi","Probability of travel from i to j","point","SLE","LBR",NA,"mean",0.127021522573568
"pi","Probability of travel from i to j","point","SOM","LBR",NA,"mean",0.00401817032250004
"pi","Probability of travel from i to j","point","SSD","LBR",NA,"mean",0.0048651499361468
"pi","Probability of travel from i to j","point","SWZ","LBR",NA,"mean",0.0025366456668929
"pi","Probability of travel from i to j","point","TCD","LBR",NA,"mean",0.0131301531704772
"pi","Probability of travel from i to j","point","TGO","LBR",NA,"mean",0.0119247852368384
"pi","Probability of travel from i to j","point","TZA","LBR",NA,"mean",0.00324092602227916
"pi","Probability of travel from i to j","point","UGA","LBR",NA,"mean",0.00267873863388561
"pi","Probability of travel from i to j","point","ZAF","LBR",NA,"mean",0.0039189262792003
"pi","Probability of travel from i to j","point","ZMB","LBR",NA,"mean",0.00376337864061344
"pi","Probability of travel from i to j","point","ZWE","LBR",NA,"mean",0.00403732707784194
"pi","Probability of travel from i to j","point","AGO","MLI",NA,"mean",0.0115240886740376
"pi","Probability of travel from i to j","point","BDI","MLI",NA,"mean",0.00224070656369224
"pi","Probability of travel from i to j","point","BEN","MLI",NA,"mean",0.0250318827374615
"pi","Probability of travel from i to j","point","BFA","MLI",NA,"mean",0.0814486948101582
"pi","Probability of travel from i to j","point","BWA","MLI",NA,"mean",0.00602275843448151
"pi","Probability of travel from i to j","point","CAF","MLI",NA,"mean",0.0173423770522382
"pi","Probability of travel from i to j","point","CIV","MLI",NA,"mean",0.0355407904916859
"pi","Probability of travel from i to j","point","CMR","MLI",NA,"mean",0.0205826303082875
"pi","Probability of travel from i to j","point","COD","MLI",NA,"mean",0.00992956937047449
"pi","Probability of travel from i to j","point","COG","MLI",NA,"mean",0.0128947642099602
"pi","Probability of travel from i to j","point","ERI","MLI",NA,"mean",0.00787827916986345
"pi","Probability of travel from i to j","point","ETH","MLI",NA,"mean",0.00695518129953211
"pi","Probability of travel from i to j","point","GAB","MLI",NA,"mean",0.0123327929978264
"pi","Probability of travel from i to j","point","GHA","MLI",NA,"mean",0.0291500682966885
"pi","Probability of travel from i to j","point","GIN","MLI",NA,"mean",0.0253820391984834
"pi","Probability of travel from i to j","point","GMB","MLI",NA,"mean",0.00971129560280785
"pi","Probability of travel from i to j","point","GNB","MLI",NA,"mean",0.0148172998554893
"pi","Probability of travel from i to j","point","GNQ","MLI",NA,"mean",0.0144327132234425
"pi","Probability of travel from i to j","point","KEN","MLI",NA,"mean",0.00472910259147139
"pi","Probability of travel from i to j","point","LBR","MLI",NA,"mean",0.0237455227246485
"pi","Probability of travel from i to j","point","MLI","MLI",NA,"mean",NA
"pi","Probability of travel from i to j","point","MOZ","MLI",NA,"mean",0.00355134002220398
"pi","Probability of travel from i to j","point","MRT","MLI",NA,"mean",0.0517310804724773
"pi","Probability of travel from i to j","point","MWI","MLI",NA,"mean",0.00319331356260309
"pi","Probability of travel from i to j","point","NAM","MLI",NA,"mean",0.00611952489392172
"pi","Probability of travel from i to j","point","NER","MLI",NA,"mean",0.0388416576377788
"pi","Probability of travel from i to j","point","NGA","MLI",NA,"mean",0.0325024534493885
"pi","Probability of travel from i to j","point","RWA","MLI",NA,"mean",0.00221555432106367
"pi","Probability of travel from i to j","point","SEN","MLI",NA,"mean",0.0162608085702445
"pi","Probability of travel from i to j","point","SLE","MLI",NA,"mean",0.0201844992524957
"pi","Probability of travel from i to j","point","SOM","MLI",NA,"mean",0.0071624963036892
"pi","Probability of travel from i to j","point","SSD","MLI",NA,"mean",0.00859099769209963
"pi","Probability of travel from i to j","point","SWZ","MLI",NA,"mean",0.00395680341780357
"pi","Probability of travel from i to j","point","TCD","MLI",NA,"mean",0.0259752012792372
"pi","Probability of travel from i to j","point","TGO","MLI",NA,"mean",0.0238323621985695
"pi","Probability of travel from i to j","point","TZA","MLI",NA,"mean",0.00556193666194814
"pi","Probability of travel from i to j","point","UGA","MLI",NA,"mean",0.00468642816198763
"pi","Probability of travel from i to j","point","ZAF","MLI",NA,"mean",0.0061147068808658
"pi","Probability of travel from i to j","point","ZMB","MLI",NA,"mean",0.00588923989277843
"pi","Probability of travel from i to j","point","ZWE","MLI",NA,"mean",0.00630295237660305
"pi","Probability of travel from i to j","point","AGO","MOZ",NA,"mean",0.0358345708016667
"pi","Probability of travel from i to j","point","BDI","MOZ",NA,"mean",0.0118711581202777
"pi","Probability of travel from i to j","point","BEN","MOZ",NA,"mean",0.00276261437823586
"pi","Probability of travel from i to j","point","BFA","MOZ",NA,"mean",0.00298512001268536
"pi","Probability of travel from i to j","point","BWA","MOZ",NA,"mean",0.0457717710985297
"pi","Probability of travel from i to j","point","CAF","MOZ",NA,"mean",0.0155114005237755
"pi","Probability of travel from i to j","point","CIV","MOZ",NA,"mean",0.00322870878719351
"pi","Probability of travel from i to j","point","CMR","MOZ",NA,"mean",0.00927695699949699
"pi","Probability of travel from i to j","point","COD","MOZ",NA,"mean",0.027723957531865
"pi","Probability of travel from i to j","point","COG","MOZ",NA,"mean",0.0145042812943962
"pi","Probability of travel from i to j","point","ERI","MOZ",NA,"mean",0.0128680100158228
"pi","Probability of travel from i to j","point","ETH","MOZ",NA,"mean",0.0168252318079851
"pi","Probability of travel from i to j","point","GAB","MOZ",NA,"mean",0.00961947055803941
"pi","Probability of travel from i to j","point","GHA","MOZ",NA,"mean",0.00293551078509449
"pi","Probability of travel from i to j","point","GIN","MOZ",NA,"mean",0.00190919169153561
"pi","Probability of travel from i to j","point","GMB","MOZ",NA,"mean",0.000958201075358308
"pi","Probability of travel from i to j","point","GNB","MOZ",NA,"mean",0.00150859704839664
"pi","Probability of travel from i to j","point","GNQ","MOZ",NA,"mean",0.00787861907989098
"pi","Probability of travel from i to j","point","KEN","MOZ",NA,"mean",0.0218107190989208
"pi","Probability of travel from i to j","point","LBR","MOZ",NA,"mean",0.00262295716224804
"pi","Probability of travel from i to j","point","MLI","MOZ",NA,"mean",0.00529377382315674
"pi","Probability of travel from i to j","point","MOZ","MOZ",NA,"mean",NA
"pi","Probability of travel from i to j","point","MRT","MOZ",NA,"mean",0.0132233278040029
"pi","Probability of travel from i to j","point","MWI","MOZ",NA,"mean",0.421053543845909
"pi","Probability of travel from i to j","point","NAM","MOZ",NA,"mean",0.0403099737824988
"pi","Probability of travel from i to j","point","NER","MOZ",NA,"mean",0.00712759288698692
"pi","Probability of travel from i to j","point","NGA","MOZ",NA,"mean",0.0059948312568967
"pi","Probability of travel from i to j","point","RWA","MOZ",NA,"mean",0.0100878578984658
"pi","Probability of travel from i to j","point","SEN","MOZ",NA,"mean",0.00153667801824368
"pi","Probability of travel from i to j","point","SLE","MOZ",NA,"mean",0.00195374426938869
"pi","Probability of travel from i to j","point","SOM","MOZ",NA,"mean",0.0185475486200881
"pi","Probability of travel from i to j","point","SSD","MOZ",NA,"mean",0.0174324395956008
"pi","Probability of travel from i to j","point","SWZ","MOZ",NA,"mean",0.078759577736513
"pi","Probability of travel from i to j","point","TCD","MOZ",NA,"mean",0.0123219885821636
"pi","Probability of travel from i to j","point","TGO","MOZ",NA,"mean",0.00224149967378078
"pi","Probability of travel from i to j","point","TZA","MOZ",NA,"mean",0.0667489495451498
"pi","Probability of travel from i to j","point","UGA","MOZ",NA,"mean",0.0163090374360831
"pi","Probability of travel from i to j","point","ZAF","MOZ",NA,"mean",0.0686936795987305
"pi","Probability of travel from i to j","point","ZMB","MOZ",NA,"mean",0.0864459529492231
"pi","Probability of travel from i to j","point","ZWE","MOZ",NA,"mean",0.125855850591715
"pi","Probability of travel from i to j","point","AGO","MRT",NA,"mean",0.00253544090529912
"pi","Probability of travel from i to j","point","BDI","MRT",NA,"mean",0.000460343669114342
"pi","Probability of travel from i to j","point","BEN","MRT",NA,"mean",0.00148800161043412
"pi","Probability of travel from i to j","point","BFA","MRT",NA,"mean",0.00236358230729162
"pi","Probability of travel from i to j","point","BWA","MRT",NA,"mean",0.0016618211105792
"pi","Probability of travel from i to j","point","CAF","MRT",NA,"mean",0.00261703469814597
"pi","Probability of travel from i to j","point","CIV","MRT",NA,"mean",0.00272761452710917
"pi","Probability of travel from i to j","point","CMR","MRT",NA,"mean",0.00265675372463424
"pi","Probability of travel from i to j","point","COD","MRT",NA,"mean",0.00197523785551264
"pi","Probability of travel from i to j","point","COG","MRT",NA,"mean",0.00203859957466697
"pi","Probability of travel from i to j","point","ERI","MRT",NA,"mean",0.0016878293887769
"pi","Probability of travel from i to j","point","ETH","MRT",NA,"mean",0.00154696673416377
"pi","Probability of travel from i to j","point","GAB","MRT",NA,"mean",0.0017070473269663
"pi","Probability of travel from i to j","point","GHA","MRT",NA,"mean",0.00185738629377982
"pi","Probability of travel from i to j","point","GIN","MRT",NA,"mean",0.0026302360263055
"pi","Probability of travel from i to j","point","GMB","MRT",NA,"mean",0.00178880888913882
"pi","Probability of travel from i to j","point","GNB","MRT",NA,"mean",0.00255069091096512
"pi","Probability of travel from i to j","point","GNQ","MRT",NA,"mean",0.00177552951684765
"pi","Probability of travel from i to j","point","KEN","MRT",NA,"mean",0.00109950051571347
"pi","Probability of travel from i to j","point","LBR","MRT",NA,"mean",0.00276204099345593
"pi","Probability of travel from i to j","point","MLI","MRT",NA,"mean",0.00554545376071329
"pi","Probability of travel from i to j","point","MOZ","MRT",NA,"mean",0.000950940133677445
"pi","Probability of travel from i to j","point","MRT","MRT",NA,"mean",NA
"pi","Probability of travel from i to j","point","MWI","MRT",NA,"mean",0.000823077789621269
"pi","Probability of travel from i to j","point","NAM","MRT",NA,"mean",0.00155485221346006
"pi","Probability of travel from i to j","point","NER","MRT",NA,"mean",0.003573859861886
"pi","Probability of travel from i to j","point","NGA","MRT",NA,"mean",0.00238457913389266
"pi","Probability of travel from i to j","point","RWA","MRT",NA,"mean",0.000456025670368241
"pi","Probability of travel from i to j","point","SEN","MRT",NA,"mean",0.00300256066320019
"pi","Probability of travel from i to j","point","SLE","MRT",NA,"mean",0.00248226144977215
"pi","Probability of travel from i to j","point","SOM","MRT",NA,"mean",0.00179612185727225
"pi","Probability of travel from i to j","point","SSD","MRT",NA,"mean",0.00180358364475709
"pi","Probability of travel from i to j","point","SWZ","MRT",NA,"mean",0.00112268415257068
"pi","Probability of travel from i to j","point","TCD","MRT",NA,"mean",0.00403383113037754
"pi","Probability of travel from i to j","point","TGO","MRT",NA,"mean",0.00126972858732161
"pi","Probability of travel from i to j","point","TZA","MRT",NA,"mean",0.00133184323220795
"pi","Probability of travel from i to j","point","UGA","MRT",NA,"mean",0.00098452250890096
"pi","Probability of travel from i to j","point","ZAF","MRT",NA,"mean",0.00170410114518335
"pi","Probability of travel from i to j","point","ZMB","MRT",NA,"mean",0.00137825271941224
"pi","Probability of travel from i to j","point","ZWE","MRT",NA,"mean",0.00169702946282277
"pi","Probability of travel from i to j","point","AGO","MWI",NA,"mean",0.0397733285831725
"pi","Probability of travel from i to j","point","BDI","MWI",NA,"mean",0.0155973479842374
"pi","Probability of travel from i to j","point","BEN","MWI",NA,"mean",0.00272464257365869
"pi","Probability of travel from i to j","point","BFA","MWI",NA,"mean",0.00291020412438866
"pi","Probability of travel from i to j","point","BWA","MWI",NA,"mean",0.051642812886815
"pi","Probability of travel from i to j","point","CAF","MWI",NA,"mean",0.016496495424797
"pi","Probability of travel from i to j","point","CIV","MWI",NA,"mean",0.00312899163009335
"pi","Probability of travel from i to j","point","CMR","MWI",NA,"mean",0.00929426691563589
"pi","Probability of travel from i to j","point","COD","MWI",NA,"mean",0.0309956675542699
"pi","Probability of travel from i to j","point","COG","MWI",NA,"mean",0.0153832129945616
"pi","Probability of travel from i to j","point","ERI","MWI",NA,"mean",0.013533001567095
"pi","Probability of travel from i to j","point","ETH","MWI",NA,"mean",0.0183879607499158
"pi","Probability of travel from i to j","point","GAB","MWI",NA,"mean",0.0100566445644075
"pi","Probability of travel from i to j","point","GHA","MWI",NA,"mean",0.00287108235068516
"pi","Probability of travel from i to j","point","GIN","MWI",NA,"mean",0.00182817049708226
"pi","Probability of travel from i to j","point","GMB","MWI",NA,"mean",0.000910815741297669
"pi","Probability of travel from i to j","point","GNB","MWI",NA,"mean",0.00143500163429632
"pi","Probability of travel from i to j","point","GNQ","MWI",NA,"mean",0.00810461864950799
"pi","Probability of travel from i to j","point","KEN","MWI",NA,"mean",0.0260674262637508
"pi","Probability of travel from i to j","point","LBR","MWI",NA,"mean",0.00252204076204933
"pi","Probability of travel from i to j","point","MLI","MWI",NA,"mean",0.00509330564246329
"pi","Probability of travel from i to j","point","MOZ","MWI",NA,"mean",0.450528608134725
"pi","Probability of travel from i to j","point","MRT","MWI",NA,"mean",0.0122465431317433
"pi","Probability of travel from i to j","point","MWI","MWI",NA,"mean",NA
"pi","Probability of travel from i to j","point","NAM","MWI",NA,"mean",0.0479320425077864
"pi","Probability of travel from i to j","point","NER","MWI",NA,"mean",0.00697846113545226
"pi","Probability of travel from i to j","point","NGA","MWI",NA,"mean",0.00597634688106872
"pi","Probability of travel from i to j","point","RWA","MWI",NA,"mean",0.0127519554266865
"pi","Probability of travel from i to j","point","SEN","MWI",NA,"mean",0.00146080161943796
"pi","Probability of travel from i to j","point","SLE","MWI",NA,"mean",0.00187061959444459
"pi","Probability of travel from i to j","point","SOM","MWI",NA,"mean",0.019714686673581
"pi","Probability of travel from i to j","point","SSD","MWI",NA,"mean",0.0189302028702072
"pi","Probability of travel from i to j","point","SWZ","MWI",NA,"mean",0.0465255965939926
"pi","Probability of travel from i to j","point","TCD","MWI",NA,"mean",0.0122578852398539
"pi","Probability of travel from i to j","point","TGO","MWI",NA,"mean",0.00220867034934059
"pi","Probability of travel from i to j","point","TZA","MWI",NA,"mean",0.101630239567028
"pi","Probability of travel from i to j","point","UGA","MWI",NA,"mean",0.0192960602070499
"pi","Probability of travel from i to j","point","ZAF","MWI",NA,"mean",0.046609294153795
"pi","Probability of travel from i to j","point","ZMB","MWI",NA,"mean",0.136225369469529
"pi","Probability of travel from i to j","point","ZWE","MWI",NA,"mean",0.0998803332995087
"pi","Probability of travel from i to j","point","AGO","NAM",NA,"mean",0.061495116092507
"pi","Probability of travel from i to j","point","BDI","NAM",NA,"mean",0.00309376156698924
"pi","Probability of travel from i to j","point","BEN","NAM",NA,"mean",0.00154671832319456
"pi","Probability of travel from i to j","point","BFA","NAM",NA,"mean",0.00164466468162825
"pi","Probability of travel from i to j","point","BWA","NAM",NA,"mean",0.111046533096759
"pi","Probability of travel from i to j","point","CAF","NAM",NA,"mean",0.00547068663650063
"pi","Probability of travel from i to j","point","CIV","NAM",NA,"mean",0.00176426287888002
"pi","Probability of travel from i to j","point","CMR","NAM",NA,"mean",0.00516846214188998
"pi","Probability of travel from i to j","point","COD","NAM",NA,"mean",0.0111669196915202
"pi","Probability of travel from i to j","point","COG","NAM",NA,"mean",0.00777988301207864
"pi","Probability of travel from i to j","point","ERI","NAM",NA,"mean",0.00372729901265824
"pi","Probability of travel from i to j","point","ETH","NAM",NA,"mean",0.00448371405342351
"pi","Probability of travel from i to j","point","GAB","NAM",NA,"mean",0.00569628698541925
"pi","Probability of travel from i to j","point","GHA","NAM",NA,"mean",0.00162457694236643
"pi","Probability of travel from i to j","point","GIN","NAM",NA,"mean",0.00102609063342842
"pi","Probability of travel from i to j","point","GMB","NAM",NA,"mean",0.000509787013594385
"pi","Probability of travel from i to j","point","GNB","NAM",NA,"mean",0.000803389372383334
"pi","Probability of travel from i to j","point","GNQ","NAM",NA,"mean",0.00466641279846859
"pi","Probability of travel from i to j","point","KEN","NAM",NA,"mean",0.00491250726867088
"pi","Probability of travel from i to j","point","LBR","NAM",NA,"mean",0.00141776522739883
"pi","Probability of travel from i to j","point","MLI","NAM",NA,"mean",0.00286388980239702
"pi","Probability of travel from i to j","point","MOZ","NAM",NA,"mean",0.0126554614873386
"pi","Probability of travel from i to j","point","MRT","NAM",NA,"mean",0.0067880053259381
"pi","Probability of travel from i to j","point","MWI","NAM",NA,"mean",0.0140639191200343
"pi","Probability of travel from i to j","point","NAM","NAM",NA,"mean",NA
"pi","Probability of travel from i to j","point","NER","NAM",NA,"mean",0.00391618663049257
"pi","Probability of travel from i to j","point","NGA","NAM",NA,"mean",0.00340692477569784
"pi","Probability of travel from i to j","point","RWA","NAM",NA,"mean",0.00279040203540306
"pi","Probability of travel from i to j","point","SEN","NAM",NA,"mean",0.00081764073835064
"pi","Probability of travel from i to j","point","SLE","NAM",NA,"mean",0.00104987047651328
"pi","Probability of travel from i to j","point","SOM","NAM",NA,"mean",0.00523573363354834
"pi","Probability of travel from i to j","point","SSD","NAM",NA,"mean",0.00579272416548678
"pi","Probability of travel from i to j","point","SWZ","NAM",NA,"mean",0.0400831701483424
"pi","Probability of travel from i to j","point","TCD","NAM",NA,"mean",0.00526836741483194
"pi","Probability of travel from i to j","point","TGO","NAM",NA,"mean",0.00125336661607111
"pi","Probability of travel from i to j","point","TZA","NAM",NA,"mean",0.0100373597398656
"pi","Probability of travel from i to j","point","UGA","NAM",NA,"mean",0.00462960297445862
"pi","Probability of travel from i to j","point","ZAF","NAM",NA,"mean",0.113569193357942
"pi","Probability of travel from i to j","point","ZMB","NAM",NA,"mean",0.029777618069403
"pi","Probability of travel from i to j","point","ZWE","NAM",NA,"mean",0.0317228822522027
"pi","Probability of travel from i to j","point","AGO","NER",NA,"mean",0.0150718926905987
"pi","Probability of travel from i to j","point","BDI","NER",NA,"mean",0.00310877279886771
"pi","Probability of travel from i to j","point","BEN","NER",NA,"mean",0.0260773836236655
"pi","Probability of travel from i to j","point","BFA","NER",NA,"mean",0.0291487527727751
"pi","Probability of travel from i to j","point","BWA","NER",NA,"mean",0.00734558982149863
"pi","Probability of travel from i to j","point","CAF","NER",NA,"mean",0.0278429448825093
"pi","Probability of travel from i to j","point","CIV","NER",NA,"mean",0.0169775733229333
"pi","Probability of travel from i to j","point","CMR","NER",NA,"mean",0.0348228681866839
"pi","Probability of travel from i to j","point","COD","NER",NA,"mean",0.0139594818108529
"pi","Probability of travel from i to j","point","COG","NER",NA,"mean",0.0191346985096347
"pi","Probability of travel from i to j","point","ERI","NER",NA,"mean",0.0112752525495234
"pi","Probability of travel from i to j","point","ETH","NER",NA,"mean",0.00978573956805028
"pi","Probability of travel from i to j","point","GAB","NER",NA,"mean",0.0194526321252153
"pi","Probability of travel from i to j","point","GHA","NER",NA,"mean",0.0183977842270371
"pi","Probability of travel from i to j","point","GIN","NER",NA,"mean",0.00960143700082139
"pi","Probability of travel from i to j","point","GMB","NER",NA,"mean",0.00399301937793946
"pi","Probability of travel from i to j","point","GNB","NER",NA,"mean",0.00640717933572682
"pi","Probability of travel from i to j","point","GNQ","NER",NA,"mean",0.0241764154182202
"pi","Probability of travel from i to j","point","KEN","NER",NA,"mean",0.00625603270257357
"pi","Probability of travel from i to j","point","LBR","NER",NA,"mean",0.0117986948519802
"pi","Probability of travel from i to j","point","MLI","NER",NA,"mean",0.035488189850847
"pi","Probability of travel from i to j","point","MOZ","NER",NA,"mean",0.00436873650193578
"pi","Probability of travel from i to j","point","MRT","NER",NA,"mean",0.0304605732168345
"pi","Probability of travel from i to j","point","MWI","NER",NA,"mean",0.00399749181494796
"pi","Probability of travel from i to j","point","NAM","NER",NA,"mean",0.00764558771358213
"pi","Probability of travel from i to j","point","NER","NER",NA,"mean",NA
"pi","Probability of travel from i to j","point","NGA","NER",NA,"mean",0.0788381433038702
"pi","Probability of travel from i to j","point","RWA","NER",NA,"mean",0.00307156286541922
"pi","Probability of travel from i to j","point","SEN","NER",NA,"mean",0.0064173439005839
"pi","Probability of travel from i to j","point","SLE","NER",NA,"mean",0.00904904454154493
"pi","Probability of travel from i to j","point","SOM","NER",NA,"mean",0.0095741232206345
"pi","Probability of travel from i to j","point","SSD","NER",NA,"mean",0.0122892326206712
"pi","Probability of travel from i to j","point","SWZ","NER",NA,"mean",0.00478822696656588
"pi","Probability of travel from i to j","point","TCD","NER",NA,"mean",0.0445462195408061
"pi","Probability of travel from i to j","point","TGO","NER",NA,"mean",0.0172107039410403
"pi","Probability of travel from i to j","point","TZA","NER",NA,"mean",0.00727950791903377
"pi","Probability of travel from i to j","point","UGA","NER",NA,"mean",0.00644415180747322
"pi","Probability of travel from i to j","point","ZAF","NER",NA,"mean",0.0074367654521009
"pi","Probability of travel from i to j","point","ZMB","NER",NA,"mean",0.00754804318945423
"pi","Probability of travel from i to j","point","ZWE","NER",NA,"mean",0.00774137979849846
"pi","Probability of travel from i to j","point","AGO","NGA",NA,"mean",0.0487124481697546
"pi","Probability of travel from i to j","point","BDI","NGA",NA,"mean",0.00970080689942267
"pi","Probability of travel from i to j","point","BEN","NGA",NA,"mean",0.20215342262118
"pi","Probability of travel from i to j","point","BFA","NGA",NA,"mean",0.0956174233644209
"pi","Probability of travel from i to j","point","BWA","NGA",NA,"mean",0.0202790390065516
"pi","Probability of travel from i to j","point","CAF","NGA",NA,"mean",0.115580907929812
"pi","Probability of travel from i to j","point","CIV","NGA",NA,"mean",0.05687160240662
"pi","Probability of travel from i to j","point","CMR","NGA",NA,"mean",0.215979200709263
"pi","Probability of travel from i to j","point","COD","NGA",NA,"mean",0.0446237796582223
"pi","Probability of travel from i to j","point","COG","NGA",NA,"mean",0.0875295980367035
"pi","Probability of travel from i to j","point","ERI","NGA",NA,"mean",0.0319434297603171
"pi","Probability of travel from i to j","point","ETH","NGA",NA,"mean",0.0271414841544611
"pi","Probability of travel from i to j","point","GAB","NGA",NA,"mean",0.109495818639288
"pi","Probability of travel from i to j","point","GHA","NGA",NA,"mean",0.0871765672241638
"pi","Probability of travel from i to j","point","GIN","NGA",NA,"mean",0.0251625950815186
"pi","Probability of travel from i to j","point","GMB","NGA",NA,"mean",0.00996854443434624
"pi","Probability of travel from i to j","point","GNB","NGA",NA,"mean",0.0160662927162659
"pi","Probability of travel from i to j","point","GNQ","NGA",NA,"mean",0.173034740020281
"pi","Probability of travel from i to j","point","KEN","NGA",NA,"mean",0.0179674898240727
"pi","Probability of travel from i to j","point","LBR","NGA",NA,"mean",0.0341375450125459
"pi","Probability of travel from i to j","point","MLI","NGA",NA,"mean",0.0992769759669887
"pi","Probability of travel from i to j","point","MOZ","NGA",NA,"mean",0.0122838988467182
"pi","Probability of travel from i to j","point","MRT","NGA",NA,"mean",0.0679451708734785
"pi","Probability of travel from i to j","point","MWI","NGA",NA,"mean",0.0114448477329474
"pi","Probability of travel from i to j","point","NAM","NGA",NA,"mean",0.0222359834524153
"pi","Probability of travel from i to j","point","NER","NGA",NA,"mean",0.263561937068298
"pi","Probability of travel from i to j","point","NGA","NGA",NA,"mean",NA
"pi","Probability of travel from i to j","point","RWA","NGA",NA,"mean",0.00957166495802432
"pi","Probability of travel from i to j","point","SEN","NGA",NA,"mean",0.0160287673883163
"pi","Probability of travel from i to j","point","SLE","NGA",NA,"mean",0.0233963087436041
"pi","Probability of travel from i to j","point","SOM","NGA",NA,"mean",0.0249818216885976
"pi","Probability of travel from i to j","point","SSD","NGA",NA,"mean",0.0363030084080562
"pi","Probability of travel from i to j","point","SWZ","NGA",NA,"mean",0.013003106221663
"pi","Probability of travel from i to j","point","TCD","NGA",NA,"mean",0.159227883126076
"pi","Probability of travel from i to j","point","TGO","NGA",NA,"mean",0.106715940029989
"pi","Probability of travel from i to j","point","TZA","NGA",NA,"mean",0.020537938857034
"pi","Probability of travel from i to j","point","UGA","NGA",NA,"mean",0.0197887961039702
"pi","Probability of travel from i to j","point","ZAF","NGA",NA,"mean",0.0204090746864611
"pi","Probability of travel from i to j","point","ZMB","NGA",NA,"mean",0.0232570436824139
"pi","Probability of travel from i to j","point","ZWE","NGA",NA,"mean",0.0216930031971409
"pi","Probability of travel from i to j","point","AGO","RWA",NA,"mean",0.0331082818202895
"pi","Probability of travel from i to j","point","BDI","RWA",NA,"mean",0.610691030532082
"pi","Probability of travel from i to j","point","BEN","RWA",NA,"mean",0.00399559421745959
"pi","Probability of travel from i to j","point","BFA","RWA",NA,"mean",0.00414483621536407
"pi","Probability of travel from i to j","point","BWA","RWA",NA,"mean",0.0217305217135034
"pi","Probability of travel from i to j","point","CAF","RWA",NA,"mean",0.0412129707256167
"pi","Probability of travel from i to j","point","CIV","RWA",NA,"mean",0.00405001210982577
"pi","Probability of travel from i to j","point","CMR","RWA",NA,"mean",0.0163050818608366
"pi","Probability of travel from i to j","point","COD","RWA",NA,"mean",0.0854939423200105
"pi","Probability of travel from i to j","point","COG","RWA",NA,"mean",0.0220324818881732
"pi","Probability of travel from i to j","point","ERI","RWA",NA,"mean",0.0236079771752494
"pi","Probability of travel from i to j","point","ETH","RWA",NA,"mean",0.0377652069775539
"pi","Probability of travel from i to j","point","GAB","RWA",NA,"mean",0.0138109515600349
"pi","Probability of travel from i to j","point","GHA","RWA",NA,"mean",0.00386052722883035
"pi","Probability of travel from i to j","point","GIN","RWA",NA,"mean",0.00236138406185053
"pi","Probability of travel from i to j","point","GMB","RWA",NA,"mean",0.00114885749178446
"pi","Probability of travel from i to j","point","GNB","RWA",NA,"mean",0.00181591522593373
"pi","Probability of travel from i to j","point","GNQ","RWA",NA,"mean",0.0106336779334215
"pi","Probability of travel from i to j","point","KEN","RWA",NA,"mean",0.0703380886306514
"pi","Probability of travel from i to j","point","LBR","RWA",NA,"mean",0.00316209099231713
"pi","Probability of travel from i to j","point","MLI","RWA",NA,"mean",0.00717018684310672
"pi","Probability of travel from i to j","point","MOZ","RWA",NA,"mean",0.0219015020078294
"pi","Probability of travel from i to j","point","MRT","RWA",NA,"mean",0.0137673965436735
"pi","Probability of travel from i to j","point","MWI","RWA",NA,"mean",0.0258741852611942
"pi","Probability of travel from i to j","point","NAM","RWA",NA,"mean",0.0192963982186229
"pi","Probability of travel from i to j","point","NER","RWA",NA,"mean",0.0108798118958007
"pi","Probability of travel from i to j","point","NGA","RWA",NA,"mean",0.0101415226220933
"pi","Probability of travel from i to j","point","RWA","RWA",NA,"mean",NA
"pi","Probability of travel from i to j","point","SEN","RWA",NA,"mean",0.0018432563539624
"pi","Probability of travel from i to j","point","SLE","RWA",NA,"mean",0.00232074162170899
"pi","Probability of travel from i to j","point","SOM","RWA",NA,"mean",0.0315315740819564
"pi","Probability of travel from i to j","point","SSD","RWA",NA,"mean",0.0632003582467882
"pi","Probability of travel from i to j","point","SWZ","RWA",NA,"mean",0.0136488754694285
"pi","Probability of travel from i to j","point","TCD","RWA",NA,"mean",0.0198619088352309
"pi","Probability of travel from i to j","point","TGO","RWA",NA,"mean",0.00306531081648868
"pi","Probability of travel from i to j","point","TZA","RWA",NA,"mean",0.0807849725548491
"pi","Probability of travel from i to j","point","UGA","RWA",NA,"mean",0.180583340536002
"pi","Probability of travel from i to j","point","ZAF","RWA",NA,"mean",0.0190594456514956
"pi","Probability of travel from i to j","point","ZMB","RWA",NA,"mean",0.048090764899045
"pi","Probability of travel from i to j","point","ZWE","RWA",NA,"mean",0.0262353407768979
"pi","Probability of travel from i to j","point","AGO","SEN",NA,"mean",0.00802169108751632
"pi","Probability of travel from i to j","point","BDI","SEN",NA,"mean",0.00147140296549414
"pi","Probability of travel from i to j","point","BEN","SEN",NA,"mean",0.0102299038536922
"pi","Probability of travel from i to j","point","BFA","SEN",NA,"mean",0.0231070852883473
"pi","Probability of travel from i to j","point","BWA","SEN",NA,"mean",0.00451097110919199
"pi","Probability of travel from i to j","point","CAF","SEN",NA,"mean",0.0100576684307021
"pi","Probability of travel from i to j","point","CIV","SEN",NA,"mean",0.0376214472146126
"pi","Probability of travel from i to j","point","CMR","SEN",NA,"mean",0.0115488595060213
"pi","Probability of travel from i to j","point","COD","SEN",NA,"mean",0.0064401954698888
"pi","Probability of travel from i to j","point","COG","SEN",NA,"mean",0.00797145018215366
"pi","Probability of travel from i to j","point","ERI","SEN",NA,"mean",0.00525623719750949
"pi","Probability of travel from i to j","point","ETH","SEN",NA,"mean",0.00470580133711913
"pi","Probability of travel from i to j","point","GAB","SEN",NA,"mean",0.00723906439348938
"pi","Probability of travel from i to j","point","GHA","SEN",NA,"mean",0.0152489830716227
"pi","Probability of travel from i to j","point","GIN","SEN",NA,"mean",0.114023284206328
"pi","Probability of travel from i to j","point","GMB","SEN",NA,"mean",0.571250410710175
"pi","Probability of travel from i to j","point","GNB","SEN",NA,"mean",0.246131478061296
"pi","Probability of travel from i to j","point","GNQ","SEN",NA,"mean",0.00807491768734429
"pi","Probability of travel from i to j","point","KEN","SEN",NA,"mean",0.00325229968296923
"pi","Probability of travel from i to j","point","LBR","SEN",NA,"mean",0.0536335274806656
"pi","Probability of travel from i to j","point","MLI","SEN",NA,"mean",0.0415664099495926
"pi","Probability of travel from i to j","point","MOZ","SEN",NA,"mean",0.00263517906654837
"pi","Probability of travel from i to j","point","MRT","SEN",NA,"mean",0.071598946288282
"pi","Probability of travel from i to j","point","MWI","SEN",NA,"mean",0.00234117268353672
"pi","Probability of travel from i to j","point","NAM","SEN",NA,"mean",0.0044660574346072
"pi","Probability of travel from i to j","point","NER","SEN",NA,"mean",0.0179543464417484
"pi","Probability of travel from i to j","point","NGA","SEN",NA,"mean",0.0134143029705953
"pi","Probability of travel from i to j","point","RWA","SEN",NA,"mean",0.00145592179960708
"pi","Probability of travel from i to j","point","SEN","SEN",NA,"mean",NA
"pi","Probability of travel from i to j","point","SLE","SEN",NA,"mean",0.0775950223778665
"pi","Probability of travel from i to j","point","SOM","SEN",NA,"mean",0.00506192954003078
"pi","Probability of travel from i to j","point","SSD","SEN",NA,"mean",0.00568805018831285
"pi","Probability of travel from i to j","point","SWZ","SEN",NA,"mean",0.00298917836727323
"pi","Probability of travel from i to j","point","TCD","SEN",NA,"mean",0.0152476581842254
"pi","Probability of travel from i to j","point","TGO","SEN",NA,"mean",0.00920741260439722
"pi","Probability of travel from i to j","point","TZA","SEN",NA,"mean",0.00386627757998888
"pi","Probability of travel from i to j","point","UGA","SEN",NA,"mean",0.00310364483431988
"pi","Probability of travel from i to j","point","ZAF","SEN",NA,"mean",0.00459397171167225
"pi","Probability of travel from i to j","point","ZMB","SEN",NA,"mean",0.00418476810538325
"pi","Probability of travel from i to j","point","ZWE","SEN",NA,"mean",0.00468498217780237
"pi","Probability of travel from i to j","point","AGO","SLE",NA,"mean",0.0075898676792906
"pi","Probability of travel from i to j","point","BDI","SLE",NA,"mean",0.00132783815178513
"pi","Probability of travel from i to j","point","BEN","SLE",NA,"mean",0.011464013345571
"pi","Probability of travel from i to j","point","BFA","SLE",NA,"mean",0.0301111860018378
"pi","Probability of travel from i to j","point","BWA","SLE",NA,"mean",0.00408696958986949
"pi","Probability of travel from i to j","point","CAF","SLE",NA,"mean",0.00946339552434593
"pi","Probability of travel from i to j","point","CIV","SLE",NA,"mean",0.0766472806185383
"pi","Probability of travel from i to j","point","CMR","SLE",NA,"mean",0.0120993134518117
"pi","Probability of travel from i to j","point","COD","SLE",NA,"mean",0.00586863737950588
"pi","Probability of travel from i to j","point","COG","SLE",NA,"mean",0.00807861480733212
"pi","Probability of travel from i to j","point","ERI","SLE",NA,"mean",0.00471746630099228
"pi","Probability of travel from i to j","point","ETH","SLE",NA,"mean",0.00420298118178865
"pi","Probability of travel from i to j","point","GAB","SLE",NA,"mean",0.00755512433054454
"pi","Probability of travel from i to j","point","GHA","SLE",NA,"mean",0.0218165159435362
"pi","Probability of travel from i to j","point","GIN","SLE",NA,"mean",0.313705269682469
"pi","Probability of travel from i to j","point","GMB","SLE",NA,"mean",0.0353259212562454
"pi","Probability of travel from i to j","point","GNB","SLE",NA,"mean",0.0920060920592301
"pi","Probability of travel from i to j","point","GNQ","SLE",NA,"mean",0.00865692654159177
"pi","Probability of travel from i to j","point","KEN","SLE",NA,"mean",0.00288829700428739
"pi","Probability of travel from i to j","point","LBR","SLE",NA,"mean",0.17999425401515
"pi","Probability of travel from i to j","point","MLI","SLE",NA,"mean",0.0369729843578656
"pi","Probability of travel from i to j","point","MOZ","SLE",NA,"mean",0.00240082839081609
"pi","Probability of travel from i to j","point","MRT","SLE",NA,"mean",0.0424158828514692
"pi","Probability of travel from i to j","point","MWI","SLE",NA,"mean",0.00214829458470463
"pi","Probability of travel from i to j","point","NAM","SLE",NA,"mean",0.00410926030757089
"pi","Probability of travel from i to j","point","NER","SLE",NA,"mean",0.018141916402898
"pi","Probability of travel from i to j","point","NGA","SLE",NA,"mean",0.0140307690561382
"pi","Probability of travel from i to j","point","RWA","SLE",NA,"mean",0.00131354588539186
"pi","Probability of travel from i to j","point","SEN","SLE",NA,"mean",0.0556032287363765
"pi","Probability of travel from i to j","point","SLE","SLE",NA,"mean",NA
"pi","Probability of travel from i to j","point","SOM","SLE",NA,"mean",0.00445249150425978
"pi","Probability of travel from i to j","point","SSD","SLE",NA,"mean",0.00511853680742719
"pi","Probability of travel from i to j","point","SWZ","SLE",NA,"mean",0.00269433892750896
"pi","Probability of travel from i to j","point","TCD","SLE",NA,"mean",0.0142897145636975
"pi","Probability of travel from i to j","point","TGO","SLE",NA,"mean",0.0105287228317494
"pi","Probability of travel from i to j","point","TZA","SLE",NA,"mean",0.0034206764715028
"pi","Probability of travel from i to j","point","UGA","SLE",NA,"mean",0.00279264921488564
"pi","Probability of travel from i to j","point","ZAF","SLE",NA,"mean",0.00415451615068433
"pi","Probability of travel from i to j","point","ZMB","SLE",NA,"mean",0.00391175173366332
"pi","Probability of travel from i to j","point","ZWE","SLE",NA,"mean",0.00426397198929823
"pi","Probability of travel from i to j","point","AGO","SOM",NA,"mean",0.0111522975498619
"pi","Probability of travel from i to j","point","BDI","SOM",NA,"mean",0.00610894704718509
"pi","Probability of travel from i to j","point","BEN","SOM",NA,"mean",0.00234583024837756
"pi","Probability of travel from i to j","point","BFA","SOM",NA,"mean",0.00263422121931877
"pi","Probability of travel from i to j","point","BWA","SOM",NA,"mean",0.0087884816916415
"pi","Probability of travel from i to j","point","CAF","SOM",NA,"mean",0.0120438852178602
"pi","Probability of travel from i to j","point","CIV","SOM",NA,"mean",0.00257270675978066
"pi","Probability of travel from i to j","point","CMR","SOM",NA,"mean",0.00682593504088669
"pi","Probability of travel from i to j","point","COD","SOM",NA,"mean",0.0141486159807986
"pi","Probability of travel from i to j","point","COG","SOM",NA,"mean",0.00688625217246024
"pi","Probability of travel from i to j","point","ERI","SOM",NA,"mean",0.0538202958810047
"pi","Probability of travel from i to j","point","ETH","SOM",NA,"mean",0.128951487205075
"pi","Probability of travel from i to j","point","GAB","SOM",NA,"mean",0.00472028175359883
"pi","Probability of travel from i to j","point","GHA","SOM",NA,"mean",0.00237756191024149
"pi","Probability of travel from i to j","point","GIN","SOM",NA,"mean",0.00165170857532228
"pi","Probability of travel from i to j","point","GMB","SOM",NA,"mean",0.000831926744394978
"pi","Probability of travel from i to j","point","GNB","SOM",NA,"mean",0.00131038337736606
"pi","Probability of travel from i to j","point","GNQ","SOM",NA,"mean",0.0043795100396368
"pi","Probability of travel from i to j","point","KEN","SOM",NA,"mean",0.0511848487143662
"pi","Probability of travel from i to j","point","LBR","SOM",NA,"mean",0.00209440641453203
"pi","Probability of travel from i to j","point","MLI","SOM",NA,"mean",0.00482594345212281
"pi","Probability of travel from i to j","point","MOZ","SOM",NA,"mean",0.00838361275497561
"pi","Probability of travel from i to j","point","MRT","SOM",NA,"mean",0.0112893276237161
"pi","Probability of travel from i to j","point","MWI","SOM",NA,"mean",0.00832816889849835
"pi","Probability of travel from i to j","point","NAM","SOM",NA,"mean",0.00753801095919561
"pi","Probability of travel from i to j","point","NER","SOM",NA,"mean",0.00706042328655243
"pi","Probability of travel from i to j","point","NGA","SOM",NA,"mean",0.00551073500048433
"pi","Probability of travel from i to j","point","RWA","SOM",NA,"mean",0.0065647077878921
"pi","Probability of travel from i to j","point","SEN","SOM",NA,"mean",0.00133423870255786
"pi","Probability of travel from i to j","point","SLE","SOM",NA,"mean",0.0016377755751693
"pi","Probability of travel from i to j","point","SOM","SOM",NA,"mean",NA
"pi","Probability of travel from i to j","point","SSD","SOM",NA,"mean",0.0253509503078478
"pi","Probability of travel from i to j","point","SWZ","SOM",NA,"mean",0.00646847777589112
"pi","Probability of travel from i to j","point","TCD","SOM",NA,"mean",0.017956699347954
"pi","Probability of travel from i to j","point","TGO","SOM",NA,"mean",0.00181110769891489
"pi","Probability of travel from i to j","point","TZA","SOM",NA,"mean",0.0223931380385881
"pi","Probability of travel from i to j","point","UGA","SOM",NA,"mean",0.01916927467447
"pi","Probability of travel from i to j","point","ZAF","SOM",NA,"mean",0.00827676293366928
"pi","Probability of travel from i to j","point","ZMB","SOM",NA,"mean",0.0097135169202827
"pi","Probability of travel from i to j","point","ZWE","SOM",NA,"mean",0.0102436884671766
"pi","Probability of travel from i to j","point","AGO","SSD",NA,"mean",0.0157385350645121
"pi","Probability of travel from i to j","point","BDI","SSD",NA,"mean",0.0127260706917085
"pi","Probability of travel from i to j","point","BEN","SSD",NA,"mean",0.00358165566487145
"pi","Probability of travel from i to j","point","BFA","SSD",NA,"mean",0.00378738173410663
"pi","Probability of travel from i to j","point","BWA","SSD",NA,"mean",0.0109686359429257
"pi","Probability of travel from i to j","point","CAF","SSD",NA,"mean",0.0355760573527419
"pi","Probability of travel from i to j","point","CIV","SSD",NA,"mean",0.00368054828963634
"pi","Probability of travel from i to j","point","CMR","SSD",NA,"mean",0.0141531801386855
"pi","Probability of travel from i to j","point","COD","SSD",NA,"mean",0.030840951279004
"pi","Probability of travel from i to j","point","COG","SSD",NA,"mean",0.0141362469910665
"pi","Probability of travel from i to j","point","ERI","SSD",NA,"mean",0.035869895883815
"pi","Probability of travel from i to j","point","ETH","SSD",NA,"mean",0.0437901228170366
"pi","Probability of travel from i to j","point","GAB","SSD",NA,"mean",0.00872272669171542
"pi","Probability of travel from i to j","point","GHA","SSD",NA,"mean",0.00348719508568921
"pi","Probability of travel from i to j","point","GIN","SSD",NA,"mean",0.00217971501742822
"pi","Probability of travel from i to j","point","GMB","SSD",NA,"mean",0.00106423833616813
"pi","Probability of travel from i to j","point","GNB","SSD",NA,"mean",0.00168156808692643
"pi","Probability of travel from i to j","point","GNQ","SSD",NA,"mean",0.00914748058855261
"pi","Probability of travel from i to j","point","KEN","SSD",NA,"mean",0.0348604324203986
"pi","Probability of travel from i to j","point","LBR","SSD",NA,"mean",0.00288794630584698
"pi","Probability of travel from i to j","point","MLI","SSD",NA,"mean",0.00659206814119983
"pi","Probability of travel from i to j","point","MOZ","SSD",NA,"mean",0.00897352605660757
"pi","Probability of travel from i to j","point","MRT","SSD",NA,"mean",0.0129100770696913
"pi","Probability of travel from i to j","point","MWI","SSD",NA,"mean",0.00910699673615657
"pi","Probability of travel from i to j","point","NAM","SSD",NA,"mean",0.0094977850670912
"pi","Probability of travel from i to j","point","NER","SSD",NA,"mean",0.0103208807154729
"pi","Probability of travel from i to j","point","NGA","SSD",NA,"mean",0.0091198628448294
"pi","Probability of travel from i to j","point","RWA","SSD",NA,"mean",0.0149847518511292
"pi","Probability of travel from i to j","point","SEN","SSD",NA,"mean",0.0017074229943738
"pi","Probability of travel from i to j","point","SLE","SSD",NA,"mean",0.00214416098255063
"pi","Probability of travel from i to j","point","SOM","SSD",NA,"mean",0.0288705137122453
"pi","Probability of travel from i to j","point","SSD","SSD",NA,"mean",NA
"pi","Probability of travel from i to j","point","SWZ","SSD",NA,"mean",0.00714454261101235
"pi","Probability of travel from i to j","point","TCD","SSD",NA,"mean",0.0313361046478816
"pi","Probability of travel from i to j","point","TGO","SSD",NA,"mean",0.00275477685953819
"pi","Probability of travel from i to j","point","TZA","SSD",NA,"mean",0.0239169109950953
"pi","Probability of travel from i to j","point","UGA","SSD",NA,"mean",0.0725300516741568
"pi","Probability of travel from i to j","point","ZAF","SSD",NA,"mean",0.0101261857534954
"pi","Probability of travel from i to j","point","ZMB","SSD",NA,"mean",0.01509187995822
"pi","Probability of travel from i to j","point","ZWE","SSD",NA,"mean",0.0123910170639726
"pi","Probability of travel from i to j","point","AGO","SWZ",NA,"mean",0.0157605149665698
"pi","Probability of travel from i to j","point","BDI","SWZ",NA,"mean",0.00197200764139408
"pi","Probability of travel from i to j","point","BEN","SWZ",NA,"mean",0.00084910666275463
"pi","Probability of travel from i to j","point","BFA","SWZ",NA,"mean",0.000932910742245463
"pi","Probability of travel from i to j","point","BWA","SWZ",NA,"mean",0.0480275165276795
"pi","Probability of travel from i to j","point","CAF","SWZ",NA,"mean",0.00377819712883645
"pi","Probability of travel from i to j","point","CIV","SWZ",NA,"mean",0.00101782940031468
"pi","Probability of travel from i to j","point","CMR","SWZ",NA,"mean",0.00278877475520213
"pi","Probability of travel from i to j","point","COD","SWZ",NA,"mean",0.00722605547106868
"pi","Probability of travel from i to j","point","COG","SWZ",NA,"mean",0.00403847106393244
"pi","Probability of travel from i to j","point","ERI","SWZ",NA,"mean",0.00290578395822664
"pi","Probability of travel from i to j","point","ETH","SWZ",NA,"mean",0.00350129233744805
"pi","Probability of travel from i to j","point","GAB","SWZ",NA,"mean",0.00272925031826868
"pi","Probability of travel from i to j","point","GHA","SWZ",NA,"mean",0.000913134628848578
"pi","Probability of travel from i to j","point","GIN","SWZ",NA,"mean",0.000612604115975023
"pi","Probability of travel from i to j","point","GMB","SWZ",NA,"mean",0.000310858660896061
"pi","Probability of travel from i to j","point","GNB","SWZ",NA,"mean",0.000488900916502403
"pi","Probability of travel from i to j","point","GNQ","SWZ",NA,"mean",0.00228406246660072
"pi","Probability of travel from i to j","point","KEN","SWZ",NA,"mean",0.00382642252774694
"pi","Probability of travel from i to j","point","LBR","SWZ",NA,"mean",0.000836489518012117
"pi","Probability of travel from i to j","point","MLI","SWZ",NA,"mean",0.00168667097300201
"pi","Probability of travel from i to j","point","MOZ","SWZ",NA,"mean",0.0225224768626697
"pi","Probability of travel from i to j","point","MRT","SWZ",NA,"mean",0.0044643470661409
"pi","Probability of travel from i to j","point","MWI","SWZ",NA,"mean",0.0124342522832912
"pi","Probability of travel from i to j","point","NAM","SWZ",NA,"mean",0.0365097922580608
"pi","Probability of travel from i to j","point","NER","SWZ",NA,"mean",0.0022339555787483
"pi","Probability of travel from i to j","point","NGA","SWZ",NA,"mean",0.00181468233746525
"pi","Probability of travel from i to j","point","RWA","SWZ",NA,"mean",0.0017977723551483
"pi","Probability of travel from i to j","point","SEN","SWZ",NA,"mean",0.000498468074279303
"pi","Probability of travel from i to j","point","SLE","SWZ",NA,"mean",0.000627005853426063
"pi","Probability of travel from i to j","point","SOM","SWZ",NA,"mean",0.00409232549449039
"pi","Probability of travel from i to j","point","SSD","SWZ",NA,"mean",0.00396901044646809
"pi","Probability of travel from i to j","point","SWZ","SWZ",NA,"mean",NA
"pi","Probability of travel from i to j","point","TCD","SWZ",NA,"mean",0.00340623055209484
"pi","Probability of travel from i to j","point","TGO","SWZ",NA,"mean",0.000689839307572185
"pi","Probability of travel from i to j","point","TZA","SWZ",NA,"mean",0.00815905031427536
"pi","Probability of travel from i to j","point","UGA","SWZ",NA,"mean",0.00307073492969385
"pi","Probability of travel from i to j","point","ZAF","SWZ",NA,"mean",0.185755994091683
"pi","Probability of travel from i to j","point","ZMB","SWZ",NA,"mean",0.0161702395504119
"pi","Probability of travel from i to j","point","ZWE","SWZ",NA,"mean",0.0390550561949067
"pi","Probability of travel from i to j","point","AGO","TCD",NA,"mean",0.0113664864222674
"pi","Probability of travel from i to j","point","BDI","TCD",NA,"mean",0.00323339843469672
"pi","Probability of travel from i to j","point","BEN","TCD",NA,"mean",0.0087458764363654
"pi","Probability of travel from i to j","point","BFA","TCD",NA,"mean",0.00861760065358685
"pi","Probability of travel from i to j","point","BWA","TCD",NA,"mean",0.00621275308375638
"pi","Probability of travel from i to j","point","CAF","TCD",NA,"mean",0.0315804166719119
"pi","Probability of travel from i to j","point","CIV","TCD",NA,"mean",0.00712774585737593
"pi","Probability of travel from i to j","point","CMR","TCD",NA,"mean",0.0232116845664716
"pi","Probability of travel from i to j","point","COD","TCD",NA,"mean",0.013131811841199
"pi","Probability of travel from i to j","point","COG","TCD",NA,"mean",0.0145389517257883
"pi","Probability of travel from i to j","point","ERI","TCD",NA,"mean",0.0191271366285414
"pi","Probability of travel from i to j","point","ETH","TCD",NA,"mean",0.0159269570224178
"pi","Probability of travel from i to j","point","GAB","TCD",NA,"mean",0.0126847620031652
"pi","Probability of travel from i to j","point","GHA","TCD",NA,"mean",0.00751341046559014
"pi","Probability of travel from i to j","point","GIN","TCD",NA,"mean",0.00418711184654249
"pi","Probability of travel from i to j","point","GMB","TCD",NA,"mean",0.0019333968339029
"pi","Probability of travel from i to j","point","GNB","TCD",NA,"mean",0.00307175093720154
"pi","Probability of travel from i to j","point","GNQ","TCD",NA,"mean",0.0141459866761357
"pi","Probability of travel from i to j","point","KEN","TCD",NA,"mean",0.00845927902105499
"pi","Probability of travel from i to j","point","LBR","TCD",NA,"mean",0.00528535542702775
"pi","Probability of travel from i to j","point","MLI","TCD",NA,"mean",0.0135160107119488
"pi","Probability of travel from i to j","point","MOZ","TCD",NA,"mean",0.00430127570852504
"pi","Probability of travel from i to j","point","MRT","TCD",NA,"mean",0.0195804099340407
"pi","Probability of travel from i to j","point","MWI","TCD",NA,"mean",0.00399895929936951
"pi","Probability of travel from i to j","point","NAM","TCD",NA,"mean",0.00585769916092852
"pi","Probability of travel from i to j","point","NER","TCD",NA,"mean",0.0253696436466363
"pi","Probability of travel from i to j","point","NGA","TCD",NA,"mean",0.0271254113102488
"pi","Probability of travel from i to j","point","RWA","TCD",NA,"mean",0.0031934676395943
"pi","Probability of travel from i to j","point","SEN","TCD",NA,"mean",0.00310379031701247
"pi","Probability of travel from i to j","point","SLE","TCD",NA,"mean",0.00405925778489923
"pi","Probability of travel from i to j","point","SOM","TCD",NA,"mean",0.0138675039763652
"pi","Probability of travel from i to j","point","SSD","TCD",NA,"mean",0.0212498823074295
"pi","Probability of travel from i to j","point","SWZ","TCD",NA,"mean",0.00415793550887422
"pi","Probability of travel from i to j","point","TCD","TCD",NA,"mean",NA
"pi","Probability of travel from i to j","point","TGO","TCD",NA,"mean",0.00632333330194769
"pi","Probability of travel from i to j","point","TZA","TCD",NA,"mean",0.00764445884800147
"pi","Probability of travel from i to j","point","UGA","TCD",NA,"mean",0.00873344644667789
"pi","Probability of travel from i to j","point","ZAF","TCD",NA,"mean",0.00596055067211467
"pi","Probability of travel from i to j","point","ZMB","TCD",NA,"mean",0.00645270986942633
"pi","Probability of travel from i to j","point","ZWE","TCD",NA,"mean",0.00669547472514459
"pi","Probability of travel from i to j","point","AGO","TGO",NA,"mean",0.0144021436139346
"pi","Probability of travel from i to j","point","BDI","TGO",NA,"mean",0.00247868398879068
"pi","Probability of travel from i to j","point","BEN","TGO",NA,"mean",0.282176674493192
"pi","Probability of travel from i to j","point","BFA","TGO",NA,"mean",0.143747834948288
"pi","Probability of travel from i to j","point","BWA","TGO",NA,"mean",0.00647361031215281
"pi","Probability of travel from i to j","point","CAF","TGO",NA,"mean",0.022400281065058
"pi","Probability of travel from i to j","point","CIV","TGO",NA,"mean",0.0544448740390569
"pi","Probability of travel from i to j","point","CMR","TGO",NA,"mean",0.0406476115633247
"pi","Probability of travel from i to j","point","COD","TGO",NA,"mean",0.0113654556326948
"pi","Probability of travel from i to j","point","COG","TGO",NA,"mean",0.0215837254763764
"pi","Probability of travel from i to j","point","ERI","TGO",NA,"mean",0.00814074521300351
"pi","Probability of travel from i to j","point","ETH","TGO",NA,"mean",0.00707464813357612
"pi","Probability of travel from i to j","point","GAB","TGO",NA,"mean",0.0240317660593173
"pi","Probability of travel from i to j","point","GHA","TGO",NA,"mean",0.254790198485755
"pi","Probability of travel from i to j","point","GIN","TGO",NA,"mean",0.0165777995282796
"pi","Probability of travel from i to j","point","GMB","TGO",NA,"mean",0.005783746810257
"pi","Probability of travel from i to j","point","GNB","TGO",NA,"mean",0.00942523039603286
"pi","Probability of travel from i to j","point","GNQ","TGO",NA,"mean",0.0329391893124127
"pi","Probability of travel from i to j","point","KEN","TGO",NA,"mean",0.00492182559328754
"pi","Probability of travel from i to j","point","LBR","TGO",NA,"mean",0.0238473540621704
"pi","Probability of travel from i to j","point","MLI","TGO",NA,"mean",0.0616086829055482
"pi","Probability of travel from i to j","point","MOZ","TGO",NA,"mean",0.00388723133951147
"pi","Probability of travel from i to j","point","MRT","TGO",NA,"mean",0.030619647899831
"pi","Probability of travel from i to j","point","MWI","TGO",NA,"mean",0.00357970766707348
"pi","Probability of travel from i to j","point","NAM","TGO",NA,"mean",0.00692331926770065
"pi","Probability of travel from i to j","point","NER","TGO",NA,"mean",0.0486953370113678
"pi","Probability of travel from i to j","point","NGA","TGO",NA,"mean",0.0903174637077897
"pi","Probability of travel from i to j","point","RWA","TGO",NA,"mean",0.00244850661267452
"pi","Probability of travel from i to j","point","SEN","TGO",NA,"mean",0.00931133731255954
"pi","Probability of travel from i to j","point","SLE","TGO",NA,"mean",0.0148588089767677
"pi","Probability of travel from i to j","point","SOM","TGO",NA,"mean",0.00694866368950044
"pi","Probability of travel from i to j","point","SSD","TGO",NA,"mean",0.00928075214558714
"pi","Probability of travel from i to j","point","SWZ","TGO",NA,"mean",0.00418347207316471
"pi","Probability of travel from i to j","point","TCD","TGO",NA,"mean",0.0314145832062033
"pi","Probability of travel from i to j","point","TGO","TGO",NA,"mean",NA
"pi","Probability of travel from i to j","point","TZA","TGO",NA,"mean",0.00571324352115896
"pi","Probability of travel from i to j","point","UGA","TGO",NA,"mean",0.00512281766367254
"pi","Probability of travel from i to j","point","ZAF","TGO",NA,"mean",0.00653354454906049
"pi","Probability of travel from i to j","point","ZMB","TGO",NA,"mean",0.00704048030657386
"pi","Probability of travel from i to j","point","ZWE","TGO",NA,"mean",0.00687591649245807
"pi","Probability of travel from i to j","point","AGO","TZA",NA,"mean",0.0340046217879814
"pi","Probability of travel from i to j","point","BDI","TZA",NA,"mean",0.0432862962021159
"pi","Probability of travel from i to j","point","BEN","TZA",NA,"mean",0.00414914791933407
"pi","Probability of travel from i to j","point","BFA","TZA",NA,"mean",0.00449383532273114
"pi","Probability of travel from i to j","point","BWA","TZA",NA,"mean",0.0352756864875513
"pi","Probability of travel from i to j","point","CAF","TZA",NA,"mean",0.030725853391008
"pi","Probability of travel from i to j","point","CIV","TZA",NA,"mean",0.00455577271018212
"pi","Probability of travel from i to j","point","CMR","TZA",NA,"mean",0.0154082578118814
"pi","Probability of travel from i to j","point","COD","TZA",NA,"mean",0.0511260036670864
"pi","Probability of travel from i to j","point","COG","TZA",NA,"mean",0.0194673421318334
"pi","Probability of travel from i to j","point","ERI","TZA",NA,"mean",0.0321545612870571
"pi","Probability of travel from i to j","point","ETH","TZA",NA,"mean",0.0500556202242876
"pi","Probability of travel from i to j","point","GAB","TZA",NA,"mean",0.0128346097683586
"pi","Probability of travel from i to j","point","GHA","TZA",NA,"mean",0.00419054307624906
"pi","Probability of travel from i to j","point","GIN","TZA",NA,"mean",0.00275817856503088
"pi","Probability of travel from i to j","point","GMB","TZA",NA,"mean",0.00137823133169208
"pi","Probability of travel from i to j","point","GNB","TZA",NA,"mean",0.00217262851346032
"pi","Probability of travel from i to j","point","GNQ","TZA",NA,"mean",0.0104416681353698
"pi","Probability of travel from i to j","point","KEN","TZA",NA,"mean",0.103711135349195
"pi","Probability of travel from i to j","point","LBR","TZA",NA,"mean",0.00366438733092818
"pi","Probability of travel from i to j","point","MLI","TZA",NA,"mean",0.00812911924641075
"pi","Probability of travel from i to j","point","MOZ","TZA",NA,"mean",0.0654468523963415
"pi","Probability of travel from i to j","point","MRT","TZA",NA,"mean",0.0181587113211561
"pi","Probability of travel from i to j","point","MWI","TZA",NA,"mean",0.0931284193502501
"pi","Probability of travel from i to j","point","NAM","TZA",NA,"mean",0.0313471706193335
"pi","Probability of travel from i to j","point","NER","TZA",NA,"mean",0.0116448362622194
"pi","Probability of travel from i to j","point","NGA","TZA",NA,"mean",0.00982747430746535
"pi","Probability of travel from i to j","point","RWA","TZA",NA,"mean",0.0364837916481638
"pi","Probability of travel from i to j","point","SEN","TZA",NA,"mean",0.00221059970138021
"pi","Probability of travel from i to j","point","SLE","TZA",NA,"mean",0.00272937323514167
"pi","Probability of travel from i to j","point","SOM","TZA",NA,"mean",0.0485751996967855
"pi","Probability of travel from i to j","point","SSD","TZA",NA,"mean",0.0455558817662015
"pi","Probability of travel from i to j","point","SWZ","TZA",NA,"mean",0.0279750692251386
"pi","Probability of travel from i to j","point","TCD","TZA",NA,"mean",0.0214721037386239
"pi","Probability of travel from i to j","point","TGO","TZA",NA,"mean",0.00323016983665556
"pi","Probability of travel from i to j","point","TZA","TZA",NA,"mean",NA
"pi","Probability of travel from i to j","point","UGA","TZA",NA,"mean",0.0588298854658879
"pi","Probability of travel from i to j","point","ZAF","TZA",NA,"mean",0.0321754714361518
"pi","Probability of travel from i to j","point","ZMB","TZA",NA,"mean",0.0664839164440894
"pi","Probability of travel from i to j","point","ZWE","TZA",NA,"mean",0.0499997386838153
"pi","Probability of travel from i to j","point","AGO","UGA",NA,"mean",0.0360800355169283
"pi","Probability of travel from i to j","point","BDI","UGA",NA,"mean",0.0863098637324358
"pi","Probability of travel from i to j","point","BEN","UGA",NA,"mean",0.00545001932690443
"pi","Probability of travel from i to j","point","BFA","UGA",NA,"mean",0.00569199228552995
"pi","Probability of travel from i to j","point","BWA","UGA",NA,"mean",0.0238390556109306
"pi","Probability of travel from i to j","point","CAF","UGA",NA,"mean",0.053366304860597
"pi","Probability of travel from i to j","point","CIV","UGA",NA,"mean",0.00558856526191374
"pi","Probability of travel from i to j","point","CMR","UGA",NA,"mean",0.021925870241468
"pi","Probability of travel from i to j","point","COD","UGA",NA,"mean",0.0755854728724431
"pi","Probability of travel from i to j","point","COG","UGA",NA,"mean",0.0248128601670013
"pi","Probability of travel from i to j","point","ERI","UGA",NA,"mean",0.0499021024103595
"pi","Probability of travel from i to j","point","ETH","UGA",NA,"mean",0.0926453264860121
"pi","Probability of travel from i to j","point","GAB","UGA",NA,"mean",0.0151181281142096
"pi","Probability of travel from i to j","point","GHA","UGA",NA,"mean",0.00529997104511543
"pi","Probability of travel from i to j","point","GIN","UGA",NA,"mean",0.00327697524206084
"pi","Probability of travel from i to j","point","GMB","UGA",NA,"mean",0.00160016365101478
"pi","Probability of travel from i to j","point","GNB","UGA",NA,"mean",0.00252833578521609
"pi","Probability of travel from i to j","point","GNQ","UGA",NA,"mean",0.014175668476447
"pi","Probability of travel from i to j","point","KEN","UGA",NA,"mean",0.202193382824849
"pi","Probability of travel from i to j","point","LBR","UGA",NA,"mean",0.00438166876612974
"pi","Probability of travel from i to j","point","MLI","UGA",NA,"mean",0.00990914918643723
"pi","Probability of travel from i to j","point","MOZ","UGA",NA,"mean",0.0231339400626448
"pi","Probability of travel from i to j","point","MRT","UGA",NA,"mean",0.0194193421429946
"pi","Probability of travel from i to j","point","MWI","UGA",NA,"mean",0.025580255353345
"pi","Probability of travel from i to j","point","NAM","UGA",NA,"mean",0.0209170075884636
"pi","Probability of travel from i to j","point","NER","UGA",NA,"mean",0.0149133109648912
"pi","Probability of travel from i to j","point","NGA","UGA",NA,"mean",0.0136987639329794
"pi","Probability of travel from i to j","point","RWA","UGA",NA,"mean",0.117984244291233
"pi","Probability of travel from i to j","point","SEN","UGA",NA,"mean",0.00256723745508253
"pi","Probability of travel from i to j","point","SLE","UGA",NA,"mean",0.00322362312649485
"pi","Probability of travel from i to j","point","SOM","UGA",NA,"mean",0.060156459124492
"pi","Probability of travel from i to j","point","SSD","UGA",NA,"mean",0.199863875350883
"pi","Probability of travel from i to j","point","SWZ","UGA",NA,"mean",0.0152317862004718
"pi","Probability of travel from i to j","point","TCD","UGA",NA,"mean",0.0354887300496606
"pi","Probability of travel from i to j","point","TGO","UGA",NA,"mean",0.00419013935896518
"pi","Probability of travel from i to j","point","TZA","UGA",NA,"mean",0.0851088946793644
"pi","Probability of travel from i to j","point","UGA","UGA",NA,"mean",NA
"pi","Probability of travel from i to j","point","ZAF","UGA",NA,"mean",0.0214180922464006
"pi","Probability of travel from i to j","point","ZMB","UGA",NA,"mean",0.0414611212692887
"pi","Probability of travel from i to j","point","ZWE","UGA",NA,"mean",0.0278810781165312
"pi","Probability of travel from i to j","point","AGO","ZAF",NA,"mean",0.0665857685120706
"pi","Probability of travel from i to j","point","BDI","ZAF",NA,"mean",0.00626748729286633
"pi","Probability of travel from i to j","point","BEN","ZAF",NA,"mean",0.00302699221841108
"pi","Probability of travel from i to j","point","BFA","ZAF",NA,"mean",0.00330899726480469
"pi","Probability of travel from i to j","point","BWA","ZAF",NA,"mean",0.187793932898113
"pi","Probability of travel from i to j","point","CAF","ZAF",NA,"mean",0.0122426165589798
"pi","Probability of travel from i to j","point","CIV","ZAF",NA,"mean",0.00360067444406627
"pi","Probability of travel from i to j","point","CMR","ZAF",NA,"mean",0.00978948025153063
"pi","Probability of travel from i to j","point","COD","ZAF",NA,"mean",0.0230478395831717
"pi","Probability of travel from i to j","point","COG","ZAF",NA,"mean",0.0132590234758104
"pi","Probability of travel from i to j","point","ERI","ZAF",NA,"mean",0.00855051827109246
"pi","Probability of travel from i to j","point","ETH","ZAF",NA,"mean",0.0100949976192159
"pi","Probability of travel from i to j","point","GAB","ZAF",NA,"mean",0.00976798765487136
"pi","Probability of travel from i to j","point","GHA","ZAF",NA,"mean",0.00324344736400415
"pi","Probability of travel from i to j","point","GIN","ZAF",NA,"mean",0.00215544237401157
"pi","Probability of travel from i to j","point","GMB","ZAF",NA,"mean",0.00109005688224912
"pi","Probability of travel from i to j","point","GNB","ZAF",NA,"mean",0.00171493845044312
"pi","Probability of travel from i to j","point","GNQ","ZAF",NA,"mean",0.00826926986462592
"pi","Probability of travel from i to j","point","KEN","ZAF",NA,"mean",0.0106653078734785
"pi","Probability of travel from i to j","point","LBR","ZAF",NA,"mean",0.00294871969107583
"pi","Probability of travel from i to j","point","MLI","ZAF",NA,"mean",0.00594740124771639
"pi","Probability of travel from i to j","point","MOZ","ZAF",NA,"mean",0.0448224147772588
"pi","Probability of travel from i to j","point","MRT","ZAF",NA,"mean",0.0154618489286973
"pi","Probability of travel from i to j","point","MWI","ZAF",NA,"mean",0.0284227404774023
"pi","Probability of travel from i to j","point","NAM","ZAF",NA,"mean",0.236033442395221
"pi","Probability of travel from i to j","point","NER","ZAF",NA,"mean",0.00791679845822665
"pi","Probability of travel from i to j","point","NGA","ZAF",NA,"mean",0.00649893983615013
"pi","Probability of travel from i to j","point","RWA","ZAF",NA,"mean",0.00572814220502599
"pi","Probability of travel from i to j","point","SEN","ZAF",NA,"mean",0.00174799237409376
"pi","Probability of travel from i to j","point","SLE","ZAF",NA,"mean",0.00220600006385352
"pi","Probability of travel from i to j","point","SOM","ZAF",NA,"mean",0.0119479747091809
"pi","Probability of travel from i to j","point","SSD","ZAF",NA,"mean",0.0128356953458329
"pi","Probability of travel from i to j","point","SWZ","ZAF",NA,"mean",0.423846436700375
"pi","Probability of travel from i to j","point","TCD","ZAF",NA,"mean",0.0111416208430691
"pi","Probability of travel from i to j","point","TGO","ZAF",NA,"mean",0.00245824757430453
"pi","Probability of travel from i to j","point","TZA","ZAF",NA,"mean",0.0214120899905063
"pi","Probability of travel from i to j","point","UGA","ZAF",NA,"mean",0.00985230795805714
"pi","Probability of travel from i to j","point","ZAF","ZAF",NA,"mean",NA
"pi","Probability of travel from i to j","point","ZMB","ZAF",NA,"mean",0.049596365565916
"pi","Probability of travel from i to j","point","ZWE","ZAF",NA,"mean",0.106313094475181
"pi","Probability of travel from i to j","point","AGO","ZMB",NA,"mean",0.0637893251230221
"pi","Probability of travel from i to j","point","BDI","ZMB",NA,"mean",0.0196050385418832
"pi","Probability of travel from i to j","point","BEN","ZMB",NA,"mean",0.00365070057583527
"pi","Probability of travel from i to j","point","BFA","ZMB",NA,"mean",0.0037777082707123
"pi","Probability of travel from i to j","point","BWA","ZMB",NA,"mean",0.0722188916367314
"pi","Probability of travel from i to j","point","CAF","ZMB",NA,"mean",0.0191608410042069
"pi","Probability of travel from i to j","point","CIV","ZMB",NA,"mean",0.00399724065760087
"pi","Probability of travel from i to j","point","CMR","ZMB",NA,"mean",0.0130168336950285
"pi","Probability of travel from i to j","point","COD","ZMB",NA,"mean",0.0621342735131778
"pi","Probability of travel from i to j","point","COG","ZMB",NA,"mean",0.025648116191626
"pi","Probability of travel from i to j","point","ERI","ZMB",NA,"mean",0.0116125998443974
"pi","Probability of travel from i to j","point","ETH","ZMB",NA,"mean",0.0150962093786744
"pi","Probability of travel from i to j","point","GAB","ZMB",NA,"mean",0.0160096335067793
"pi","Probability of travel from i to j","point","GHA","ZMB",NA,"mean",0.00375967012754906
"pi","Probability of travel from i to j","point","GIN","ZMB",NA,"mean",0.00226274487459229
"pi","Probability of travel from i to j","point","GMB","ZMB",NA,"mean",0.0011060957677111
"pi","Probability of travel from i to j","point","GNB","ZMB",NA,"mean",0.00174581648438603
"pi","Probability of travel from i to j","point","GNQ","ZMB",NA,"mean",0.012271638306537
"pi","Probability of travel from i to j","point","KEN","ZMB",NA,"mean",0.0181522074672086
"pi","Probability of travel from i to j","point","LBR","ZMB",NA,"mean",0.00315546713363688
"pi","Probability of travel from i to j","point","MLI","ZMB",NA,"mean",0.0063830785800636
"pi","Probability of travel from i to j","point","MOZ","ZMB",NA,"mean",0.0628553842154843
"pi","Probability of travel from i to j","point","MRT","ZMB",NA,"mean",0.0139352339636884
"pi","Probability of travel from i to j","point","MWI","ZMB",NA,"mean",0.0925701073279909
"pi","Probability of travel from i to j","point","NAM","ZMB",NA,"mean",0.0689639778572408
"pi","Probability of travel from i to j","point","NER","ZMB",NA,"mean",0.00895404412603208
"pi","Probability of travel from i to j","point","NGA","ZMB",NA,"mean",0.0082526430178324
"pi","Probability of travel from i to j","point","RWA","ZMB",NA,"mean",0.0161058837512619
"pi","Probability of travel from i to j","point","SEN","ZMB",NA,"mean",0.00177436091844753
"pi","Probability of travel from i to j","point","SLE","ZMB",NA,"mean",0.00231459868473825
"pi","Probability of travel from i to j","point","SOM","ZMB",NA,"mean",0.0156253454905146
"pi","Probability of travel from i to j","point","SSD","ZMB",NA,"mean",0.0213174965913797
"pi","Probability of travel from i to j","point","SWZ","ZMB",NA,"mean",0.0411151143609675
"pi","Probability of travel from i to j","point","TCD","ZMB",NA,"mean",0.0134407492331557
"pi","Probability of travel from i to j","point","TGO","ZMB",NA,"mean",0.0029518779699527
"pi","Probability of travel from i to j","point","TZA","ZMB",NA,"mean",0.0493026298173344
"pi","Probability of travel from i to j","point","UGA","ZMB",NA,"mean",0.0212528700019635
"pi","Probability of travel from i to j","point","ZAF","ZMB",NA,"mean",0.0552674213259339
"pi","Probability of travel from i to j","point","ZMB","ZMB",NA,"mean",NA
"pi","Probability of travel from i to j","point","ZWE","ZMB",NA,"mean",0.106622024276597
"pi","Probability of travel from i to j","point","AGO","ZWE",NA,"mean",0.0325552578681871
"pi","Probability of travel from i to j","point","BDI","ZWE",NA,"mean",0.00615599531271916
"pi","Probability of travel from i to j","point","BEN","ZWE",NA,"mean",0.00222841962678729
"pi","Probability of travel from i to j","point","BFA","ZWE",NA,"mean",0.00241181890900453
"pi","Probability of travel from i to j","point","BWA","ZWE",NA,"mean",0.0757314124051577
"pi","Probability of travel from i to j","point","CAF","ZWE",NA,"mean",0.0103149883725395
"pi","Probability of travel from i to j","point","CIV","ZWE",NA,"mean",0.00261082100027069
"pi","Probability of travel from i to j","point","CMR","ZWE",NA,"mean",0.00746676809607537
"pi","Probability of travel from i to j","point","COD","ZWE",NA,"mean",0.0219893002644698
"pi","Probability of travel from i to j","point","COG","ZWE",NA,"mean",0.011583993730361
"pi","Probability of travel from i to j","point","ERI","ZWE",NA,"mean",0.00729943167605368
"pi","Probability of travel from i to j","point","ETH","ZWE",NA,"mean",0.00896311919343813
"pi","Probability of travel from i to j","point","GAB","ZWE",NA,"mean",0.00769753279360305
"pi","Probability of travel from i to j","point","GHA","ZWE",NA,"mean",0.00237066045974899
"pi","Probability of travel from i to j","point","GIN","ZWE",NA,"mean",0.00154645680373757
"pi","Probability of travel from i to j","point","GMB","ZWE",NA,"mean",0.000776965056995269
"pi","Probability of travel from i to j","point","GNB","ZWE",NA,"mean",0.00122313486501892
"pi","Probability of travel from i to j","point","GNQ","ZWE",NA,"mean",0.00631831737891154
"pi","Probability of travel from i to j","point","KEN","ZWE",NA,"mean",0.0101682054497448
"pi","Probability of travel from i to j","point","LBR","ZWE",NA,"mean",0.0021233615066473
"pi","Probability of travel from i to j","point","MLI","ZWE",NA,"mean",0.00428508293158101
"pi","Probability of travel from i to j","point","MOZ","ZWE",NA,"mean",0.0574004752970394
"pi","Probability of travel from i to j","point","MRT","ZWE",NA,"mean",0.0107626458298266
"pi","Probability of travel from i to j","point","MWI","ZWE",NA,"mean",0.0425732706596373
"pi","Probability of travel from i to j","point","NAM","ZWE",NA,"mean",0.0460839023542531
"pi","Probability of travel from i to j","point","NER","ZWE",NA,"mean",0.00576033165173646
"pi","Probability of travel from i to j","point","NGA","ZWE",NA,"mean",0.00482839166039732
"pi","Probability of travel from i to j","point","RWA","ZWE",NA,"mean",0.00551129737736065
"pi","Probability of travel from i to j","point","SEN","ZWE",NA,"mean",0.00124601356236465
"pi","Probability of travel from i to j","point","SLE","ZWE",NA,"mean",0.00158257033780644
"pi","Probability of travel from i to j","point","SOM","ZWE",NA,"mean",0.0103360297338939
"pi","Probability of travel from i to j","point","SSD","ZWE",NA,"mean",0.0109785270235943
"pi","Probability of travel from i to j","point","SWZ","ZWE",NA,"mean",0.0622883140438969
"pi","Probability of travel from i to j","point","TCD","ZWE",NA,"mean",0.00874796375461365
"pi","Probability of travel from i to j","point","TGO","ZWE",NA,"mean",0.0018083020119806
"pi","Probability of travel from i to j","point","TZA","ZWE",NA,"mean",0.0232576314885188
"pi","Probability of travel from i to j","point","UGA","ZWE",NA,"mean",0.00896458864769995
"pi","Probability of travel from i to j","point","ZAF","ZWE",NA,"mean",0.0743105317039378
"pi","Probability of travel from i to j","point","ZMB","ZWE",NA,"mean",0.0668792175845971
"pi","Probability of travel from i to j","point","ZWE","ZWE",NA,"mean",NA
