"variable_name","variable_description","parameter_distribution","i","j","t","parameter_name","parameter_value"
"mu","disease mortality rate (case fatality ratio)","point",NA,"AGO",1970,"mean",0.0430267798503159
"mu","disease mortality rate (case fatality ratio)","beta",NA,"AGO",1970,"shape1",56.6766769224912
"mu","disease mortality rate (case fatality ratio)","beta",NA,"AGO",1970,"shape2",1260.56521567698
"mu","disease mortality rate (case fatality ratio)","point",NA,"AGO",1971,"mean",0.0459141505662247
"mu","disease mortality rate (case fatality ratio)","beta",NA,"AGO",1971,"shape1",70.5033782743018
"mu","disease mortality rate (case fatality ratio)","beta",NA,"AGO",1971,"shape2",1465.04453897641
"mu","disease mortality rate (case fatality ratio)","point",NA,"AGO",1972,"mean",0.0485817862151883
"mu","disease mortality rate (case fatality ratio)","beta",NA,"AGO",1972,"shape1",85.4894092633763
"mu","disease mortality rate (case fatality ratio)","beta",NA,"AGO",1972,"shape2",1674.21141533598
"mu","disease mortality rate (case fatality ratio)","point",NA,"AGO",1973,"mean",0.0506836938082836
"mu","disease mortality rate (case fatality ratio)","beta",NA,"AGO",1973,"shape1",101.679406179539
"mu","disease mortality rate (case fatality ratio)","beta",NA,"AGO",1973,"shape2",1904.47678606943
"mu","disease mortality rate (case fatality ratio)","point",NA,"AGO",1974,"mean",0.0522110515848113
"mu","disease mortality rate (case fatality ratio)","beta",NA,"AGO",1974,"shape1",121.504502486601
"mu","disease mortality rate (case fatality ratio)","beta",NA,"AGO",1974,"shape2",2205.67525732402
"mu","disease mortality rate (case fatality ratio)","point",NA,"AGO",1975,"mean",0.0535742418398417
"mu","disease mortality rate (case fatality ratio)","beta",NA,"AGO",1975,"shape1",147.549687853296
"mu","disease mortality rate (case fatality ratio)","beta",NA,"AGO",1975,"shape2",2606.56652146966
"mu","disease mortality rate (case fatality ratio)","point",NA,"AGO",1976,"mean",0.055373975605008
"mu","disease mortality rate (case fatality ratio)","beta",NA,"AGO",1976,"shape1",179.550797166464
"mu","disease mortality rate (case fatality ratio)","beta",NA,"AGO",1976,"shape2",3062.96150585527
"mu","disease mortality rate (case fatality ratio)","point",NA,"AGO",1977,"mean",0.0580403790131664
"mu","disease mortality rate (case fatality ratio)","beta",NA,"AGO",1977,"shape1",215.074385944463
"mu","disease mortality rate (case fatality ratio)","beta",NA,"AGO",1977,"shape2",3490.52488134622
"mu","disease mortality rate (case fatality ratio)","point",NA,"AGO",1978,"mean",0.0615371665088666
"mu","disease mortality rate (case fatality ratio)","beta",NA,"AGO",1978,"shape1",254.884029304645
"mu","disease mortality rate (case fatality ratio)","beta",NA,"AGO",1978,"shape2",3887.06861110365
"mu","disease mortality rate (case fatality ratio)","point",NA,"AGO",1979,"mean",0.065254367402507
"mu","disease mortality rate (case fatality ratio)","beta",NA,"AGO",1979,"shape1",305.386254257796
"mu","disease mortality rate (case fatality ratio)","beta",NA,"AGO",1979,"shape2",4374.54960925443
"mu","disease mortality rate (case fatality ratio)","point",NA,"AGO",1980,"mean",0.0682169040729509
"mu","disease mortality rate (case fatality ratio)","beta",NA,"AGO",1980,"shape1",375.825522978365
"mu","disease mortality rate (case fatality ratio)","beta",NA,"AGO",1980,"shape2",5133.44711385163
"mu","disease mortality rate (case fatality ratio)","point",NA,"AGO",1981,"mean",0.0696421380590577
"mu","disease mortality rate (case fatality ratio)","beta",NA,"AGO",1981,"shape1",478.992799168465
"mu","disease mortality rate (case fatality ratio)","beta",NA,"AGO",1981,"shape2",6398.9235388146
"mu","disease mortality rate (case fatality ratio)","point",NA,"AGO",1982,"mean",0.0695267200420721
"mu","disease mortality rate (case fatality ratio)","beta",NA,"AGO",1982,"shape1",639.289623836901
"mu","disease mortality rate (case fatality ratio)","beta",NA,"AGO",1982,"shape2",8555.58715806872
"mu","disease mortality rate (case fatality ratio)","point",NA,"AGO",1983,"mean",0.0687481318461354
"mu","disease mortality rate (case fatality ratio)","beta",NA,"AGO",1983,"shape1",900.30995733088
"mu","disease mortality rate (case fatality ratio)","beta",NA,"AGO",1983,"shape2",12195.4634572232
"mu","disease mortality rate (case fatality ratio)","point",NA,"AGO",1984,"mean",0.0685742048181387
"mu","disease mortality rate (case fatality ratio)","beta",NA,"AGO",1984,"shape1",1313.61045178878
"mu","disease mortality rate (case fatality ratio)","beta",NA,"AGO",1984,"shape2",17842.4330673818
"mu","disease mortality rate (case fatality ratio)","point",NA,"AGO",1985,"mean",0.0699906004559235
"mu","disease mortality rate (case fatality ratio)","beta",NA,"AGO",1985,"shape1",1904.00544571929
"mu","disease mortality rate (case fatality ratio)","beta",NA,"AGO",1985,"shape2",25299.7252454946
"mu","disease mortality rate (case fatality ratio)","point",NA,"AGO",1986,"mean",0.0731996414533371
"mu","disease mortality rate (case fatality ratio)","beta",NA,"AGO",1986,"shape1",2700.46600112888
"mu","disease mortality rate (case fatality ratio)","beta",NA,"AGO",1986,"shape2",34191.3267387352
"mu","disease mortality rate (case fatality ratio)","point",NA,"AGO",1987,"mean",0.0773379171163395
"mu","disease mortality rate (case fatality ratio)","beta",NA,"AGO",1987,"shape1",3812.64409881555
"mu","disease mortality rate (case fatality ratio)","beta",NA,"AGO",1987,"shape2",45485.8661400907
"mu","disease mortality rate (case fatality ratio)","point",NA,"AGO",1988,"mean",0.0805429572969334
"mu","disease mortality rate (case fatality ratio)","beta",NA,"AGO",1988,"shape1",5042.02564276289
"mu","disease mortality rate (case fatality ratio)","beta",NA,"AGO",1988,"shape2",57558.4277298979
"mu","disease mortality rate (case fatality ratio)","point",NA,"AGO",1989,"mean",0.0807316705413916
"mu","disease mortality rate (case fatality ratio)","beta",NA,"AGO",1989,"shape1",5363.87354045138
"mu","disease mortality rate (case fatality ratio)","beta",NA,"AGO",1989,"shape2",61076.8863804187
"mu","disease mortality rate (case fatality ratio)","point",NA,"AGO",1990,"mean",0.0769697639607631
"mu","disease mortality rate (case fatality ratio)","beta",NA,"AGO",1990,"shape1",4647.99525087329
"mu","disease mortality rate (case fatality ratio)","beta",NA,"AGO",1990,"shape2",55739.2920642171
"mu","disease mortality rate (case fatality ratio)","point",NA,"AGO",1991,"mean",0.0702981372425954
"mu","disease mortality rate (case fatality ratio)","beta",NA,"AGO",1991,"shape1",3819.92565079385
"mu","disease mortality rate (case fatality ratio)","beta",NA,"AGO",1991,"shape2",50519.0056584594
"mu","disease mortality rate (case fatality ratio)","point",NA,"AGO",1992,"mean",0.063074801491332
"mu","disease mortality rate (case fatality ratio)","beta",NA,"AGO",1992,"shape1",3189.53547842502
"mu","disease mortality rate (case fatality ratio)","beta",NA,"AGO",1992,"shape2",47377.9717195697
"mu","disease mortality rate (case fatality ratio)","point",NA,"AGO",1993,"mean",0.0575288834293435
"mu","disease mortality rate (case fatality ratio)","beta",NA,"AGO",1993,"shape1",2759.58503151952
"mu","disease mortality rate (case fatality ratio)","beta",NA,"AGO",1993,"shape2",45209.1024697566
"mu","disease mortality rate (case fatality ratio)","point",NA,"AGO",1994,"mean",0.0548894197727478
"mu","disease mortality rate (case fatality ratio)","beta",NA,"AGO",1994,"shape1",2553.13065180934
"mu","disease mortality rate (case fatality ratio)","beta",NA,"AGO",1994,"shape2",43960.9455104049
"mu","disease mortality rate (case fatality ratio)","point",NA,"AGO",1995,"mean",0.0553453013449285
"mu","disease mortality rate (case fatality ratio)","beta",NA,"AGO",1995,"shape1",2578.0688540443
"mu","disease mortality rate (case fatality ratio)","beta",NA,"AGO",1995,"shape2",44003.461852185
"mu","disease mortality rate (case fatality ratio)","point",NA,"AGO",1996,"mean",0.0581961625232268
"mu","disease mortality rate (case fatality ratio)","beta",NA,"AGO",1996,"shape1",2776.50816750203
"mu","disease mortality rate (case fatality ratio)","beta",NA,"AGO",1996,"shape2",44932.9635076087
"mu","disease mortality rate (case fatality ratio)","point",NA,"AGO",1997,"mean",0.0618676226283468
"mu","disease mortality rate (case fatality ratio)","beta",NA,"AGO",1997,"shape1",3001.0402139546
"mu","disease mortality rate (case fatality ratio)","beta",NA,"AGO",1997,"shape2",45506.4033641274
"mu","disease mortality rate (case fatality ratio)","point",NA,"AGO",1998,"mean",0.064185290116067
"mu","disease mortality rate (case fatality ratio)","beta",NA,"AGO",1998,"shape1",3076.44063596254
"mu","disease mortality rate (case fatality ratio)","beta",NA,"AGO",1998,"shape2",44854.1775851186
"mu","disease mortality rate (case fatality ratio)","point",NA,"AGO",1999,"mean",0.0633601401527293
"mu","disease mortality rate (case fatality ratio)","beta",NA,"AGO",1999,"shape1",2942.67387548452
"mu","disease mortality rate (case fatality ratio)","beta",NA,"AGO",1999,"shape2",43500.9398600789
"mu","disease mortality rate (case fatality ratio)","point",NA,"AGO",2000,"mean",0.0591485140985464
"mu","disease mortality rate (case fatality ratio)","beta",NA,"AGO",2000,"shape1",2693.73368604385
"mu","disease mortality rate (case fatality ratio)","beta",NA,"AGO",2000,"shape2",42848.1320243248
"mu","disease mortality rate (case fatality ratio)","point",NA,"AGO",2001,"mean",0.0529577454467536
"mu","disease mortality rate (case fatality ratio)","beta",NA,"AGO",2001,"shape1",2497.11555788722
"mu","disease mortality rate (case fatality ratio)","beta",NA,"AGO",2001,"shape2",44655.8653105667
"mu","disease mortality rate (case fatality ratio)","point",NA,"AGO",2002,"mean",0.0467372249622751
"mu","disease mortality rate (case fatality ratio)","beta",NA,"AGO",2002,"shape1",2490.27563044481
"mu","disease mortality rate (case fatality ratio)","beta",NA,"AGO",2002,"shape2",50792.2124174631
"mu","disease mortality rate (case fatality ratio)","point",NA,"AGO",2003,"mean",0.0418430295477214
"mu","disease mortality rate (case fatality ratio)","beta",NA,"AGO",2003,"shape1",2738.76919490237
"mu","disease mortality rate (case fatality ratio)","beta",NA,"AGO",2003,"shape2",62714.6462127663
"mu","disease mortality rate (case fatality ratio)","point",NA,"AGO",2004,"mean",0.0387071230898064
"mu","disease mortality rate (case fatality ratio)","beta",NA,"AGO",2004,"shape1",3206.14708840064
"mu","disease mortality rate (case fatality ratio)","beta",NA,"AGO",2004,"shape2",79624.785113972
"mu","disease mortality rate (case fatality ratio)","point",NA,"AGO",2005,"mean",0.0370722964459302
"mu","disease mortality rate (case fatality ratio)","beta",NA,"AGO",2005,"shape1",3681.06608730605
"mu","disease mortality rate (case fatality ratio)","beta",NA,"AGO",2005,"shape2",95613.1897372522
"mu","disease mortality rate (case fatality ratio)","point",NA,"AGO",2006,"mean",0.0363164514869127
"mu","disease mortality rate (case fatality ratio)","beta",NA,"AGO",2006,"shape1",3889.76625533481
"mu","disease mortality rate (case fatality ratio)","beta",NA,"AGO",2006,"shape2",103217.7868253
"mu","disease mortality rate (case fatality ratio)","point",NA,"AGO",2007,"mean",0.0357329454217811
"mu","disease mortality rate (case fatality ratio)","beta",NA,"AGO",2007,"shape1",3722.71818992657
"mu","disease mortality rate (case fatality ratio)","beta",NA,"AGO",2007,"shape2",100458.959138508
"mu","disease mortality rate (case fatality ratio)","point",NA,"AGO",2008,"mean",0.0348077811368472
"mu","disease mortality rate (case fatality ratio)","beta",NA,"AGO",2008,"shape1",3231.51348660406
"mu","disease mortality rate (case fatality ratio)","beta",NA,"AGO",2008,"shape2",89607.3110825152
"mu","disease mortality rate (case fatality ratio)","point",NA,"AGO",2009,"mean",0.0334210987996047
"mu","disease mortality rate (case fatality ratio)","beta",NA,"AGO",2009,"shape1",2659.80477525335
"mu","disease mortality rate (case fatality ratio)","beta",NA,"AGO",2009,"shape2",76924.7950968733
"mu","disease mortality rate (case fatality ratio)","point",NA,"AGO",2010,"mean",0.0318258421828104
"mu","disease mortality rate (case fatality ratio)","beta",NA,"AGO",2010,"shape1",2248.377792803
"mu","disease mortality rate (case fatality ratio)","beta",NA,"AGO",2010,"shape2",68397.9158665485
"mu","disease mortality rate (case fatality ratio)","point",NA,"AGO",2011,"mean",0.0304202175125563
"mu","disease mortality rate (case fatality ratio)","beta",NA,"AGO",2011,"shape1",2031.03388693074
"mu","disease mortality rate (case fatality ratio)","beta",NA,"AGO",2011,"shape2",64734.8886805989
"mu","disease mortality rate (case fatality ratio)","point",NA,"AGO",2012,"mean",0.029504764975185
"mu","disease mortality rate (case fatality ratio)","beta",NA,"AGO",2012,"shape1",1918.2943382889
"mu","disease mortality rate (case fatality ratio)","beta",NA,"AGO",2012,"shape2",63098.1306324668
"mu","disease mortality rate (case fatality ratio)","point",NA,"AGO",2013,"mean",0.029165816472061
"mu","disease mortality rate (case fatality ratio)","beta",NA,"AGO",2013,"shape1",1835.3926197007
"mu","disease mortality rate (case fatality ratio)","beta",NA,"AGO",2013,"shape2",61094.1887091433
"mu","disease mortality rate (case fatality ratio)","point",NA,"AGO",2014,"mean",0.029285270745074
"mu","disease mortality rate (case fatality ratio)","beta",NA,"AGO",2014,"shape1",1798.85830197014
"mu","disease mortality rate (case fatality ratio)","beta",NA,"AGO",2014,"shape2",59626.5018263026
"mu","disease mortality rate (case fatality ratio)","point",NA,"AGO",2015,"mean",0.0296256682355764
"mu","disease mortality rate (case fatality ratio)","beta",NA,"AGO",2015,"shape1",1846.18388467034
"mu","disease mortality rate (case fatality ratio)","beta",NA,"AGO",2015,"shape2",60470.8538270168
"mu","disease mortality rate (case fatality ratio)","point",NA,"AGO",2016,"mean",0.0299509634623044
"mu","disease mortality rate (case fatality ratio)","beta",NA,"AGO",2016,"shape1",1912.57728819834
"mu","disease mortality rate (case fatality ratio)","beta",NA,"AGO",2016,"shape2",61944.3764490484
"mu","disease mortality rate (case fatality ratio)","point",NA,"AGO",2017,"mean",0.0301320968396759
"mu","disease mortality rate (case fatality ratio)","beta",NA,"AGO",2017,"shape1",1850.82973315605
"mu","disease mortality rate (case fatality ratio)","beta",NA,"AGO",2017,"shape2",59573.0314406538
"mu","disease mortality rate (case fatality ratio)","point",NA,"AGO",2018,"mean",0.0301732093387627
"mu","disease mortality rate (case fatality ratio)","beta",NA,"AGO",2018,"shape1",1673.31775762638
"mu","disease mortality rate (case fatality ratio)","beta",NA,"AGO",2018,"shape2",53783.7514205177
"mu","disease mortality rate (case fatality ratio)","point",NA,"AGO",2019,"mean",0.0301393591972243
"mu","disease mortality rate (case fatality ratio)","beta",NA,"AGO",2019,"shape1",1524.71518260915
"mu","disease mortality rate (case fatality ratio)","beta",NA,"AGO",2019,"shape2",49064.1235724485
"mu","disease mortality rate (case fatality ratio)","point",NA,"AGO",2020,"mean",0.0300416482156419
"mu","disease mortality rate (case fatality ratio)","beta",NA,"AGO",2020,"shape1",1437.83611240022
"mu","disease mortality rate (case fatality ratio)","beta",NA,"AGO",2020,"shape2",46423.589535064
"mu","disease mortality rate (case fatality ratio)","point",NA,"AGO",2021,"mean",0.0297652220118917
"mu","disease mortality rate (case fatality ratio)","beta",NA,"AGO",2021,"shape1",1348.53743981067
"mu","disease mortality rate (case fatality ratio)","beta",NA,"AGO",2021,"shape2",43957.270770587
"mu","disease mortality rate (case fatality ratio)","point",NA,"AGO",2022,"mean",0.0290982109321612
"mu","disease mortality rate (case fatality ratio)","beta",NA,"AGO",2022,"shape1",1239.00025695251
"mu","disease mortality rate (case fatality ratio)","beta",NA,"AGO",2022,"shape2",41340.9459755181
"mu","disease mortality rate (case fatality ratio)","point",NA,"AGO",2023,"mean",0.0278602926130445
"mu","disease mortality rate (case fatality ratio)","beta",NA,"AGO",2023,"shape1",1163.44416385426
"mu","disease mortality rate (case fatality ratio)","beta",NA,"AGO",2023,"shape2",40596.4964086839
"mu","disease mortality rate (case fatality ratio)","point",NA,"AGO",2024,"mean",0.026049332563757
"mu","disease mortality rate (case fatality ratio)","beta",NA,"AGO",2024,"shape1",1129.73119242371
"mu","disease mortality rate (case fatality ratio)","beta",NA,"AGO",2024,"shape2",42239.1800707974
"mu","disease mortality rate (case fatality ratio)","point",NA,"AGO",2025,"mean",0.0238803307248462
"mu","disease mortality rate (case fatality ratio)","beta",NA,"AGO",2025,"shape1",1049.41679499448
"mu","disease mortality rate (case fatality ratio)","beta",NA,"AGO",2025,"shape2",42895.4015195448
"mu","disease mortality rate (case fatality ratio)","point",NA,"AGO",2026,"mean",0.021665485071498
"mu","disease mortality rate (case fatality ratio)","beta",NA,"AGO",2026,"shape1",861.494298041162
"mu","disease mortality rate (case fatality ratio)","beta",NA,"AGO",2026,"shape2",38901.949502001
"mu","disease mortality rate (case fatality ratio)","point",NA,"BDI",1970,"mean",0.00757437962661552
"mu","disease mortality rate (case fatality ratio)","beta",NA,"BDI",1970,"shape1",20.321221096149
"mu","disease mortality rate (case fatality ratio)","beta",NA,"BDI",1970,"shape2",2662.56795239372
"mu","disease mortality rate (case fatality ratio)","point",NA,"BDI",1971,"mean",0.00907937012147663
"mu","disease mortality rate (case fatality ratio)","beta",NA,"BDI",1971,"shape1",25.751145647364
"mu","disease mortality rate (case fatality ratio)","beta",NA,"BDI",1971,"shape2",2810.47485933193
"mu","disease mortality rate (case fatality ratio)","point",NA,"BDI",1972,"mean",0.0107839393948704
"mu","disease mortality rate (case fatality ratio)","beta",NA,"BDI",1972,"shape1",32.9168539136338
"mu","disease mortality rate (case fatality ratio)","beta",NA,"BDI",1972,"shape2",3019.47918693313
"mu","disease mortality rate (case fatality ratio)","point",NA,"BDI",1973,"mean",0.0126108107840312
"mu","disease mortality rate (case fatality ratio)","beta",NA,"BDI",1973,"shape1",42.907904595082
"mu","disease mortality rate (case fatality ratio)","beta",NA,"BDI",1973,"shape2",3359.56203408763
"mu","disease mortality rate (case fatality ratio)","point",NA,"BDI",1974,"mean",0.0145320266399475
"mu","disease mortality rate (case fatality ratio)","beta",NA,"BDI",1974,"shape1",58.1719121095017
"mu","disease mortality rate (case fatality ratio)","beta",NA,"BDI",1974,"shape2",3944.84250224558
"mu","disease mortality rate (case fatality ratio)","point",NA,"BDI",1975,"mean",0.0166399957668613
"mu","disease mortality rate (case fatality ratio)","beta",NA,"BDI",1975,"shape1",83.3225263533888
"mu","disease mortality rate (case fatality ratio)","beta",NA,"BDI",1975,"shape2",4924.04211008037
"mu","disease mortality rate (case fatality ratio)","point",NA,"BDI",1976,"mean",0.0191384059061422
"mu","disease mortality rate (case fatality ratio)","beta",NA,"BDI",1976,"shape1",125.843787354311
"mu","disease mortality rate (case fatality ratio)","beta",NA,"BDI",1976,"shape2",6449.61437627064
"mu","disease mortality rate (case fatality ratio)","point",NA,"BDI",1977,"mean",0.0222442805792323
"mu","disease mortality rate (case fatality ratio)","beta",NA,"BDI",1977,"shape1",194.847870482857
"mu","disease mortality rate (case fatality ratio)","beta",NA,"BDI",1977,"shape2",8564.61143362118
"mu","disease mortality rate (case fatality ratio)","point",NA,"BDI",1978,"mean",0.0260345579698892
"mu","disease mortality rate (case fatality ratio)","beta",NA,"BDI",1978,"shape1",291.059492040106
"mu","disease mortality rate (case fatality ratio)","beta",NA,"BDI",1978,"shape2",10888.6767791398
"mu","disease mortality rate (case fatality ratio)","point",NA,"BDI",1979,"mean",0.0302968471302254
"mu","disease mortality rate (case fatality ratio)","beta",NA,"BDI",1979,"shape1",381.361167363338
"mu","disease mortality rate (case fatality ratio)","beta",NA,"BDI",1979,"shape2",12206.1257656541
"mu","disease mortality rate (case fatality ratio)","point",NA,"BDI",1980,"mean",0.0345063117350539
"mu","disease mortality rate (case fatality ratio)","beta",NA,"BDI",1980,"shape1",404.061734627364
"mu","disease mortality rate (case fatality ratio)","beta",NA,"BDI",1980,"shape2",11305.7303095015
"mu","disease mortality rate (case fatality ratio)","point",NA,"BDI",1981,"mean",0.0380609066161962
"mu","disease mortality rate (case fatality ratio)","beta",NA,"BDI",1981,"shape1",355.742763960245
"mu","disease mortality rate (case fatality ratio)","beta",NA,"BDI",1981,"shape2",8990.92802209151
"mu","disease mortality rate (case fatality ratio)","point",NA,"BDI",1982,"mean",0.0406936145786102
"mu","disease mortality rate (case fatality ratio)","beta",NA,"BDI",1982,"shape1",288.351005592352
"mu","disease mortality rate (case fatality ratio)","beta",NA,"BDI",1982,"shape2",6797.55199364423
"mu","disease mortality rate (case fatality ratio)","point",NA,"BDI",1983,"mean",0.0427118160648118
"mu","disease mortality rate (case fatality ratio)","beta",NA,"BDI",1983,"shape1",231.464557324794
"mu","disease mortality rate (case fatality ratio)","beta",NA,"BDI",1983,"shape2",5187.75145010429
"mu","disease mortality rate (case fatality ratio)","point",NA,"BDI",1984,"mean",0.0448256601576364
"mu","disease mortality rate (case fatality ratio)","beta",NA,"BDI",1984,"shape1",189.577042037827
"mu","disease mortality rate (case fatality ratio)","beta",NA,"BDI",1984,"shape2",4039.63099128838
"mu","disease mortality rate (case fatality ratio)","point",NA,"BDI",1985,"mean",0.0477094575269917
"mu","disease mortality rate (case fatality ratio)","beta",NA,"BDI",1985,"shape1",160.657085097426
"mu","disease mortality rate (case fatality ratio)","beta",NA,"BDI",1985,"shape2",3206.74831888425
"mu","disease mortality rate (case fatality ratio)","point",NA,"BDI",1986,"mean",0.0515534417237398
"mu","disease mortality rate (case fatality ratio)","beta",NA,"BDI",1986,"shape1",142.172453809469
"mu","disease mortality rate (case fatality ratio)","beta",NA,"BDI",1986,"shape2",2615.5959716495
"mu","disease mortality rate (case fatality ratio)","point",NA,"BDI",1987,"mean",0.055732697151968
"mu","disease mortality rate (case fatality ratio)","beta",NA,"BDI",1987,"shape1",131.66924747675
"mu","disease mortality rate (case fatality ratio)","beta",NA,"BDI",1987,"shape2",2230.84421778267
"mu","disease mortality rate (case fatality ratio)","point",NA,"BDI",1988,"mean",0.0587858347118427
"mu","disease mortality rate (case fatality ratio)","beta",NA,"BDI",1988,"shape1",126.971875160808
"mu","disease mortality rate (case fatality ratio)","beta",NA,"BDI",1988,"shape2",2032.93409169669
"mu","disease mortality rate (case fatality ratio)","point",NA,"BDI",1989,"mean",0.0590468004664765
"mu","disease mortality rate (case fatality ratio)","beta",NA,"BDI",1989,"shape1",126.601980046136
"mu","disease mortality rate (case fatality ratio)","beta",NA,"BDI",1989,"shape2",2017.49353479914
"mu","disease mortality rate (case fatality ratio)","point",NA,"BDI",1990,"mean",0.0558135101681986
"mu","disease mortality rate (case fatality ratio)","beta",NA,"BDI",1990,"shape1",130.0192603013
"mu","disease mortality rate (case fatality ratio)","beta",NA,"BDI",1990,"shape2",2199.5109898026
"mu","disease mortality rate (case fatality ratio)","point",NA,"BDI",1991,"mean",0.0500271360372147
"mu","disease mortality rate (case fatality ratio)","beta",NA,"BDI",1991,"shape1",137.420479005694
"mu","disease mortality rate (case fatality ratio)","beta",NA,"BDI",1991,"shape2",2609.49829130865
"mu","disease mortality rate (case fatality ratio)","point",NA,"BDI",1992,"mean",0.0436472030215807
"mu","disease mortality rate (case fatality ratio)","beta",NA,"BDI",1992,"shape1",149.343070917824
"mu","disease mortality rate (case fatality ratio)","beta",NA,"BDI",1992,"shape2",3272.252371154
"mu","disease mortality rate (case fatality ratio)","point",NA,"BDI",1993,"mean",0.0383998682269935
"mu","disease mortality rate (case fatality ratio)","beta",NA,"BDI",1993,"shape1",166.598424281313
"mu","disease mortality rate (case fatality ratio)","beta",NA,"BDI",1993,"shape2",4171.91709604542
"mu","disease mortality rate (case fatality ratio)","point",NA,"BDI",1994,"mean",0.0350979160288771
"mu","disease mortality rate (case fatality ratio)","beta",NA,"BDI",1994,"shape1",190.54643036864
"mu","disease mortality rate (case fatality ratio)","beta",NA,"BDI",1994,"shape2",5238.44913198516
"mu","disease mortality rate (case fatality ratio)","point",NA,"BDI",1995,"mean",0.0337037623301775
"mu","disease mortality rate (case fatality ratio)","beta",NA,"BDI",1995,"shape1",222.860908768807
"mu","disease mortality rate (case fatality ratio)","beta",NA,"BDI",1995,"shape2",6389.4842230761
"mu","disease mortality rate (case fatality ratio)","point",NA,"BDI",1996,"mean",0.0335818939276022
"mu","disease mortality rate (case fatality ratio)","beta",NA,"BDI",1996,"shape1",263.767038272485
"mu","disease mortality rate (case fatality ratio)","beta",NA,"BDI",1996,"shape2",7590.67496672964
"mu","disease mortality rate (case fatality ratio)","point",NA,"BDI",1997,"mean",0.0336717387385775
"mu","disease mortality rate (case fatality ratio)","beta",NA,"BDI",1997,"shape1",308.664374993619
"mu","disease mortality rate (case fatality ratio)","beta",NA,"BDI",1997,"shape2",8858.20334722426
"mu","disease mortality rate (case fatality ratio)","point",NA,"BDI",1998,"mean",0.0327917907103454
"mu","disease mortality rate (case fatality ratio)","beta",NA,"BDI",1998,"shape1",345.350030901227
"mu","disease mortality rate (case fatality ratio)","beta",NA,"BDI",1998,"shape2",10186.2502086756
"mu","disease mortality rate (case fatality ratio)","point",NA,"BDI",1999,"mean",0.0302368130143655
"mu","disease mortality rate (case fatality ratio)","beta",NA,"BDI",1999,"shape1",357.581088209141
"mu","disease mortality rate (case fatality ratio)","beta",NA,"BDI",1999,"shape2",11468.4366881767
"mu","disease mortality rate (case fatality ratio)","point",NA,"BDI",2000,"mean",0.0262510064709918
"mu","disease mortality rate (case fatality ratio)","beta",NA,"BDI",2000,"shape1",338.155947645196
"mu","disease mortality rate (case fatality ratio)","beta",NA,"BDI",2000,"shape2",12543.4814866706
"mu","disease mortality rate (case fatality ratio)","point",NA,"BDI",2001,"mean",0.0217965573345537
"mu","disease mortality rate (case fatality ratio)","beta",NA,"BDI",2001,"shape1",297.275510431789
"mu","disease mortality rate (case fatality ratio)","beta",NA,"BDI",2001,"shape2",13341.3696145267
"mu","disease mortality rate (case fatality ratio)","point",NA,"BDI",2002,"mean",0.0178268357117503
"mu","disease mortality rate (case fatality ratio)","beta",NA,"BDI",2002,"shape1",251.529476798634
"mu","disease mortality rate (case fatality ratio)","beta",NA,"BDI",2002,"shape2",13858.0680348249
"mu","disease mortality rate (case fatality ratio)","point",NA,"BDI",2003,"mean",0.0148088218370379
"mu","disease mortality rate (case fatality ratio)","beta",NA,"BDI",2003,"shape1",210.743565410582
"mu","disease mortality rate (case fatality ratio)","beta",NA,"BDI",2003,"shape2",14020.2038880525
"mu","disease mortality rate (case fatality ratio)","point",NA,"BDI",2004,"mean",0.0127437884286364
"mu","disease mortality rate (case fatality ratio)","beta",NA,"BDI",2004,"shape1",177.553438566851
"mu","disease mortality rate (case fatality ratio)","beta",NA,"BDI",2004,"shape2",13754.9941363657
"mu","disease mortality rate (case fatality ratio)","point",NA,"BDI",2005,"mean",0.0113932470191027
"mu","disease mortality rate (case fatality ratio)","beta",NA,"BDI",2005,"shape1",151.778106429616
"mu","disease mortality rate (case fatality ratio)","beta",NA,"BDI",2005,"shape2",13169.9822464474
"mu","disease mortality rate (case fatality ratio)","point",NA,"BDI",2006,"mean",0.0104582087529043
"mu","disease mortality rate (case fatality ratio)","beta",NA,"BDI",2006,"shape1",132.566672575429
"mu","disease mortality rate (case fatality ratio)","beta",NA,"BDI",2006,"shape2",12543.2820991958
"mu","disease mortality rate (case fatality ratio)","point",NA,"BDI",2007,"mean",0.00968131640019542
"mu","disease mortality rate (case fatality ratio)","beta",NA,"BDI",2007,"shape1",118.736131934641
"mu","disease mortality rate (case fatality ratio)","beta",NA,"BDI",2007,"shape2",12145.7253345086
"mu","disease mortality rate (case fatality ratio)","point",NA,"BDI",2008,"mean",0.00891038095298496
"mu","disease mortality rate (case fatality ratio)","beta",NA,"BDI",2008,"shape1",108.999181139122
"mu","disease mortality rate (case fatality ratio)","beta",NA,"BDI",2008,"shape2",12123.8314592396
"mu","disease mortality rate (case fatality ratio)","point",NA,"BDI",2009,"mean",0.0081207904177486
"mu","disease mortality rate (case fatality ratio)","beta",NA,"BDI",2009,"shape1",102.351750609449
"mu","disease mortality rate (case fatality ratio)","beta",NA,"BDI",2009,"shape2",12501.3167772411
"mu","disease mortality rate (case fatality ratio)","point",NA,"BDI",2010,"mean",0.00737830835860569
"mu","disease mortality rate (case fatality ratio)","beta",NA,"BDI",2010,"shape1",98.1939129678216
"mu","disease mortality rate (case fatality ratio)","beta",NA,"BDI",2010,"shape2",13210.2649092083
"mu","disease mortality rate (case fatality ratio)","point",NA,"BDI",2011,"mean",0.00676741927613526
"mu","disease mortality rate (case fatality ratio)","beta",NA,"BDI",2011,"shape1",96.0785184713655
"mu","disease mortality rate (case fatality ratio)","beta",NA,"BDI",2011,"shape2",14101.1382566409
"mu","disease mortality rate (case fatality ratio)","point",NA,"BDI",2012,"mean",0.00633699097361482
"mu","disease mortality rate (case fatality ratio)","beta",NA,"BDI",2012,"shape1",95.4786971323434
"mu","disease mortality rate (case fatality ratio)","beta",NA,"BDI",2012,"shape2",14971.4036023511
"mu","disease mortality rate (case fatality ratio)","point",NA,"BDI",2013,"mean",0.0060852441082616
"mu","disease mortality rate (case fatality ratio)","beta",NA,"BDI",2013,"shape1",95.8922179355185
"mu","disease mortality rate (case fatality ratio)","beta",NA,"BDI",2013,"shape2",15662.2624640321
"mu","disease mortality rate (case fatality ratio)","point",NA,"BDI",2014,"mean",0.00597120446151574
"mu","disease mortality rate (case fatality ratio)","beta",NA,"BDI",2014,"shape1",97.01985628141
"mu","disease mortality rate (case fatality ratio)","beta",NA,"BDI",2014,"shape2",16150.934288766
"mu","disease mortality rate (case fatality ratio)","point",NA,"BDI",2015,"mean",0.00593617903373576
"mu","disease mortality rate (case fatality ratio)","beta",NA,"BDI",2015,"shape1",98.5173188599953
"mu","disease mortality rate (case fatality ratio)","beta",NA,"BDI",2015,"shape2",16497.5654980689
"mu","disease mortality rate (case fatality ratio)","point",NA,"BDI",2016,"mean",0.00592748240351988
"mu","disease mortality rate (case fatality ratio)","beta",NA,"BDI",2016,"shape1",99.5068151223912
"mu","disease mortality rate (case fatality ratio)","beta",NA,"BDI",2016,"shape2",16687.858941257
"mu","disease mortality rate (case fatality ratio)","point",NA,"BDI",2017,"mean",0.005916724183917
"mu","disease mortality rate (case fatality ratio)","beta",NA,"BDI",2017,"shape1",98.7128662228591
"mu","disease mortality rate (case fatality ratio)","beta",NA,"BDI",2017,"shape2",16584.9896614669
"mu","disease mortality rate (case fatality ratio)","point",NA,"BDI",2018,"mean",0.00590244840118912
"mu","disease mortality rate (case fatality ratio)","beta",NA,"BDI",2018,"shape1",95.3554551793263
"mu","disease mortality rate (case fatality ratio)","beta",NA,"BDI",2018,"shape2",16059.8819476781
"mu","disease mortality rate (case fatality ratio)","point",NA,"BDI",2019,"mean",0.00589471262934843
"mu","disease mortality rate (case fatality ratio)","beta",NA,"BDI",2019,"shape1",89.5502199463309
"mu","disease mortality rate (case fatality ratio)","beta",NA,"BDI",2019,"shape2",15102.0673494125
"mu","disease mortality rate (case fatality ratio)","point",NA,"BDI",2020,"mean",0.00589233776459746
"mu","disease mortality rate (case fatality ratio)","beta",NA,"BDI",2020,"shape1",81.7801641982726
"mu","disease mortality rate (case fatality ratio)","beta",NA,"BDI",2020,"shape2",13797.2891399457
"mu","disease mortality rate (case fatality ratio)","point",NA,"BDI",2021,"mean",0.00586856287128431
"mu","disease mortality rate (case fatality ratio)","beta",NA,"BDI",2021,"shape1",72.6630558665226
"mu","disease mortality rate (case fatality ratio)","beta",NA,"BDI",2021,"shape2",12309.0831161091
"mu","disease mortality rate (case fatality ratio)","point",NA,"BDI",2022,"mean",0.00577624850898312
"mu","disease mortality rate (case fatality ratio)","beta",NA,"BDI",2022,"shape1",63.1419882813597
"mu","disease mortality rate (case fatality ratio)","beta",NA,"BDI",2022,"shape2",10868.1723731355
"mu","disease mortality rate (case fatality ratio)","point",NA,"BDI",2023,"mean",0.00557340451519059
"mu","disease mortality rate (case fatality ratio)","beta",NA,"BDI",2023,"shape1",54.1643191996707
"mu","disease mortality rate (case fatality ratio)","beta",NA,"BDI",2023,"shape2",9664.1898845986
"mu","disease mortality rate (case fatality ratio)","point",NA,"BDI",2024,"mean",0.00525380691174804
"mu","disease mortality rate (case fatality ratio)","beta",NA,"BDI",2024,"shape1",46.1766415534269
"mu","disease mortality rate (case fatality ratio)","beta",NA,"BDI",2024,"shape2",8743.00086898112
"mu","disease mortality rate (case fatality ratio)","point",NA,"BDI",2025,"mean",0.00485679207130493
"mu","disease mortality rate (case fatality ratio)","beta",NA,"BDI",2025,"shape1",39.1931671925933
"mu","disease mortality rate (case fatality ratio)","beta",NA,"BDI",2025,"shape2",8030.57111696438
"mu","disease mortality rate (case fatality ratio)","point",NA,"BDI",2026,"mean",0.00444406570640712
"mu","disease mortality rate (case fatality ratio)","beta",NA,"BDI",2026,"shape1",33.1581668034761
"mu","disease mortality rate (case fatality ratio)","beta",NA,"BDI",2026,"shape2",7428.0651800231
"mu","disease mortality rate (case fatality ratio)","point",NA,"BEN",1970,"mean",0.134325918641888
"mu","disease mortality rate (case fatality ratio)","beta",NA,"BEN",1970,"shape1",271.295475319253
"mu","disease mortality rate (case fatality ratio)","beta",NA,"BEN",1970,"shape2",1748.38529859398
"mu","disease mortality rate (case fatality ratio)","point",NA,"BEN",1971,"mean",0.130113572630756
"mu","disease mortality rate (case fatality ratio)","beta",NA,"BEN",1971,"shape1",346.501160133274
"mu","disease mortality rate (case fatality ratio)","beta",NA,"BEN",1971,"shape2",2316.56582916995
"mu","disease mortality rate (case fatality ratio)","point",NA,"BEN",1972,"mean",0.125069182912612
"mu","disease mortality rate (case fatality ratio)","beta",NA,"BEN",1972,"shape1",367.92950753292
"mu","disease mortality rate (case fatality ratio)","beta",NA,"BEN",1972,"shape2",2573.87837003193
"mu","disease mortality rate (case fatality ratio)","point",NA,"BEN",1973,"mean",0.118671051358961
"mu","disease mortality rate (case fatality ratio)","beta",NA,"BEN",1973,"shape1",350.598861373424
"mu","disease mortality rate (case fatality ratio)","beta",NA,"BEN",1973,"shape2",2603.7767623237
"mu","disease mortality rate (case fatality ratio)","point",NA,"BEN",1974,"mean",0.111282302948491
"mu","disease mortality rate (case fatality ratio)","beta",NA,"BEN",1974,"shape1",337.875283347335
"mu","disease mortality rate (case fatality ratio)","beta",NA,"BEN",1974,"shape2",2698.32431348998
"mu","disease mortality rate (case fatality ratio)","point",NA,"BEN",1975,"mean",0.103980653348825
"mu","disease mortality rate (case fatality ratio)","beta",NA,"BEN",1975,"shape1",336.813258822174
"mu","disease mortality rate (case fatality ratio)","beta",NA,"BEN",1975,"shape2",2902.3783405253
"mu","disease mortality rate (case fatality ratio)","point",NA,"BEN",1976,"mean",0.0978693707023605
"mu","disease mortality rate (case fatality ratio)","beta",NA,"BEN",1976,"shape1",332.065251551435
"mu","disease mortality rate (case fatality ratio)","beta",NA,"BEN",1976,"shape2",3060.87831361471
"mu","disease mortality rate (case fatality ratio)","point",NA,"BEN",1977,"mean",0.0934401625946655
"mu","disease mortality rate (case fatality ratio)","beta",NA,"BEN",1977,"shape1",314.760043448451
"mu","disease mortality rate (case fatality ratio)","beta",NA,"BEN",1977,"shape2",3053.81332701806
"mu","disease mortality rate (case fatality ratio)","point",NA,"BEN",1978,"mean",0.0903295013904891
"mu","disease mortality rate (case fatality ratio)","beta",NA,"BEN",1978,"shape1",292.738694952903
"mu","disease mortality rate (case fatality ratio)","beta",NA,"BEN",1978,"shape2",2948.04853896983
"mu","disease mortality rate (case fatality ratio)","point",NA,"BEN",1979,"mean",0.0874945096690799
"mu","disease mortality rate (case fatality ratio)","beta",NA,"BEN",1979,"shape1",274.504342046734
"mu","disease mortality rate (case fatality ratio)","beta",NA,"BEN",1979,"shape2",2862.88499912404
"mu","disease mortality rate (case fatality ratio)","point",NA,"BEN",1980,"mean",0.0837495799671577
"mu","disease mortality rate (case fatality ratio)","beta",NA,"BEN",1980,"shape1",261.022678121776
"mu","disease mortality rate (case fatality ratio)","beta",NA,"BEN",1980,"shape2",2855.68164713138
"mu","disease mortality rate (case fatality ratio)","point",NA,"BEN",1981,"mean",0.0784827024646466
"mu","disease mortality rate (case fatality ratio)","beta",NA,"BEN",1981,"shape1",250.676311698186
"mu","disease mortality rate (case fatality ratio)","beta",NA,"BEN",1981,"shape2",2943.35630728694
"mu","disease mortality rate (case fatality ratio)","point",NA,"BEN",1982,"mean",0.0720916757594767
"mu","disease mortality rate (case fatality ratio)","beta",NA,"BEN",1982,"shape1",242.960006635839
"mu","disease mortality rate (case fatality ratio)","beta",NA,"BEN",1982,"shape2",3127.19339979127
"mu","disease mortality rate (case fatality ratio)","point",NA,"BEN",1983,"mean",0.0657398097139142
"mu","disease mortality rate (case fatality ratio)","beta",NA,"BEN",1983,"shape1",237.737620720513
"mu","disease mortality rate (case fatality ratio)","beta",NA,"BEN",1983,"shape2",3378.60416297337
"mu","disease mortality rate (case fatality ratio)","point",NA,"BEN",1984,"mean",0.0606337532975515
"mu","disease mortality rate (case fatality ratio)","beta",NA,"BEN",1984,"shape1",234.74601491394
"mu","disease mortality rate (case fatality ratio)","beta",NA,"BEN",1984,"shape2",3636.7942105766
"mu","disease mortality rate (case fatality ratio)","point",NA,"BEN",1985,"mean",0.057412975501118
"mu","disease mortality rate (case fatality ratio)","beta",NA,"BEN",1985,"shape1",235.08151780729
"mu","disease mortality rate (case fatality ratio)","beta",NA,"BEN",1985,"shape2",3859.48971379022
"mu","disease mortality rate (case fatality ratio)","point",NA,"BEN",1986,"mean",0.055923675286907
"mu","disease mortality rate (case fatality ratio)","beta",NA,"BEN",1986,"shape1",241.582966732374
"mu","disease mortality rate (case fatality ratio)","beta",NA,"BEN",1986,"shape2",4078.28631033094
"mu","disease mortality rate (case fatality ratio)","point",NA,"BEN",1987,"mean",0.0552581971352689
"mu","disease mortality rate (case fatality ratio)","beta",NA,"BEN",1987,"shape1",256.958403630105
"mu","disease mortality rate (case fatality ratio)","beta",NA,"BEN",1987,"shape2",4393.18251575397
"mu","disease mortality rate (case fatality ratio)","point",NA,"BEN",1988,"mean",0.0540232262081393
"mu","disease mortality rate (case fatality ratio)","beta",NA,"BEN",1988,"shape1",282.153164782849
"mu","disease mortality rate (case fatality ratio)","beta",NA,"BEN",1988,"shape2",4940.65903261864
"mu","disease mortality rate (case fatality ratio)","point",NA,"BEN",1989,"mean",0.0509803078520197
"mu","disease mortality rate (case fatality ratio)","beta",NA,"BEN",1989,"shape1",316.751988348142
"mu","disease mortality rate (case fatality ratio)","beta",NA,"BEN",1989,"shape2",5896.47036541983
"mu","disease mortality rate (case fatality ratio)","point",NA,"BEN",1990,"mean",0.0458615832848576
"mu","disease mortality rate (case fatality ratio)","beta",NA,"BEN",1990,"shape1",360.734207366396
"mu","disease mortality rate (case fatality ratio)","beta",NA,"BEN",1990,"shape2",7504.98218375309
"mu","disease mortality rate (case fatality ratio)","point",NA,"BEN",1991,"mean",0.0396179117086585
"mu","disease mortality rate (case fatality ratio)","beta",NA,"BEN",1991,"shape1",414.447880168289
"mu","disease mortality rate (case fatality ratio)","beta",NA,"BEN",1991,"shape2",10046.6759472573
"mu","disease mortality rate (case fatality ratio)","point",NA,"BEN",1992,"mean",0.0337379710137263
"mu","disease mortality rate (case fatality ratio)","beta",NA,"BEN",1992,"shape1",475.072025704616
"mu","disease mortality rate (case fatality ratio)","beta",NA,"BEN",1992,"shape2",13606.1548954796
"mu","disease mortality rate (case fatality ratio)","point",NA,"BEN",1993,"mean",0.0293417678800087
"mu","disease mortality rate (case fatality ratio)","beta",NA,"BEN",1993,"shape1",534.249963354452
"mu","disease mortality rate (case fatality ratio)","beta",NA,"BEN",1993,"shape2",17673.5814645006
"mu","disease mortality rate (case fatality ratio)","point",NA,"BEN",1994,"mean",0.0268412270120469
"mu","disease mortality rate (case fatality ratio)","beta",NA,"BEN",1994,"shape1",581.450406211771
"mu","disease mortality rate (case fatality ratio)","beta",NA,"BEN",1994,"shape2",21081.1362538841
"mu","disease mortality rate (case fatality ratio)","point",NA,"BEN",1995,"mean",0.0260972087951134
"mu","disease mortality rate (case fatality ratio)","beta",NA,"BEN",1995,"shape1",606.226561215563
"mu","disease mortality rate (case fatality ratio)","beta",NA,"BEN",1995,"shape2",22623.3289814858
"mu","disease mortality rate (case fatality ratio)","point",NA,"BEN",1996,"mean",0.0266044375685334
"mu","disease mortality rate (case fatality ratio)","beta",NA,"BEN",1996,"shape1",597.156310601243
"mu","disease mortality rate (case fatality ratio)","beta",NA,"BEN",1996,"shape2",21848.5845197757
"mu","disease mortality rate (case fatality ratio)","point",NA,"BEN",1997,"mean",0.0275427051589755
"mu","disease mortality rate (case fatality ratio)","beta",NA,"BEN",1997,"shape1",550.832116476533
"mu","disease mortality rate (case fatality ratio)","beta",NA,"BEN",1997,"shape2",19448.3696067075
"mu","disease mortality rate (case fatality ratio)","point",NA,"BEN",1998,"mean",0.0279109718039223
"mu","disease mortality rate (case fatality ratio)","beta",NA,"BEN",1998,"shape1",480.876155700392
"mu","disease mortality rate (case fatality ratio)","beta",NA,"BEN",1998,"shape2",16748.0529936894
"mu","disease mortality rate (case fatality ratio)","point",NA,"BEN",1999,"mean",0.0269582735968808
"mu","disease mortality rate (case fatality ratio)","beta",NA,"BEN",1999,"shape1",406.770257490313
"mu","disease mortality rate (case fatality ratio)","beta",NA,"BEN",1999,"shape2",14682.1135328047
"mu","disease mortality rate (case fatality ratio)","point",NA,"BEN",2000,"mean",0.0246557920995688
"mu","disease mortality rate (case fatality ratio)","beta",NA,"BEN",2000,"shape1",340.8723970595
"mu","disease mortality rate (case fatality ratio)","beta",NA,"BEN",2000,"shape2",13484.3738445919
"mu","disease mortality rate (case fatality ratio)","point",NA,"BEN",2001,"mean",0.0216694128002208
"mu","disease mortality rate (case fatality ratio)","beta",NA,"BEN",2001,"shape1",287.831797460409
"mu","disease mortality rate (case fatality ratio)","beta",NA,"BEN",2001,"shape2",12995.0291694725
"mu","disease mortality rate (case fatality ratio)","point",NA,"BEN",2002,"mean",0.0188283468464109
"mu","disease mortality rate (case fatality ratio)","beta",NA,"BEN",2002,"shape1",247.667528927832
"mu","disease mortality rate (case fatality ratio)","beta",NA,"BEN",2002,"shape2",12906.3034993381
"mu","disease mortality rate (case fatality ratio)","point",NA,"BEN",2003,"mean",0.0166565203412473
"mu","disease mortality rate (case fatality ratio)","beta",NA,"BEN",2003,"shape1",217.939677841697
"mu","disease mortality rate (case fatality ratio)","beta",NA,"BEN",2003,"shape2",12866.4064746979
"mu","disease mortality rate (case fatality ratio)","point",NA,"BEN",2004,"mean",0.0152820480782195
"mu","disease mortality rate (case fatality ratio)","beta",NA,"BEN",2004,"shape1",195.753321667563
"mu","disease mortality rate (case fatality ratio)","beta",NA,"BEN",2004,"shape2",12613.6110165168
"mu","disease mortality rate (case fatality ratio)","point",NA,"BEN",2005,"mean",0.01456572228429
"mu","disease mortality rate (case fatality ratio)","beta",NA,"BEN",2005,"shape1",179.233924638646
"mu","disease mortality rate (case fatality ratio)","beta",NA,"BEN",2005,"shape2",12125.9522611477
"mu","disease mortality rate (case fatality ratio)","point",NA,"BEN",2006,"mean",0.0142390720897864
"mu","disease mortality rate (case fatality ratio)","beta",NA,"BEN",2006,"shape1",167.569498037179
"mu","disease mortality rate (case fatality ratio)","beta",NA,"BEN",2006,"shape2",11600.7182794631
"mu","disease mortality rate (case fatality ratio)","point",NA,"BEN",2007,"mean",0.0140108385412444
"mu","disease mortality rate (case fatality ratio)","beta",NA,"BEN",2007,"shape1",160.066175786361
"mu","disease mortality rate (case fatality ratio)","beta",NA,"BEN",2007,"shape2",11264.38749379
"mu","disease mortality rate (case fatality ratio)","point",NA,"BEN",2008,"mean",0.0136704288964993
"mu","disease mortality rate (case fatality ratio)","beta",NA,"BEN",2008,"shape1",155.572051748638
"mu","disease mortality rate (case fatality ratio)","beta",NA,"BEN",2008,"shape2",11224.6160115884
"mu","disease mortality rate (case fatality ratio)","point",NA,"BEN",2009,"mean",0.0131648121264973
"mu","disease mortality rate (case fatality ratio)","beta",NA,"BEN",2009,"shape1",152.741073169027
"mu","disease mortality rate (case fatality ratio)","beta",NA,"BEN",2009,"shape2",11449.480948792
"mu","disease mortality rate (case fatality ratio)","point",NA,"BEN",2010,"mean",0.0125901240748443
"mu","disease mortality rate (case fatality ratio)","beta",NA,"BEN",2010,"shape1",150.377175127295
"mu","disease mortality rate (case fatality ratio)","beta",NA,"BEN",2010,"shape2",11793.681059196
"mu","disease mortality rate (case fatality ratio)","point",NA,"BEN",2011,"mean",0.0121023536823455
"mu","disease mortality rate (case fatality ratio)","beta",NA,"BEN",2011,"shape1",147.165630618963
"mu","disease mortality rate (case fatality ratio)","beta",NA,"BEN",2011,"shape2",12012.9178111369
"mu","disease mortality rate (case fatality ratio)","point",NA,"BEN",2012,"mean",0.0118213741473927
"mu","disease mortality rate (case fatality ratio)","beta",NA,"BEN",2012,"shape1",141.491186123116
"mu","disease mortality rate (case fatality ratio)","beta",NA,"BEN",2012,"shape2",11827.6068526462
"mu","disease mortality rate (case fatality ratio)","point",NA,"BEN",2013,"mean",0.0117837777023219
"mu","disease mortality rate (case fatality ratio)","beta",NA,"BEN",2013,"shape1",132.322747243773
"mu","disease mortality rate (case fatality ratio)","beta",NA,"BEN",2013,"shape2",11096.9070113675
"mu","disease mortality rate (case fatality ratio)","point",NA,"BEN",2014,"mean",0.0119444533915645
"mu","disease mortality rate (case fatality ratio)","beta",NA,"BEN",2014,"shape1",120.06061899648
"mu","disease mortality rate (case fatality ratio)","beta",NA,"BEN",2014,"shape2",9931.51855843745
"mu","disease mortality rate (case fatality ratio)","point",NA,"BEN",2015,"mean",0.012207988481087
"mu","disease mortality rate (case fatality ratio)","beta",NA,"BEN",2015,"shape1",105.865284624472
"mu","disease mortality rate (case fatality ratio)","beta",NA,"BEN",2015,"shape2",8565.93882040737
"mu","disease mortality rate (case fatality ratio)","point",NA,"BEN",2016,"mean",0.0124762926081434
"mu","disease mortality rate (case fatality ratio)","beta",NA,"BEN",2016,"shape1",90.7807330099738
"mu","disease mortality rate (case fatality ratio)","beta",NA,"BEN",2016,"shape2",7185.4779971452
"mu","disease mortality rate (case fatality ratio)","point",NA,"BEN",2017,"mean",0.0126930278886415
"mu","disease mortality rate (case fatality ratio)","beta",NA,"BEN",2017,"shape1",75.8899495635968
"mu","disease mortality rate (case fatality ratio)","beta",NA,"BEN",2017,"shape2",5902.97894045972
"mu","disease mortality rate (case fatality ratio)","point",NA,"BEN",2018,"mean",0.0128571229239006
"mu","disease mortality rate (case fatality ratio)","beta",NA,"BEN",2018,"shape1",62.3623740889753
"mu","disease mortality rate (case fatality ratio)","beta",NA,"BEN",2018,"shape2",4788.05201940241
"mu","disease mortality rate (case fatality ratio)","point",NA,"BEN",2019,"mean",0.0129942559997238
"mu","disease mortality rate (case fatality ratio)","beta",NA,"BEN",2019,"shape1",50.896371884535
"mu","disease mortality rate (case fatality ratio)","beta",NA,"BEN",2019,"shape2",3865.93979677468
"mu","disease mortality rate (case fatality ratio)","point",NA,"BEN",2020,"mean",0.013107468909548
"mu","disease mortality rate (case fatality ratio)","beta",NA,"BEN",2020,"shape1",41.5201838252249
"mu","disease mortality rate (case fatality ratio)","beta",NA,"BEN",2020,"shape2",3126.15346176932
"mu","disease mortality rate (case fatality ratio)","point",NA,"BEN",2021,"mean",0.0131435000929815
"mu","disease mortality rate (case fatality ratio)","beta",NA,"BEN",2021,"shape1",33.9452861252044
"mu","disease mortality rate (case fatality ratio)","beta",NA,"BEN",2021,"shape2",2548.72187901834
"mu","disease mortality rate (case fatality ratio)","point",NA,"BEN",2022,"mean",0.0130026514688643
"mu","disease mortality rate (case fatality ratio)","beta",NA,"BEN",2022,"shape1",27.8769836229944
"mu","disease mortality rate (case fatality ratio)","beta",NA,"BEN",2022,"shape2",2116.06909458633
"mu","disease mortality rate (case fatality ratio)","point",NA,"BEN",2023,"mean",0.0125954423529461
"mu","disease mortality rate (case fatality ratio)","beta",NA,"BEN",2023,"shape1",23.0558648020899
"mu","disease mortality rate (case fatality ratio)","beta",NA,"BEN",2023,"shape2",1807.43679722792
"mu","disease mortality rate (case fatality ratio)","point",NA,"BEN",2024,"mean",0.0119117379998006
"mu","disease mortality rate (case fatality ratio)","beta",NA,"BEN",2024,"shape1",19.2220166833876
"mu","disease mortality rate (case fatality ratio)","beta",NA,"BEN",2024,"shape2",1594.48176724045
"mu","disease mortality rate (case fatality ratio)","point",NA,"BEN",2025,"mean",0.01104343473
"mu","disease mortality rate (case fatality ratio)","beta",NA,"BEN",2025,"shape1",16.1394005533871
"mu","disease mortality rate (case fatality ratio)","beta",NA,"BEN",2025,"shape2",1445.30814253243
"mu","disease mortality rate (case fatality ratio)","point",NA,"BEN",2026,"mean",0.0101326245272682
"mu","disease mortality rate (case fatality ratio)","beta",NA,"BEN",2026,"shape1",13.6356492485143
"mu","disease mortality rate (case fatality ratio)","beta",NA,"BEN",2026,"shape2",1332.08176205188
"mu","disease mortality rate (case fatality ratio)","point",NA,"BFA",1970,"mean",0.267900884673754
"mu","disease mortality rate (case fatality ratio)","beta",NA,"BFA",1970,"shape1",402.066246275499
"mu","disease mortality rate (case fatality ratio)","beta",NA,"BFA",1970,"shape2",1098.73598797292
"mu","disease mortality rate (case fatality ratio)","point",NA,"BFA",1971,"mean",0.252188839394012
"mu","disease mortality rate (case fatality ratio)","beta",NA,"BFA",1971,"shape1",632.776126914354
"mu","disease mortality rate (case fatality ratio)","beta",NA,"BFA",1971,"shape2",1876.3599967732
"mu","disease mortality rate (case fatality ratio)","point",NA,"BFA",1972,"mean",0.235591013464755
"mu","disease mortality rate (case fatality ratio)","beta",NA,"BFA",1972,"shape1",803.139208832594
"mu","disease mortality rate (case fatality ratio)","beta",NA,"BFA",1972,"shape2",2605.90087729424
"mu","disease mortality rate (case fatality ratio)","point",NA,"BFA",1973,"mean",0.2174009448562
"mu","disease mortality rate (case fatality ratio)","beta",NA,"BFA",1973,"shape1",799.626328667876
"mu","disease mortality rate (case fatality ratio)","beta",NA,"BFA",1973,"shape2",2878.49167213837
"mu","disease mortality rate (case fatality ratio)","point",NA,"BFA",1974,"mean",0.198384939645765
"mu","disease mortality rate (case fatality ratio)","beta",NA,"BFA",1974,"shape1",752.437553960047
"mu","disease mortality rate (case fatality ratio)","beta",NA,"BFA",1974,"shape2",3040.37834881764
"mu","disease mortality rate (case fatality ratio)","point",NA,"BFA",1975,"mean",0.180408922850142
"mu","disease mortality rate (case fatality ratio)","beta",NA,"BFA",1975,"shape1",711.360730615079
"mu","disease mortality rate (case fatality ratio)","beta",NA,"BFA",1975,"shape2",3231.68554102624
"mu","disease mortality rate (case fatality ratio)","point",NA,"BFA",1976,"mean",0.165264201305341
"mu","disease mortality rate (case fatality ratio)","beta",NA,"BFA",1976,"shape1",637.389887258581
"mu","disease mortality rate (case fatality ratio)","beta",NA,"BFA",1976,"shape2",3219.40355151491
"mu","disease mortality rate (case fatality ratio)","point",NA,"BFA",1977,"mean",0.153658944181526
"mu","disease mortality rate (case fatality ratio)","beta",NA,"BFA",1977,"shape1",536.824620757351
"mu","disease mortality rate (case fatality ratio)","beta",NA,"BFA",1977,"shape2",2956.7866598406
"mu","disease mortality rate (case fatality ratio)","point",NA,"BFA",1978,"mean",0.144928870612783
"mu","disease mortality rate (case fatality ratio)","beta",NA,"BFA",1978,"shape1",453.739653853358
"mu","disease mortality rate (case fatality ratio)","beta",NA,"BFA",1978,"shape2",2677.03513197692
"mu","disease mortality rate (case fatality ratio)","point",NA,"BFA",1979,"mean",0.137430867663373
"mu","disease mortality rate (case fatality ratio)","beta",NA,"BFA",1979,"shape1",402.644865577001
"mu","disease mortality rate (case fatality ratio)","beta",NA,"BFA",1979,"shape2",2527.15447588719
"mu","disease mortality rate (case fatality ratio)","point",NA,"BFA",1980,"mean",0.129402810184269
"mu","disease mortality rate (case fatality ratio)","beta",NA,"BFA",1980,"shape1",375.488582785968
"mu","disease mortality rate (case fatality ratio)","beta",NA,"BFA",1980,"shape2",2526.21488293688
"mu","disease mortality rate (case fatality ratio)","point",NA,"BFA",1981,"mean",0.119962836006965
"mu","disease mortality rate (case fatality ratio)","beta",NA,"BFA",1981,"shape1",362.916199432111
"mu","disease mortality rate (case fatality ratio)","beta",NA,"BFA",1981,"shape2",2662.32237871421
"mu","disease mortality rate (case fatality ratio)","point",NA,"BFA",1982,"mean",0.109651886874609
"mu","disease mortality rate (case fatality ratio)","beta",NA,"BFA",1982,"shape1",359.501467676694
"mu","disease mortality rate (case fatality ratio)","beta",NA,"BFA",1982,"shape2",2919.06927035172
"mu","disease mortality rate (case fatality ratio)","point",NA,"BFA",1983,"mean",0.100059006678553
"mu","disease mortality rate (case fatality ratio)","beta",NA,"BFA",1983,"shape1",360.364320252796
"mu","disease mortality rate (case fatality ratio)","beta",NA,"BFA",1983,"shape2",3241.15374608674
"mu","disease mortality rate (case fatality ratio)","point",NA,"BFA",1984,"mean",0.0928349909165907
"mu","disease mortality rate (case fatality ratio)","beta",NA,"BFA",1984,"shape1",359.772922376254
"mu","disease mortality rate (case fatality ratio)","beta",NA,"BFA",1984,"shape2",3515.62921666741
"mu","disease mortality rate (case fatality ratio)","point",NA,"BFA",1985,"mean",0.0888636484946129
"mu","disease mortality rate (case fatality ratio)","beta",NA,"BFA",1985,"shape1",355.834286119473
"mu","disease mortality rate (case fatality ratio)","beta",NA,"BFA",1985,"shape2",3648.43846373329
"mu","disease mortality rate (case fatality ratio)","point",NA,"BFA",1986,"mean",0.0879276127229362
"mu","disease mortality rate (case fatality ratio)","beta",NA,"BFA",1986,"shape1",352.547091204463
"mu","disease mortality rate (case fatality ratio)","beta",NA,"BFA",1986,"shape2",3656.96801203568
"mu","disease mortality rate (case fatality ratio)","point",NA,"BFA",1987,"mean",0.0886928610342905
"mu","disease mortality rate (case fatality ratio)","beta",NA,"BFA",1987,"shape1",353.90560858653
"mu","disease mortality rate (case fatality ratio)","beta",NA,"BFA",1987,"shape2",3636.33221280592
"mu","disease mortality rate (case fatality ratio)","point",NA,"BFA",1988,"mean",0.0889867833568824
"mu","disease mortality rate (case fatality ratio)","beta",NA,"BFA",1988,"shape1",359.196374233125
"mu","disease mortality rate (case fatality ratio)","beta",NA,"BFA",1988,"shape2",3677.31737177525
"mu","disease mortality rate (case fatality ratio)","point",NA,"BFA",1989,"mean",0.086660296156414
"mu","disease mortality rate (case fatality ratio)","beta",NA,"BFA",1989,"shape1",364.892121726854
"mu","disease mortality rate (case fatality ratio)","beta",NA,"BFA",1989,"shape2",3845.71109463253
"mu","disease mortality rate (case fatality ratio)","point",NA,"BFA",1990,"mean",0.0808774165112371
"mu","disease mortality rate (case fatality ratio)","beta",NA,"BFA",1990,"shape1",368.365894002362
"mu","disease mortality rate (case fatality ratio)","beta",NA,"BFA",1990,"shape2",4186.25404679633
"mu","disease mortality rate (case fatality ratio)","point",NA,"BFA",1991,"mean",0.0727661735386418
"mu","disease mortality rate (case fatality ratio)","beta",NA,"BFA",1991,"shape1",367.70614853959
"mu","disease mortality rate (case fatality ratio)","beta",NA,"BFA",1991,"shape2",4685.55047686648
"mu","disease mortality rate (case fatality ratio)","point",NA,"BFA",1992,"mean",0.0646471859767971
"mu","disease mortality rate (case fatality ratio)","beta",NA,"BFA",1992,"shape1",360.102793670003
"mu","disease mortality rate (case fatality ratio)","beta",NA,"BFA",1992,"shape2",5210.17514231394
"mu","disease mortality rate (case fatality ratio)","point",NA,"BFA",1993,"mean",0.0586109646986369
"mu","disease mortality rate (case fatality ratio)","beta",NA,"BFA",1993,"shape1",344.360327852539
"mu","disease mortality rate (case fatality ratio)","beta",NA,"BFA",1993,"shape2",5530.99643556459
"mu","disease mortality rate (case fatality ratio)","point",NA,"BFA",1994,"mean",0.0557286893910209
"mu","disease mortality rate (case fatality ratio)","beta",NA,"BFA",1994,"shape1",323.655440213388
"mu","disease mortality rate (case fatality ratio)","beta",NA,"BFA",1994,"shape2",5484.04331872309
"mu","disease mortality rate (case fatality ratio)","point",NA,"BFA",1995,"mean",0.0560541295768209
"mu","disease mortality rate (case fatality ratio)","beta",NA,"BFA",1995,"shape1",302.59360761042
"mu","disease mortality rate (case fatality ratio)","beta",NA,"BFA",1995,"shape2",5095.64573523268
"mu","disease mortality rate (case fatality ratio)","point",NA,"BFA",1996,"mean",0.0587613481581238
"mu","disease mortality rate (case fatality ratio)","beta",NA,"BFA",1996,"shape1",283.358003875858
"mu","disease mortality rate (case fatality ratio)","beta",NA,"BFA",1996,"shape2",4538.82550208041
"mu","disease mortality rate (case fatality ratio)","point",NA,"BFA",1997,"mean",0.0621352508243933
"mu","disease mortality rate (case fatality ratio)","beta",NA,"BFA",1997,"shape1",265.691626823246
"mu","disease mortality rate (case fatality ratio)","beta",NA,"BFA",1997,"shape2",4010.32920351255
"mu","disease mortality rate (case fatality ratio)","point",NA,"BFA",1998,"mean",0.0638630972247789
"mu","disease mortality rate (case fatality ratio)","beta",NA,"BFA",1998,"shape1",248.179970155835
"mu","disease mortality rate (case fatality ratio)","beta",NA,"BFA",1998,"shape2",3637.944896014
"mu","disease mortality rate (case fatality ratio)","point",NA,"BFA",1999,"mean",0.0620938534636914
"mu","disease mortality rate (case fatality ratio)","beta",NA,"BFA",1999,"shape1",228.627934121601
"mu","disease mortality rate (case fatality ratio)","beta",NA,"BFA",1999,"shape2",3453.34574553235
"mu","disease mortality rate (case fatality ratio)","point",NA,"BFA",2000,"mean",0.0566544425960186
"mu","disease mortality rate (case fatality ratio)","beta",NA,"BFA",2000,"shape1",204.67451772273
"mu","disease mortality rate (case fatality ratio)","beta",NA,"BFA",2000,"shape2",3408.00806009711
"mu","disease mortality rate (case fatality ratio)","point",NA,"BFA",2001,"mean",0.0490985887364546
"mu","disease mortality rate (case fatality ratio)","beta",NA,"BFA",2001,"shape1",175.374169437563
"mu","disease mortality rate (case fatality ratio)","beta",NA,"BFA",2001,"shape2",3396.50384072103
"mu","disease mortality rate (case fatality ratio)","point",NA,"BFA",2002,"mean",0.0414635325492679
"mu","disease mortality rate (case fatality ratio)","beta",NA,"BFA",2002,"shape1",142.261172592513
"mu","disease mortality rate (case fatality ratio)","beta",NA,"BFA",2002,"shape2",3288.73382098349
"mu","disease mortality rate (case fatality ratio)","point",NA,"BFA",2003,"mean",0.0350624125286478
"mu","disease mortality rate (case fatality ratio)","beta",NA,"BFA",2003,"shape1",108.868983312011
"mu","disease mortality rate (case fatality ratio)","beta",NA,"BFA",2003,"shape2",2996.13650434688
"mu","disease mortality rate (case fatality ratio)","point",NA,"BFA",2004,"mean",0.0302004685805904
"mu","disease mortality rate (case fatality ratio)","beta",NA,"BFA",2004,"shape1",79.1444513777249
"mu","disease mortality rate (case fatality ratio)","beta",NA,"BFA",2004,"shape2",2541.49208499013
"mu","disease mortality rate (case fatality ratio)","point",NA,"BFA",2005,"mean",0.0265193561504292
"mu","disease mortality rate (case fatality ratio)","beta",NA,"BFA",2005,"shape1",55.5529398370616
"mu","disease mortality rate (case fatality ratio)","beta",NA,"BFA",2005,"shape2",2039.25432176995
"mu","disease mortality rate (case fatality ratio)","point",NA,"BFA",2006,"mean",0.0234269137386653
"mu","disease mortality rate (case fatality ratio)","beta",NA,"BFA",2006,"shape1",38.3419242096742
"mu","disease mortality rate (case fatality ratio)","beta",NA,"BFA",2006,"shape2",1598.31942339209
"mu","disease mortality rate (case fatality ratio)","point",NA,"BFA",2007,"mean",0.0204229807211892
"mu","disease mortality rate (case fatality ratio)","beta",NA,"BFA",2007,"shape1",26.3717905899587
"mu","disease mortality rate (case fatality ratio)","beta",NA,"BFA",2007,"shape2",1264.90840743704
"mu","disease mortality rate (case fatality ratio)","point",NA,"BFA",2008,"mean",0.0173018690182956
"mu","disease mortality rate (case fatality ratio)","beta",NA,"BFA",2008,"shape1",18.2134832312797
"mu","disease mortality rate (case fatality ratio)","beta",NA,"BFA",2008,"shape2",1034.47528767666
"mu","disease mortality rate (case fatality ratio)","point",NA,"BFA",2009,"mean",0.0141729905578271
"mu","disease mortality rate (case fatality ratio)","beta",NA,"BFA",2009,"shape1",12.6783358971148
"mu","disease mortality rate (case fatality ratio)","beta",NA,"BFA",2009,"shape2",881.863704851868
"mu","disease mortality rate (case fatality ratio)","point",NA,"BFA",2010,"mean",0.0112938919180775
"mu","disease mortality rate (case fatality ratio)","beta",NA,"BFA",2010,"shape1",8.90746161413498
"mu","disease mortality rate (case fatality ratio)","beta",NA,"BFA",2010,"shape2",779.789798705603
"mu","disease mortality rate (case fatality ratio)","point",NA,"BFA",2011,"mean",0.00886317928658555
"mu","disease mortality rate (case fatality ratio)","beta",NA,"BFA",2011,"shape1",6.31391910009794
"mu","disease mortality rate (case fatality ratio)","beta",NA,"BFA",2011,"shape2",706.062407265552
"mu","disease mortality rate (case fatality ratio)","point",NA,"BFA",2012,"mean",0.00692938662065138
"mu","disease mortality rate (case fatality ratio)","beta",NA,"BFA",2012,"shape1",4.50826356573293
"mu","disease mortality rate (case fatality ratio)","beta",NA,"BFA",2012,"shape2",646.09240465173
"mu","disease mortality rate (case fatality ratio)","point",NA,"BFA",2013,"mean",0.00542493936497962
"mu","disease mortality rate (case fatality ratio)","beta",NA,"BFA",2013,"shape1",3.23600891290567
"mu","disease mortality rate (case fatality ratio)","beta",NA,"BFA",2013,"shape2",593.269996996677
"mu","disease mortality rate (case fatality ratio)","point",NA,"BFA",2014,"mean",0.00424216071099895
"mu","disease mortality rate (case fatality ratio)","beta",NA,"BFA",2014,"shape1",2.33047659897345
"mu","disease mortality rate (case fatality ratio)","beta",NA,"BFA",2014,"shape2",547.030275559959
"mu","disease mortality rate (case fatality ratio)","point",NA,"BFA",2015,"mean",0.00328934905125316
"mu","disease mortality rate (case fatality ratio)","beta",NA,"BFA",2015,"shape1",1.68080493383871
"mu","disease mortality rate (case fatality ratio)","beta",NA,"BFA",2015,"shape2",509.303255331328
"mu","disease mortality rate (case fatality ratio)","point",NA,"BFA",2016,"mean",0.00251129470056359
"mu","disease mortality rate (case fatality ratio)","beta",NA,"BFA",2016,"shape1",1.2120392892202
"mu","disease mortality rate (case fatality ratio)","beta",NA,"BFA",2016,"shape2",481.423188248269
"mu","disease mortality rate (case fatality ratio)","point",NA,"BFA",2017,"mean",0.00188218170586003
"mu","disease mortality rate (case fatality ratio)","beta",NA,"BFA",2017,"shape1",0.872805880855928
"mu","disease mortality rate (case fatality ratio)","beta",NA,"BFA",2017,"shape2",462.847502386148
"mu","disease mortality rate (case fatality ratio)","point",NA,"BFA",2018,"mean",0.00138729422631426
"mu","disease mortality rate (case fatality ratio)","beta",NA,"BFA",2018,"shape1",0.627260958226225
"mu","disease mortality rate (case fatality ratio)","beta",NA,"BFA",2018,"shape2",451.519764761559
"mu","disease mortality rate (case fatality ratio)","point",NA,"BFA",2019,"mean",0.00100949038449943
"mu","disease mortality rate (case fatality ratio)","beta",NA,"BFA",2019,"shape1",0.449811151397868
"mu","disease mortality rate (case fatality ratio)","beta",NA,"BFA",2019,"shape2",445.13259191519
"mu","disease mortality rate (case fatality ratio)","point",NA,"BFA",2020,"mean",0.000726698488073939
"mu","disease mortality rate (case fatality ratio)","beta",NA,"BFA",2020,"shape1",0.321859377739788
"mu","disease mortality rate (case fatality ratio)","beta",NA,"BFA",2020,"shape2",442.584494525449
"mu","disease mortality rate (case fatality ratio)","point",NA,"BFA",2021,"mean",0.000516323417019258
"mu","disease mortality rate (case fatality ratio)","beta",NA,"BFA",2021,"shape1",0.229830239669166
"mu","disease mortality rate (case fatality ratio)","beta",NA,"BFA",2021,"shape2",444.898614633079
"mu","disease mortality rate (case fatality ratio)","point",NA,"BFA",2022,"mean",0.00035990831380229
"mu","disease mortality rate (case fatality ratio)","beta",NA,"BFA",2022,"shape1",0.163831328274766
"mu","disease mortality rate (case fatality ratio)","beta",NA,"BFA",2022,"shape2",455.039124513318
"mu","disease mortality rate (case fatality ratio)","point",NA,"BFA",2023,"mean",0.000244641854521469
"mu","disease mortality rate (case fatality ratio)","beta",NA,"BFA",2023,"shape1",0.11664711076608
"mu","disease mortality rate (case fatality ratio)","beta",NA,"BFA",2023,"shape2",476.69101523404
"mu","disease mortality rate (case fatality ratio)","point",NA,"BFA",2024,"mean",0.000161900842569623
"mu","disease mortality rate (case fatality ratio)","beta",NA,"BFA",2024,"shape1",0.0830022716115412
"mu","disease mortality rate (case fatality ratio)","beta",NA,"BFA",2024,"shape2",512.590497718653
"mu","disease mortality rate (case fatality ratio)","point",NA,"BFA",2025,"mean",0.00010487336013378
"mu","disease mortality rate (case fatality ratio)","beta",NA,"BFA",2025,"shape1",0.0590521379342304
"mu","disease mortality rate (case fatality ratio)","beta",NA,"BFA",2025,"shape2",563.02138944324
"mu","disease mortality rate (case fatality ratio)","point",NA,"BFA",2026,"mean",6.7192394088362e-05
"mu","disease mortality rate (case fatality ratio)","beta",NA,"BFA",2026,"shape1",0.0420182689539059
"mu","disease mortality rate (case fatality ratio)","beta",NA,"BFA",2026,"shape2",625.300619450568
"mu","disease mortality rate (case fatality ratio)","point",NA,"BWA",1970,"mean",0.0782336353112869
"mu","disease mortality rate (case fatality ratio)","beta",NA,"BWA",1970,"shape1",0.0178310230288479
"mu","disease mortality rate (case fatality ratio)","beta",NA,"BWA",1970,"shape2",0.210089141461775
"mu","disease mortality rate (case fatality ratio)","point",NA,"BWA",1971,"mean",0.080370503047136
"mu","disease mortality rate (case fatality ratio)","beta",NA,"BWA",1971,"shape1",0.0236992487015879
"mu","disease mortality rate (case fatality ratio)","beta",NA,"BWA",1971,"shape2",0.271175709187983
"mu","disease mortality rate (case fatality ratio)","point",NA,"BWA",1972,"mean",0.0819180648933825
"mu","disease mortality rate (case fatality ratio)","beta",NA,"BWA",1972,"shape1",0.0299939832447935
"mu","disease mortality rate (case fatality ratio)","beta",NA,"BWA",1972,"shape2",0.336152156606424
"mu","disease mortality rate (case fatality ratio)","point",NA,"BWA",1973,"mean",0.0824102449819744
"mu","disease mortality rate (case fatality ratio)","beta",NA,"BWA",1973,"shape1",0.0362030254168548
"mu","disease mortality rate (case fatality ratio)","beta",NA,"BWA",1973,"shape2",0.403099459665837
"mu","disease mortality rate (case fatality ratio)","point",NA,"BWA",1974,"mean",0.0819680120119223
"mu","disease mortality rate (case fatality ratio)","beta",NA,"BWA",1974,"shape1",0.0426095120782139
"mu","disease mortality rate (case fatality ratio)","beta",NA,"BWA",1974,"shape2",0.477221468719714
"mu","disease mortality rate (case fatality ratio)","point",NA,"BWA",1975,"mean",0.0813239476472421
"mu","disease mortality rate (case fatality ratio)","beta",NA,"BWA",1975,"shape1",0.0504687584714677
"mu","disease mortality rate (case fatality ratio)","beta",NA,"BWA",1975,"shape2",0.570120378327271
"mu","disease mortality rate (case fatality ratio)","point",NA,"BWA",1976,"mean",0.0814015084963017
"mu","disease mortality rate (case fatality ratio)","beta",NA,"BWA",1976,"shape1",0.0614828018010988
"mu","disease mortality rate (case fatality ratio)","beta",NA,"BWA",1976,"shape2",0.693820176446437
"mu","disease mortality rate (case fatality ratio)","point",NA,"BWA",1977,"mean",0.0827890873842974
"mu","disease mortality rate (case fatality ratio)","beta",NA,"BWA",1977,"shape1",0.0770691523785904
"mu","disease mortality rate (case fatality ratio)","beta",NA,"BWA",1977,"shape2",0.853840401205982
"mu","disease mortality rate (case fatality ratio)","point",NA,"BWA",1978,"mean",0.0853939664711277
"mu","disease mortality rate (case fatality ratio)","beta",NA,"BWA",1978,"shape1",0.0976521562263367
"mu","disease mortality rate (case fatality ratio)","beta",NA,"BWA",1978,"shape2",1.04589650724222
"mu","disease mortality rate (case fatality ratio)","point",NA,"BWA",1979,"mean",0.0883954498582164
"mu","disease mortality rate (case fatality ratio)","beta",NA,"BWA",1979,"shape1",0.122006305819734
"mu","disease mortality rate (case fatality ratio)","beta",NA,"BWA",1979,"shape2",1.25822656833192
"mu","disease mortality rate (case fatality ratio)","point",NA,"BWA",1980,"mean",0.0905897770628131
"mu","disease mortality rate (case fatality ratio)","beta",NA,"BWA",1980,"shape1",0.14724742655955
"mu","disease mortality rate (case fatality ratio)","beta",NA,"BWA",1980,"shape2",1.47818351425678
"mu","disease mortality rate (case fatality ratio)","point",NA,"BWA",1981,"mean",0.0911016318982881
"mu","disease mortality rate (case fatality ratio)","beta",NA,"BWA",1981,"shape1",0.170272606992074
"mu","disease mortality rate (case fatality ratio)","beta",NA,"BWA",1981,"shape2",1.69876753470569
"mu","disease mortality rate (case fatality ratio)","point",NA,"BWA",1982,"mean",0.0900522987118812
"mu","disease mortality rate (case fatality ratio)","beta",NA,"BWA",1982,"shape1",0.189988245406642
"mu","disease mortality rate (case fatality ratio)","beta",NA,"BWA",1982,"shape2",1.91976628750652
"mu","disease mortality rate (case fatality ratio)","point",NA,"BWA",1983,"mean",0.0886160380827128
"mu","disease mortality rate (case fatality ratio)","beta",NA,"BWA",1983,"shape1",0.208237953575124
"mu","disease mortality rate (case fatality ratio)","beta",NA,"BWA",1983,"shape2",2.14165218009072
"mu","disease mortality rate (case fatality ratio)","point",NA,"BWA",1984,"mean",0.0884045266008904
"mu","disease mortality rate (case fatality ratio)","beta",NA,"BWA",1984,"shape1",0.228657537621746
"mu","disease mortality rate (case fatality ratio)","beta",NA,"BWA",1984,"shape2",2.35783374753653
"mu","disease mortality rate (case fatality ratio)","point",NA,"BWA",1985,"mean",0.0906770496287568
"mu","disease mortality rate (case fatality ratio)","beta",NA,"BWA",1985,"shape1",0.254800122581618
"mu","disease mortality rate (case fatality ratio)","beta",NA,"BWA",1985,"shape2",2.55517355460353
"mu","disease mortality rate (case fatality ratio)","point",NA,"BWA",1986,"mean",0.0957527307894784
"mu","disease mortality rate (case fatality ratio)","beta",NA,"BWA",1986,"shape1",0.288507427376103
"mu","disease mortality rate (case fatality ratio)","beta",NA,"BWA",1986,"shape2",2.72453904134984
"mu","disease mortality rate (case fatality ratio)","point",NA,"BWA",1987,"mean",0.102635388979461
"mu","disease mortality rate (case fatality ratio)","beta",NA,"BWA",1987,"shape1",0.328183781978183
"mu","disease mortality rate (case fatality ratio)","beta",NA,"BWA",1987,"shape2",2.86938564550126
"mu","disease mortality rate (case fatality ratio)","point",NA,"BWA",1988,"mean",0.109002901127175
"mu","disease mortality rate (case fatality ratio)","beta",NA,"BWA",1988,"shape1",0.367465158090039
"mu","disease mortality rate (case fatality ratio)","beta",NA,"BWA",1988,"shape2",3.00368509837253
"mu","disease mortality rate (case fatality ratio)","point",NA,"BWA",1989,"mean",0.112063806489368
"mu","disease mortality rate (case fatality ratio)","beta",NA,"BWA",1989,"shape1",0.397094104455285
"mu","disease mortality rate (case fatality ratio)","beta",NA,"BWA",1989,"shape2",3.14637025656445
"mu","disease mortality rate (case fatality ratio)","point",NA,"BWA",1990,"mean",0.110261971302056
"mu","disease mortality rate (case fatality ratio)","beta",NA,"BWA",1990,"shape1",0.411365086048375
"mu","disease mortality rate (case fatality ratio)","beta",NA,"BWA",1990,"shape2",3.31943240642041
"mu","disease mortality rate (case fatality ratio)","point",NA,"BWA",1991,"mean",0.104528929086156
"mu","disease mortality rate (case fatality ratio)","beta",NA,"BWA",1991,"shape1",0.413770544345252
"mu","disease mortality rate (case fatality ratio)","beta",NA,"BWA",1991,"shape2",3.54466037006896
"mu","disease mortality rate (case fatality ratio)","point",NA,"BWA",1992,"mean",0.0977833802254924
"mu","disease mortality rate (case fatality ratio)","beta",NA,"BWA",1992,"shape1",0.415263901641131
"mu","disease mortality rate (case fatality ratio)","beta",NA,"BWA",1992,"shape2",3.83150994360247
"mu","disease mortality rate (case fatality ratio)","point",NA,"BWA",1993,"mean",0.0932262312739139
"mu","disease mortality rate (case fatality ratio)","beta",NA,"BWA",1993,"shape1",0.427742806896753
"mu","disease mortality rate (case fatality ratio)","beta",NA,"BWA",1993,"shape2",4.16048092639967
"mu","disease mortality rate (case fatality ratio)","point",NA,"BWA",1994,"mean",0.0930470425489688
"mu","disease mortality rate (case fatality ratio)","beta",NA,"BWA",1994,"shape1",0.460086034343637
"mu","disease mortality rate (case fatality ratio)","beta",NA,"BWA",1994,"shape2",4.4845744485675
"mu","disease mortality rate (case fatality ratio)","point",NA,"BWA",1995,"mean",0.0980625468393966
"mu","disease mortality rate (case fatality ratio)","beta",NA,"BWA",1995,"shape1",0.51790371522318
"mu","disease mortality rate (case fatality ratio)","beta",NA,"BWA",1995,"shape2",4.76345733357137
"mu","disease mortality rate (case fatality ratio)","point",NA,"BWA",1996,"mean",0.107588010460139
"mu","disease mortality rate (case fatality ratio)","beta",NA,"BWA",1996,"shape1",0.602913240143374
"mu","disease mortality rate (case fatality ratio)","beta",NA,"BWA",1996,"shape2",5.00099408712105
"mu","disease mortality rate (case fatality ratio)","point",NA,"BWA",1997,"mean",0.119140424392156
"mu","disease mortality rate (case fatality ratio)","beta",NA,"BWA",1997,"shape1",0.709676403164855
"mu","disease mortality rate (case fatality ratio)","beta",NA,"BWA",1997,"shape2",5.24696179739186
"mu","disease mortality rate (case fatality ratio)","point",NA,"BWA",1998,"mean",0.128703713654917
"mu","disease mortality rate (case fatality ratio)","beta",NA,"BWA",1998,"shape1",0.823448403730538
"mu","disease mortality rate (case fatality ratio)","beta",NA,"BWA",1998,"shape2",5.57456747589193
"mu","disease mortality rate (case fatality ratio)","point",NA,"BWA",1999,"mean",0.132455658738016
"mu","disease mortality rate (case fatality ratio)","beta",NA,"BWA",1999,"shape1",0.926304745284613
"mu","disease mortality rate (case fatality ratio)","beta",NA,"BWA",1999,"shape2",6.06701478602171
"mu","disease mortality rate (case fatality ratio)","point",NA,"BWA",2000,"mean",0.129120821986798
"mu","disease mortality rate (case fatality ratio)","beta",NA,"BWA",2000,"shape1",1.01024214200354
"mu","disease mortality rate (case fatality ratio)","beta",NA,"BWA",2000,"shape2",6.81376429211622
"mu","disease mortality rate (case fatality ratio)","point",NA,"BWA",2001,"mean",0.120703908324013
"mu","disease mortality rate (case fatality ratio)","beta",NA,"BWA",2001,"shape1",1.08404439623896
"mu","disease mortality rate (case fatality ratio)","beta",NA,"BWA",2001,"shape2",7.8969771074641
"mu","disease mortality rate (case fatality ratio)","point",NA,"BWA",2002,"mean",0.110867991095668
"mu","disease mortality rate (case fatality ratio)","beta",NA,"BWA",2002,"shape1",1.1665623793317
"mu","disease mortality rate (case fatality ratio)","beta",NA,"BWA",2002,"shape2",9.35552219894007
"mu","disease mortality rate (case fatality ratio)","point",NA,"BWA",2003,"mean",0.102680224596906
"mu","disease mortality rate (case fatality ratio)","beta",NA,"BWA",2003,"shape1",1.27476342580167
"mu","disease mortality rate (case fatality ratio)","beta",NA,"BWA",2003,"shape2",11.1401239666446
"mu","disease mortality rate (case fatality ratio)","point",NA,"BWA",2004,"mean",0.097494099061812
"mu","disease mortality rate (case fatality ratio)","beta",NA,"BWA",2004,"shape1",1.41634527213551
"mu","disease mortality rate (case fatality ratio)","beta",NA,"BWA",2004,"shape2",13.1111521432469
"mu","disease mortality rate (case fatality ratio)","point",NA,"BWA",2005,"mean",0.0950401150213669
"mu","disease mortality rate (case fatality ratio)","beta",NA,"BWA",2005,"shape1",1.58702760396977
"mu","disease mortality rate (case fatality ratio)","beta",NA,"BWA",2005,"shape2",15.111474955849
"mu","disease mortality rate (case fatality ratio)","point",NA,"BWA",2006,"mean",0.0939924075305868
"mu","disease mortality rate (case fatality ratio)","beta",NA,"BWA",2006,"shape1",1.76882252869007
"mu","disease mortality rate (case fatality ratio)","beta",NA,"BWA",2006,"shape2",17.0499584256595
"mu","disease mortality rate (case fatality ratio)","point",NA,"BWA",2007,"mean",0.0926697701617913
"mu","disease mortality rate (case fatality ratio)","beta",NA,"BWA",2007,"shape1",1.92938492534543
"mu","disease mortality rate (case fatality ratio)","beta",NA,"BWA",2007,"shape2",18.890618426092
"mu","disease mortality rate (case fatality ratio)","point",NA,"BWA",2008,"mean",0.0898223291409215
"mu","disease mortality rate (case fatality ratio)","beta",NA,"BWA",2008,"shape1",2.02651748083404
"mu","disease mortality rate (case fatality ratio)","beta",NA,"BWA",2008,"shape2",20.5348823427516
"mu","disease mortality rate (case fatality ratio)","point",NA,"BWA",2009,"mean",0.0852075865633616
"mu","disease mortality rate (case fatality ratio)","beta",NA,"BWA",2009,"shape1",2.02112184252652
"mu","disease mortality rate (case fatality ratio)","beta",NA,"BWA",2009,"shape2",21.6988533855429
"mu","disease mortality rate (case fatality ratio)","point",NA,"BWA",2010,"mean",0.0795445509511011
"mu","disease mortality rate (case fatality ratio)","beta",NA,"BWA",2010,"shape1",1.89545491492657
"mu","disease mortality rate (case fatality ratio)","beta",NA,"BWA",2010,"shape2",21.9333918415505
"mu","disease mortality rate (case fatality ratio)","point",NA,"BWA",2011,"mean",0.0739028575471597
"mu","disease mortality rate (case fatality ratio)","beta",NA,"BWA",2011,"shape1",1.66530066440975
"mu","disease mortality rate (case fatality ratio)","beta",NA,"BWA",2011,"shape2",20.868343090124
"mu","disease mortality rate (case fatality ratio)","point",NA,"BWA",2012,"mean",0.0690536144707111
"mu","disease mortality rate (case fatality ratio)","beta",NA,"BWA",2012,"shape1",1.37440397570855
"mu","disease mortality rate (case fatality ratio)","beta",NA,"BWA",2012,"shape2",18.5290288314402
"mu","disease mortality rate (case fatality ratio)","point",NA,"BWA",2013,"mean",0.0651861148092565
"mu","disease mortality rate (case fatality ratio)","beta",NA,"BWA",2013,"shape1",1.073544628013
"mu","disease mortality rate (case fatality ratio)","beta",NA,"BWA",2013,"shape2",15.3953710475775
"mu","disease mortality rate (case fatality ratio)","point",NA,"BWA",2014,"mean",0.0619954386257346
"mu","disease mortality rate (case fatality ratio)","beta",NA,"BWA",2014,"shape1",0.800677942692652
"mu","disease mortality rate (case fatality ratio)","beta",NA,"BWA",2014,"shape2",12.1144325951379
"mu","disease mortality rate (case fatality ratio)","point",NA,"BWA",2015,"mean",0.0589644144111085
"mu","disease mortality rate (case fatality ratio)","beta",NA,"BWA",2015,"shape1",0.57427824055594
"mu","disease mortality rate (case fatality ratio)","beta",NA,"BWA",2015,"shape2",9.16512553867924
"mu","disease mortality rate (case fatality ratio)","point",NA,"BWA",2016,"mean",0.0556746378406687
"mu","disease mortality rate (case fatality ratio)","beta",NA,"BWA",2016,"shape1",0.397712172276823
"mu","disease mortality rate (case fatality ratio)","beta",NA,"BWA",2016,"shape2",6.74579495596004
"mu","disease mortality rate (case fatality ratio)","point",NA,"BWA",2017,"mean",0.0519986951283944
"mu","disease mortality rate (case fatality ratio)","beta",NA,"BWA",2017,"shape1",0.266329022190122
"mu","disease mortality rate (case fatality ratio)","beta",NA,"BWA",2017,"shape2",4.85551146885502
"mu","disease mortality rate (case fatality ratio)","point",NA,"BWA",2018,"mean",0.0480768003761488
"mu","disease mortality rate (case fatality ratio)","beta",NA,"BWA",2018,"shape1",0.172365383405075
"mu","disease mortality rate (case fatality ratio)","beta",NA,"BWA",2018,"shape2",3.41284374150554
"mu","disease mortality rate (case fatality ratio)","point",NA,"BWA",2019,"mean",0.0441255174512111
"mu","disease mortality rate (case fatality ratio)","beta",NA,"BWA",2019,"shape1",0.107401129502102
"mu","disease mortality rate (case fatality ratio)","beta",NA,"BWA",2019,"shape2",2.32659025928678
"mu","disease mortality rate (case fatality ratio)","point",NA,"BWA",2020,"mean",0.0402447867615394
"mu","disease mortality rate (case fatality ratio)","beta",NA,"BWA",2020,"shape1",0.0636395638128399
"mu","disease mortality rate (case fatality ratio)","beta",NA,"BWA",2020,"shape2",1.51767242548705
"mu","disease mortality rate (case fatality ratio)","point",NA,"BWA",2021,"mean",0.0363608981149514
"mu","disease mortality rate (case fatality ratio)","beta",NA,"BWA",2021,"shape1",0.0346858491140004
"mu","disease mortality rate (case fatality ratio)","beta",NA,"BWA",2021,"shape2",0.919246834406206
"mu","disease mortality rate (case fatality ratio)","point",NA,"BWA",2022,"mean",0.0323252584143107
"mu","disease mortality rate (case fatality ratio)","beta",NA,"BWA",2022,"shape1",0.0158582373058531
"mu","disease mortality rate (case fatality ratio)","beta",NA,"BWA",2022,"shape2",0.47472522849662
"mu","disease mortality rate (case fatality ratio)","point",NA,"BWA",2023,"mean",0.0280848750875595
"mu","disease mortality rate (case fatality ratio)","beta",NA,"BWA",2023,"shape1",0.01
"mu","disease mortality rate (case fatality ratio)","beta",NA,"BWA",2023,"shape2",0.139084129914367
"mu","disease mortality rate (case fatality ratio)","point",NA,"BWA",2024,"mean",0.0237882063817582
"mu","disease mortality rate (case fatality ratio)","beta",NA,"BWA",2024,"shape1",0.01
"mu","disease mortality rate (case fatality ratio)","beta",NA,"BWA",2024,"shape2",0.01
"mu","disease mortality rate (case fatality ratio)","point",NA,"BWA",2025,"mean",0.0197307181441826
"mu","disease mortality rate (case fatality ratio)","beta",NA,"BWA",2025,"shape1",0.01
"mu","disease mortality rate (case fatality ratio)","beta",NA,"BWA",2025,"shape2",0.01
"mu","disease mortality rate (case fatality ratio)","point",NA,"BWA",2026,"mean",0.016182812158828
"mu","disease mortality rate (case fatality ratio)","beta",NA,"BWA",2026,"shape1",0.01
"mu","disease mortality rate (case fatality ratio)","beta",NA,"BWA",2026,"shape2",0.01
"mu","disease mortality rate (case fatality ratio)","point",NA,"CAF",1970,"mean",0.0768685688637662
"mu","disease mortality rate (case fatality ratio)","beta",NA,"CAF",1970,"shape1",0.0192597373748102
"mu","disease mortality rate (case fatality ratio)","beta",NA,"CAF",1970,"shape2",0.231294392349448
"mu","disease mortality rate (case fatality ratio)","point",NA,"CAF",1971,"mean",0.0816106111467241
"mu","disease mortality rate (case fatality ratio)","beta",NA,"CAF",1971,"shape1",0.0297343434398753
"mu","disease mortality rate (case fatality ratio)","beta",NA,"CAF",1971,"shape2",0.334609741502917
"mu","disease mortality rate (case fatality ratio)","point",NA,"CAF",1972,"mean",0.0859397690534144
"mu","disease mortality rate (case fatality ratio)","beta",NA,"CAF",1972,"shape1",0.0421152056860065
"mu","disease mortality rate (case fatality ratio)","beta",NA,"CAF",1972,"shape2",0.447939703116814
"mu","disease mortality rate (case fatality ratio)","point",NA,"CAF",1973,"mean",0.0892932844785608
"mu","disease mortality rate (case fatality ratio)","beta",NA,"CAF",1973,"shape1",0.0560505761815698
"mu","disease mortality rate (case fatality ratio)","beta",NA,"CAF",1973,"shape2",0.571662655657577
"mu","disease mortality rate (case fatality ratio)","point",NA,"CAF",1974,"mean",0.091692214033591
"mu","disease mortality rate (case fatality ratio)","beta",NA,"CAF",1974,"shape1",0.0721944770363538
"mu","disease mortality rate (case fatality ratio)","beta",NA,"CAF",1974,"shape2",0.71516220092439
"mu","disease mortality rate (case fatality ratio)","point",NA,"CAF",1975,"mean",0.0938616214695828
"mu","disease mortality rate (case fatality ratio)","beta",NA,"CAF",1975,"shape1",0.0929379225060743
"mu","disease mortality rate (case fatality ratio)","beta",NA,"CAF",1975,"shape2",0.897221005615493
"mu","disease mortality rate (case fatality ratio)","point",NA,"CAF",1976,"mean",0.0968374426133222
"mu","disease mortality rate (case fatality ratio)","beta",NA,"CAF",1976,"shape1",0.122301136202009
"mu","disease mortality rate (case fatality ratio)","beta",NA,"CAF",1976,"shape2",1.14065183840684
"mu","disease mortality rate (case fatality ratio)","point",NA,"CAF",1977,"mean",0.101363773978467
"mu","disease mortality rate (case fatality ratio)","beta",NA,"CAF",1977,"shape1",0.165303886198497
"mu","disease mortality rate (case fatality ratio)","beta",NA,"CAF",1977,"shape2",1.46549457078883
"mu","disease mortality rate (case fatality ratio)","point",NA,"CAF",1978,"mean",0.10740811377597
"mu","disease mortality rate (case fatality ratio)","beta",NA,"CAF",1978,"shape1",0.227040180872346
"mu","disease mortality rate (case fatality ratio)","beta",NA,"CAF",1978,"shape2",1.88676829123157
"mu","disease mortality rate (case fatality ratio)","point",NA,"CAF",1979,"mean",0.11399865447134
"mu","disease mortality rate (case fatality ratio)","beta",NA,"CAF",1979,"shape1",0.311557511718975
"mu","disease mortality rate (case fatality ratio)","beta",NA,"CAF",1979,"shape2",2.42143537459006
"mu","disease mortality rate (case fatality ratio)","point",NA,"CAF",1980,"mean",0.119577050150043
"mu","disease mortality rate (case fatality ratio)","beta",NA,"CAF",1980,"shape1",0.421665238869503
"mu","disease mortality rate (case fatality ratio)","beta",NA,"CAF",1980,"shape2",3.10464050575627
"mu","disease mortality rate (case fatality ratio)","point",NA,"CAF",1981,"mean",0.122896088873131
"mu","disease mortality rate (case fatality ratio)","beta",NA,"CAF",1981,"shape1",0.561564552232058
"mu","disease mortality rate (case fatality ratio)","beta",NA,"CAF",1981,"shape2",4.00786119094011
"mu","disease mortality rate (case fatality ratio)","point",NA,"CAF",1982,"mean",0.123958158969903
"mu","disease mortality rate (case fatality ratio)","beta",NA,"CAF",1982,"shape1",0.742169564235809
"mu","disease mortality rate (case fatality ratio)","beta",NA,"CAF",1982,"shape2",5.24508912372201
"mu","disease mortality rate (case fatality ratio)","point",NA,"CAF",1983,"mean",0.124211875378076
"mu","disease mortality rate (case fatality ratio)","beta",NA,"CAF",1983,"shape1",0.98600826459985
"mu","disease mortality rate (case fatality ratio)","beta",NA,"CAF",1983,"shape2",6.95210764902467
"mu","disease mortality rate (case fatality ratio)","point",NA,"CAF",1984,"mean",0.125817621953098
"mu","disease mortality rate (case fatality ratio)","beta",NA,"CAF",1984,"shape1",1.32936506872656
"mu","disease mortality rate (case fatality ratio)","beta",NA,"CAF",1984,"shape2",9.23644477643261
"mu","disease mortality rate (case fatality ratio)","point",NA,"CAF",1985,"mean",0.130557379573779
"mu","disease mortality rate (case fatality ratio)","beta",NA,"CAF",1985,"shape1",1.82257757419827
"mu","disease mortality rate (case fatality ratio)","beta",NA,"CAF",1985,"shape2",12.1373960416043
"mu","disease mortality rate (case fatality ratio)","point",NA,"CAF",1986,"mean",0.1389275748457
"mu","disease mortality rate (case fatality ratio)","beta",NA,"CAF",1986,"shape1",2.52995931144088
"mu","disease mortality rate (case fatality ratio)","beta",NA,"CAF",1986,"shape2",15.6806753609831
"mu","disease mortality rate (case fatality ratio)","point",NA,"CAF",1987,"mean",0.149544122907078
"mu","disease mortality rate (case fatality ratio)","beta",NA,"CAF",1987,"shape1",3.52893839184766
"mu","disease mortality rate (case fatality ratio)","beta",NA,"CAF",1987,"shape2",20.0690360604177
"mu","disease mortality rate (case fatality ratio)","point",NA,"CAF",1988,"mean",0.159150994264418
"mu","disease mortality rate (case fatality ratio)","beta",NA,"CAF",1988,"shape1",4.90896720288964
"mu","disease mortality rate (case fatality ratio)","beta",NA,"CAF",1988,"shape2",25.9357486946041
"mu","disease mortality rate (case fatality ratio)","point",NA,"CAF",1989,"mean",0.163876598534713
"mu","disease mortality rate (case fatality ratio)","beta",NA,"CAF",1989,"shape1",6.77776164813112
"mu","disease mortality rate (case fatality ratio)","beta",NA,"CAF",1989,"shape2",34.5811737260091
"mu","disease mortality rate (case fatality ratio)","point",NA,"CAF",1990,"mean",0.16158218958502
"mu","disease mortality rate (case fatality ratio)","beta",NA,"CAF",1990,"shape1",9.28905216803545
"mu","disease mortality rate (case fatality ratio)","beta",NA,"CAF",1990,"shape2",48.1990422308082
"mu","disease mortality rate (case fatality ratio)","point",NA,"CAF",1991,"mean",0.153545995775321
"mu","disease mortality rate (case fatality ratio)","beta",NA,"CAF",1991,"shape1",12.6963070673401
"mu","disease mortality rate (case fatality ratio)","beta",NA,"CAF",1991,"shape2",69.9910141046049
"mu","disease mortality rate (case fatality ratio)","point",NA,"CAF",1992,"mean",0.143827552457897
"mu","disease mortality rate (case fatality ratio)","beta",NA,"CAF",1992,"shape1",17.4108971825204
"mu","disease mortality rate (case fatality ratio)","beta",NA,"CAF",1992,"shape2",103.643079506801
"mu","disease mortality rate (case fatality ratio)","point",NA,"CAF",1993,"mean",0.136963950784606
"mu","disease mortality rate (case fatality ratio)","beta",NA,"CAF",1993,"shape1",24.0376260862952
"mu","disease mortality rate (case fatality ratio)","beta",NA,"CAF",1993,"shape2",151.465679335273
"mu","disease mortality rate (case fatality ratio)","point",NA,"CAF",1994,"mean",0.136090118156951
"mu","disease mortality rate (case fatality ratio)","beta",NA,"CAF",1994,"shape1",33.3782346353
"mu","disease mortality rate (case fatality ratio)","beta",NA,"CAF",1994,"shape2",211.887439958392
"mu","disease mortality rate (case fatality ratio)","point",NA,"CAF",1995,"mean",0.142316729165124
"mu","disease mortality rate (case fatality ratio)","beta",NA,"CAF",1995,"shape1",46.3446812300341
"mu","disease mortality rate (case fatality ratio)","beta",NA,"CAF",1995,"shape2",279.299967167291
"mu","disease mortality rate (case fatality ratio)","point",NA,"CAF",1996,"mean",0.154556413394365
"mu","disease mortality rate (case fatality ratio)","beta",NA,"CAF",1996,"shape1",63.5513991010096
"mu","disease mortality rate (case fatality ratio)","beta",NA,"CAF",1996,"shape2",347.634378993183
"mu","disease mortality rate (case fatality ratio)","point",NA,"CAF",1997,"mean",0.169291212796498
"mu","disease mortality rate (case fatality ratio)","beta",NA,"CAF",1997,"shape1",84.2619201267473
"mu","disease mortality rate (case fatality ratio)","beta",NA,"CAF",1997,"shape2",413.471652306438
"mu","disease mortality rate (case fatality ratio)","point",NA,"CAF",1998,"mean",0.181175221241221
"mu","disease mortality rate (case fatality ratio)","beta",NA,"CAF",1998,"shape1",104.991112778088
"mu","disease mortality rate (case fatality ratio)","beta",NA,"CAF",1998,"shape2",474.509285006994
"mu","disease mortality rate (case fatality ratio)","point",NA,"CAF",1999,"mean",0.185386091234517
"mu","disease mortality rate (case fatality ratio)","beta",NA,"CAF",1999,"shape1",119.693295773814
"mu","disease mortality rate (case fatality ratio)","beta",NA,"CAF",1999,"shape2",525.950047676367
"mu","disease mortality rate (case fatality ratio)","point",NA,"CAF",2000,"mean",0.180475269977243
"mu","disease mortality rate (case fatality ratio)","beta",NA,"CAF",2000,"shape1",123.441303127341
"mu","disease mortality rate (case fatality ratio)","beta",NA,"CAF",2000,"shape2",560.537743657886
"mu","disease mortality rate (case fatality ratio)","point",NA,"CAF",2001,"mean",0.169123851026288
"mu","disease mortality rate (case fatality ratio)","beta",NA,"CAF",2001,"shape1",116.5537601865
"mu","disease mortality rate (case fatality ratio)","beta",NA,"CAF",2001,"shape2",572.608409899039
"mu","disease mortality rate (case fatality ratio)","point",NA,"CAF",2002,"mean",0.15611489154053
"mu","disease mortality rate (case fatality ratio)","beta",NA,"CAF",2002,"shape1",103.639030218953
"mu","disease mortality rate (case fatality ratio)","beta",NA,"CAF",2002,"shape2",560.22480234853
"mu","disease mortality rate (case fatality ratio)","point",NA,"CAF",2003,"mean",0.145525747364847
"mu","disease mortality rate (case fatality ratio)","beta",NA,"CAF",2003,"shape1",89.3596826080503
"mu","disease mortality rate (case fatality ratio)","beta",NA,"CAF",2003,"shape2",524.687551136898
"mu","disease mortality rate (case fatality ratio)","point",NA,"CAF",2004,"mean",0.139246365186024
"mu","disease mortality rate (case fatality ratio)","beta",NA,"CAF",2004,"shape1",76.3401310940805
"mu","disease mortality rate (case fatality ratio)","beta",NA,"CAF",2004,"shape2",471.897742060417
"mu","disease mortality rate (case fatality ratio)","point",NA,"CAF",2005,"mean",0.137014171262183
"mu","disease mortality rate (case fatality ratio)","beta",NA,"CAF",2005,"shape1",65.5424323824917
"mu","disease mortality rate (case fatality ratio)","beta",NA,"CAF",2005,"shape2",412.820001070274
"mu","disease mortality rate (case fatality ratio)","point",NA,"CAF",2006,"mean",0.137106864914642
"mu","disease mortality rate (case fatality ratio)","beta",NA,"CAF",2006,"shape1",57.0508533385196
"mu","disease mortality rate (case fatality ratio)","beta",NA,"CAF",2006,"shape2",359.054156239503
"mu","disease mortality rate (case fatality ratio)","point",NA,"CAF",2007,"mean",0.137247105205359
"mu","disease mortality rate (case fatality ratio)","beta",NA,"CAF",2007,"shape1",50.5509701343806
"mu","disease mortality rate (case fatality ratio)","beta",NA,"CAF",2007,"shape2",317.769877571242
"mu","disease mortality rate (case fatality ratio)","point",NA,"CAF",2008,"mean",0.135648319616816
"mu","disease mortality rate (case fatality ratio)","beta",NA,"CAF",2008,"shape1",45.6333473863368
"mu","disease mortality rate (case fatality ratio)","beta",NA,"CAF",2008,"shape2",290.775887281982
"mu","disease mortality rate (case fatality ratio)","point",NA,"CAF",2009,"mean",0.13183041497397
"mu","disease mortality rate (case fatality ratio)","beta",NA,"CAF",2009,"shape1",41.9844927068879
"mu","disease mortality rate (case fatality ratio)","beta",NA,"CAF",2009,"shape2",276.489000038909
"mu","disease mortality rate (case fatality ratio)","point",NA,"CAF",2010,"mean",0.126656938659505
"mu","disease mortality rate (case fatality ratio)","beta",NA,"CAF",2010,"shape1",39.4283461916547
"mu","disease mortality rate (case fatality ratio)","beta",NA,"CAF",2010,"shape2",271.871978993458
"mu","disease mortality rate (case fatality ratio)","point",NA,"CAF",2011,"mean",0.121592841441599
"mu","disease mortality rate (case fatality ratio)","beta",NA,"CAF",2011,"shape1",37.8614590652025
"mu","disease mortality rate (case fatality ratio)","beta",NA,"CAF",2011,"shape2",273.517554833303
"mu","disease mortality rate (case fatality ratio)","point",NA,"CAF",2012,"mean",0.117805958579924
"mu","disease mortality rate (case fatality ratio)","beta",NA,"CAF",2012,"shape1",37.196378748621
"mu","disease mortality rate (case fatality ratio)","beta",NA,"CAF",2012,"shape2",278.546383306879
"mu","disease mortality rate (case fatality ratio)","point",NA,"CAF",2013,"mean",0.115672418178337
"mu","disease mortality rate (case fatality ratio)","beta",NA,"CAF",2013,"shape1",37.3708256400475
"mu","disease mortality rate (case fatality ratio)","beta",NA,"CAF",2013,"shape2",285.7038210958
"mu","disease mortality rate (case fatality ratio)","point",NA,"CAF",2014,"mean",0.114781919326758
"mu","disease mortality rate (case fatality ratio)","beta",NA,"CAF",2014,"shape1",38.3762988821221
"mu","disease mortality rate (case fatality ratio)","beta",NA,"CAF",2014,"shape2",295.964676658402
"mu","disease mortality rate (case fatality ratio)","point",NA,"CAF",2015,"mean",0.114280019334297
"mu","disease mortality rate (case fatality ratio)","beta",NA,"CAF",2015,"shape1",40.2355039226652
"mu","disease mortality rate (case fatality ratio)","beta",NA,"CAF",2015,"shape2",311.842699747973
"mu","disease mortality rate (case fatality ratio)","point",NA,"CAF",2016,"mean",0.113350374566314
"mu","disease mortality rate (case fatality ratio)","beta",NA,"CAF",2016,"shape1",42.9331520638373
"mu","disease mortality rate (case fatality ratio)","beta",NA,"CAF",2016,"shape2",335.831825362151
"mu","disease mortality rate (case fatality ratio)","point",NA,"CAF",2017,"mean",0.111599869265804
"mu","disease mortality rate (case fatality ratio)","beta",NA,"CAF",2017,"shape1",46.3755751109966
"mu","disease mortality rate (case fatality ratio)","beta",NA,"CAF",2017,"shape2",369.176659995492
"mu","disease mortality rate (case fatality ratio)","point",NA,"CAF",2018,"mean",0.109120365825613
"mu","disease mortality rate (case fatality ratio)","beta",NA,"CAF",2018,"shape1",50.408131540594
"mu","disease mortality rate (case fatality ratio)","beta",NA,"CAF",2018,"shape2",411.541671864135
"mu","disease mortality rate (case fatality ratio)","point",NA,"CAF",2019,"mean",0.106206391565981
"mu","disease mortality rate (case fatality ratio)","beta",NA,"CAF",2019,"shape1",54.7780803354171
"mu","disease mortality rate (case fatality ratio)","beta",NA,"CAF",2019,"shape2",460.992011536934
"mu","disease mortality rate (case fatality ratio)","point",NA,"CAF",2020,"mean",0.102963681594588
"mu","disease mortality rate (case fatality ratio)","beta",NA,"CAF",2020,"shape1",58.9406814073628
"mu","disease mortality rate (case fatality ratio)","beta",NA,"CAF",2020,"shape2",513.500790134391
"mu","disease mortality rate (case fatality ratio)","point",NA,"CAF",2021,"mean",0.0991033638806677
"mu","disease mortality rate (case fatality ratio)","beta",NA,"CAF",2021,"shape1",61.9498678180307
"mu","disease mortality rate (case fatality ratio)","beta",NA,"CAF",2021,"shape2",563.153714867878
"mu","disease mortality rate (case fatality ratio)","point",NA,"CAF",2022,"mean",0.0940757223170817
"mu","disease mortality rate (case fatality ratio)","beta",NA,"CAF",2022,"shape1",62.8422877568972
"mu","disease mortality rate (case fatality ratio)","beta",NA,"CAF",2022,"shape2",605.154579118997
"mu","disease mortality rate (case fatality ratio)","point",NA,"CAF",2023,"mean",0.0874792449614447
"mu","disease mortality rate (case fatality ratio)","beta",NA,"CAF",2023,"shape1",61.2206021490372
"mu","disease mortality rate (case fatality ratio)","beta",NA,"CAF",2023,"shape2",638.609422401578
"mu","disease mortality rate (case fatality ratio)","point",NA,"CAF",2024,"mean",0.0794617084493585
"mu","disease mortality rate (case fatality ratio)","beta",NA,"CAF",2024,"shape1",57.2815529061788
"mu","disease mortality rate (case fatality ratio)","beta",NA,"CAF",2024,"shape2",663.588335546883
"mu","disease mortality rate (case fatality ratio)","point",NA,"CAF",2025,"mean",0.0707666554998675
"mu","disease mortality rate (case fatality ratio)","beta",NA,"CAF",2025,"shape1",51.5453124636335
"mu","disease mortality rate (case fatality ratio)","beta",NA,"CAF",2025,"shape2",676.838869317149
"mu","disease mortality rate (case fatality ratio)","point",NA,"CAF",2026,"mean",0.0623375719640372
"mu","disease mortality rate (case fatality ratio)","beta",NA,"CAF",2026,"shape1",44.8328885995833
"mu","disease mortality rate (case fatality ratio)","beta",NA,"CAF",2026,"shape2",674.362408667489
"mu","disease mortality rate (case fatality ratio)","point",NA,"CIV",1970,"mean",0.0324552822078879
"mu","disease mortality rate (case fatality ratio)","beta",NA,"CIV",1970,"shape1",48.3622839066249
"mu","disease mortality rate (case fatality ratio)","beta",NA,"CIV",1970,"shape2",1441.75829482835
"mu","disease mortality rate (case fatality ratio)","point",NA,"CIV",1970,"mean",0.140596940180371
"mu","disease mortality rate (case fatality ratio)","beta",NA,"CIV",1970,"shape1",0.136061855636973
"mu","disease mortality rate (case fatality ratio)","beta",NA,"CIV",1970,"shape2",0.831682218042154
"mu","disease mortality rate (case fatality ratio)","point",NA,"CIV",1971,"mean",0.035765820546532
"mu","disease mortality rate (case fatality ratio)","beta",NA,"CIV",1971,"shape1",55.1947276526733
"mu","disease mortality rate (case fatality ratio)","beta",NA,"CIV",1971,"shape2",1488.03081028414
"mu","disease mortality rate (case fatality ratio)","point",NA,"CIV",1971,"mean",0.13465044407076
"mu","disease mortality rate (case fatality ratio)","beta",NA,"CIV",1971,"shape1",0.126515463055342
"mu","disease mortality rate (case fatality ratio)","beta",NA,"CIV",1971,"shape2",0.813068984128934
"mu","disease mortality rate (case fatality ratio)","point",NA,"CIV",1972,"mean",0.0390677349118032
"mu","disease mortality rate (case fatality ratio)","beta",NA,"CIV",1972,"shape1",60.8396723307469
"mu","disease mortality rate (case fatality ratio)","beta",NA,"CIV",1972,"shape2",1496.44724148943
"mu","disease mortality rate (case fatality ratio)","point",NA,"CIV",1972,"mean",0.127961641404886
"mu","disease mortality rate (case fatality ratio)","beta",NA,"CIV",1972,"shape1",0.116962260096469
"mu","disease mortality rate (case fatality ratio)","beta",NA,"CIV",1972,"shape2",0.79707931370913
"mu","disease mortality rate (case fatality ratio)","point",NA,"CIV",1973,"mean",0.0420513100166775
"mu","disease mortality rate (case fatality ratio)","beta",NA,"CIV",1973,"shape1",65.8164806779687
"mu","disease mortality rate (case fatality ratio)","beta",NA,"CIV",1973,"shape2",1499.3304945736
"mu","disease mortality rate (case fatality ratio)","point",NA,"CIV",1973,"mean",0.12003937967934
"mu","disease mortality rate (case fatality ratio)","beta",NA,"CIV",1973,"shape1",0.106670346578151
"mu","disease mortality rate (case fatality ratio)","beta",NA,"CIV",1973,"shape2",0.781957592545646
"mu","disease mortality rate (case fatality ratio)","point",NA,"CIV",1974,"mean",0.044656951049883
"mu","disease mortality rate (case fatality ratio)","beta",NA,"CIV",1974,"shape1",71.4450400968852
"mu","disease mortality rate (case fatality ratio)","beta",NA,"CIV",1974,"shape2",1528.41877543945
"mu","disease mortality rate (case fatality ratio)","point",NA,"CIV",1974,"mean",0.111299998346262
"mu","disease mortality rate (case fatality ratio)","beta",NA,"CIV",1974,"shape1",0.0970065526968869
"mu","disease mortality rate (case fatality ratio)","beta",NA,"CIV",1974,"shape2",0.774570753127436
"mu","disease mortality rate (case fatality ratio)","point",NA,"CIV",1975,"mean",0.0471905681079026
"mu","disease mortality rate (case fatality ratio)","beta",NA,"CIV",1975,"shape1",78.1961228339041
"mu","disease mortality rate (case fatality ratio)","beta",NA,"CIV",1975,"shape2",1578.83251592091
"mu","disease mortality rate (case fatality ratio)","point",NA,"CIV",1975,"mean",0.102852565360892
"mu","disease mortality rate (case fatality ratio)","beta",NA,"CIV",1975,"shape1",0.0904749218325175
"mu","disease mortality rate (case fatality ratio)","beta",NA,"CIV",1975,"shape2",0.789181521495428
"mu","disease mortality rate (case fatality ratio)","point",NA,"CIV",1976,"mean",0.0501670781015687
"mu","disease mortality rate (case fatality ratio)","beta",NA,"CIV",1976,"shape1",85.0800525485029
"mu","disease mortality rate (case fatality ratio)","beta",NA,"CIV",1976,"shape2",1610.85392981836
"mu","disease mortality rate (case fatality ratio)","point",NA,"CIV",1976,"mean",0.0957864827785831
"mu","disease mortality rate (case fatality ratio)","beta",NA,"CIV",1976,"shape1",0.0890129003850424
"mu","disease mortality rate (case fatality ratio)","beta",NA,"CIV",1976,"shape2",0.840271668825017
"mu","disease mortality rate (case fatality ratio)","point",NA,"CIV",1977,"mean",0.0539938347149303
"mu","disease mortality rate (case fatality ratio)","beta",NA,"CIV",1977,"shape1",90.6952941635031
"mu","disease mortality rate (case fatality ratio)","beta",NA,"CIV",1977,"shape2",1589.03896887494
"mu","disease mortality rate (case fatality ratio)","point",NA,"CIV",1977,"mean",0.0905533854650132
"mu","disease mortality rate (case fatality ratio)","beta",NA,"CIV",1977,"shape1",0.0930701165844218
"mu","disease mortality rate (case fatality ratio)","beta",NA,"CIV",1977,"shape2",0.934722672238266
"mu","disease mortality rate (case fatality ratio)","point",NA,"CIV",1978,"mean",0.058662187328059
"mu","disease mortality rate (case fatality ratio)","beta",NA,"CIV",1978,"shape1",94.6405665147401
"mu","disease mortality rate (case fatality ratio)","beta",NA,"CIV",1978,"shape2",1518.67408855391
"mu","disease mortality rate (case fatality ratio)","point",NA,"CIV",1978,"mean",0.0867650782861344
"mu","disease mortality rate (case fatality ratio)","beta",NA,"CIV",1978,"shape1",0.101545482182524
"mu","disease mortality rate (case fatality ratio)","beta",NA,"CIV",1978,"shape2",1.06880420444654
"mu","disease mortality rate (case fatality ratio)","point",NA,"CIV",1979,"mean",0.0635868897767589
"mu","disease mortality rate (case fatality ratio)","beta",NA,"CIV",1979,"shape1",97.378090486657
"mu","disease mortality rate (case fatality ratio)","beta",NA,"CIV",1979,"shape2",1434.03964088112
"mu","disease mortality rate (case fatality ratio)","point",NA,"CIV",1979,"mean",0.0833987541673663
"mu","disease mortality rate (case fatality ratio)","beta",NA,"CIV",1979,"shape1",0.112067370239319
"mu","disease mortality rate (case fatality ratio)","beta",NA,"CIV",1979,"shape2",1.23168615891316
"mu","disease mortality rate (case fatality ratio)","point",NA,"CIV",1980,"mean",0.0677610388205931
"mu","disease mortality rate (case fatality ratio)","beta",NA,"CIV",1980,"shape1",99.3405225826264
"mu","disease mortality rate (case fatality ratio)","beta",NA,"CIV",1980,"shape2",1366.70138456175
"mu","disease mortality rate (case fatality ratio)","point",NA,"CIV",1980,"mean",0.0793253724884907
"mu","disease mortality rate (case fatality ratio)","beta",NA,"CIV",1980,"shape1",0.12174633945634
"mu","disease mortality rate (case fatality ratio)","beta",NA,"CIV",1980,"shape2",1.41302539419047
"mu","disease mortality rate (case fatality ratio)","point",NA,"CIV",1981,"mean",0.0703062152022882
"mu","disease mortality rate (case fatality ratio)","beta",NA,"CIV",1981,"shape1",100.868673546176
"mu","disease mortality rate (case fatality ratio)","beta",NA,"CIV",1981,"shape2",1333.83625625203
"mu","disease mortality rate (case fatality ratio)","point",NA,"CIV",1981,"mean",0.0739795460312869
"mu","disease mortality rate (case fatality ratio)","beta",NA,"CIV",1981,"shape1",0.128572217608604
"mu","disease mortality rate (case fatality ratio)","beta",NA,"CIV",1981,"shape2",1.60937055855049
"mu","disease mortality rate (case fatality ratio)","point",NA,"CIV",1982,"mean",0.0711128490323923
"mu","disease mortality rate (case fatality ratio)","beta",NA,"CIV",1982,"shape1",102.45706521165
"mu","disease mortality rate (case fatality ratio)","beta",NA,"CIV",1982,"shape2",1338.31020266958
"mu","disease mortality rate (case fatality ratio)","point",NA,"CIV",1982,"mean",0.0677460634546214
"mu","disease mortality rate (case fatality ratio)","beta",NA,"CIV",1982,"shape1",0.13251574186371
"mu","disease mortality rate (case fatality ratio)","beta",NA,"CIV",1982,"shape2",1.82354982277937
"mu","disease mortality rate (case fatality ratio)","point",NA,"CIV",1983,"mean",0.0710080781401257
"mu","disease mortality rate (case fatality ratio)","beta",NA,"CIV",1983,"shape1",104.556286383361
"mu","disease mortality rate (case fatality ratio)","beta",NA,"CIV",1983,"shape2",1367.89993440088
"mu","disease mortality rate (case fatality ratio)","point",NA,"CIV",1983,"mean",0.0617107884196421
"mu","disease mortality rate (case fatality ratio)","beta",NA,"CIV",1983,"shape1",0.135157430855046
"mu","disease mortality rate (case fatality ratio)","beta",NA,"CIV",1983,"shape2",2.05501764738178
"mu","disease mortality rate (case fatality ratio)","point",NA,"CIV",1984,"mean",0.071279034082728
"mu","disease mortality rate (case fatality ratio)","beta",NA,"CIV",1984,"shape1",107.434740666189
"mu","disease mortality rate (case fatality ratio)","beta",NA,"CIV",1984,"shape2",1399.80707382722
"mu","disease mortality rate (case fatality ratio)","point",NA,"CIV",1984,"mean",0.0569861859721263
"mu","disease mortality rate (case fatality ratio)","beta",NA,"CIV",1984,"shape1",0.138291119620365
"mu","disease mortality rate (case fatality ratio)","beta",NA,"CIV",1984,"shape2",2.28845699944147
"mu","disease mortality rate (case fatality ratio)","point",NA,"CIV",1985,"mean",0.0729534646257388
"mu","disease mortality rate (case fatality ratio)","beta",NA,"CIV",1985,"shape1",111.523293698226
"mu","disease mortality rate (case fatality ratio)","beta",NA,"CIV",1985,"shape2",1417.16755423279
"mu","disease mortality rate (case fatality ratio)","point",NA,"CIV",1985,"mean",0.0541577664721443
"mu","disease mortality rate (case fatality ratio)","beta",NA,"CIV",1985,"shape1",0.142880562989885
"mu","disease mortality rate (case fatality ratio)","beta",NA,"CIV",1985,"shape2",2.49534793676507
"mu","disease mortality rate (case fatality ratio)","point",NA,"CIV",1986,"mean",0.0762378501455788
"mu","disease mortality rate (case fatality ratio)","beta",NA,"CIV",1986,"shape1",117.685161325141
"mu","disease mortality rate (case fatality ratio)","beta",NA,"CIV",1986,"shape2",1425.97276056558
"mu","disease mortality rate (case fatality ratio)","point",NA,"CIV",1986,"mean",0.0530830406333103
"mu","disease mortality rate (case fatality ratio)","beta",NA,"CIV",1986,"shape1",0.14873608344069
"mu","disease mortality rate (case fatality ratio)","beta",NA,"CIV",1986,"shape2",2.65321500425484
"mu","disease mortality rate (case fatality ratio)","point",NA,"CIV",1987,"mean",0.0802094969007689
"mu","disease mortality rate (case fatality ratio)","beta",NA,"CIV",1987,"shape1",126.929116700413
"mu","disease mortality rate (case fatality ratio)","beta",NA,"CIV",1987,"shape2",1455.54081023908
"mu","disease mortality rate (case fatality ratio)","point",NA,"CIV",1987,"mean",0.0529157306195411
"mu","disease mortality rate (case fatality ratio)","beta",NA,"CIV",1987,"shape1",0.154448015004466
"mu","disease mortality rate (case fatality ratio)","beta",NA,"CIV",1987,"shape2",2.76430626082576
"mu","disease mortality rate (case fatality ratio)","point",NA,"CIV",1988,"mean",0.0829208281135293
"mu","disease mortality rate (case fatality ratio)","beta",NA,"CIV",1988,"shape1",140.054168405399
"mu","disease mortality rate (case fatality ratio)","beta",NA,"CIV",1988,"shape2",1548.95656136742
"mu","disease mortality rate (case fatality ratio)","point",NA,"CIV",1988,"mean",0.0523247499143764
"mu","disease mortality rate (case fatality ratio)","beta",NA,"CIV",1988,"shape1",0.15761128508708
"mu","disease mortality rate (case fatality ratio)","beta",NA,"CIV",1988,"shape2",2.8545633616144
"mu","disease mortality rate (case fatality ratio)","point",NA,"CIV",1989,"mean",0.0822680325633289
"mu","disease mortality rate (case fatality ratio)","beta",NA,"CIV",1989,"shape1",157.945826814425
"mu","disease mortality rate (case fatality ratio)","beta",NA,"CIV",1989,"shape2",1761.94725793682
"mu","disease mortality rate (case fatality ratio)","point",NA,"CIV",1989,"mean",0.050071180745953
"mu","disease mortality rate (case fatality ratio)","beta",NA,"CIV",1989,"shape1",0.156001420010491
"mu","disease mortality rate (case fatality ratio)","beta",NA,"CIV",1989,"shape2",2.95959157552917
"mu","disease mortality rate (case fatality ratio)","point",NA,"CIV",1990,"mean",0.0774265236982224
"mu","disease mortality rate (case fatality ratio)","beta",NA,"CIV",1990,"shape1",182.47804211707
"mu","disease mortality rate (case fatality ratio)","beta",NA,"CIV",1990,"shape2",2174.31176841732
"mu","disease mortality rate (case fatality ratio)","point",NA,"CIV",1990,"mean",0.0457986349266644
"mu","disease mortality rate (case fatality ratio)","beta",NA,"CIV",1990,"shape1",0.149426467308859
"mu","disease mortality rate (case fatality ratio)","beta",NA,"CIV",1990,"shape2",3.11325739975682
"mu","disease mortality rate (case fatality ratio)","point",NA,"CIV",1991,"mean",0.0696305431331501
"mu","disease mortality rate (case fatality ratio)","beta",NA,"CIV",1991,"shape1",217.1561282472
"mu","disease mortality rate (case fatality ratio)","beta",NA,"CIV",1991,"shape2",2901.53458527985
"mu","disease mortality rate (case fatality ratio)","point",NA,"CIV",1991,"mean",0.0403378804704506
"mu","disease mortality rate (case fatality ratio)","beta",NA,"CIV",1991,"shape1",0.140247242369649
"mu","disease mortality rate (case fatality ratio)","beta",NA,"CIV",1991,"shape2",3.33656514177103
"mu","disease mortality rate (case fatality ratio)","point",NA,"CIV",1992,"mean",0.0613809133578027
"mu","disease mortality rate (case fatality ratio)","beta",NA,"CIV",1992,"shape1",266.859237122994
"mu","disease mortality rate (case fatality ratio)","beta",NA,"CIV",1992,"shape2",4080.73389117429
"mu","disease mortality rate (case fatality ratio)","point",NA,"CIV",1992,"mean",0.0351200787871595
"mu","disease mortality rate (case fatality ratio)","beta",NA,"CIV",1992,"shape1",0.13164972914715
"mu","disease mortality rate (case fatality ratio)","beta",NA,"CIV",1992,"shape2",3.61691045902884
"mu","disease mortality rate (case fatality ratio)","point",NA,"CIV",1993,"mean",0.0549097402077316
"mu","disease mortality rate (case fatality ratio)","beta",NA,"CIV",1993,"shape1",337.018507316803
"mu","disease mortality rate (case fatality ratio)","beta",NA,"CIV",1993,"shape2",5800.66318707499
"mu","disease mortality rate (case fatality ratio)","point",NA,"CIV",1993,"mean",0.0313092685756044
"mu","disease mortality rate (case fatality ratio)","beta",NA,"CIV",1993,"shape1",0.125737415392934
"mu","disease mortality rate (case fatality ratio)","beta",NA,"CIV",1993,"shape2",3.89024319077513
"mu","disease mortality rate (case fatality ratio)","point",NA,"CIV",1994,"mean",0.0513345550582185
"mu","disease mortality rate (case fatality ratio)","beta",NA,"CIV",1994,"shape1",432.396390755645
"mu","disease mortality rate (case fatality ratio)","beta",NA,"CIV",1994,"shape2",7990.70945413313
"mu","disease mortality rate (case fatality ratio)","point",NA,"CIV",1994,"mean",0.0294287494640211
"mu","disease mortality rate (case fatality ratio)","beta",NA,"CIV",1994,"shape1",0.123192678721321
"mu","disease mortality rate (case fatality ratio)","beta",NA,"CIV",1994,"shape2",4.06294098189967
"mu","disease mortality rate (case fatality ratio)","point",NA,"CIV",1995,"mean",0.0507071111485783
"mu","disease mortality rate (case fatality ratio)","beta",NA,"CIV",1995,"shape1",552.648404615805
"mu","disease mortality rate (case fatality ratio)","beta",NA,"CIV",1995,"shape2",10346.1859422369
"mu","disease mortality rate (case fatality ratio)","point",NA,"CIV",1995,"mean",0.0294620331585902
"mu","disease mortality rate (case fatality ratio)","beta",NA,"CIV",1995,"shape1",0.123854462208815
"mu","disease mortality rate (case fatality ratio)","beta",NA,"CIV",1995,"shape2",4.08001230903957
"mu","disease mortality rate (case fatality ratio)","point",NA,"CIV",1996,"mean",0.0522609752588837
"mu","disease mortality rate (case fatality ratio)","beta",NA,"CIV",1996,"shape1",680.364576933323
"mu","disease mortality rate (case fatality ratio)","beta",NA,"CIV",1996,"shape2",12338.2324462378
"mu","disease mortality rate (case fatality ratio)","point",NA,"CIV",1996,"mean",0.0309836962203165
"mu","disease mortality rate (case fatality ratio)","beta",NA,"CIV",1996,"shape1",0.12706051656693
"mu","disease mortality rate (case fatality ratio)","beta",NA,"CIV",1996,"shape2",3.97382259510052
"mu","disease mortality rate (case fatality ratio)","point",NA,"CIV",1997,"mean",0.0545158136779797
"mu","disease mortality rate (case fatality ratio)","beta",NA,"CIV",1997,"shape1",774.406926425831
"mu","disease mortality rate (case fatality ratio)","beta",NA,"CIV",1997,"shape2",13430.7727119116
"mu","disease mortality rate (case fatality ratio)","point",NA,"CIV",1997,"mean",0.0331469623269216
"mu","disease mortality rate (case fatality ratio)","beta",NA,"CIV",1997,"shape1",0.131505435292607
"mu","disease mortality rate (case fatality ratio)","beta",NA,"CIV",1997,"shape2",3.83583956590528
"mu","disease mortality rate (case fatality ratio)","point",NA,"CIV",1998,"mean",0.0555797478076885
"mu","disease mortality rate (case fatality ratio)","beta",NA,"CIV",1998,"shape1",798.249247186944
"mu","disease mortality rate (case fatality ratio)","beta",NA,"CIV",1998,"shape2",13563.9830167839
"mu","disease mortality rate (case fatality ratio)","point",NA,"CIV",1998,"mean",0.034771147298384
"mu","disease mortality rate (case fatality ratio)","beta",NA,"CIV",1998,"shape1",0.135191474168894
"mu","disease mortality rate (case fatality ratio)","beta",NA,"CIV",1998,"shape2",3.75284457505223
"mu","disease mortality rate (case fatality ratio)","point",NA,"CIV",1999,"mean",0.0540128391721794
"mu","disease mortality rate (case fatality ratio)","beta",NA,"CIV",1999,"shape1",753.824065790652
"mu","disease mortality rate (case fatality ratio)","beta",NA,"CIV",1999,"shape2",13202.5625516143
"mu","disease mortality rate (case fatality ratio)","point",NA,"CIV",1999,"mean",0.034828494833372
"mu","disease mortality rate (case fatality ratio)","beta",NA,"CIV",1999,"shape1",0.136268532159021
"mu","disease mortality rate (case fatality ratio)","beta",NA,"CIV",1999,"shape2",3.77629021638762
"mu","disease mortality rate (case fatality ratio)","point",NA,"CIV",2000,"mean",0.0497525440285053
"mu","disease mortality rate (case fatality ratio)","beta",NA,"CIV",2000,"shape1",669.701344104595
"mu","disease mortality rate (case fatality ratio)","beta",NA,"CIV",2000,"shape2",12790.9438787989
"mu","disease mortality rate (case fatality ratio)","point",NA,"CIV",2000,"mean",0.0330943098149743
"mu","disease mortality rate (case fatality ratio)","beta",NA,"CIV",2000,"shape1",0.134428258209747
"mu","disease mortality rate (case fatality ratio)","beta",NA,"CIV",2000,"shape2",3.92754671456704
"mu","disease mortality rate (case fatality ratio)","point",NA,"CIV",2001,"mean",0.044089506050585
"mu","disease mortality rate (case fatality ratio)","beta",NA,"CIV",2001,"shape1",576.052426786367
"mu","disease mortality rate (case fatality ratio)","beta",NA,"CIV",2001,"shape2",12489.4699250732
"mu","disease mortality rate (case fatality ratio)","point",NA,"CIV",2001,"mean",0.0302663253678975
"mu","disease mortality rate (case fatality ratio)","beta",NA,"CIV",2001,"shape1",0.131195431882815
"mu","disease mortality rate (case fatality ratio)","beta",NA,"CIV",2001,"shape2",4.2035042810189
"mu","disease mortality rate (case fatality ratio)","point",NA,"CIV",2002,"mean",0.0386698533507967
"mu","disease mortality rate (case fatality ratio)","beta",NA,"CIV",2002,"shape1",492.00094291604
"mu","disease mortality rate (case fatality ratio)","beta",NA,"CIV",2002,"shape2",12231.1128080676
"mu","disease mortality rate (case fatality ratio)","point",NA,"CIV",2002,"mean",0.0273965317871634
"mu","disease mortality rate (case fatality ratio)","beta",NA,"CIV",2002,"shape1",0.12870109916044
"mu","disease mortality rate (case fatality ratio)","beta",NA,"CIV",2002,"shape2",4.56901393135094
"mu","disease mortality rate (case fatality ratio)","point",NA,"CIV",2003,"mean",0.0345773117737403
"mu","disease mortality rate (case fatality ratio)","beta",NA,"CIV",2003,"shape1",423.152862685469
"mu","disease mortality rate (case fatality ratio)","beta",NA,"CIV",2003,"shape2",11814.7233913856
"mu","disease mortality rate (case fatality ratio)","point",NA,"CIV",2003,"mean",0.0252653931632151
"mu","disease mortality rate (case fatality ratio)","beta",NA,"CIV",2003,"shape1",0.128493837692229
"mu","disease mortality rate (case fatality ratio)","beta",NA,"CIV",2003,"shape2",4.95727058568943
"mu","disease mortality rate (case fatality ratio)","point",NA,"CIV",2004,"mean",0.0321260245493403
"mu","disease mortality rate (case fatality ratio)","beta",NA,"CIV",2004,"shape1",367.782051359357
"mu","disease mortality rate (case fatality ratio)","beta",NA,"CIV",2004,"shape2",11080.3213638175
"mu","disease mortality rate (case fatality ratio)","point",NA,"CIV",2004,"mean",0.024171731406475
"mu","disease mortality rate (case fatality ratio)","beta",NA,"CIV",2004,"shape1",0.131330860314391
"mu","disease mortality rate (case fatality ratio)","beta",NA,"CIV",2004,"shape2",5.30191089245517
"mu","disease mortality rate (case fatality ratio)","point",NA,"CIV",2005,"mean",0.0310913827004456
"mu","disease mortality rate (case fatality ratio)","beta",NA,"CIV",2005,"shape1",323.420571430689
"mu","disease mortality rate (case fatality ratio)","beta",NA,"CIV",2005,"shape2",10078.837010573
"mu","disease mortality rate (case fatality ratio)","point",NA,"CIV",2005,"mean",0.0240251735538386
"mu","disease mortality rate (case fatality ratio)","beta",NA,"CIV",2005,"shape1",0.137485200587643
"mu","disease mortality rate (case fatality ratio)","beta",NA,"CIV",2005,"shape2",5.58506245466859
"mu","disease mortality rate (case fatality ratio)","point",NA,"CIV",2006,"mean",0.0309714138429277
"mu","disease mortality rate (case fatality ratio)","beta",NA,"CIV",2006,"shape1",287.752492381137
"mu","disease mortality rate (case fatality ratio)","beta",NA,"CIV",2006,"shape2",9003.1534326916
"mu","disease mortality rate (case fatality ratio)","point",NA,"CIV",2006,"mean",0.0244908027267518
"mu","disease mortality rate (case fatality ratio)","beta",NA,"CIV",2006,"shape1",0.147011996687063
"mu","disease mortality rate (case fatality ratio)","beta",NA,"CIV",2006,"shape2",5.85573108720863
"mu","disease mortality rate (case fatality ratio)","point",NA,"CIV",2007,"mean",0.0311898783733455
"mu","disease mortality rate (case fatality ratio)","beta",NA,"CIV",2007,"shape1",256.626376864168
"mu","disease mortality rate (case fatality ratio)","beta",NA,"CIV",2007,"shape2",7971.24722342141
"mu","disease mortality rate (case fatality ratio)","point",NA,"CIV",2007,"mean",0.0251274865063394
"mu","disease mortality rate (case fatality ratio)","beta",NA,"CIV",2007,"shape1",0.159929414018069
"mu","disease mortality rate (case fatality ratio)","beta",NA,"CIV",2007,"shape2",6.20479051042483
"mu","disease mortality rate (case fatality ratio)","point",NA,"CIV",2008,"mean",0.0313037766517354
"mu","disease mortality rate (case fatality ratio)","beta",NA,"CIV",2008,"shape1",224.642163632763
"mu","disease mortality rate (case fatality ratio)","beta",NA,"CIV",2008,"shape2",6951.55788826448
"mu","disease mortality rate (case fatality ratio)","point",NA,"CIV",2008,"mean",0.0255633652925155
"mu","disease mortality rate (case fatality ratio)","beta",NA,"CIV",2008,"shape1",0.176508465569799
"mu","disease mortality rate (case fatality ratio)","beta",NA,"CIV",2008,"shape2",6.72823445657896
"mu","disease mortality rate (case fatality ratio)","point",NA,"CIV",2009,"mean",0.0311797911150136
"mu","disease mortality rate (case fatality ratio)","beta",NA,"CIV",2009,"shape1",189.005660030341
"mu","disease mortality rate (case fatality ratio)","beta",NA,"CIV",2009,"shape2",5872.794412111
"mu","disease mortality rate (case fatality ratio)","point",NA,"CIV",2009,"mean",0.0256667052934327
"mu","disease mortality rate (case fatality ratio)","beta",NA,"CIV",2009,"shape1",0.197706736082507
"mu","disease mortality rate (case fatality ratio)","beta",NA,"CIV",2009,"shape2",7.50514151897162
"mu","disease mortality rate (case fatality ratio)","point",NA,"CIV",2010,"mean",0.0310147739043153
"mu","disease mortality rate (case fatality ratio)","beta",NA,"CIV",2010,"shape1",151.684479182884
"mu","disease mortality rate (case fatality ratio)","beta",NA,"CIV",2010,"shape2",4739.03243046962
"mu","disease mortality rate (case fatality ratio)","point",NA,"CIV",2010,"mean",0.0255860940888897
"mu","disease mortality rate (case fatality ratio)","beta",NA,"CIV",2010,"shape1",0.225527991518206
"mu","disease mortality rate (case fatality ratio)","beta",NA,"CIV",2010,"shape2",8.58894719702327
"mu","disease mortality rate (case fatality ratio)","point",NA,"CIV",2011,"mean",0.0311805856464456
"mu","disease mortality rate (case fatality ratio)","beta",NA,"CIV",2011,"shape1",116.812492088924
"mu","disease mortality rate (case fatality ratio)","beta",NA,"CIV",2011,"shape2",3629.50880583191
"mu","disease mortality rate (case fatality ratio)","point",NA,"CIV",2011,"mean",0.0256246384206005
"mu","disease mortality rate (case fatality ratio)","beta",NA,"CIV",2011,"shape1",0.263166877175958
"mu","disease mortality rate (case fatality ratio)","beta",NA,"CIV",2011,"shape2",10.0069049519894
"mu","disease mortality rate (case fatality ratio)","point",NA,"CIV",2012,"mean",0.0320231092923827
"mu","disease mortality rate (case fatality ratio)","beta",NA,"CIV",2012,"shape1",87.4347277517149
"mu","disease mortality rate (case fatality ratio)","beta",NA,"CIV",2012,"shape2",2642.92874049879
"mu","disease mortality rate (case fatality ratio)","point",NA,"CIV",2012,"mean",0.0260595021529044
"mu","disease mortality rate (case fatality ratio)","beta",NA,"CIV",2012,"shape1",0.315110913089611
"mu","disease mortality rate (case fatality ratio)","beta",NA,"CIV",2012,"shape2",11.7768665637131
"mu","disease mortality rate (case fatality ratio)","point",NA,"CIV",2013,"mean",0.033733643356136
"mu","disease mortality rate (case fatality ratio)","beta",NA,"CIV",2013,"shape1",64.582656313907
"mu","disease mortality rate (case fatality ratio)","beta",NA,"CIV",2013,"shape2",1849.90537073046
"mu","disease mortality rate (case fatality ratio)","point",NA,"CIV",2013,"mean",0.0270225895467929
"mu","disease mortality rate (case fatality ratio)","beta",NA,"CIV",2013,"shape1",0.38748250668171
"mu","disease mortality rate (case fatality ratio)","beta",NA,"CIV",2013,"shape2",13.9517245486131
"mu","disease mortality rate (case fatality ratio)","point",NA,"CIV",2014,"mean",0.0363106298984119
"mu","disease mortality rate (case fatality ratio)","beta",NA,"CIV",2014,"shape1",47.7139372355381
"mu","disease mortality rate (case fatality ratio)","beta",NA,"CIV",2014,"shape2",1266.33479640058
"mu","disease mortality rate (case fatality ratio)","point",NA,"CIV",2014,"mean",0.0284692435926729
"mu","disease mortality rate (case fatality ratio)","beta",NA,"CIV",2014,"shape1",0.488821452766273
"mu","disease mortality rate (case fatality ratio)","beta",NA,"CIV",2014,"shape2",16.6813380274133
"mu","disease mortality rate (case fatality ratio)","point",NA,"CIV",2015,"mean",0.0395930189107515
"mu","disease mortality rate (case fatality ratio)","beta",NA,"CIV",2015,"shape1",35.548865117064
"mu","disease mortality rate (case fatality ratio)","beta",NA,"CIV",2015,"shape2",862.308032261649
"mu","disease mortality rate (case fatality ratio)","point",NA,"CIV",2015,"mean",0.030218971689651
"mu","disease mortality rate (case fatality ratio)","beta",NA,"CIV",2015,"shape1",0.631556801216964
"mu","disease mortality rate (case fatality ratio)","beta",NA,"CIV",2015,"shape2",20.2677910555882
"mu","disease mortality rate (case fatality ratio)","point",NA,"CIV",2016,"mean",0.0433598526080699
"mu","disease mortality rate (case fatality ratio)","beta",NA,"CIV",2016,"shape1",26.7948415967639
"mu","disease mortality rate (case fatality ratio)","beta",NA,"CIV",2016,"shape2",591.169472972355
"mu","disease mortality rate (case fatality ratio)","point",NA,"CIV",2016,"mean",0.0320527746997532
"mu","disease mortality rate (case fatality ratio)","beta",NA,"CIV",2016,"shape1",0.834716985948253
"mu","disease mortality rate (case fatality ratio)","beta",NA,"CIV",2016,"shape2",25.2072401852255
"mu","disease mortality rate (case fatality ratio)","point",NA,"CIV",2017,"mean",0.0474648718265237
"mu","disease mortality rate (case fatality ratio)","beta",NA,"CIV",2017,"shape1",20.4633121339128
"mu","disease mortality rate (case fatality ratio)","beta",NA,"CIV",2017,"shape2",410.662093802141
"mu","disease mortality rate (case fatality ratio)","point",NA,"CIV",2017,"mean",0.0338267631271123
"mu","disease mortality rate (case fatality ratio)","beta",NA,"CIV",2017,"shape1",1.12890983411556
"mu","disease mortality rate (case fatality ratio)","beta",NA,"CIV",2017,"shape2",32.2443641582381
"mu","disease mortality rate (case fatality ratio)","point",NA,"CIV",2018,"mean",0.0519178781047068
"mu","disease mortality rate (case fatality ratio)","beta",NA,"CIV",2018,"shape1",15.8628002649653
"mu","disease mortality rate (case fatality ratio)","beta",NA,"CIV",2018,"shape2",289.673574564791
"mu","disease mortality rate (case fatality ratio)","point",NA,"CIV",2018,"mean",0.0355262463554664
"mu","disease mortality rate (case fatality ratio)","beta",NA,"CIV",2018,"shape1",1.56537707327343
"mu","disease mortality rate (case fatality ratio)","beta",NA,"CIV",2018,"shape2",42.4971748104994
"mu","disease mortality rate (case fatality ratio)","point",NA,"CIV",2019,"mean",0.0568304524413194
"mu","disease mortality rate (case fatality ratio)","beta",NA,"CIV",2019,"shape1",12.4991898852518
"mu","disease mortality rate (case fatality ratio)","beta",NA,"CIV",2019,"shape2",207.439053579516
"mu","disease mortality rate (case fatality ratio)","point",NA,"CIV",2019,"mean",0.0372108969746668
"mu","disease mortality rate (case fatality ratio)","beta",NA,"CIV",2019,"shape1",2.23260788782419
"mu","disease mortality rate (case fatality ratio)","beta",NA,"CIV",2019,"shape2",57.7661577786996
"mu","disease mortality rate (case fatality ratio)","point",NA,"CIV",2020,"mean",0.0622354386993699
"mu","disease mortality rate (case fatality ratio)","beta",NA,"CIV",2020,"shape1",10.0099481368955
"mu","disease mortality rate (case fatality ratio)","beta",NA,"CIV",2020,"shape2",150.83005469893
"mu","disease mortality rate (case fatality ratio)","point",NA,"CIV",2020,"mean",0.0388848014131146
"mu","disease mortality rate (case fatality ratio)","beta",NA,"CIV",2020,"shape1",3.2874948925054
"mu","disease mortality rate (case fatality ratio)","beta",NA,"CIV",2020,"shape2",81.2569742325609
"mu","disease mortality rate (case fatality ratio)","point",NA,"CIV",2021,"mean",0.0678880933642661
"mu","disease mortality rate (case fatality ratio)","beta",NA,"CIV",2021,"shape1",8.13485495362266
"mu","disease mortality rate (case fatality ratio)","beta",NA,"CIV",2021,"shape2",111.692563235508
"mu","disease mortality rate (case fatality ratio)","point",NA,"CIV",2021,"mean",0.0403852475762826
"mu","disease mortality rate (case fatality ratio)","beta",NA,"CIV",2021,"shape1",5.01182912751036
"mu","disease mortality rate (case fatality ratio)","beta",NA,"CIV",2021,"shape2",119.088663708238
"mu","disease mortality rate (case fatality ratio)","point",NA,"CIV",2022,"mean",0.0732048337170839
"mu","disease mortality rate (case fatality ratio)","beta",NA,"CIV",2022,"shape1",6.69384132764655
"mu","disease mortality rate (case fatality ratio)","beta",NA,"CIV",2022,"shape2",84.7460402724725
"mu","disease mortality rate (case fatality ratio)","point",NA,"CIV",2022,"mean",0.0413844704484734
"mu","disease mortality rate (case fatality ratio)","beta",NA,"CIV",2022,"shape1",7.88345530706981
"mu","disease mortality rate (case fatality ratio)","beta",NA,"CIV",2022,"shape2",182.60962631603
"mu","disease mortality rate (case fatality ratio)","point",NA,"CIV",2023,"mean",0.0774615153984549
"mu","disease mortality rate (case fatality ratio)","beta",NA,"CIV",2023,"shape1",5.56363192748156
"mu","disease mortality rate (case fatality ratio)","beta",NA,"CIV",2023,"shape2",66.2608334068557
"mu","disease mortality rate (case fatality ratio)","point",NA,"CIV",2023,"mean",0.0415431924216111
"mu","disease mortality rate (case fatality ratio)","beta",NA,"CIV",2023,"shape1",12.4272955964766
"mu","disease mortality rate (case fatality ratio)","beta",NA,"CIV",2023,"shape2",286.714269412665
"mu","disease mortality rate (case fatality ratio)","point",NA,"CIV",2024,"mean",0.080198950423613
"mu","disease mortality rate (case fatality ratio)","beta",NA,"CIV",2024,"shape1",4.65996272312461
"mu","disease mortality rate (case fatality ratio)","beta",NA,"CIV",2024,"shape2",53.445071052387
"mu","disease mortality rate (case fatality ratio)","point",NA,"CIV",2024,"mean",0.0407387493750162
"mu","disease mortality rate (case fatality ratio)","beta",NA,"CIV",2024,"shape1",17.6975022939417
"mu","disease mortality rate (case fatality ratio)","beta",NA,"CIV",2024,"shape2",416.716969565005
"mu","disease mortality rate (case fatality ratio)","point",NA,"CIV",2025,"mean",0.0815442889044938
"mu","disease mortality rate (case fatality ratio)","beta",NA,"CIV",2025,"shape1",3.92734054685878
"mu","disease mortality rate (case fatality ratio)","beta",NA,"CIV",2025,"shape2",44.2347146947849
"mu","disease mortality rate (case fatality ratio)","point",NA,"CIV",2025,"mean",0.0391844315066957
"mu","disease mortality rate (case fatality ratio)","beta",NA,"CIV",2025,"shape1",18.852040723062
"mu","disease mortality rate (case fatality ratio)","beta",NA,"CIV",2025,"shape2",462.258441123297
"mu","disease mortality rate (case fatality ratio)","point",NA,"CIV",2026,"mean",0.0821340689238544
"mu","disease mortality rate (case fatality ratio)","beta",NA,"CIV",2026,"shape1",3.33057291334069
"mu","disease mortality rate (case fatality ratio)","beta",NA,"CIV",2026,"shape2",37.2198704894868
"mu","disease mortality rate (case fatality ratio)","point",NA,"CIV",2026,"mean",0.0373097761623593
"mu","disease mortality rate (case fatality ratio)","beta",NA,"CIV",2026,"shape1",14.2514985447671
"mu","disease mortality rate (case fatality ratio)","beta",NA,"CIV",2026,"shape2",367.726095819494
"mu","disease mortality rate (case fatality ratio)","point",NA,"CMR",1970,"mean",0.147446894280005
"mu","disease mortality rate (case fatality ratio)","beta",NA,"CMR",1970,"shape1",311.941968242286
"mu","disease mortality rate (case fatality ratio)","beta",NA,"CMR",1970,"shape2",1803.68053954619
"mu","disease mortality rate (case fatality ratio)","point",NA,"CMR",1971,"mean",0.147243406250906
"mu","disease mortality rate (case fatality ratio)","beta",NA,"CMR",1971,"shape1",417.193674317906
"mu","disease mortality rate (case fatality ratio)","beta",NA,"CMR",1971,"shape2",2416.16698298039
"mu","disease mortality rate (case fatality ratio)","point",NA,"CMR",1972,"mean",0.145966035031332
"mu","disease mortality rate (case fatality ratio)","beta",NA,"CMR",1972,"shape1",461.056507786765
"mu","disease mortality rate (case fatality ratio)","beta",NA,"CMR",1972,"shape2",2697.59959798331
"mu","disease mortality rate (case fatality ratio)","point",NA,"CMR",1973,"mean",0.142920964283916
"mu","disease mortality rate (case fatality ratio)","beta",NA,"CMR",1973,"shape1",454.326718680517
"mu","disease mortality rate (case fatality ratio)","beta",NA,"CMR",1973,"shape2",2724.54015334803
"mu","disease mortality rate (case fatality ratio)","point",NA,"CMR",1974,"mean",0.138400708398072
"mu","disease mortality rate (case fatality ratio)","beta",NA,"CMR",1974,"shape1",460.391521428983
"mu","disease mortality rate (case fatality ratio)","beta",NA,"CMR",1974,"shape2",2866.11978590328
"mu","disease mortality rate (case fatality ratio)","point",NA,"CMR",1975,"mean",0.133619191991038
"mu","disease mortality rate (case fatality ratio)","beta",NA,"CMR",1975,"shape1",497.666052687563
"mu","disease mortality rate (case fatality ratio)","beta",NA,"CMR",1975,"shape2",3226.84421617369
"mu","disease mortality rate (case fatality ratio)","point",NA,"CMR",1976,"mean",0.129974642993313
"mu","disease mortality rate (case fatality ratio)","beta",NA,"CMR",1976,"shape1",544.532078825048
"mu","disease mortality rate (case fatality ratio)","beta",NA,"CMR",1976,"shape2",3644.99340310346
"mu","disease mortality rate (case fatality ratio)","point",NA,"CMR",1977,"mean",0.128233011387356
"mu","disease mortality rate (case fatality ratio)","beta",NA,"CMR",1977,"shape1",574.17921940622
"mu","disease mortality rate (case fatality ratio)","beta",NA,"CMR",1977,"shape2",3903.44485877897
"mu","disease mortality rate (case fatality ratio)","point",NA,"CMR",1978,"mean",0.12808537542792
"mu","disease mortality rate (case fatality ratio)","beta",NA,"CMR",1978,"shape1",593.019879289986
"mu","disease mortality rate (case fatality ratio)","beta",NA,"CMR",1978,"shape2",4036.8598185972
"mu","disease mortality rate (case fatality ratio)","point",NA,"CMR",1979,"mean",0.128223190645361
"mu","disease mortality rate (case fatality ratio)","beta",NA,"CMR",1979,"shape1",623.433508436068
"mu","disease mortality rate (case fatality ratio)","beta",NA,"CMR",1979,"shape2",4238.66285103105
"mu","disease mortality rate (case fatality ratio)","point",NA,"CMR",1980,"mean",0.126963734207013
"mu","disease mortality rate (case fatality ratio)","beta",NA,"CMR",1980,"shape1",672.101352676595
"mu","disease mortality rate (case fatality ratio)","beta",NA,"CMR",1980,"shape2",4621.54692314318
"mu","disease mortality rate (case fatality ratio)","point",NA,"CMR",1981,"mean",0.123257976036329
"mu","disease mortality rate (case fatality ratio)","beta",NA,"CMR",1981,"shape1",732.337652249814
"mu","disease mortality rate (case fatality ratio)","beta",NA,"CMR",1981,"shape2",5209.1654926174
"mu","disease mortality rate (case fatality ratio)","point",NA,"CMR",1982,"mean",0.117464569828927
"mu","disease mortality rate (case fatality ratio)","beta",NA,"CMR",1982,"shape1",796.094654223663
"mu","disease mortality rate (case fatality ratio)","beta",NA,"CMR",1982,"shape2",5981.22258605634
"mu","disease mortality rate (case fatality ratio)","point",NA,"CMR",1983,"mean",0.111221580450384
"mu","disease mortality rate (case fatality ratio)","beta",NA,"CMR",1983,"shape1",849.572174593814
"mu","disease mortality rate (case fatality ratio)","beta",NA,"CMR",1983,"shape2",6788.98296150054
"mu","disease mortality rate (case fatality ratio)","point",NA,"CMR",1984,"mean",0.106500078458272
"mu","disease mortality rate (case fatality ratio)","beta",NA,"CMR",1984,"shape1",871.182654204567
"mu","disease mortality rate (case fatality ratio)","beta",NA,"CMR",1984,"shape2",7308.93013834993
"mu","disease mortality rate (case fatality ratio)","point",NA,"CMR",1985,"mean",0.104592569542111
"mu","disease mortality rate (case fatality ratio)","beta",NA,"CMR",1985,"shape1",862.343910030386
"mu","disease mortality rate (case fatality ratio)","beta",NA,"CMR",1985,"shape2",7382.44741506647
"mu","disease mortality rate (case fatality ratio)","point",NA,"CMR",1986,"mean",0.105535573885202
"mu","disease mortality rate (case fatality ratio)","beta",NA,"CMR",1986,"shape1",857.085225979856
"mu","disease mortality rate (case fatality ratio)","beta",NA,"CMR",1986,"shape2",7264.20690734541
"mu","disease mortality rate (case fatality ratio)","point",NA,"CMR",1987,"mean",0.107938819231265
"mu","disease mortality rate (case fatality ratio)","beta",NA,"CMR",1987,"shape1",883.035441253916
"mu","disease mortality rate (case fatality ratio)","beta",NA,"CMR",1987,"shape2",7297.85302447928
"mu","disease mortality rate (case fatality ratio)","point",NA,"CMR",1988,"mean",0.109279240358693
"mu","disease mortality rate (case fatality ratio)","beta",NA,"CMR",1988,"shape1",940.130309926629
"mu","disease mortality rate (case fatality ratio)","beta",NA,"CMR",1988,"shape2",7662.87888780193
"mu","disease mortality rate (case fatality ratio)","point",NA,"CMR",1989,"mean",0.106993670975819
"mu","disease mortality rate (case fatality ratio)","beta",NA,"CMR",1989,"shape1",1013.21038017914
"mu","disease mortality rate (case fatality ratio)","beta",NA,"CMR",1989,"shape2",8456.60564667845
"mu","disease mortality rate (case fatality ratio)","point",NA,"CMR",1990,"mean",0.100114381352042
"mu","disease mortality rate (case fatality ratio)","beta",NA,"CMR",1990,"shape1",1096.13227621034
"mu","disease mortality rate (case fatality ratio)","beta",NA,"CMR",1990,"shape2",9852.6671011329
"mu","disease mortality rate (case fatality ratio)","point",NA,"CMR",1991,"mean",0.090104110919151
"mu","disease mortality rate (case fatality ratio)","beta",NA,"CMR",1991,"shape1",1195.16694304373
"mu","disease mortality rate (case fatality ratio)","beta",NA,"CMR",1991,"shape2",12069.1217875352
"mu","disease mortality rate (case fatality ratio)","point",NA,"CMR",1992,"mean",0.0799181883856164
"mu","disease mortality rate (case fatality ratio)","beta",NA,"CMR",1992,"shape1",1308.31148221675
"mu","disease mortality rate (case fatality ratio)","beta",NA,"CMR",1992,"shape2",15062.3233963413
"mu","disease mortality rate (case fatality ratio)","point",NA,"CMR",1993,"mean",0.0722292207945868
"mu","disease mortality rate (case fatality ratio)","beta",NA,"CMR",1993,"shape1",1424.85416570467
"mu","disease mortality rate (case fatality ratio)","beta",NA,"CMR",1993,"shape2",18301.9842250461
"mu","disease mortality rate (case fatality ratio)","point",NA,"CMR",1994,"mean",0.068425813506112
"mu","disease mortality rate (case fatality ratio)","beta",NA,"CMR",1994,"shape1",1555.039214456
"mu","disease mortality rate (case fatality ratio)","beta",NA,"CMR",1994,"shape2",21170.8756819317
"mu","disease mortality rate (case fatality ratio)","point",NA,"CMR",1995,"mean",0.0686270866111438
"mu","disease mortality rate (case fatality ratio)","beta",NA,"CMR",1995,"shape1",1729.37885402557
"mu","disease mortality rate (case fatality ratio)","beta",NA,"CMR",1995,"shape2",23470.2753848992
"mu","disease mortality rate (case fatality ratio)","point",NA,"CMR",1996,"mean",0.0719020968776543
"mu","disease mortality rate (case fatality ratio)","beta",NA,"CMR",1996,"shape1",1952.40649616113
"mu","disease mortality rate (case fatality ratio)","beta",NA,"CMR",1996,"shape2",25201.273033982
"mu","disease mortality rate (case fatality ratio)","point",NA,"CMR",1997,"mean",0.0762993942303968
"mu","disease mortality rate (case fatality ratio)","beta",NA,"CMR",1997,"shape1",2175.61854044616
"mu","disease mortality rate (case fatality ratio)","beta",NA,"CMR",1997,"shape2",26338.6123049073
"mu","disease mortality rate (case fatality ratio)","point",NA,"CMR",1998,"mean",0.0791693193876521
"mu","disease mortality rate (case fatality ratio)","beta",NA,"CMR",1998,"shape1",2334.06587214864
"mu","disease mortality rate (case fatality ratio)","beta",NA,"CMR",1998,"shape2",27147.8835774848
"mu","disease mortality rate (case fatality ratio)","point",NA,"CMR",1999,"mean",0.0783232282070576
"mu","disease mortality rate (case fatality ratio)","beta",NA,"CMR",1999,"shape1",2389.949049932
"mu","disease mortality rate (case fatality ratio)","beta",NA,"CMR",1999,"shape2",28123.9751669537
"mu","disease mortality rate (case fatality ratio)","point",NA,"CMR",2000,"mean",0.0734077849705017
"mu","disease mortality rate (case fatality ratio)","beta",NA,"CMR",2000,"shape1",2335.29878201066
"mu","disease mortality rate (case fatality ratio)","beta",NA,"CMR",2000,"shape2",29477.3867928107
"mu","disease mortality rate (case fatality ratio)","point",NA,"CMR",2001,"mean",0.0660583665974995
"mu","disease mortality rate (case fatality ratio)","beta",NA,"CMR",2001,"shape1",2213.03781578661
"mu","disease mortality rate (case fatality ratio)","beta",NA,"CMR",2001,"shape2",31288.2116061205
"mu","disease mortality rate (case fatality ratio)","point",NA,"CMR",2002,"mean",0.0586101597596665
"mu","disease mortality rate (case fatality ratio)","beta",NA,"CMR",2002,"shape1",2095.58914358601
"mu","disease mortality rate (case fatality ratio)","beta",NA,"CMR",2002,"shape2",33659.1187804166
"mu","disease mortality rate (case fatality ratio)","point",NA,"CMR",2003,"mean",0.0527285607227228
"mu","disease mortality rate (case fatality ratio)","beta",NA,"CMR",2003,"shape1",2003.01006965969
"mu","disease mortality rate (case fatality ratio)","beta",NA,"CMR",2003,"shape2",35984.1840089473
"mu","disease mortality rate (case fatality ratio)","point",NA,"CMR",2004,"mean",0.0489689705289384
"mu","disease mortality rate (case fatality ratio)","beta",NA,"CMR",2004,"shape1",1897.47023488863
"mu","disease mortality rate (case fatality ratio)","beta",NA,"CMR",2004,"shape2",36850.9497215267
"mu","disease mortality rate (case fatality ratio)","point",NA,"CMR",2005,"mean",0.0470289564769683
"mu","disease mortality rate (case fatality ratio)","beta",NA,"CMR",2005,"shape1",1772.62003516935
"mu","disease mortality rate (case fatality ratio)","beta",NA,"CMR",2005,"shape2",35919.4779393511
"mu","disease mortality rate (case fatality ratio)","point",NA,"CMR",2006,"mean",0.0461348053033233
"mu","disease mortality rate (case fatality ratio)","beta",NA,"CMR",2006,"shape1",1685.17250136526
"mu","disease mortality rate (case fatality ratio)","beta",NA,"CMR",2006,"shape2",34841.967697574
"mu","disease mortality rate (case fatality ratio)","point",NA,"CMR",2007,"mean",0.0453943643199588
"mu","disease mortality rate (case fatality ratio)","beta",NA,"CMR",2007,"shape1",1678.9060254721
"mu","disease mortality rate (case fatality ratio)","beta",NA,"CMR",2007,"shape2",35305.9939863104
"mu","disease mortality rate (case fatality ratio)","point",NA,"CMR",2008,"mean",0.0441554321811509
"mu","disease mortality rate (case fatality ratio)","beta",NA,"CMR",2008,"shape1",1741.30802828407
"mu","disease mortality rate (case fatality ratio)","beta",NA,"CMR",2008,"shape2",37694.5652554431
"mu","disease mortality rate (case fatality ratio)","point",NA,"CMR",2009,"mean",0.0422673785399589
"mu","disease mortality rate (case fatality ratio)","beta",NA,"CMR",2009,"shape1",1829.50494250923
"mu","disease mortality rate (case fatality ratio)","beta",NA,"CMR",2009,"shape2",41454.5833001446
"mu","disease mortality rate (case fatality ratio)","point",NA,"CMR",2010,"mean",0.0400543304953872
"mu","disease mortality rate (case fatality ratio)","beta",NA,"CMR",2010,"shape1",1917.74499757988
"mu","disease mortality rate (case fatality ratio)","beta",NA,"CMR",2010,"shape2",45960.848249678
"mu","disease mortality rate (case fatality ratio)","point",NA,"CMR",2011,"mean",0.0380219233189829
"mu","disease mortality rate (case fatality ratio)","beta",NA,"CMR",2011,"shape1",1981.56908104426
"mu","disease mortality rate (case fatality ratio)","beta",NA,"CMR",2011,"shape2",50134.9181471266
"mu","disease mortality rate (case fatality ratio)","point",NA,"CMR",2012,"mean",0.0365449984828189
"mu","disease mortality rate (case fatality ratio)","beta",NA,"CMR",2012,"shape1",1950.1270712717
"mu","disease mortality rate (case fatality ratio)","beta",NA,"CMR",2012,"shape2",51412.2248847293
"mu","disease mortality rate (case fatality ratio)","point",NA,"CMR",2013,"mean",0.0357214396241503
"mu","disease mortality rate (case fatality ratio)","beta",NA,"CMR",2013,"shape1",1804.5349886366
"mu","disease mortality rate (case fatality ratio)","beta",NA,"CMR",2013,"shape2",48712.3256872865
"mu","disease mortality rate (case fatality ratio)","point",NA,"CMR",2014,"mean",0.0353927004634645
"mu","disease mortality rate (case fatality ratio)","beta",NA,"CMR",2014,"shape1",1656.77465253092
"mu","disease mortality rate (case fatality ratio)","beta",NA,"CMR",2014,"shape2",45154.4217477321
"mu","disease mortality rate (case fatality ratio)","point",NA,"CMR",2015,"mean",0.0352610210940715
"mu","disease mortality rate (case fatality ratio)","beta",NA,"CMR",2015,"shape1",1592.78564328965
"mu","disease mortality rate (case fatality ratio)","beta",NA,"CMR",2015,"shape2",43578.499641964
"mu","disease mortality rate (case fatality ratio)","point",NA,"CMR",2016,"mean",0.0350447857166815
"mu","disease mortality rate (case fatality ratio)","beta",NA,"CMR",2016,"shape1",1576.11969620315
"mu","disease mortality rate (case fatality ratio)","beta",NA,"CMR",2016,"shape2",43398.3226914674
"mu","disease mortality rate (case fatality ratio)","point",NA,"CMR",2017,"mean",0.0346035374722541
"mu","disease mortality rate (case fatality ratio)","beta",NA,"CMR",2017,"shape1",1509.68927601596
"mu","disease mortality rate (case fatality ratio)","beta",NA,"CMR",2017,"shape2",42118.488254286
"mu","disease mortality rate (case fatality ratio)","point",NA,"CMR",2018,"mean",0.0339587087517894
"mu","disease mortality rate (case fatality ratio)","beta",NA,"CMR",2018,"shape1",1383.02141276553
"mu","disease mortality rate (case fatality ratio)","beta",NA,"CMR",2018,"shape2",39343.5392722799
"mu","disease mortality rate (case fatality ratio)","point",NA,"CMR",2019,"mean",0.0331997779588128
"mu","disease mortality rate (case fatality ratio)","beta",NA,"CMR",2019,"shape1",1264.36184874551
"mu","disease mortality rate (case fatality ratio)","beta",NA,"CMR",2019,"shape2",36819.0810680734
"mu","disease mortality rate (case fatality ratio)","point",NA,"CMR",2020,"mean",0.032352865815156
"mu","disease mortality rate (case fatality ratio)","beta",NA,"CMR",2020,"shape1",1159.49194698222
"mu","disease mortality rate (case fatality ratio)","beta",NA,"CMR",2020,"shape2",34679.4335320414
"mu","disease mortality rate (case fatality ratio)","point",NA,"CMR",2021,"mean",0.0313106297934737
"mu","disease mortality rate (case fatality ratio)","beta",NA,"CMR",2021,"shape1",1018.94613176588
"mu","disease mortality rate (case fatality ratio)","beta",NA,"CMR",2021,"shape2",31524.1914060891
"mu","disease mortality rate (case fatality ratio)","point",NA,"CMR",2022,"mean",0.0298767507027246
"mu","disease mortality rate (case fatality ratio)","beta",NA,"CMR",2022,"shape1",845.362689700319
"mu","disease mortality rate (case fatality ratio)","beta",NA,"CMR",2022,"shape2",27449.6382664521
"mu","disease mortality rate (case fatality ratio)","point",NA,"CMR",2023,"mean",0.0279060892019441
"mu","disease mortality rate (case fatality ratio)","beta",NA,"CMR",2023,"shape1",686.268854423985
"mu","disease mortality rate (case fatality ratio)","beta",NA,"CMR",2023,"shape2",23905.8138791242
"mu","disease mortality rate (case fatality ratio)","point",NA,"CMR",2024,"mean",0.0254433939136392
"mu","disease mortality rate (case fatality ratio)","beta",NA,"CMR",2024,"shape1",553.372616653393
"mu","disease mortality rate (case fatality ratio)","beta",NA,"CMR",2024,"shape2",21195.7941231168
"mu","disease mortality rate (case fatality ratio)","point",NA,"CMR",2025,"mean",0.0227380305480127
"mu","disease mortality rate (case fatality ratio)","beta",NA,"CMR",2025,"shape1",433.948995256703
"mu","disease mortality rate (case fatality ratio)","beta",NA,"CMR",2025,"shape2",18650.7731551685
"mu","disease mortality rate (case fatality ratio)","point",NA,"CMR",2026,"mean",0.0201062225126977
"mu","disease mortality rate (case fatality ratio)","beta",NA,"CMR",2026,"shape1",329.569428313955
"mu","disease mortality rate (case fatality ratio)","beta",NA,"CMR",2026,"shape2",16061.8451253557
"mu","disease mortality rate (case fatality ratio)","point",NA,"COD",1970,"mean",0.0276228892189926
"mu","disease mortality rate (case fatality ratio)","beta",NA,"COD",1970,"shape1",133.663966758528
"mu","disease mortality rate (case fatality ratio)","beta",NA,"COD",1970,"shape2",4705.22039826382
"mu","disease mortality rate (case fatality ratio)","point",NA,"COD",1971,"mean",0.0321178896619079
"mu","disease mortality rate (case fatality ratio)","beta",NA,"COD",1971,"shape1",167.897305146334
"mu","disease mortality rate (case fatality ratio)","beta",NA,"COD",1971,"shape2",5059.63498024731
"mu","disease mortality rate (case fatality ratio)","point",NA,"COD",1972,"mean",0.0369962533088078
"mu","disease mortality rate (case fatality ratio)","beta",NA,"COD",1972,"shape1",196.219154455919
"mu","disease mortality rate (case fatality ratio)","beta",NA,"COD",1972,"shape2",5107.53830492998
"mu","disease mortality rate (case fatality ratio)","point",NA,"COD",1973,"mean",0.0419615611361942
"mu","disease mortality rate (case fatality ratio)","beta",NA,"COD",1973,"shape1",222.703161570488
"mu","disease mortality rate (case fatality ratio)","beta",NA,"COD",1973,"shape2",5084.61037825856
"mu","disease mortality rate (case fatality ratio)","point",NA,"COD",1974,"mean",0.0469101286127077
"mu","disease mortality rate (case fatality ratio)","beta",NA,"COD",1974,"shape1",265.464133227278
"mu","disease mortality rate (case fatality ratio)","beta",NA,"COD",1974,"shape2",5393.52980002247
"mu","disease mortality rate (case fatality ratio)","point",NA,"COD",1975,"mean",0.0521171199848855
"mu","disease mortality rate (case fatality ratio)","beta",NA,"COD",1975,"shape1",346.73822513428
"mu","disease mortality rate (case fatality ratio)","beta",NA,"COD",1975,"shape2",6306.31983399941
"mu","disease mortality rate (case fatality ratio)","point",NA,"COD",1976,"mean",0.0581492192391965
"mu","disease mortality rate (case fatality ratio)","beta",NA,"COD",1976,"shape1",489.398689521103
"mu","disease mortality rate (case fatality ratio)","beta",NA,"COD",1976,"shape2",7926.85686685987
"mu","disease mortality rate (case fatality ratio)","point",NA,"COD",1977,"mean",0.0655362416853605
"mu","disease mortality rate (case fatality ratio)","beta",NA,"COD",1977,"shape1",710.851047680434
"mu","disease mortality rate (case fatality ratio)","beta",NA,"COD",1977,"shape2",10135.8351430418
"mu","disease mortality rate (case fatality ratio)","point",NA,"COD",1978,"mean",0.0743513104265091
"mu","disease mortality rate (case fatality ratio)","beta",NA,"COD",1978,"shape1",1024.40409106191
"mu","disease mortality rate (case fatality ratio)","beta",NA,"COD",1978,"shape2",12753.4847610043
"mu","disease mortality rate (case fatality ratio)","point",NA,"COD",1979,"mean",0.0838943390473928
"mu","disease mortality rate (case fatality ratio)","beta",NA,"COD",1979,"shape1",1453.48906652008
"mu","disease mortality rate (case fatality ratio)","beta",NA,"COD",1979,"shape2",15871.7450675612
"mu","disease mortality rate (case fatality ratio)","point",NA,"COD",1980,"mean",0.0927737838711352
"mu","disease mortality rate (case fatality ratio)","beta",NA,"COD",1980,"shape1",1979.20491181042
"mu","disease mortality rate (case fatality ratio)","beta",NA,"COD",1980,"shape2",19354.4610143264
"mu","disease mortality rate (case fatality ratio)","point",NA,"COD",1981,"mean",0.0995981953493448
"mu","disease mortality rate (case fatality ratio)","beta",NA,"COD",1981,"shape1",2470.52876501539
"mu","disease mortality rate (case fatality ratio)","beta",NA,"COD",1981,"shape2",22334.4263483771
"mu","disease mortality rate (case fatality ratio)","point",NA,"COD",1982,"mean",0.103933863987035
"mu","disease mortality rate (case fatality ratio)","beta",NA,"COD",1982,"shape1",2830.34124965461
"mu","disease mortality rate (case fatality ratio)","beta",NA,"COD",1982,"shape2",24401.7960064728
"mu","disease mortality rate (case fatality ratio)","point",NA,"COD",1983,"mean",0.106709130818878
"mu","disease mortality rate (case fatality ratio)","beta",NA,"COD",1983,"shape1",3020.89621260589
"mu","disease mortality rate (case fatality ratio)","beta",NA,"COD",1983,"shape2",25288.7356757223
"mu","disease mortality rate (case fatality ratio)","point",NA,"COD",1984,"mean",0.109670846717361
"mu","disease mortality rate (case fatality ratio)","beta",NA,"COD",1984,"shape1",2922.94039470172
"mu","disease mortality rate (case fatality ratio)","beta",NA,"COD",1984,"shape2",23728.99566844
"mu","disease mortality rate (case fatality ratio)","point",NA,"COD",1985,"mean",0.114334446724654
"mu","disease mortality rate (case fatality ratio)","beta",NA,"COD",1985,"shape1",2628.6872573024
"mu","disease mortality rate (case fatality ratio)","beta",NA,"COD",1985,"shape2",20362.5225889563
"mu","disease mortality rate (case fatality ratio)","point",NA,"COD",1986,"mean",0.12102955156259
"mu","disease mortality rate (case fatality ratio)","beta",NA,"COD",1986,"shape1",2430.4426044499
"mu","disease mortality rate (case fatality ratio)","beta",NA,"COD",1986,"shape2",17650.9554761916
"mu","disease mortality rate (case fatality ratio)","point",NA,"COD",1987,"mean",0.12832329342169
"mu","disease mortality rate (case fatality ratio)","beta",NA,"COD",1987,"shape1",2458.19928331287
"mu","disease mortality rate (case fatality ratio)","beta",NA,"COD",1987,"shape2",16698.0989830888
"mu","disease mortality rate (case fatality ratio)","point",NA,"COD",1988,"mean",0.133171759524875
"mu","disease mortality rate (case fatality ratio)","beta",NA,"COD",1988,"shape1",2683.40432663348
"mu","disease mortality rate (case fatality ratio)","beta",NA,"COD",1988,"shape2",17466.545904611
"mu","disease mortality rate (case fatality ratio)","point",NA,"COD",1989,"mean",0.132305566444651
"mu","disease mortality rate (case fatality ratio)","beta",NA,"COD",1989,"shape1",3044.3828981701
"mu","disease mortality rate (case fatality ratio)","beta",NA,"COD",1989,"shape2",19965.8575624511
"mu","disease mortality rate (case fatality ratio)","point",NA,"COD",1990,"mean",0.124448437675959
"mu","disease mortality rate (case fatality ratio)","beta",NA,"COD",1990,"shape1",3586.95952043487
"mu","disease mortality rate (case fatality ratio)","beta",NA,"COD",1990,"shape2",25235.8974588922
"mu","disease mortality rate (case fatality ratio)","point",NA,"COD",1991,"mean",0.111528351740568
"mu","disease mortality rate (case fatality ratio)","beta",NA,"COD",1991,"shape1",4501.87677766289
"mu","disease mortality rate (case fatality ratio)","beta",NA,"COD",1991,"shape2",35863.4357855045
"mu","disease mortality rate (case fatality ratio)","point",NA,"COD",1992,"mean",0.097509275059822
"mu","disease mortality rate (case fatality ratio)","beta",NA,"COD",1992,"shape1",5860.9930044016
"mu","disease mortality rate (case fatality ratio)","beta",NA,"COD",1992,"shape2",54246.037847852
"mu","disease mortality rate (case fatality ratio)","point",NA,"COD",1993,"mean",0.0859776424233662
"mu","disease mortality rate (case fatality ratio)","beta",NA,"COD",1993,"shape1",7126.04707929489
"mu","disease mortality rate (case fatality ratio)","beta",NA,"COD",1993,"shape2",75756.5126006417
"mu","disease mortality rate (case fatality ratio)","point",NA,"COD",1994,"mean",0.0786946229375457
"mu","disease mortality rate (case fatality ratio)","beta",NA,"COD",1994,"shape1",7719.29980126864
"mu","disease mortality rate (case fatality ratio)","beta",NA,"COD",1994,"shape2",90372.5330726865
"mu","disease mortality rate (case fatality ratio)","point",NA,"COD",1995,"mean",0.0756204324547647
"mu","disease mortality rate (case fatality ratio)","beta",NA,"COD",1995,"shape1",8074.96650568573
"mu","disease mortality rate (case fatality ratio)","beta",NA,"COD",1995,"shape2",98707.8994944008
"mu","disease mortality rate (case fatality ratio)","point",NA,"COD",1996,"mean",0.0754080989842977
"mu","disease mortality rate (case fatality ratio)","beta",NA,"COD",1996,"shape1",8571.76459703787
"mu","disease mortality rate (case fatality ratio)","beta",NA,"COD",1996,"shape2",105099.906118634
"mu","disease mortality rate (case fatality ratio)","point",NA,"COD",1997,"mean",0.0757839501593084
"mu","disease mortality rate (case fatality ratio)","beta",NA,"COD",1997,"shape1",9010.68594869998
"mu","disease mortality rate (case fatality ratio)","beta",NA,"COD",1997,"shape2",109888.974596287
"mu","disease mortality rate (case fatality ratio)","point",NA,"COD",1998,"mean",0.0741966829663532
"mu","disease mortality rate (case fatality ratio)","beta",NA,"COD",1998,"shape1",9230.31195342697
"mu","disease mortality rate (case fatality ratio)","beta",NA,"COD",1998,"shape2",115172.984587643
"mu","disease mortality rate (case fatality ratio)","point",NA,"COD",1999,"mean",0.0690536981694544
"mu","disease mortality rate (case fatality ratio)","beta",NA,"COD",1999,"shape1",9143.94056446931
"mu","disease mortality rate (case fatality ratio)","beta",NA,"COD",1999,"shape2",123273.885082327
"mu","disease mortality rate (case fatality ratio)","point",NA,"COD",2000,"mean",0.0607366706331593
"mu","disease mortality rate (case fatality ratio)","beta",NA,"COD",2000,"shape1",8476.74399152183
"mu","disease mortality rate (case fatality ratio)","beta",NA,"COD",2000,"shape2",131088.759075318
"mu","disease mortality rate (case fatality ratio)","point",NA,"COD",2001,"mean",0.0512208660783946
"mu","disease mortality rate (case fatality ratio)","beta",NA,"COD",2001,"shape1",7483.47521095136
"mu","disease mortality rate (case fatality ratio)","beta",NA,"COD",2001,"shape2",138618.607473433
"mu","disease mortality rate (case fatality ratio)","point",NA,"COD",2002,"mean",0.0426017473944922
"mu","disease mortality rate (case fatality ratio)","beta",NA,"COD",2002,"shape1",6823.14190551519
"mu","disease mortality rate (case fatality ratio)","beta",NA,"COD",2002,"shape2",153337.938867367
"mu","disease mortality rate (case fatality ratio)","point",NA,"COD",2003,"mean",0.0360075372723264
"mu","disease mortality rate (case fatality ratio)","beta",NA,"COD",2003,"shape1",6585.93357653853
"mu","disease mortality rate (case fatality ratio)","beta",NA,"COD",2003,"shape2",176318.371339648
"mu","disease mortality rate (case fatality ratio)","point",NA,"COD",2004,"mean",0.0315400935796177
"mu","disease mortality rate (case fatality ratio)","beta",NA,"COD",2004,"shape1",6274.44419364197
"mu","disease mortality rate (case fatality ratio)","beta",NA,"COD",2004,"shape2",192661.052868318
"mu","disease mortality rate (case fatality ratio)","point",NA,"COD",2005,"mean",0.028719017266812
"mu","disease mortality rate (case fatality ratio)","beta",NA,"COD",2005,"shape1",5640.33107755651
"mu","disease mortality rate (case fatality ratio)","beta",NA,"COD",2005,"shape2",190756.747038154
"mu","disease mortality rate (case fatality ratio)","point",NA,"COD",2006,"mean",0.0268749250862638
"mu","disease mortality rate (case fatality ratio)","beta",NA,"COD",2006,"shape1",5106.68506297596
"mu","disease mortality rate (case fatality ratio)","beta",NA,"COD",2006,"shape2",184910.032996122
"mu","disease mortality rate (case fatality ratio)","point",NA,"COD",2007,"mean",0.0253941983928007
"mu","disease mortality rate (case fatality ratio)","beta",NA,"COD",2007,"shape1",4938.59114854463
"mu","disease mortality rate (case fatality ratio)","beta",NA,"COD",2007,"shape2",189538.551707232
"mu","disease mortality rate (case fatality ratio)","point",NA,"COD",2008,"mean",0.0238903333631753
"mu","disease mortality rate (case fatality ratio)","beta",NA,"COD",2008,"shape1",4938.72602979688
"mu","disease mortality rate (case fatality ratio)","beta",NA,"COD",2008,"shape2",201786.142757906
"mu","disease mortality rate (case fatality ratio)","point",NA,"COD",2009,"mean",0.0222871629757453
"mu","disease mortality rate (case fatality ratio)","beta",NA,"COD",2009,"shape1",4828.54548732748
"mu","disease mortality rate (case fatality ratio)","beta",NA,"COD",2009,"shape2",211822.87365392
"mu","disease mortality rate (case fatality ratio)","point",NA,"COD",2010,"mean",0.0207523548165529
"mu","disease mortality rate (case fatality ratio)","beta",NA,"COD",2010,"shape1",4693.52371415355
"mu","disease mortality rate (case fatality ratio)","beta",NA,"COD",2010,"shape2",221474.723486873
"mu","disease mortality rate (case fatality ratio)","point",NA,"COD",2011,"mean",0.0195256554014199
"mu","disease mortality rate (case fatality ratio)","beta",NA,"COD",2011,"shape1",4688.7213777428
"mu","disease mortality rate (case fatality ratio)","beta",NA,"COD",2011,"shape2",235442.597205389
"mu","disease mortality rate (case fatality ratio)","point",NA,"COD",2012,"mean",0.0187701409456043
"mu","disease mortality rate (case fatality ratio)","beta",NA,"COD",2012,"shape1",4609.82901805812
"mu","disease mortality rate (case fatality ratio)","beta",NA,"COD",2012,"shape2",240983.905808833
"mu","disease mortality rate (case fatality ratio)","point",NA,"COD",2013,"mean",0.0185157977501437
"mu","disease mortality rate (case fatality ratio)","beta",NA,"COD",2013,"shape1",4290.63077988923
"mu","disease mortality rate (case fatality ratio)","beta",NA,"COD",2013,"shape2",227437.477173543
"mu","disease mortality rate (case fatality ratio)","point",NA,"COD",2014,"mean",0.018675257025735
"mu","disease mortality rate (case fatality ratio)","beta",NA,"COD",2014,"shape1",4106.92095777174
"mu","disease mortality rate (case fatality ratio)","beta",NA,"COD",2014,"shape2",215805.498566752
"mu","disease mortality rate (case fatality ratio)","point",NA,"COD",2015,"mean",0.0190948156818743
"mu","disease mortality rate (case fatality ratio)","beta",NA,"COD",2015,"shape1",4466.67172726367
"mu","disease mortality rate (case fatality ratio)","beta",NA,"COD",2015,"shape2",229453.979913466
"mu","disease mortality rate (case fatality ratio)","point",NA,"COD",2016,"mean",0.0196223730604679
"mu","disease mortality rate (case fatality ratio)","beta",NA,"COD",2016,"shape1",5308.09576676707
"mu","disease mortality rate (case fatality ratio)","beta",NA,"COD",2016,"shape2",265204.331573685
"mu","disease mortality rate (case fatality ratio)","point",NA,"COD",2017,"mean",0.0201693791984408
"mu","disease mortality rate (case fatality ratio)","beta",NA,"COD",2017,"shape1",5643.02049648391
"mu","disease mortality rate (case fatality ratio)","beta",NA,"COD",2017,"shape2",274138.545458711
"mu","disease mortality rate (case fatality ratio)","point",NA,"COD",2018,"mean",0.0207297816513189
"mu","disease mortality rate (case fatality ratio)","beta",NA,"COD",2018,"shape1",5081.78249323066
"mu","disease mortality rate (case fatality ratio)","beta",NA,"COD",2018,"shape2",240062.260927378
"mu","disease mortality rate (case fatality ratio)","point",NA,"COD",2019,"mean",0.0213378312121853
"mu","disease mortality rate (case fatality ratio)","beta",NA,"COD",2019,"shape1",4730.91564397819
"mu","disease mortality rate (case fatality ratio)","beta",NA,"COD",2019,"shape2",216984.009220388
"mu","disease mortality rate (case fatality ratio)","point",NA,"COD",2020,"mean",0.0219907270827945
"mu","disease mortality rate (case fatality ratio)","beta",NA,"COD",2020,"shape1",4908.16428218455
"mu","disease mortality rate (case fatality ratio)","beta",NA,"COD",2020,"shape2",218284.286958988
"mu","disease mortality rate (case fatality ratio)","point",NA,"COD",2021,"mean",0.0225884620575393
"mu","disease mortality rate (case fatality ratio)","beta",NA,"COD",2021,"shape1",4988.11210610341
"mu","disease mortality rate (case fatality ratio)","beta",NA,"COD",2021,"shape2",215837.550721107
"mu","disease mortality rate (case fatality ratio)","point",NA,"COD",2022,"mean",0.0229390992031711
"mu","disease mortality rate (case fatality ratio)","beta",NA,"COD",2022,"shape1",4623.71553085394
"mu","disease mortality rate (case fatality ratio)","beta",NA,"COD",2022,"shape2",196941.110092933
"mu","disease mortality rate (case fatality ratio)","point",NA,"COD",2023,"mean",0.0228475771753169
"mu","disease mortality rate (case fatality ratio)","beta",NA,"COD",2023,"shape1",4525.94825499767
"mu","disease mortality rate (case fatality ratio)","beta",NA,"COD",2023,"shape2",193567.189598027
"mu","disease mortality rate (case fatality ratio)","point",NA,"COD",2024,"mean",0.0222433951281031
"mu","disease mortality rate (case fatality ratio)","beta",NA,"COD",2024,"shape1",4906.91623959525
"mu","disease mortality rate (case fatality ratio)","beta",NA,"COD",2024,"shape2",215694.130108571
"mu","disease mortality rate (case fatality ratio)","point",NA,"COD",2025,"mean",0.0212445428439439
"mu","disease mortality rate (case fatality ratio)","beta",NA,"COD",2025,"shape1",4258.17540564108
"mu","disease mortality rate (case fatality ratio)","beta",NA,"COD",2025,"shape2",196178.023053435
"mu","disease mortality rate (case fatality ratio)","point",NA,"COD",2026,"mean",0.0200872641591219
"mu","disease mortality rate (case fatality ratio)","beta",NA,"COD",2026,"shape1",2442.04116093111
"mu","disease mortality rate (case fatality ratio)","beta",NA,"COD",2026,"shape2",119129.574644308
"mu","disease mortality rate (case fatality ratio)","point",NA,"COG",1970,"mean",0.968574540213378
"mu","disease mortality rate (case fatality ratio)","beta",NA,"COG",1970,"shape1",76.6375654139239
"mu","disease mortality rate (case fatality ratio)","beta",NA,"COG",1970,"shape2",2.48651046467655
"mu","disease mortality rate (case fatality ratio)","point",NA,"COG",1971,"mean",0.94708153273739
"mu","disease mortality rate (case fatality ratio)","beta",NA,"COG",1971,"shape1",56.0128793371507
"mu","disease mortality rate (case fatality ratio)","beta",NA,"COG",1971,"shape2",3.12973658447362
"mu","disease mortality rate (case fatality ratio)","point",NA,"COG",1972,"mean",0.911608820336485
"mu","disease mortality rate (case fatality ratio)","beta",NA,"COG",1972,"shape1",41.6528728124023
"mu","disease mortality rate (case fatality ratio)","beta",NA,"COG",1972,"shape2",4.03873512643683
"mu","disease mortality rate (case fatality ratio)","point",NA,"COG",1973,"mean",0.854498054306812
"mu","disease mortality rate (case fatality ratio)","beta",NA,"COG",1973,"shape1",31.6909153311663
"mu","disease mortality rate (case fatality ratio)","beta",NA,"COG",1973,"shape2",5.3962555189472
"mu","disease mortality rate (case fatality ratio)","point",NA,"COG",1974,"mean",0.768361916547088
"mu","disease mortality rate (case fatality ratio)","beta",NA,"COG",1974,"shape1",24.9416967383093
"mu","disease mortality rate (case fatality ratio)","beta",NA,"COG",1974,"shape2",7.51917385037609
"mu","disease mortality rate (case fatality ratio)","point",NA,"COG",1975,"mean",0.652886925100294
"mu","disease mortality rate (case fatality ratio)","beta",NA,"COG",1975,"shape1",20.5323354661067
"mu","disease mortality rate (case fatality ratio)","beta",NA,"COG",1975,"shape2",10.9161967019293
"mu","disease mortality rate (case fatality ratio)","point",NA,"COG",1976,"mean",0.520830722035971
"mu","disease mortality rate (case fatality ratio)","beta",NA,"COG",1976,"shape1",17.8386387513716
"mu","disease mortality rate (case fatality ratio)","beta",NA,"COG",1976,"shape2",16.4117193719719
"mu","disease mortality rate (case fatality ratio)","point",NA,"COG",1977,"mean",0.392833716839835
"mu","disease mortality rate (case fatality ratio)","beta",NA,"COG",1977,"shape1",16.4715983995269
"mu","disease mortality rate (case fatality ratio)","beta",NA,"COG",1977,"shape2",25.4586069098168
"mu","disease mortality rate (case fatality ratio)","point",NA,"COG",1978,"mean",0.284232655804039
"mu","disease mortality rate (case fatality ratio)","beta",NA,"COG",1978,"shape1",16.1669292760858
"mu","disease mortality rate (case fatality ratio)","beta",NA,"COG",1978,"shape2",40.7122819825667
"mu","disease mortality rate (case fatality ratio)","point",NA,"COG",1979,"mean",0.199500158280153
"mu","disease mortality rate (case fatality ratio)","beta",NA,"COG",1979,"shape1",16.698641812639
"mu","disease mortality rate (case fatality ratio)","beta",NA,"COG",1979,"shape2",67.0037570054588
"mu","disease mortality rate (case fatality ratio)","point",NA,"COG",1980,"mean",0.136471937866176
"mu","disease mortality rate (case fatality ratio)","beta",NA,"COG",1980,"shape1",17.8671519730272
"mu","disease mortality rate (case fatality ratio)","beta",NA,"COG",1980,"shape2",113.054649625098
"mu","disease mortality rate (case fatality ratio)","point",NA,"COG",1981,"mean",0.0913737890961933
"mu","disease mortality rate (case fatality ratio)","beta",NA,"COG",1981,"shape1",19.5009020215271
"mu","disease mortality rate (case fatality ratio)","beta",NA,"COG",1981,"shape2",193.918090606629
"mu","disease mortality rate (case fatality ratio)","point",NA,"COG",1982,"mean",0.0605894024739068
"mu","disease mortality rate (case fatality ratio)","beta",NA,"COG",1982,"shape1",21.4400428708841
"mu","disease mortality rate (case fatality ratio)","beta",NA,"COG",1982,"shape2",332.417925609947
"mu","disease mortality rate (case fatality ratio)","point",NA,"COG",1983,"mean",0.0406638199357039
"mu","disease mortality rate (case fatality ratio)","beta",NA,"COG",1983,"shape1",23.5095229646835
"mu","disease mortality rate (case fatality ratio)","beta",NA,"COG",1983,"shape2",554.633971715745
"mu","disease mortality rate (case fatality ratio)","point",NA,"COG",1984,"mean",0.0283556180424963
"mu","disease mortality rate (case fatality ratio)","beta",NA,"COG",1984,"shape1",25.5214747568464
"mu","disease mortality rate (case fatality ratio)","beta",NA,"COG",1984,"shape2",874.528551259078
"mu","disease mortality rate (case fatality ratio)","point",NA,"COG",1985,"mean",0.0209672289268984
"mu","disease mortality rate (case fatality ratio)","beta",NA,"COG",1985,"shape1",27.3376938793381
"mu","disease mortality rate (case fatality ratio)","beta",NA,"COG",1985,"shape2",1276.49191444183
"mu","disease mortality rate (case fatality ratio)","point",NA,"COG",1986,"mean",0.0165278634783668
"mu","disease mortality rate (case fatality ratio)","beta",NA,"COG",1986,"shape1",28.9338889973518
"mu","disease mortality rate (case fatality ratio)","beta",NA,"COG",1986,"shape2",1721.67888894719
"mu","disease mortality rate (case fatality ratio)","point",NA,"COG",1987,"mean",0.013713689713924
"mu","disease mortality rate (case fatality ratio)","beta",NA,"COG",1987,"shape1",30.3816599674546
"mu","disease mortality rate (case fatality ratio)","beta",NA,"COG",1987,"shape2",2185.04399142431
"mu","disease mortality rate (case fatality ratio)","point",NA,"COG",1988,"mean",0.0116798401360458
"mu","disease mortality rate (case fatality ratio)","beta",NA,"COG",1988,"shape1",31.7842122544751
"mu","disease mortality rate (case fatality ratio)","beta",NA,"COG",1988,"shape2",2689.504083155
"mu","disease mortality rate (case fatality ratio)","point",NA,"COG",1989,"mean",0.00995259716592124
"mu","disease mortality rate (case fatality ratio)","beta",NA,"COG",1989,"shape1",33.2571001761423
"mu","disease mortality rate (case fatality ratio)","beta",NA,"COG",1989,"shape2",3308.29281103881
"mu","disease mortality rate (case fatality ratio)","point",NA,"COG",1990,"mean",0.00837458543308626
"mu","disease mortality rate (case fatality ratio)","beta",NA,"COG",1990,"shape1",34.9471815823559
"mu","disease mortality rate (case fatality ratio)","beta",NA,"COG",1990,"shape2",4138.05718521135
"mu","disease mortality rate (case fatality ratio)","point",NA,"COG",1991,"mean",0.00700931475394919
"mu","disease mortality rate (case fatality ratio)","beta",NA,"COG",1991,"shape1",37.028722853033
"mu","disease mortality rate (case fatality ratio)","beta",NA,"COG",1991,"shape2",5245.759132004
"mu","disease mortality rate (case fatality ratio)","point",NA,"COG",1992,"mean",0.00599048084105647
"mu","disease mortality rate (case fatality ratio)","beta",NA,"COG",1992,"shape1",39.6859625504461
"mu","disease mortality rate (case fatality ratio)","beta",NA,"COG",1992,"shape2",6585.15160949447
"mu","disease mortality rate (case fatality ratio)","point",NA,"COG",1993,"mean",0.00541172491579325
"mu","disease mortality rate (case fatality ratio)","beta",NA,"COG",1993,"shape1",43.1369755092857
"mu","disease mortality rate (case fatality ratio)","beta",NA,"COG",1993,"shape2",7927.8844974036
"mu","disease mortality rate (case fatality ratio)","point",NA,"COG",1994,"mean",0.00531255782421612
"mu","disease mortality rate (case fatality ratio)","beta",NA,"COG",1994,"shape1",47.6935127174148
"mu","disease mortality rate (case fatality ratio)","beta",NA,"COG",1994,"shape2",8929.81116497559
"mu","disease mortality rate (case fatality ratio)","point",NA,"COG",1995,"mean",0.0057109861614898
"mu","disease mortality rate (case fatality ratio)","beta",NA,"COG",1995,"shape1",53.7962095193313
"mu","disease mortality rate (case fatality ratio)","beta",NA,"COG",1995,"shape2",9365.97963971819
"mu","disease mortality rate (case fatality ratio)","point",NA,"COG",1996,"mean",0.00660987048468821
"mu","disease mortality rate (case fatality ratio)","beta",NA,"COG",1996,"shape1",62.0094549985967
"mu","disease mortality rate (case fatality ratio)","beta",NA,"COG",1996,"shape2",9319.33245514046
"mu","disease mortality rate (case fatality ratio)","point",NA,"COG",1997,"mean",0.00794700261610109
"mu","disease mortality rate (case fatality ratio)","beta",NA,"COG",1997,"shape1",73.0296774022917
"mu","disease mortality rate (case fatality ratio)","beta",NA,"COG",1997,"shape2",9116.55801120993
"mu","disease mortality rate (case fatality ratio)","point",NA,"COG",1998,"mean",0.00952782305666977
"mu","disease mortality rate (case fatality ratio)","beta",NA,"COG",1998,"shape1",87.7353148815686
"mu","disease mortality rate (case fatality ratio)","beta",NA,"COG",1998,"shape2",9120.59216556541
"mu","disease mortality rate (case fatality ratio)","point",NA,"COG",1999,"mean",0.0110491817172112
"mu","disease mortality rate (case fatality ratio)","beta",NA,"COG",1999,"shape1",107.214688812915
"mu","disease mortality rate (case fatality ratio)","beta",NA,"COG",1999,"shape2",9596.19064534929
"mu","disease mortality rate (case fatality ratio)","point",NA,"COG",2000,"mean",0.0122736644179197
"mu","disease mortality rate (case fatality ratio)","beta",NA,"COG",2000,"shape1",132.725466383961
"mu","disease mortality rate (case fatality ratio)","beta",NA,"COG",2000,"shape2",10681.1164201663
"mu","disease mortality rate (case fatality ratio)","point",NA,"COG",2001,"mean",0.0132164361256723
"mu","disease mortality rate (case fatality ratio)","beta",NA,"COG",2001,"shape1",165.703592439473
"mu","disease mortality rate (case fatality ratio)","beta",NA,"COG",2001,"shape2",12371.987420768
"mu","disease mortality rate (case fatality ratio)","point",NA,"COG",2002,"mean",0.01415332704568
"mu","disease mortality rate (case fatality ratio)","beta",NA,"COG",2002,"shape1",207.740194412517
"mu","disease mortality rate (case fatality ratio)","beta",NA,"COG",2002,"shape2",14470.0944759822
"mu","disease mortality rate (case fatality ratio)","point",NA,"COG",2003,"mean",0.0154740731807472
"mu","disease mortality rate (case fatality ratio)","beta",NA,"COG",2003,"shape1",259.388136413909
"mu","disease mortality rate (case fatality ratio)","beta",NA,"COG",2003,"shape2",16503.3693731369
"mu","disease mortality rate (case fatality ratio)","point",NA,"COG",2004,"mean",0.0175349126198289
"mu","disease mortality rate (case fatality ratio)","beta",NA,"COG",2004,"shape1",316.454796531528
"mu","disease mortality rate (case fatality ratio)","beta",NA,"COG",2004,"shape2",17730.6722917251
"mu","disease mortality rate (case fatality ratio)","point",NA,"COG",2005,"mean",0.02056098032073
"mu","disease mortality rate (case fatality ratio)","beta",NA,"COG",2005,"shape1",366.977960337898
"mu","disease mortality rate (case fatality ratio)","beta",NA,"COG",2005,"shape2",17481.2936013008
"mu","disease mortality rate (case fatality ratio)","point",NA,"COG",2006,"mean",0.0245572211873656
"mu","disease mortality rate (case fatality ratio)","beta",NA,"COG",2006,"shape1",396.976366118366
"mu","disease mortality rate (case fatality ratio)","beta",NA,"COG",2006,"shape2",15768.3854673535
"mu","disease mortality rate (case fatality ratio)","point",NA,"COG",2007,"mean",0.0292476424282607
"mu","disease mortality rate (case fatality ratio)","beta",NA,"COG",2007,"shape1",401.29218703412
"mu","disease mortality rate (case fatality ratio)","beta",NA,"COG",2007,"shape2",13319.2047049263
"mu","disease mortality rate (case fatality ratio)","point",NA,"COG",2008,"mean",0.0341581412024048
"mu","disease mortality rate (case fatality ratio)","beta",NA,"COG",2008,"shape1",385.439354258938
"mu","disease mortality rate (case fatality ratio)","beta",NA,"COG",2008,"shape2",10898.5281185321
"mu","disease mortality rate (case fatality ratio)","point",NA,"COG",2009,"mean",0.0388842110700633
"mu","disease mortality rate (case fatality ratio)","beta",NA,"COG",2009,"shape1",360.40243226803
"mu","disease mortality rate (case fatality ratio)","beta",NA,"COG",2009,"shape2",8908.20357387263
"mu","disease mortality rate (case fatality ratio)","point",NA,"COG",2010,"mean",0.0433586755158564
"mu","disease mortality rate (case fatality ratio)","beta",NA,"COG",2010,"shape1",336.64798808194
"mu","disease mortality rate (case fatality ratio)","beta",NA,"COG",2010,"shape2",7427.611046049
"mu","disease mortality rate (case fatality ratio)","point",NA,"COG",2011,"mean",0.0478792636109086
"mu","disease mortality rate (case fatality ratio)","beta",NA,"COG",2011,"shape1",319.32113613514
"mu","disease mortality rate (case fatality ratio)","beta",NA,"COG",2011,"shape2",6349.97809808256
"mu","disease mortality rate (case fatality ratio)","point",NA,"COG",2012,"mean",0.0528819926632329
"mu","disease mortality rate (case fatality ratio)","beta",NA,"COG",2012,"shape1",308.149369845603
"mu","disease mortality rate (case fatality ratio)","beta",NA,"COG",2012,"shape2",5518.9640637949
"mu","disease mortality rate (case fatality ratio)","point",NA,"COG",2013,"mean",0.0586408374882788
"mu","disease mortality rate (case fatality ratio)","beta",NA,"COG",2013,"shape1",301.472467171078
"mu","disease mortality rate (case fatality ratio)","beta",NA,"COG",2013,"shape2",4839.52619662422
"mu","disease mortality rate (case fatality ratio)","point",NA,"COG",2014,"mean",0.065064146834137
"mu","disease mortality rate (case fatality ratio)","beta",NA,"COG",2014,"shape1",299.460035075256
"mu","disease mortality rate (case fatality ratio)","beta",NA,"COG",2014,"shape2",4303.07530345221
"mu","disease mortality rate (case fatality ratio)","point",NA,"COG",2015,"mean",0.0716862100933284
"mu","disease mortality rate (case fatality ratio)","beta",NA,"COG",2015,"shape1",302.668884977809
"mu","disease mortality rate (case fatality ratio)","beta",NA,"COG",2015,"shape2",3919.46651015278
"mu","disease mortality rate (case fatality ratio)","point",NA,"COG",2016,"mean",0.0778819970693417
"mu","disease mortality rate (case fatality ratio)","beta",NA,"COG",2016,"shape1",308.539471140287
"mu","disease mortality rate (case fatality ratio)","beta",NA,"COG",2016,"shape2",3653.08815463286
"mu","disease mortality rate (case fatality ratio)","point",NA,"COG",2017,"mean",0.0831910724936105
"mu","disease mortality rate (case fatality ratio)","beta",NA,"COG",2017,"shape1",311.816700460111
"mu","disease mortality rate (case fatality ratio)","beta",NA,"COG",2017,"shape2",3436.38236842508
"mu","disease mortality rate (case fatality ratio)","point",NA,"COG",2018,"mean",0.0875051081775172
"mu","disease mortality rate (case fatality ratio)","beta",NA,"COG",2018,"shape1",309.545475103089
"mu","disease mortality rate (case fatality ratio)","beta",NA,"COG",2018,"shape2",3227.91058374927
"mu","disease mortality rate (case fatality ratio)","point",NA,"COG",2019,"mean",0.0909560350318813
"mu","disease mortality rate (case fatality ratio)","beta",NA,"COG",2019,"shape1",302.337291772725
"mu","disease mortality rate (case fatality ratio)","beta",NA,"COG",2019,"shape2",3021.65645605007
"mu","disease mortality rate (case fatality ratio)","point",NA,"COG",2020,"mean",0.0935998030449574
"mu","disease mortality rate (case fatality ratio)","beta",NA,"COG",2020,"shape1",289.393987018314
"mu","disease mortality rate (case fatality ratio)","beta",NA,"COG",2020,"shape2",2802.42861948134
"mu","disease mortality rate (case fatality ratio)","point",NA,"COG",2021,"mean",0.0951616235879938
"mu","disease mortality rate (case fatality ratio)","beta",NA,"COG",2021,"shape1",268.063514818093
"mu","disease mortality rate (case fatality ratio)","beta",NA,"COG",2021,"shape2",2548.86525027618
"mu","disease mortality rate (case fatality ratio)","point",NA,"COG",2022,"mean",0.0950710223318901
"mu","disease mortality rate (case fatality ratio)","beta",NA,"COG",2022,"shape1",239.843087850078
"mu","disease mortality rate (case fatality ratio)","beta",NA,"COG",2022,"shape2",2282.93495710239
"mu","disease mortality rate (case fatality ratio)","point",NA,"COG",2023,"mean",0.0928226671306491
"mu","disease mortality rate (case fatality ratio)","beta",NA,"COG",2023,"shape1",210.204084397942
"mu","disease mortality rate (case fatality ratio)","beta",NA,"COG",2023,"shape2",2054.37299462606
"mu","disease mortality rate (case fatality ratio)","point",NA,"COG",2024,"mean",0.088430022692613
"mu","disease mortality rate (case fatality ratio)","beta",NA,"COG",2024,"shape1",182.180998900647
"mu","disease mortality rate (case fatality ratio)","beta",NA,"COG",2024,"shape2",1877.99034736167
"mu","disease mortality rate (case fatality ratio)","point",NA,"COG",2025,"mean",0.0825827828781783
"mu","disease mortality rate (case fatality ratio)","beta",NA,"COG",2025,"shape1",155.459659897538
"mu","disease mortality rate (case fatality ratio)","beta",NA,"COG",2025,"shape2",1727.0109287585
"mu","disease mortality rate (case fatality ratio)","point",NA,"COG",2026,"mean",0.076311550057474
"mu","disease mortality rate (case fatality ratio)","beta",NA,"COG",2026,"shape1",130.151313903591
"mu","disease mortality rate (case fatality ratio)","beta",NA,"COG",2026,"shape2",1575.37443947932
"mu","disease mortality rate (case fatality ratio)","point",NA,"ERI",1970,"mean",0.0786911242510727
"mu","disease mortality rate (case fatality ratio)","beta",NA,"ERI",1970,"shape1",0.0185597333984213
"mu","disease mortality rate (case fatality ratio)","beta",NA,"ERI",1970,"shape2",0.217295753164516
"mu","disease mortality rate (case fatality ratio)","point",NA,"ERI",1971,"mean",0.0808019514852889
"mu","disease mortality rate (case fatality ratio)","beta",NA,"ERI",1971,"shape1",0.0244325202977502
"mu","disease mortality rate (case fatality ratio)","beta",NA,"ERI",1971,"shape2",0.277942853670767
"mu","disease mortality rate (case fatality ratio)","point",NA,"ERI",1972,"mean",0.0823171948331422
"mu","disease mortality rate (case fatality ratio)","beta",NA,"ERI",1972,"shape1",0.0307025332732314
"mu","disease mortality rate (case fatality ratio)","beta",NA,"ERI",1972,"shape2",0.342275838201474
"mu","disease mortality rate (case fatality ratio)","point",NA,"ERI",1973,"mean",0.0827667929780444
"mu","disease mortality rate (case fatality ratio)","beta",NA,"ERI",1973,"shape1",0.0368446503660517
"mu","disease mortality rate (case fatality ratio)","beta",NA,"ERI",1973,"shape2",0.408317582461134
"mu","disease mortality rate (case fatality ratio)","point",NA,"ERI",1974,"mean",0.0822697217968315
"mu","disease mortality rate (case fatality ratio)","beta",NA,"ERI",1974,"shape1",0.0431423453329483
"mu","disease mortality rate (case fatality ratio)","beta",NA,"ERI",1974,"shape2",0.481258909353315
"mu","disease mortality rate (case fatality ratio)","point",NA,"ERI",1975,"mean",0.0815576060879932
"mu","disease mortality rate (case fatality ratio)","beta",NA,"ERI",1975,"shape1",0.0508635710907638
"mu","disease mortality rate (case fatality ratio)","beta",NA,"ERI",1975,"shape2",0.572788513987441
"mu","disease mortality rate (case fatality ratio)","point",NA,"ERI",1976,"mean",0.0815509808838273
"mu","disease mortality rate (case fatality ratio)","beta",NA,"ERI",1976,"shape1",0.0617284885646634
"mu","disease mortality rate (case fatality ratio)","beta",NA,"ERI",1976,"shape2",0.695202794120927
"mu","disease mortality rate (case fatality ratio)","point",NA,"ERI",1977,"mean",0.0828307748998174
"mu","disease mortality rate (case fatality ratio)","beta",NA,"ERI",1977,"shape1",0.0771787220942878
"mu","disease mortality rate (case fatality ratio)","beta",NA,"ERI",1977,"shape2",0.854585132434832
"mu","disease mortality rate (case fatality ratio)","point",NA,"ERI",1978,"mean",0.0852925294992852
"mu","disease mortality rate (case fatality ratio)","beta",NA,"ERI",1978,"shape1",0.0976840160719335
"mu","disease mortality rate (case fatality ratio)","beta",NA,"ERI",1978,"shape2",1.04759818678209
"mu","disease mortality rate (case fatality ratio)","point",NA,"ERI",1979,"mean",0.0881037686388505
"mu","disease mortality rate (case fatality ratio)","beta",NA,"ERI",1979,"shape1",0.122112094956922
"mu","disease mortality rate (case fatality ratio)","beta",NA,"ERI",1979,"shape2",1.26389098803805
"mu","disease mortality rate (case fatality ratio)","point",NA,"ERI",1980,"mean",0.0900554817579752
"mu","disease mortality rate (case fatality ratio)","beta",NA,"ERI",1980,"shape1",0.147741996487122
"mu","disease mortality rate (case fatality ratio)","beta",NA,"ERI",1980,"shape2",1.49282439217737
"mu","disease mortality rate (case fatality ratio)","point",NA,"ERI",1981,"mean",0.0902767763142783
"mu","disease mortality rate (case fatality ratio)","beta",NA,"ERI",1981,"shape1",0.171695730110788
"mu","disease mortality rate (case fatality ratio)","beta",NA,"ERI",1981,"shape2",1.73018576278909
"mu","disease mortality rate (case fatality ratio)","point",NA,"ERI",1982,"mean",0.0888964220808734
"mu","disease mortality rate (case fatality ratio)","beta",NA,"ERI",1982,"shape1",0.193117612380853
"mu","disease mortality rate (case fatality ratio)","beta",NA,"ERI",1982,"shape2",1.97927142038769
"mu","disease mortality rate (case fatality ratio)","point",NA,"ERI",1983,"mean",0.08708434312979
"mu","disease mortality rate (case fatality ratio)","beta",NA,"ERI",1983,"shape1",0.214050102105887
"mu","disease mortality rate (case fatality ratio)","beta",NA,"ERI",1983,"shape2",2.24391299910127
"mu","disease mortality rate (case fatality ratio)","point",NA,"ERI",1984,"mean",0.0864239198637347
"mu","disease mortality rate (case fatality ratio)","beta",NA,"ERI",1984,"shape1",0.238282015844208
"mu","disease mortality rate (case fatality ratio)","beta",NA,"ERI",1984,"shape2",2.51884837375059
"mu","disease mortality rate (case fatality ratio)","point",NA,"ERI",1985,"mean",0.0881237836013333
"mu","disease mortality rate (case fatality ratio)","beta",NA,"ERI",1985,"shape1",0.269506000078816
"mu","disease mortality rate (case fatality ratio)","beta",NA,"ERI",1985,"shape2",2.78876032786331
"mu","disease mortality rate (case fatality ratio)","point",NA,"ERI",1986,"mean",0.0924498064026917
"mu","disease mortality rate (case fatality ratio)","beta",NA,"ERI",1986,"shape1",0.309723397809315
"mu","disease mortality rate (case fatality ratio)","beta",NA,"ERI",1986,"shape2",3.04045557888022
"mu","disease mortality rate (case fatality ratio)","point",NA,"ERI",1987,"mean",0.0983874913927213
"mu","disease mortality rate (case fatality ratio)","beta",NA,"ERI",1987,"shape1",0.357556881410008
"mu","disease mortality rate (case fatality ratio)","beta",NA,"ERI",1987,"shape2",3.27661323867967
"mu","disease mortality rate (case fatality ratio)","point",NA,"ERI",1988,"mean",0.103673389626616
"mu","disease mortality rate (case fatality ratio)","beta",NA,"ERI",1988,"shape1",0.406994141963657
"mu","disease mortality rate (case fatality ratio)","beta",NA,"ERI",1988,"shape2",3.51873977519157
"mu","disease mortality rate (case fatality ratio)","point",NA,"ERI",1989,"mean",0.105658901369272
"mu","disease mortality rate (case fatality ratio)","beta",NA,"ERI",1989,"shape1",0.449325686446586
"mu","disease mortality rate (case fatality ratio)","beta",NA,"ERI",1989,"shape2",3.80328039428692
"mu","disease mortality rate (case fatality ratio)","point",NA,"ERI",1990,"mean",0.102949273887181
"mu","disease mortality rate (case fatality ratio)","beta",NA,"ERI",1990,"shape1",0.479538967399252
"mu","disease mortality rate (case fatality ratio)","beta",NA,"ERI",1990,"shape2",4.17847317093562
"mu","disease mortality rate (case fatality ratio)","point",NA,"ERI",1991,"mean",0.0965423906896327
"mu","disease mortality rate (case fatality ratio)","beta",NA,"ERI",1991,"shape1",0.501906314995507
"mu","disease mortality rate (case fatality ratio)","beta",NA,"ERI",1991,"shape2",4.69691164890856
"mu","disease mortality rate (case fatality ratio)","point",NA,"ERI",1992,"mean",0.089256204318026
"mu","disease mortality rate (case fatality ratio)","beta",NA,"ERI",1992,"shape1",0.528469574706143
"mu","disease mortality rate (case fatality ratio)","beta",NA,"ERI",1992,"shape2",5.39234656064249
"mu","disease mortality rate (case fatality ratio)","point",NA,"ERI",1993,"mean",0.084055156960299
"mu","disease mortality rate (case fatality ratio)","beta",NA,"ERI",1993,"shape1",0.572991526643066
"mu","disease mortality rate (case fatality ratio)","beta",NA,"ERI",1993,"shape2",6.24386001898788
"mu","disease mortality rate (case fatality ratio)","point",NA,"ERI",1994,"mean",0.0828541963588517
"mu","disease mortality rate (case fatality ratio)","beta",NA,"ERI",1994,"shape1",0.647341214752192
"mu","disease mortality rate (case fatality ratio)","beta",NA,"ERI",1994,"shape2",7.16567542412121
"mu","disease mortality rate (case fatality ratio)","point",NA,"ERI",1995,"mean",0.0862542128256987
"mu","disease mortality rate (case fatality ratio)","beta",NA,"ERI",1995,"shape1",0.761390081586296
"mu","disease mortality rate (case fatality ratio)","beta",NA,"ERI",1995,"shape2",8.06588984646664
"mu","disease mortality rate (case fatality ratio)","point",NA,"ERI",1996,"mean",0.0935109259479061
"mu","disease mortality rate (case fatality ratio)","beta",NA,"ERI",1996,"shape1",0.922602755205264
"mu","disease mortality rate (case fatality ratio)","beta",NA,"ERI",1996,"shape2",8.94365346943351
"mu","disease mortality rate (case fatality ratio)","point",NA,"ERI",1997,"mean",0.102347361549604
"mu","disease mortality rate (case fatality ratio)","beta",NA,"ERI",1997,"shape1",1.13323858862248
"mu","disease mortality rate (case fatality ratio)","beta",NA,"ERI",1997,"shape2",9.9392362799479
"mu","disease mortality rate (case fatality ratio)","point",NA,"ERI",1998,"mean",0.109243592353004
"mu","disease mortality rate (case fatality ratio)","beta",NA,"ERI",1998,"shape1",1.38878507773048
"mu","disease mortality rate (case fatality ratio)","beta",NA,"ERI",1998,"shape2",11.323952098129
"mu","disease mortality rate (case fatality ratio)","point",NA,"ERI",1999,"mean",0.110974468182103
"mu","disease mortality rate (case fatality ratio)","beta",NA,"ERI",1999,"shape1",1.6847607928685
"mu","disease mortality rate (case fatality ratio)","beta",NA,"ERI",1999,"shape2",13.49675636569
"mu","disease mortality rate (case fatality ratio)","point",NA,"ERI",2000,"mean",0.106630451076879
"mu","disease mortality rate (case fatality ratio)","beta",NA,"ERI",2000,"shape1",2.03161864769923
"mu","disease mortality rate (case fatality ratio)","beta",NA,"ERI",2000,"shape2",17.0212750349362
"mu","disease mortality rate (case fatality ratio)","point",NA,"ERI",2001,"mean",0.0981353344267739
"mu","disease mortality rate (case fatality ratio)","beta",NA,"ERI",2001,"shape1",2.46557581215358
"mu","disease mortality rate (case fatality ratio)","beta",NA,"ERI",2001,"shape2",22.6586653855297
"mu","disease mortality rate (case fatality ratio)","point",NA,"ERI",2002,"mean",0.0887010905746126
"mu","disease mortality rate (case fatality ratio)","beta",NA,"ERI",2002,"shape1",3.04608196793718
"mu","disease mortality rate (case fatality ratio)","beta",NA,"ERI",2002,"shape2",31.2948934158425
"mu","disease mortality rate (case fatality ratio)","point",NA,"ERI",2003,"mean",0.0808648454197973
"mu","disease mortality rate (case fatality ratio)","beta",NA,"ERI",2003,"shape1",3.8422007635095
"mu","disease mortality rate (case fatality ratio)","beta",NA,"ERI",2003,"shape2",43.6716570020412
"mu","disease mortality rate (case fatality ratio)","point",NA,"ERI",2004,"mean",0.0756382943761541
"mu","disease mortality rate (case fatality ratio)","beta",NA,"ERI",2004,"shape1",4.90438974706729
"mu","disease mortality rate (case fatality ratio)","beta",NA,"ERI",2004,"shape2",59.9356464742341
"mu","disease mortality rate (case fatality ratio)","point",NA,"ERI",2005,"mean",0.0727025666782898
"mu","disease mortality rate (case fatality ratio)","beta",NA,"ERI",2005,"shape1",6.1926460752442
"mu","disease mortality rate (case fatality ratio)","beta",NA,"ERI",2005,"shape2",78.9851730607262
"mu","disease mortality rate (case fatality ratio)","point",NA,"ERI",2006,"mean",0.0709443056843786
"mu","disease mortality rate (case fatality ratio)","beta",NA,"ERI",2006,"shape1",7.43217729537152
"mu","disease mortality rate (case fatality ratio)","beta",NA,"ERI",2006,"shape2",97.3285533041532
"mu","disease mortality rate (case fatality ratio)","point",NA,"ERI",2007,"mean",0.0690378234526628
"mu","disease mortality rate (case fatality ratio)","beta",NA,"ERI",2007,"shape1",8.03334095700008
"mu","disease mortality rate (case fatality ratio)","beta",NA,"ERI",2007,"shape2",108.328104917786
"mu","disease mortality rate (case fatality ratio)","point",NA,"ERI",2008,"mean",0.0660479620056385
"mu","disease mortality rate (case fatality ratio)","beta",NA,"ERI",2008,"shape1",7.49057504951846
"mu","disease mortality rate (case fatality ratio)","beta",NA,"ERI",2008,"shape2",105.920570761142
"mu","disease mortality rate (case fatality ratio)","point",NA,"ERI",2009,"mean",0.061837018091632
"mu","disease mortality rate (case fatality ratio)","beta",NA,"ERI",2009,"shape1",6.0326799519124
"mu","disease mortality rate (case fatality ratio)","beta",NA,"ERI",2009,"shape2",91.5250635824377
"mu","disease mortality rate (case fatality ratio)","point",NA,"ERI",2010,"mean",0.0569817006843109
"mu","disease mortality rate (case fatality ratio)","beta",NA,"ERI",2010,"shape1",4.37325285454875
"mu","disease mortality rate (case fatality ratio)","beta",NA,"ERI",2010,"shape2",72.3751207817065
"mu","disease mortality rate (case fatality ratio)","point",NA,"ERI",2011,"mean",0.0522813735134883
"mu","disease mortality rate (case fatality ratio)","beta",NA,"ERI",2011,"shape1",2.98734279921621
"mu","disease mortality rate (case fatality ratio)","beta",NA,"ERI",2011,"shape2",54.1523725230197
"mu","disease mortality rate (case fatality ratio)","point",NA,"ERI",2012,"mean",0.0482785180811488
"mu","disease mortality rate (case fatality ratio)","beta",NA,"ERI",2012,"shape1",1.98126833154415
"mu","disease mortality rate (case fatality ratio)","beta",NA,"ERI",2012,"shape2",39.0570321443308
"mu","disease mortality rate (case fatality ratio)","point",NA,"ERI",2013,"mean",0.0450776325245212
"mu","disease mortality rate (case fatality ratio)","beta",NA,"ERI",2013,"shape1",1.29454121422296
"mu","disease mortality rate (case fatality ratio)","beta",NA,"ERI",2013,"shape2",27.4234979045963
"mu","disease mortality rate (case fatality ratio)","point",NA,"ERI",2014,"mean",0.0424346838429543
"mu","disease mortality rate (case fatality ratio)","beta",NA,"ERI",2014,"shape1",0.837560627307875
"mu","disease mortality rate (case fatality ratio)","beta",NA,"ERI",2014,"shape2",18.9000820615734
"mu","disease mortality rate (case fatality ratio)","point",NA,"ERI",2015,"mean",0.0399708139624647
"mu","disease mortality rate (case fatality ratio)","beta",NA,"ERI",2015,"shape1",0.536393245071198
"mu","disease mortality rate (case fatality ratio)","beta",NA,"ERI",2015,"shape2",12.8832295220535
"mu","disease mortality rate (case fatality ratio)","point",NA,"ERI",2016,"mean",0.0373907101103662
"mu","disease mortality rate (case fatality ratio)","beta",NA,"ERI",2016,"shape1",0.338816582200687
"mu","disease mortality rate (case fatality ratio)","beta",NA,"ERI",2016,"shape2",8.72270113705635
"mu","disease mortality rate (case fatality ratio)","point",NA,"ERI",2017,"mean",0.0346079459763442
"mu","disease mortality rate (case fatality ratio)","beta",NA,"ERI",2017,"shape1",0.209977260728473
"mu","disease mortality rate (case fatality ratio)","beta",NA,"ERI",2017,"shape2",5.85733632303636
"mu","disease mortality rate (case fatality ratio)","point",NA,"ERI",2018,"mean",0.0317190207336071
"mu","disease mortality rate (case fatality ratio)","beta",NA,"ERI",2018,"shape1",0.126834590794041
"mu","disease mortality rate (case fatality ratio)","beta",NA,"ERI",2018,"shape2",3.87185729377783
"mu","disease mortality rate (case fatality ratio)","point",NA,"ERI",2019,"mean",0.028867533734869
"mu","disease mortality rate (case fatality ratio)","beta",NA,"ERI",2019,"shape1",0.0739064942797091
"mu","disease mortality rate (case fatality ratio)","beta",NA,"ERI",2019,"shape2",2.48628776957726
"mu","disease mortality rate (case fatality ratio)","point",NA,"ERI",2020,"mean",0.0261151533293164
"mu","disease mortality rate (case fatality ratio)","beta",NA,"ERI",2020,"shape1",0.0406636560193175
"mu","disease mortality rate (case fatality ratio)","beta",NA,"ERI",2020,"shape2",1.51642680048853
"mu","disease mortality rate (case fatality ratio)","point",NA,"ERI",2021,"mean",0.0234084498273493
"mu","disease mortality rate (case fatality ratio)","beta",NA,"ERI",2021,"shape1",0.0200517536877093
"mu","disease mortality rate (case fatality ratio)","beta",NA,"ERI",2021,"shape2",0.836551474445825
"mu","disease mortality rate (case fatality ratio)","point",NA,"ERI",2022,"mean",0.020648060330331
"mu","disease mortality rate (case fatality ratio)","beta",NA,"ERI",2022,"shape1",0.01
"mu","disease mortality rate (case fatality ratio)","beta",NA,"ERI",2022,"shape2",0.356672607838464
"mu","disease mortality rate (case fatality ratio)","point",NA,"ERI",2023,"mean",0.0178000405802547
"mu","disease mortality rate (case fatality ratio)","beta",NA,"ERI",2023,"shape1",0.01
"mu","disease mortality rate (case fatality ratio)","beta",NA,"ERI",2023,"shape2",0.0123725618250635
"mu","disease mortality rate (case fatality ratio)","point",NA,"ERI",2024,"mean",0.0149601727188108
"mu","disease mortality rate (case fatality ratio)","beta",NA,"ERI",2024,"shape1",0.01
"mu","disease mortality rate (case fatality ratio)","beta",NA,"ERI",2024,"shape2",0.01
"mu","disease mortality rate (case fatality ratio)","point",NA,"ERI",2025,"mean",0.0123137757343285
"mu","disease mortality rate (case fatality ratio)","beta",NA,"ERI",2025,"shape1",0.01
"mu","disease mortality rate (case fatality ratio)","beta",NA,"ERI",2025,"shape2",0.01
"mu","disease mortality rate (case fatality ratio)","point",NA,"ERI",2026,"mean",0.0100243605267338
"mu","disease mortality rate (case fatality ratio)","beta",NA,"ERI",2026,"shape1",0.01
"mu","disease mortality rate (case fatality ratio)","beta",NA,"ERI",2026,"shape2",0.01
"mu","disease mortality rate (case fatality ratio)","point",NA,"ETH",1970,"mean",0.0734466016214672
"mu","disease mortality rate (case fatality ratio)","beta",NA,"ETH",1970,"shape1",166.79905581211
"mu","disease mortality rate (case fatality ratio)","beta",NA,"ETH",1970,"shape2",2104.22577215429
"mu","disease mortality rate (case fatality ratio)","point",NA,"ETH",1971,"mean",0.0613570710134206
"mu","disease mortality rate (case fatality ratio)","beta",NA,"ETH",1971,"shape1",196.273819967059
"mu","disease mortality rate (case fatality ratio)","beta",NA,"ETH",1971,"shape2",3002.60475629561
"mu","disease mortality rate (case fatality ratio)","point",NA,"ETH",1972,"mean",0.0507550942737407
"mu","disease mortality rate (case fatality ratio)","beta",NA,"ETH",1972,"shape1",150.010265483984
"mu","disease mortality rate (case fatality ratio)","beta",NA,"ETH",1972,"shape2",2805.56035516986
"mu","disease mortality rate (case fatality ratio)","point",NA,"ETH",1973,"mean",0.0413760643687887
"mu","disease mortality rate (case fatality ratio)","beta",NA,"ETH",1973,"shape1",95.9381921453986
"mu","disease mortality rate (case fatality ratio)","beta",NA,"ETH",1973,"shape2",2222.75000618812
"mu","disease mortality rate (case fatality ratio)","point",NA,"ETH",1974,"mean",0.0333284584150995
"mu","disease mortality rate (case fatality ratio)","beta",NA,"ETH",1974,"shape1",62.240670605134
"mu","disease mortality rate (case fatality ratio)","beta",NA,"ETH",1974,"shape2",1805.25256385349
"mu","disease mortality rate (case fatality ratio)","point",NA,"ETH",1975,"mean",0.0268075056104545
"mu","disease mortality rate (case fatality ratio)","beta",NA,"ETH",1975,"shape1",42.5134639045247
"mu","disease mortality rate (case fatality ratio)","beta",NA,"ETH",1975,"shape2",1543.36567465826
"mu","disease mortality rate (case fatality ratio)","point",NA,"ETH",1976,"mean",0.0218253252234682
"mu","disease mortality rate (case fatality ratio)","beta",NA,"ETH",1976,"shape1",30.4466003034616
"mu","disease mortality rate (case fatality ratio)","beta",NA,"ETH",1976,"shape2",1364.56584472178
"mu","disease mortality rate (case fatality ratio)","point",NA,"ETH",1977,"mean",0.0181534363342902
"mu","disease mortality rate (case fatality ratio)","beta",NA,"ETH",1977,"shape1",22.7600972313485
"mu","disease mortality rate (case fatality ratio)","beta",NA,"ETH",1977,"shape2",1231.00237573675
"mu","disease mortality rate (case fatality ratio)","point",NA,"ETH",1978,"mean",0.0154220359415558
"mu","disease mortality rate (case fatality ratio)","beta",NA,"ETH",1978,"shape1",17.7149650667568
"mu","disease mortality rate (case fatality ratio)","beta",NA,"ETH",1978,"shape2",1130.96379134974
"mu","disease mortality rate (case fatality ratio)","point",NA,"ETH",1979,"mean",0.0132528457012305
"mu","disease mortality rate (case fatality ratio)","beta",NA,"ETH",1979,"shape1",14.3001216420051
"mu","disease mortality rate (case fatality ratio)","beta",NA,"ETH",1979,"shape2",1064.72260029894
"mu","disease mortality rate (case fatality ratio)","point",NA,"ETH",1980,"mean",0.0113679017973071
"mu","disease mortality rate (case fatality ratio)","beta",NA,"ETH",1980,"shape1",11.911176850685
"mu","disease mortality rate (case fatality ratio)","beta",NA,"ETH",1980,"shape2",1035.87908938002
"mu","disease mortality rate (case fatality ratio)","point",NA,"ETH",1981,"mean",0.00965125476916313
"mu","disease mortality rate (case fatality ratio)","beta",NA,"ETH",1981,"shape1",10.193488032696
"mu","disease mortality rate (case fatality ratio)","beta",NA,"ETH",1981,"shape2",1045.98918214873
"mu","disease mortality rate (case fatality ratio)","point",NA,"ETH",1982,"mean",0.00813388424162907
"mu","disease mortality rate (case fatality ratio)","beta",NA,"ETH",1982,"shape1",8.94011006458599
"mu","disease mortality rate (case fatality ratio)","beta",NA,"ETH",1982,"shape2",1090.17930189246
"mu","disease mortality rate (case fatality ratio)","point",NA,"ETH",1983,"mean",0.00690774940665051
"mu","disease mortality rate (case fatality ratio)","beta",NA,"ETH",1983,"shape1",8.02579451618163
"mu","disease mortality rate (case fatality ratio)","beta",NA,"ETH",1983,"shape2",1153.82795027293
"mu","disease mortality rate (case fatality ratio)","point",NA,"ETH",1984,"mean",0.00603594149873484
"mu","disease mortality rate (case fatality ratio)","beta",NA,"ETH",1984,"shape1",7.37155671484292
"mu","disease mortality rate (case fatality ratio)","beta",NA,"ETH",1984,"shape2",1213.90547461292
"mu","disease mortality rate (case fatality ratio)","point",NA,"ETH",1985,"mean",0.00551553117247914
"mu","disease mortality rate (case fatality ratio)","beta",NA,"ETH",1985,"shape1",6.92742868343333
"mu","disease mortality rate (case fatality ratio)","beta",NA,"ETH",1985,"shape2",1249.05834436398
"mu","disease mortality rate (case fatality ratio)","point",NA,"ETH",1986,"mean",0.00528324105306141
"mu","disease mortality rate (case fatality ratio)","beta",NA,"ETH",1986,"shape1",6.66149553144202
"mu","disease mortality rate (case fatality ratio)","beta",NA,"ETH",1986,"shape2",1254.21141648191
"mu","disease mortality rate (case fatality ratio)","point",NA,"ETH",1987,"mean",0.00522802779687496
"mu","disease mortality rate (case fatality ratio)","beta",NA,"ETH",1987,"shape1",6.55173202410749
"mu","disease mortality rate (case fatality ratio)","beta",NA,"ETH",1987,"shape2",1246.64206851838
"mu","disease mortality rate (case fatality ratio)","point",NA,"ETH",1988,"mean",0.0052057099198729
"mu","disease mortality rate (case fatality ratio)","beta",NA,"ETH",1988,"shape1",6.58264031573442
"mu","disease mortality rate (case fatality ratio)","beta",NA,"ETH",1988,"shape2",1257.92122506583
"mu","disease mortality rate (case fatality ratio)","point",NA,"ETH",1989,"mean",0.00508106654944888
"mu","disease mortality rate (case fatality ratio)","beta",NA,"ETH",1989,"shape1",6.74717617822806
"mu","disease mortality rate (case fatality ratio)","beta",NA,"ETH",1989,"shape2",1321.15831621488
"mu","disease mortality rate (case fatality ratio)","point",NA,"ETH",1990,"mean",0.00479767139744474
"mu","disease mortality rate (case fatality ratio)","beta",NA,"ETH",1990,"shape1",7.05072677054519
"mu","disease mortality rate (case fatality ratio)","beta",NA,"ETH",1990,"shape2",1462.56363120746
"mu","disease mortality rate (case fatality ratio)","point",NA,"ETH",1991,"mean",0.00441531825775615
"mu","disease mortality rate (case fatality ratio)","beta",NA,"ETH",1991,"shape1",7.51359531336629
"mu","disease mortality rate (case fatality ratio)","beta",NA,"ETH",1991,"shape2",1694.19732895977
"mu","disease mortality rate (case fatality ratio)","point",NA,"ETH",1992,"mean",0.00406746304976897
"mu","disease mortality rate (case fatality ratio)","beta",NA,"ETH",1992,"shape1",8.17219541983981
"mu","disease mortality rate (case fatality ratio)","beta",NA,"ETH",1992,"shape2",2000.99059717246
"mu","disease mortality rate (case fatality ratio)","point",NA,"ETH",1993,"mean",0.00388493474839265
"mu","disease mortality rate (case fatality ratio)","beta",NA,"ETH",1993,"shape1",9.08213007090634
"mu","disease mortality rate (case fatality ratio)","beta",NA,"ETH",1993,"shape2",2328.69975279443
"mu","disease mortality rate (case fatality ratio)","point",NA,"ETH",1994,"mean",0.00395800043817678
"mu","disease mortality rate (case fatality ratio)","beta",NA,"ETH",1994,"shape1",10.3248361508176
"mu","disease mortality rate (case fatality ratio)","beta",NA,"ETH",1994,"shape2",2598.27420573651
"mu","disease mortality rate (case fatality ratio)","point",NA,"ETH",1995,"mean",0.0043386235523494
"mu","disease mortality rate (case fatality ratio)","beta",NA,"ETH",1995,"shape1",12.0172586040033
"mu","disease mortality rate (case fatality ratio)","beta",NA,"ETH",1995,"shape2",2757.81479965231
"mu","disease mortality rate (case fatality ratio)","point",NA,"ETH",1996,"mean",0.00503649756871872
"mu","disease mortality rate (case fatality ratio)","beta",NA,"ETH",1996,"shape1",14.326906159453
"mu","disease mortality rate (case fatality ratio)","beta",NA,"ETH",1996,"shape2",2830.29000548888
"mu","disease mortality rate (case fatality ratio)","point",NA,"ETH",1997,"mean",0.0059813890260141
"mu","disease mortality rate (case fatality ratio)","beta",NA,"ETH",1997,"shape1",17.5020934589328
"mu","disease mortality rate (case fatality ratio)","beta",NA,"ETH",1997,"shape2",2908.58971946497
"mu","disease mortality rate (case fatality ratio)","point",NA,"ETH",1998,"mean",0.00698559093020629
"mu","disease mortality rate (case fatality ratio)","beta",NA,"ETH",1998,"shape1",21.9351621674658
"mu","disease mortality rate (case fatality ratio)","beta",NA,"ETH",1998,"shape2",3118.12305003278
"mu","disease mortality rate (case fatality ratio)","point",NA,"ETH",1999,"mean",0.00779280056735207
"mu","disease mortality rate (case fatality ratio)","beta",NA,"ETH",1999,"shape1",28.2887226604257
"mu","disease mortality rate (case fatality ratio)","beta",NA,"ETH",1999,"shape2",3601.82119943117
"mu","disease mortality rate (case fatality ratio)","point",NA,"ETH",2000,"mean",0.00823461547220196
"mu","disease mortality rate (case fatality ratio)","beta",NA,"ETH",2000,"shape1",37.7522361558028
"mu","disease mortality rate (case fatality ratio)","beta",NA,"ETH",2000,"shape2",4546.82566954544
"mu","disease mortality rate (case fatality ratio)","point",NA,"ETH",2001,"mean",0.00835371809281537
"mu","disease mortality rate (case fatality ratio)","beta",NA,"ETH",2001,"shape1",52.6026131429635
"mu","disease mortality rate (case fatality ratio)","beta",NA,"ETH",2001,"shape2",6244.30764388432
"mu","disease mortality rate (case fatality ratio)","point",NA,"ETH",2002,"mean",0.00835975728640325
"mu","disease mortality rate (case fatality ratio)","beta",NA,"ETH",2002,"shape1",77.5172349545367
"mu","disease mortality rate (case fatality ratio)","beta",NA,"ETH",2002,"shape2",9195.14850147957
"mu","disease mortality rate (case fatality ratio)","point",NA,"ETH",2003,"mean",0.00848588630228219
"mu","disease mortality rate (case fatality ratio)","beta",NA,"ETH",2003,"shape1",122.824024605282
"mu","disease mortality rate (case fatality ratio)","beta",NA,"ETH",2003,"shape2",14351.0942238928
"mu","disease mortality rate (case fatality ratio)","point",NA,"ETH",2004,"mean",0.00888502987319337
"mu","disease mortality rate (case fatality ratio)","beta",NA,"ETH",2004,"shape1",212.893174896449
"mu","disease mortality rate (case fatality ratio)","beta",NA,"ETH",2004,"shape2",23747.9913617735
"mu","disease mortality rate (case fatality ratio)","point",NA,"ETH",2005,"mean",0.00959513735177173
"mu","disease mortality rate (case fatality ratio)","beta",NA,"ETH",2005,"shape1",406.460343513478
"mu","disease mortality rate (case fatality ratio)","beta",NA,"ETH",2005,"shape2",41954.6157528517
"mu","disease mortality rate (case fatality ratio)","point",NA,"ETH",2006,"mean",0.0105349577320543
"mu","disease mortality rate (case fatality ratio)","beta",NA,"ETH",2006,"shape1",809.874970576717
"mu","disease mortality rate (case fatality ratio)","beta",NA,"ETH",2006,"shape2",76065.1340399052
"mu","disease mortality rate (case fatality ratio)","point",NA,"ETH",2007,"mean",0.011525634510481
"mu","disease mortality rate (case fatality ratio)","beta",NA,"ETH",2007,"shape1",1286.3049504221
"mu","disease mortality rate (case fatality ratio)","beta",NA,"ETH",2007,"shape2",110317.524691441
"mu","disease mortality rate (case fatality ratio)","point",NA,"ETH",2008,"mean",0.0123655399261805
"mu","disease mortality rate (case fatality ratio)","beta",NA,"ETH",2008,"shape1",1160.58243923005
"mu","disease mortality rate (case fatality ratio)","beta",NA,"ETH",2008,"shape2",92695.6054958272
"mu","disease mortality rate (case fatality ratio)","point",NA,"ETH",2009,"mean",0.0129403561289714
"mu","disease mortality rate (case fatality ratio)","beta",NA,"ETH",2009,"shape1",768.81582757101
"mu","disease mortality rate (case fatality ratio)","beta",NA,"ETH",2009,"shape2",58643.446084584
"mu","disease mortality rate (case fatality ratio)","point",NA,"ETH",2010,"mean",0.0132838088373573
"mu","disease mortality rate (case fatality ratio)","beta",NA,"ETH",2010,"shape1",516.358214039431
"mu","disease mortality rate (case fatality ratio)","beta",NA,"ETH",2010,"shape2",38354.8887574847
"mu","disease mortality rate (case fatality ratio)","point",NA,"ETH",2011,"mean",0.0135349190154257
"mu","disease mortality rate (case fatality ratio)","beta",NA,"ETH",2011,"shape1",379.223656770629
"mu","disease mortality rate (case fatality ratio)","beta",NA,"ETH",2011,"shape2",27638.9459634857
"mu","disease mortality rate (case fatality ratio)","point",NA,"ETH",2012,"mean",0.0138367829423756
"mu","disease mortality rate (case fatality ratio)","beta",NA,"ETH",2012,"shape1",303.48532186801
"mu","disease mortality rate (case fatality ratio)","beta",NA,"ETH",2012,"shape2",21629.7431700364
"mu","disease mortality rate (case fatality ratio)","point",NA,"ETH",2013,"mean",0.0142552430156193
"mu","disease mortality rate (case fatality ratio)","beta",NA,"ETH",2013,"shape1",262.578612956577
"mu","disease mortality rate (case fatality ratio)","beta",NA,"ETH",2013,"shape2",18157.2135062568
"mu","disease mortality rate (case fatality ratio)","point",NA,"ETH",2014,"mean",0.0147529851797524
"mu","disease mortality rate (case fatality ratio)","beta",NA,"ETH",2014,"shape1",245.843228186702
"mu","disease mortality rate (case fatality ratio)","beta",NA,"ETH",2014,"shape2",16418.1217383142
"mu","disease mortality rate (case fatality ratio)","point",NA,"ETH",2015,"mean",0.0152174490981675
"mu","disease mortality rate (case fatality ratio)","beta",NA,"ETH",2015,"shape1",249.678670983142
"mu","disease mortality rate (case fatality ratio)","beta",NA,"ETH",2015,"shape2",16157.7145374626
"mu","disease mortality rate (case fatality ratio)","point",NA,"ETH",2016,"mean",0.0155264603819509
"mu","disease mortality rate (case fatality ratio)","beta",NA,"ETH",2016,"shape1",273.452342482715
"mu","disease mortality rate (case fatality ratio)","beta",NA,"ETH",2016,"shape2",17338.5684114939
"mu","disease mortality rate (case fatality ratio)","point",NA,"ETH",2017,"mean",0.015615454893595
"mu","disease mortality rate (case fatality ratio)","beta",NA,"ETH",2017,"shape1",318.261569840932
"mu","disease mortality rate (case fatality ratio)","beta",NA,"ETH",2017,"shape2",20062.9295007742
"mu","disease mortality rate (case fatality ratio)","point",NA,"ETH",2018,"mean",0.0154990487039474
"mu","disease mortality rate (case fatality ratio)","beta",NA,"ETH",2018,"shape1",388.761410206009
"mu","disease mortality rate (case fatality ratio)","beta",NA,"ETH",2018,"shape2",24694.1593310519
"mu","disease mortality rate (case fatality ratio)","point",NA,"ETH",2019,"mean",0.0152316857178703
"mu","disease mortality rate (case fatality ratio)","beta",NA,"ETH",2019,"shape1",497.631919709848
"mu","disease mortality rate (case fatality ratio)","beta",NA,"ETH",2019,"shape2",32173.204974332
"mu","disease mortality rate (case fatality ratio)","point",NA,"ETH",2020,"mean",0.0148435146742507
"mu","disease mortality rate (case fatality ratio)","beta",NA,"ETH",2020,"shape1",663.076733716934
"mu","disease mortality rate (case fatality ratio)","beta",NA,"ETH",2020,"shape2",44008.0640485389
"mu","disease mortality rate (case fatality ratio)","point",NA,"ETH",2021,"mean",0.014304428320056
"mu","disease mortality rate (case fatality ratio)","beta",NA,"ETH",2021,"shape1",874.447210313729
"mu","disease mortality rate (case fatality ratio)","beta",NA,"ETH",2021,"shape2",60256.7766840158
"mu","disease mortality rate (case fatality ratio)","point",NA,"ETH",2022,"mean",0.0135448591222691
"mu","disease mortality rate (case fatality ratio)","beta",NA,"ETH",2022,"shape1",1027.15039607981
"mu","disease mortality rate (case fatality ratio)","beta",NA,"ETH",2022,"shape2",74806.0780493213
"mu","disease mortality rate (case fatality ratio)","point",NA,"ETH",2023,"mean",0.0125217223338614
"mu","disease mortality rate (case fatality ratio)","beta",NA,"ETH",2023,"shape1",982.218706109099
"mu","disease mortality rate (case fatality ratio)","beta",NA,"ETH",2023,"shape2",77458.9637383353
"mu","disease mortality rate (case fatality ratio)","point",NA,"ETH",2024,"mean",0.0112793956845679
"mu","disease mortality rate (case fatality ratio)","beta",NA,"ETH",2024,"shape1",756.944806553019
"mu","disease mortality rate (case fatality ratio)","beta",NA,"ETH",2024,"shape2",66351.6865174325
"mu","disease mortality rate (case fatality ratio)","point",NA,"ETH",2025,"mean",0.00994911540087528
"mu","disease mortality rate (case fatality ratio)","beta",NA,"ETH",2025,"shape1",501.489102844786
"mu","disease mortality rate (case fatality ratio)","beta",NA,"ETH",2025,"shape2",49903.907019173
"mu","disease mortality rate (case fatality ratio)","point",NA,"ETH",2026,"mean",0.00868065142460863
"mu","disease mortality rate (case fatality ratio)","beta",NA,"ETH",2026,"shape1",318.043065015495
"mu","disease mortality rate (case fatality ratio)","beta",NA,"ETH",2026,"shape2",36320.1133887594
"mu","disease mortality rate (case fatality ratio)","point",NA,"GAB",1970,"mean",0.700311079885389
"mu","disease mortality rate (case fatality ratio)","beta",NA,"GAB",1970,"shape1",2.00611090066307
"mu","disease mortality rate (case fatality ratio)","beta",NA,"GAB",1970,"shape2",0.85848878693774
"mu","disease mortality rate (case fatality ratio)","point",NA,"GAB",1971,"mean",0.642942345868311
"mu","disease mortality rate (case fatality ratio)","beta",NA,"GAB",1971,"shape1",2.12803192498845
"mu","disease mortality rate (case fatality ratio)","beta",NA,"GAB",1971,"shape2",1.18180127959614
"mu","disease mortality rate (case fatality ratio)","point",NA,"GAB",1972,"mean",0.57910171698966
"mu","disease mortality rate (case fatality ratio)","beta",NA,"GAB",1972,"shape1",2.15326770199242
"mu","disease mortality rate (case fatality ratio)","beta",NA,"GAB",1972,"shape2",1.56502157054804
"mu","disease mortality rate (case fatality ratio)","point",NA,"GAB",1973,"mean",0.508987185391408
"mu","disease mortality rate (case fatality ratio)","beta",NA,"GAB",1973,"shape1",2.07933635723101
"mu","disease mortality rate (case fatality ratio)","beta",NA,"GAB",1973,"shape2",2.00590668406877
"mu","disease mortality rate (case fatality ratio)","point",NA,"GAB",1974,"mean",0.43554703865332
"mu","disease mortality rate (case fatality ratio)","beta",NA,"GAB",1974,"shape1",1.93023954660177
"mu","disease mortality rate (case fatality ratio)","beta",NA,"GAB",1974,"shape2",2.50151954093543
"mu","disease mortality rate (case fatality ratio)","point",NA,"GAB",1975,"mean",0.364316394797678
"mu","disease mortality rate (case fatality ratio)","beta",NA,"GAB",1975,"shape1",1.76083967759431
"mu","disease mortality rate (case fatality ratio)","beta",NA,"GAB",1975,"shape2",3.07243080580566
"mu","disease mortality rate (case fatality ratio)","point",NA,"GAB",1976,"mean",0.300750205018033
"mu","disease mortality rate (case fatality ratio)","beta",NA,"GAB",1976,"shape1",1.62970515793038
"mu","disease mortality rate (case fatality ratio)","beta",NA,"GAB",1976,"shape2",3.78909466577269
"mu","disease mortality rate (case fatality ratio)","point",NA,"GAB",1977,"mean",0.247428263007844
"mu","disease mortality rate (case fatality ratio)","beta",NA,"GAB",1977,"shape1",1.56648156564415
"mu","disease mortality rate (case fatality ratio)","beta",NA,"GAB",1977,"shape2",4.76457191467103
"mu","disease mortality rate (case fatality ratio)","point",NA,"GAB",1978,"mean",0.203547762137156
"mu","disease mortality rate (case fatality ratio)","beta",NA,"GAB",1978,"shape1",1.56433830857307
"mu","disease mortality rate (case fatality ratio)","beta",NA,"GAB",1978,"shape2",6.12102404642536
"mu","disease mortality rate (case fatality ratio)","point",NA,"GAB",1979,"mean",0.166528264452291
"mu","disease mortality rate (case fatality ratio)","beta",NA,"GAB",1979,"shape1",1.59200020939104
"mu","disease mortality rate (case fatality ratio)","beta",NA,"GAB",1979,"shape2",7.9679397481117
"mu","disease mortality rate (case fatality ratio)","point",NA,"GAB",1980,"mean",0.134077269918148
"mu","disease mortality rate (case fatality ratio)","beta",NA,"GAB",1980,"shape1",1.61064783524137
"mu","disease mortality rate (case fatality ratio)","beta",NA,"GAB",1980,"shape2",10.4021850351225
"mu","disease mortality rate (case fatality ratio)","point",NA,"GAB",1981,"mean",0.105413118295826
"mu","disease mortality rate (case fatality ratio)","beta",NA,"GAB",1981,"shape1",1.59095718803723
"mu","disease mortality rate (case fatality ratio)","beta",NA,"GAB",1981,"shape2",13.5016348323643
"mu","disease mortality rate (case fatality ratio)","point",NA,"GAB",1982,"mean",0.0811056433125381
"mu","disease mortality rate (case fatality ratio)","beta",NA,"GAB",1982,"shape1",1.52442174841996
"mu","disease mortality rate (case fatality ratio)","beta",NA,"GAB",1982,"shape2",17.2710860135449
"mu","disease mortality rate (case fatality ratio)","point",NA,"GAB",1983,"mean",0.0619406796091813
"mu","disease mortality rate (case fatality ratio)","beta",NA,"GAB",1983,"shape1",1.42174319341241
"mu","disease mortality rate (case fatality ratio)","beta",NA,"GAB",1983,"shape2",21.5315599085714
"mu","disease mortality rate (case fatality ratio)","point",NA,"GAB",1984,"mean",0.0479446800979595
"mu","disease mortality rate (case fatality ratio)","beta",NA,"GAB",1984,"shape1",1.30173390499003
"mu","disease mortality rate (case fatality ratio)","beta",NA,"GAB",1984,"shape2",25.8490136300933
"mu","disease mortality rate (case fatality ratio)","point",NA,"GAB",1985,"mean",0.0382680856330992
"mu","disease mortality rate (case fatality ratio)","beta",NA,"GAB",1985,"shape1",1.18124141003197
"mu","disease mortality rate (case fatality ratio)","beta",NA,"GAB",1985,"shape2",29.6862919533375
"mu","disease mortality rate (case fatality ratio)","point",NA,"GAB",1986,"mean",0.0316184953643407
"mu","disease mortality rate (case fatality ratio)","beta",NA,"GAB",1986,"shape1",1.07094817735294
"mu","disease mortality rate (case fatality ratio)","beta",NA,"GAB",1986,"shape2",32.799992391209
"mu","disease mortality rate (case fatality ratio)","point",NA,"GAB",1987,"mean",0.0266924721891346
"mu","disease mortality rate (case fatality ratio)","beta",NA,"GAB",1987,"shape1",0.975568785638782
"mu","disease mortality rate (case fatality ratio)","beta",NA,"GAB",1987,"shape2",35.5728924706362
"mu","disease mortality rate (case fatality ratio)","point",NA,"GAB",1988,"mean",0.022458498557718
"mu","disease mortality rate (case fatality ratio)","beta",NA,"GAB",1988,"shape1",0.896089194378002
"mu","disease mortality rate (case fatality ratio)","beta",NA,"GAB",1988,"shape2",39.003692711125
"mu","disease mortality rate (case fatality ratio)","point",NA,"GAB",1989,"mean",0.0183670908707036
"mu","disease mortality rate (case fatality ratio)","beta",NA,"GAB",1989,"shape1",0.832413439951662
"mu","disease mortality rate (case fatality ratio)","beta",NA,"GAB",1989,"shape2",44.4885056871706
"mu","disease mortality rate (case fatality ratio)","point",NA,"GAB",1990,"mean",0.0144214279011683
"mu","disease mortality rate (case fatality ratio)","beta",NA,"GAB",1990,"shape1",0.784965086176874
"mu","disease mortality rate (case fatality ratio)","beta",NA,"GAB",1990,"shape2",53.6455040432552
"mu","disease mortality rate (case fatality ratio)","point",NA,"GAB",1991,"mean",0.01096228539683
"mu","disease mortality rate (case fatality ratio)","beta",NA,"GAB",1991,"shape1",0.754524963821372
"mu","disease mortality rate (case fatality ratio)","beta",NA,"GAB",1991,"shape2",68.07464126456
"mu","disease mortality rate (case fatality ratio)","point",NA,"GAB",1992,"mean",0.00829439046592222
"mu","disease mortality rate (case fatality ratio)","beta",NA,"GAB",1992,"shape1",0.741242522028672
"mu","disease mortality rate (case fatality ratio)","beta",NA,"GAB",1992,"shape2",88.6254837098857
"mu","disease mortality rate (case fatality ratio)","point",NA,"GAB",1993,"mean",0.00648031070549281
"mu","disease mortality rate (case fatality ratio)","beta",NA,"GAB",1993,"shape1",0.744268836921679
"mu","disease mortality rate (case fatality ratio)","beta",NA,"GAB",1993,"shape2",114.106526247768
"mu","disease mortality rate (case fatality ratio)","point",NA,"GAB",1994,"mean",0.00538848765584587
"mu","disease mortality rate (case fatality ratio)","beta",NA,"GAB",1994,"shape1",0.762154206674731
"mu","disease mortality rate (case fatality ratio)","beta",NA,"GAB",1994,"shape2",140.679054412943
"mu","disease mortality rate (case fatality ratio)","point",NA,"GAB",1995,"mean",0.00481961153834353
"mu","disease mortality rate (case fatality ratio)","beta",NA,"GAB",1995,"shape1",0.793239991049342
"mu","disease mortality rate (case fatality ratio)","beta",NA,"GAB",1995,"shape2",163.792636845401
"mu","disease mortality rate (case fatality ratio)","point",NA,"GAB",1996,"mean",0.00457332419097999
"mu","disease mortality rate (case fatality ratio)","beta",NA,"GAB",1996,"shape1",0.835640596968067
"mu","disease mortality rate (case fatality ratio)","beta",NA,"GAB",1996,"shape2",181.884971822376
"mu","disease mortality rate (case fatality ratio)","point",NA,"GAB",1997,"mean",0.00445652807236689
"mu","disease mortality rate (case fatality ratio)","beta",NA,"GAB",1997,"shape1",0.886969234292319
"mu","disease mortality rate (case fatality ratio)","beta",NA,"GAB",1997,"shape2",198.139990742029
"mu","disease mortality rate (case fatality ratio)","point",NA,"GAB",1998,"mean",0.00429501937088883
"mu","disease mortality rate (case fatality ratio)","beta",NA,"GAB",1998,"shape1",0.944107672427692
"mu","disease mortality rate (case fatality ratio)","beta",NA,"GAB",1998,"shape2",218.870424207626
"mu","disease mortality rate (case fatality ratio)","point",NA,"GAB",1999,"mean",0.00398352221620522
"mu","disease mortality rate (case fatality ratio)","beta",NA,"GAB",1999,"shape1",1.00319391041584
"mu","disease mortality rate (case fatality ratio)","beta",NA,"GAB",1999,"shape2",250.832708079733
"mu","disease mortality rate (case fatality ratio)","point",NA,"GAB",2000,"mean",0.00353195742370593
"mu","disease mortality rate (case fatality ratio)","beta",NA,"GAB",2000,"shape1",1.05973933402389
"mu","disease mortality rate (case fatality ratio)","beta",NA,"GAB",2000,"shape2",298.983326562267
"mu","disease mortality rate (case fatality ratio)","point",NA,"GAB",2001,"mean",0.0030395231624033
"mu","disease mortality rate (case fatality ratio)","beta",NA,"GAB",2001,"shape1",1.10865654167983
"mu","disease mortality rate (case fatality ratio)","beta",NA,"GAB",2001,"shape2",363.638207503678
"mu","disease mortality rate (case fatality ratio)","point",NA,"GAB",2002,"mean",0.00261351279596188
"mu","disease mortality rate (case fatality ratio)","beta",NA,"GAB",2002,"shape1",1.14426033398165
"mu","disease mortality rate (case fatality ratio)","beta",NA,"GAB",2002,"shape2",436.680393040448
"mu","disease mortality rate (case fatality ratio)","point",NA,"GAB",2003,"mean",0.00231291135377813
"mu","disease mortality rate (case fatality ratio)","beta",NA,"GAB",2003,"shape1",1.16060737306645
"mu","disease mortality rate (case fatality ratio)","beta",NA,"GAB",2003,"shape2",500.634401402604
"mu","disease mortality rate (case fatality ratio)","point",NA,"GAB",2004,"mean",0.00214570925361839
"mu","disease mortality rate (case fatality ratio)","beta",NA,"GAB",2004,"shape1",1.15239811284268
"mu","disease mortality rate (case fatality ratio)","beta",NA,"GAB",2004,"shape2",535.91855448679
"mu","disease mortality rate (case fatality ratio)","point",NA,"GAB",2005,"mean",0.00208935105753291
"mu","disease mortality rate (case fatality ratio)","beta",NA,"GAB",2005,"shape1",1.11622856264163
"mu","disease mortality rate (case fatality ratio)","beta",NA,"GAB",2005,"shape2",533.130306320619
"mu","disease mortality rate (case fatality ratio)","point",NA,"GAB",2006,"mean",0.00210709235875804
"mu","disease mortality rate (case fatality ratio)","beta",NA,"GAB",2006,"shape1",1.05162345317264
"mu","disease mortality rate (case fatality ratio)","beta",NA,"GAB",2006,"shape2",498.035874444875
"mu","disease mortality rate (case fatality ratio)","point",NA,"GAB",2007,"mean",0.00215851168360982
"mu","disease mortality rate (case fatality ratio)","beta",NA,"GAB",2007,"shape1",0.961394179233156
"mu","disease mortality rate (case fatality ratio)","beta",NA,"GAB",2007,"shape2",444.435397755362
"mu","disease mortality rate (case fatality ratio)","point",NA,"GAB",2008,"mean",0.00221145276230214
"mu","disease mortality rate (case fatality ratio)","beta",NA,"GAB",2008,"shape1",0.851324499481316
"mu","disease mortality rate (case fatality ratio)","beta",NA,"GAB",2008,"shape2",384.11032333381
"mu","disease mortality rate (case fatality ratio)","point",NA,"GAB",2009,"mean",0.00225439515255395
"mu","disease mortality rate (case fatality ratio)","beta",NA,"GAB",2009,"shape1",0.729338342464174
"mu","disease mortality rate (case fatality ratio)","beta",NA,"GAB",2009,"shape2",322.789074850505
"mu","disease mortality rate (case fatality ratio)","point",NA,"GAB",2010,"mean",0.00229995876176114
"mu","disease mortality rate (case fatality ratio)","beta",NA,"GAB",2010,"shape1",0.604205882637622
"mu","disease mortality rate (case fatality ratio)","beta",NA,"GAB",2010,"shape2",262.098714136226
"mu","disease mortality rate (case fatality ratio)","point",NA,"GAB",2011,"mean",0.00237595178642103
"mu","disease mortality rate (case fatality ratio)","beta",NA,"GAB",2011,"shape1",0.484060459986033
"mu","disease mortality rate (case fatality ratio)","beta",NA,"GAB",2011,"shape2",203.249223503317
"mu","disease mortality rate (case fatality ratio)","point",NA,"GAB",2012,"mean",0.00251152755510456
"mu","disease mortality rate (case fatality ratio)","beta",NA,"GAB",2012,"shape1",0.37523677583774
"mu","disease mortality rate (case fatality ratio)","beta",NA,"GAB",2012,"shape2",149.030560136519
"mu","disease mortality rate (case fatality ratio)","point",NA,"GAB",2013,"mean",0.00272684819239938
"mu","disease mortality rate (case fatality ratio)","beta",NA,"GAB",2013,"shape1",0.281710548497307
"mu","disease mortality rate (case fatality ratio)","beta",NA,"GAB",2013,"shape2",103.02823874847
"mu","disease mortality rate (case fatality ratio)","point",NA,"GAB",2014,"mean",0.00302827979474926
"mu","disease mortality rate (case fatality ratio)","beta",NA,"GAB",2014,"shape1",0.205079699787559
"mu","disease mortality rate (case fatality ratio)","beta",NA,"GAB",2014,"shape2",67.5164367014204
"mu","disease mortality rate (case fatality ratio)","point",NA,"GAB",2015,"mean",0.00340874796481347
"mu","disease mortality rate (case fatality ratio)","beta",NA,"GAB",2015,"shape1",0.14494737867573
"mu","disease mortality rate (case fatality ratio)","beta",NA,"GAB",2015,"shape2",42.3772279689703
"mu","disease mortality rate (case fatality ratio)","point",NA,"GAB",2016,"mean",0.00385428986838225
"mu","disease mortality rate (case fatality ratio)","beta",NA,"GAB",2016,"shape1",0.0995549068586392
"mu","disease mortality rate (case fatality ratio)","beta",NA,"GAB",2016,"shape2",25.7300817469162
"mu","disease mortality rate (case fatality ratio)","point",NA,"GAB",2017,"mean",0.00435565381809823
"mu","disease mortality rate (case fatality ratio)","beta",NA,"GAB",2017,"shape1",0.0664516930604919
"mu","disease mortality rate (case fatality ratio)","beta",NA,"GAB",2017,"shape2",15.1899703817099
"mu","disease mortality rate (case fatality ratio)","point",NA,"GAB",2018,"mean",0.00491740957973303
"mu","disease mortality rate (case fatality ratio)","beta",NA,"GAB",2018,"shape1",0.0430227979864744
"mu","disease mortality rate (case fatality ratio)","beta",NA,"GAB",2018,"shape2",8.70605479843578
"mu","disease mortality rate (case fatality ratio)","point",NA,"GAB",2019,"mean",0.00555506051319835
"mu","disease mortality rate (case fatality ratio)","beta",NA,"GAB",2019,"shape1",0.0268272994249705
"mu","disease mortality rate (case fatality ratio)","beta",NA,"GAB",2019,"shape2",4.80251692846077
"mu","disease mortality rate (case fatality ratio)","point",NA,"GAB",2020,"mean",0.00627778998741583
"mu","disease mortality rate (case fatality ratio)","beta",NA,"GAB",2020,"shape1",0.0157886198151617
"mu","disease mortality rate (case fatality ratio)","beta",NA,"GAB",2020,"shape2",2.49920787525888
"mu","disease mortality rate (case fatality ratio)","point",NA,"GAB",2021,"mean",0.00706512970027664
"mu","disease mortality rate (case fatality ratio)","beta",NA,"GAB",2021,"shape1",0.01
"mu","disease mortality rate (case fatality ratio)","beta",NA,"GAB",2021,"shape2",1.1637747163434
"mu","disease mortality rate (case fatality ratio)","point",NA,"GAB",2022,"mean",0.00785436239636988
"mu","disease mortality rate (case fatality ratio)","beta",NA,"GAB",2022,"shape1",0.01
"mu","disease mortality rate (case fatality ratio)","beta",NA,"GAB",2022,"shape2",0.395757564247899
"mu","disease mortality rate (case fatality ratio)","point",NA,"GAB",2023,"mean",0.00855706800216816
"mu","disease mortality rate (case fatality ratio)","beta",NA,"GAB",2023,"shape1",0.01
"mu","disease mortality rate (case fatality ratio)","beta",NA,"GAB",2023,"shape2",0.0100145750706852
"mu","disease mortality rate (case fatality ratio)","point",NA,"GAB",2024,"mean",0.00910639207084613
"mu","disease mortality rate (case fatality ratio)","beta",NA,"GAB",2024,"shape1",0.01
"mu","disease mortality rate (case fatality ratio)","beta",NA,"GAB",2024,"shape2",0.0100090263427188
"mu","disease mortality rate (case fatality ratio)","point",NA,"GAB",2025,"mean",0.00950325533801889
"mu","disease mortality rate (case fatality ratio)","beta",NA,"GAB",2025,"shape1",0.01
"mu","disease mortality rate (case fatality ratio)","beta",NA,"GAB",2025,"shape2",0.0100050176228484
"mu","disease mortality rate (case fatality ratio)","point",NA,"GAB",2026,"mean",0.00981665721711507
"mu","disease mortality rate (case fatality ratio)","beta",NA,"GAB",2026,"shape1",0.01
"mu","disease mortality rate (case fatality ratio)","beta",NA,"GAB",2026,"shape2",0.0100018519473019
"mu","disease mortality rate (case fatality ratio)","point",NA,"GHA",1970,"mean",0.0554633065744167
"mu","disease mortality rate (case fatality ratio)","beta",NA,"GHA",1970,"shape1",707.369123216884
"mu","disease mortality rate (case fatality ratio)","beta",NA,"GHA",1970,"shape2",12046.4525817294
"mu","disease mortality rate (case fatality ratio)","point",NA,"GHA",1971,"mean",0.0578910735366358
"mu","disease mortality rate (case fatality ratio)","beta",NA,"GHA",1971,"shape1",1118.59621019433
"mu","disease mortality rate (case fatality ratio)","beta",NA,"GHA",1971,"shape2",18203.8336888892
"mu","disease mortality rate (case fatality ratio)","point",NA,"GHA",1972,"mean",0.0599226038142198
"mu","disease mortality rate (case fatality ratio)","beta",NA,"GHA",1972,"shape1",1076.37083690247
"mu","disease mortality rate (case fatality ratio)","beta",NA,"GHA",1972,"shape2",16886.3138328021
"mu","disease mortality rate (case fatality ratio)","point",NA,"GHA",1973,"mean",0.061160416896905
"mu","disease mortality rate (case fatality ratio)","beta",NA,"GHA",1973,"shape1",871.908329923455
"mu","disease mortality rate (case fatality ratio)","beta",NA,"GHA",1973,"shape2",13384.1803980718
"mu","disease mortality rate (case fatality ratio)","point",NA,"GHA",1974,"mean",0.0616313175627247
"mu","disease mortality rate (case fatality ratio)","beta",NA,"GHA",1974,"shape1",832.177291495972
"mu","disease mortality rate (case fatality ratio)","beta",NA,"GHA",1974,"shape2",12670.3296222826
"mu","disease mortality rate (case fatality ratio)","point",NA,"GHA",1975,"mean",0.061838818780721
"mu","disease mortality rate (case fatality ratio)","beta",NA,"GHA",1975,"shape1",957.686293110133
"mu","disease mortality rate (case fatality ratio)","beta",NA,"GHA",1975,"shape2",14529.127847148
"mu","disease mortality rate (case fatality ratio)","point",NA,"GHA",1976,"mean",0.0624574351240063
"mu","disease mortality rate (case fatality ratio)","beta",NA,"GHA",1976,"shape1",1183.03707039029
"mu","disease mortality rate (case fatality ratio)","beta",NA,"GHA",1976,"shape2",17758.4559326674
"mu","disease mortality rate (case fatality ratio)","point",NA,"GHA",1977,"mean",0.0639145384508621
"mu","disease mortality rate (case fatality ratio)","beta",NA,"GHA",1977,"shape1",1371.86926196392
"mu","disease mortality rate (case fatality ratio)","beta",NA,"GHA",1977,"shape2",20092.2497822286
"mu","disease mortality rate (case fatality ratio)","point",NA,"GHA",1978,"mean",0.06609417761237
"mu","disease mortality rate (case fatality ratio)","beta",NA,"GHA",1978,"shape1",1494.57270150833
"mu","disease mortality rate (case fatality ratio)","beta",NA,"GHA",1978,"shape2",21118.2013052086
"mu","disease mortality rate (case fatality ratio)","point",NA,"GHA",1979,"mean",0.0682840298358366
"mu","disease mortality rate (case fatality ratio)","beta",NA,"GHA",1979,"shape1",1669.30570777371
"mu","disease mortality rate (case fatality ratio)","beta",NA,"GHA",1979,"shape2",22777.1968168566
"mu","disease mortality rate (case fatality ratio)","point",NA,"GHA",1980,"mean",0.0694630529070326
"mu","disease mortality rate (case fatality ratio)","beta",NA,"GHA",1980,"shape1",1957.83888803919
"mu","disease mortality rate (case fatality ratio)","beta",NA,"GHA",1980,"shape2",26227.488506936
"mu","disease mortality rate (case fatality ratio)","point",NA,"GHA",1981,"mean",0.0689053431478303
"mu","disease mortality rate (case fatality ratio)","beta",NA,"GHA",1981,"shape1",2304.52490033747
"mu","disease mortality rate (case fatality ratio)","beta",NA,"GHA",1981,"shape2",31140.2675505661
"mu","disease mortality rate (case fatality ratio)","point",NA,"GHA",1982,"mean",0.0667261733955715
"mu","disease mortality rate (case fatality ratio)","beta",NA,"GHA",1982,"shape1",2555.09778741566
"mu","disease mortality rate (case fatality ratio)","beta",NA,"GHA",1982,"shape2",35737.189292623
"mu","disease mortality rate (case fatality ratio)","point",NA,"GHA",1983,"mean",0.0638747883120726
"mu","disease mortality rate (case fatality ratio)","beta",NA,"GHA",1983,"shape1",2487.18868557856
"mu","disease mortality rate (case fatality ratio)","beta",NA,"GHA",1983,"shape2",36451.315085689
"mu","disease mortality rate (case fatality ratio)","point",NA,"GHA",1984,"mean",0.0615616522336253
"mu","disease mortality rate (case fatality ratio)","beta",NA,"GHA",1984,"shape1",2080.84780448466
"mu","disease mortality rate (case fatality ratio)","beta",NA,"GHA",1984,"shape2",31720.1911375483
"mu","disease mortality rate (case fatality ratio)","point",NA,"GHA",1985,"mean",0.0606032750500121
"mu","disease mortality rate (case fatality ratio)","beta",NA,"GHA",1985,"shape1",1656.12757171748
"mu","disease mortality rate (case fatality ratio)","beta",NA,"GHA",1985,"shape2",25671.2333728978
"mu","disease mortality rate (case fatality ratio)","point",NA,"GHA",1986,"mean",0.0610357977599514
"mu","disease mortality rate (case fatality ratio)","beta",NA,"GHA",1986,"shape1",1414.27484383185
"mu","disease mortality rate (case fatality ratio)","beta",NA,"GHA",1986,"shape2",21756.9606562606
"mu","disease mortality rate (case fatality ratio)","point",NA,"GHA",1987,"mean",0.0620039441649823
"mu","disease mortality rate (case fatality ratio)","beta",NA,"GHA",1987,"shape1",1353.3806385489
"mu","disease mortality rate (case fatality ratio)","beta",NA,"GHA",1987,"shape2",20473.9507800424
"mu","disease mortality rate (case fatality ratio)","point",NA,"GHA",1988,"mean",0.061974600717658
"mu","disease mortality rate (case fatality ratio)","beta",NA,"GHA",1988,"shape1",1421.10349490883
"mu","disease mortality rate (case fatality ratio)","beta",NA,"GHA",1988,"shape2",21509.3144255397
"mu","disease mortality rate (case fatality ratio)","point",NA,"GHA",1989,"mean",0.0594768477067268
"mu","disease mortality rate (case fatality ratio)","beta",NA,"GHA",1989,"shape1",1565.89799628267
"mu","disease mortality rate (case fatality ratio)","beta",NA,"GHA",1989,"shape2",24761.9599292738
"mu","disease mortality rate (case fatality ratio)","point",NA,"GHA",1990,"mean",0.0541378592390086
"mu","disease mortality rate (case fatality ratio)","beta",NA,"GHA",1990,"shape1",1748.21128134855
"mu","disease mortality rate (case fatality ratio)","beta",NA,"GHA",1990,"shape2",30543.6322810376
"mu","disease mortality rate (case fatality ratio)","point",NA,"GHA",1991,"mean",0.0470796437846026
"mu","disease mortality rate (case fatality ratio)","beta",NA,"GHA",1991,"shape1",1924.9424585396
"mu","disease mortality rate (case fatality ratio)","beta",NA,"GHA",1991,"shape2",38961.995160329
"mu","disease mortality rate (case fatality ratio)","point",NA,"GHA",1992,"mean",0.0401483352957915
"mu","disease mortality rate (case fatality ratio)","beta",NA,"GHA",1992,"shape1",2012.73096268601
"mu","disease mortality rate (case fatality ratio)","beta",NA,"GHA",1992,"shape2",48119.633128061
"mu","disease mortality rate (case fatality ratio)","point",NA,"GHA",1993,"mean",0.0347815334980071
"mu","disease mortality rate (case fatality ratio)","beta",NA,"GHA",1993,"shape1",1959.71695089031
"mu","disease mortality rate (case fatality ratio)","beta",NA,"GHA",1993,"shape2",54383.887076879
"mu","disease mortality rate (case fatality ratio)","point",NA,"GHA",1994,"mean",0.0315345094342751
"mu","disease mortality rate (case fatality ratio)","beta",NA,"GHA",1994,"shape1",1842.17261716402
"mu","disease mortality rate (case fatality ratio)","beta",NA,"GHA",1994,"shape2",56575.4990134513
"mu","disease mortality rate (case fatality ratio)","point",NA,"GHA",1995,"mean",0.0302485571371084
"mu","disease mortality rate (case fatality ratio)","beta",NA,"GHA",1995,"shape1",1752.41266844817
"mu","disease mortality rate (case fatality ratio)","beta",NA,"GHA",1995,"shape2",56181.3479570573
"mu","disease mortality rate (case fatality ratio)","point",NA,"GHA",1996,"mean",0.0303010975000761
"mu","disease mortality rate (case fatality ratio)","beta",NA,"GHA",1996,"shape1",1697.36811230498
"mu","disease mortality rate (case fatality ratio)","beta",NA,"GHA",1996,"shape2",54319.3524800999
"mu","disease mortality rate (case fatality ratio)","point",NA,"GHA",1997,"mean",0.0307229141895232
"mu","disease mortality rate (case fatality ratio)","beta",NA,"GHA",1997,"shape1",1634.69219409941
"mu","disease mortality rate (case fatality ratio)","beta",NA,"GHA",1997,"shape2",51572.8969042308
"mu","disease mortality rate (case fatality ratio)","point",NA,"GHA",1998,"mean",0.0304104106372471
"mu","disease mortality rate (case fatality ratio)","beta",NA,"GHA",1998,"shape1",1536.08322326755
"mu","disease mortality rate (case fatality ratio)","beta",NA,"GHA",1998,"shape2",48975.6721617826
"mu","disease mortality rate (case fatality ratio)","point",NA,"GHA",1999,"mean",0.0286290172837612
"mu","disease mortality rate (case fatality ratio)","beta",NA,"GHA",1999,"shape1",1402.65415048934
"mu","disease mortality rate (case fatality ratio)","beta",NA,"GHA",1999,"shape2",47591.4882815299
"mu","disease mortality rate (case fatality ratio)","point",NA,"GHA",2000,"mean",0.0254779238269284
"mu","disease mortality rate (case fatality ratio)","beta",NA,"GHA",2000,"shape1",1251.22337336227
"mu","disease mortality rate (case fatality ratio)","beta",NA,"GHA",2000,"shape2",47858.8760939977
"mu","disease mortality rate (case fatality ratio)","point",NA,"GHA",2001,"mean",0.0217606030381531
"mu","disease mortality rate (case fatality ratio)","beta",NA,"GHA",2001,"shape1",1109.1620846992
"mu","disease mortality rate (case fatality ratio)","beta",NA,"GHA",2001,"shape2",49861.9476200501
"mu","disease mortality rate (case fatality ratio)","point",NA,"GHA",2002,"mean",0.0183603850615214
"mu","disease mortality rate (case fatality ratio)","beta",NA,"GHA",2002,"shape1",998.558042094846
"mu","disease mortality rate (case fatality ratio)","beta",NA,"GHA",2002,"shape2",53387.9942414715
"mu","disease mortality rate (case fatality ratio)","point",NA,"GHA",2003,"mean",0.0157694571120324
"mu","disease mortality rate (case fatality ratio)","beta",NA,"GHA",2003,"shape1",919.328698948551
"mu","disease mortality rate (case fatality ratio)","beta",NA,"GHA",2003,"shape2",57378.727627105
"mu","disease mortality rate (case fatality ratio)","point",NA,"GHA",2004,"mean",0.0140522514283637
"mu","disease mortality rate (case fatality ratio)","beta",NA,"GHA",2004,"shape1",856.781381473581
"mu","disease mortality rate (case fatality ratio)","beta",NA,"GHA",2004,"shape2",60114.3296067781
"mu","disease mortality rate (case fatality ratio)","point",NA,"GHA",2005,"mean",0.0130204786158272
"mu","disease mortality rate (case fatality ratio)","beta",NA,"GHA",2005,"shape1",803.188080520099
"mu","disease mortality rate (case fatality ratio)","beta",NA,"GHA",2005,"shape2",60883.3369865213
"mu","disease mortality rate (case fatality ratio)","point",NA,"GHA",2006,"mean",0.0123908636663986
"mu","disease mortality rate (case fatality ratio)","beta",NA,"GHA",2006,"shape1",764.734493455917
"mu","disease mortality rate (case fatality ratio)","beta",NA,"GHA",2006,"shape2",60952.8756784415
"mu","disease mortality rate (case fatality ratio)","point",NA,"GHA",2007,"mean",0.0118894962069078
"mu","disease mortality rate (case fatality ratio)","beta",NA,"GHA",2007,"shape1",747.283916158053
"mu","disease mortality rate (case fatality ratio)","beta",NA,"GHA",2007,"shape2",62105.1619026883
"mu","disease mortality rate (case fatality ratio)","point",NA,"GHA",2008,"mean",0.0113356457732596
"mu","disease mortality rate (case fatality ratio)","beta",NA,"GHA",2008,"shape1",746.299461062001
"mu","disease mortality rate (case fatality ratio)","beta",NA,"GHA",2008,"shape2",65090.2197800825
"mu","disease mortality rate (case fatality ratio)","point",NA,"GHA",2009,"mean",0.010691555964642
"mu","disease mortality rate (case fatality ratio)","beta",NA,"GHA",2009,"shape1",753.330619391634
"mu","disease mortality rate (case fatality ratio)","beta",NA,"GHA",2009,"shape2",69707.0047969845
"mu","disease mortality rate (case fatality ratio)","point",NA,"GHA",2010,"mean",0.0100395398148696
"mu","disease mortality rate (case fatality ratio)","beta",NA,"GHA",2010,"shape1",765.012802215547
"mu","disease mortality rate (case fatality ratio)","beta",NA,"GHA",2010,"shape2",75434.9740818932
"mu","disease mortality rate (case fatality ratio)","point",NA,"GHA",2011,"mean",0.00950136835360741
"mu","disease mortality rate (case fatality ratio)","beta",NA,"GHA",2011,"shape1",775.961253468327
"mu","disease mortality rate (case fatality ratio)","beta",NA,"GHA",2011,"shape2",80892.4074056328
"mu","disease mortality rate (case fatality ratio)","point",NA,"GHA",2012,"mean",0.00916311786462388
"mu","disease mortality rate (case fatality ratio)","beta",NA,"GHA",2012,"shape1",767.032740022868
"mu","disease mortality rate (case fatality ratio)","beta",NA,"GHA",2012,"shape2",82941.6733308831
"mu","disease mortality rate (case fatality ratio)","point",NA,"GHA",2013,"mean",0.0090440323410871
"mu","disease mortality rate (case fatality ratio)","beta",NA,"GHA",2013,"shape1",720.960747045662
"mu","disease mortality rate (case fatality ratio)","beta",NA,"GHA",2013,"shape2",78995.7761967546
"mu","disease mortality rate (case fatality ratio)","point",NA,"GHA",2014,"mean",0.00910270351928692
"mu","disease mortality rate (case fatality ratio)","beta",NA,"GHA",2014,"shape1",646.630666722193
"mu","disease mortality rate (case fatality ratio)","beta",NA,"GHA",2014,"shape2",70390.5799105644
"mu","disease mortality rate (case fatality ratio)","point",NA,"GHA",2015,"mean",0.00926293003422869
"mu","disease mortality rate (case fatality ratio)","beta",NA,"GHA",2015,"shape1",561.649085649454
"mu","disease mortality rate (case fatality ratio)","beta",NA,"GHA",2015,"shape2",60072.4141723077
"mu","disease mortality rate (case fatality ratio)","point",NA,"GHA",2016,"mean",0.00944906257901692
"mu","disease mortality rate (case fatality ratio)","beta",NA,"GHA",2016,"shape1",471.904904399247
"mu","disease mortality rate (case fatality ratio)","beta",NA,"GHA",2016,"shape2",49470.0761601757
"mu","disease mortality rate (case fatality ratio)","point",NA,"GHA",2017,"mean",0.00961779098761154
"mu","disease mortality rate (case fatality ratio)","beta",NA,"GHA",2017,"shape1",383.35872930538
"mu","disease mortality rate (case fatality ratio)","beta",NA,"GHA",2017,"shape2",39475.9738138094
"mu","disease mortality rate (case fatality ratio)","point",NA,"GHA",2018,"mean",0.00976714253946939
"mu","disease mortality rate (case fatality ratio)","beta",NA,"GHA",2018,"shape1",307.570494711504
"mu","disease mortality rate (case fatality ratio)","beta",NA,"GHA",2018,"shape2",31182.7546918617
"mu","disease mortality rate (case fatality ratio)","point",NA,"GHA",2019,"mean",0.00991480705898895
"mu","disease mortality rate (case fatality ratio)","beta",NA,"GHA",2019,"shape1",249.817443897214
"mu","disease mortality rate (case fatality ratio)","beta",NA,"GHA",2019,"shape2",24946.5824871256
"mu","disease mortality rate (case fatality ratio)","point",NA,"GHA",2020,"mean",0.010060835435875
"mu","disease mortality rate (case fatality ratio)","beta",NA,"GHA",2020,"shape1",206.473032589716
"mu","disease mortality rate (case fatality ratio)","beta",NA,"GHA",2020,"shape2",20315.9809828564
"mu","disease mortality rate (case fatality ratio)","point",NA,"GHA",2021,"mean",0.0101613156440668
"mu","disease mortality rate (case fatality ratio)","beta",NA,"GHA",2021,"shape1",172.076389694739
"mu","disease mortality rate (case fatality ratio)","beta",NA,"GHA",2021,"shape2",16762.383253355
"mu","disease mortality rate (case fatality ratio)","point",NA,"GHA",2022,"mean",0.0101344699634067
"mu","disease mortality rate (case fatality ratio)","beta",NA,"GHA",2022,"shape1",143.861146429549
"mu","disease mortality rate (case fatality ratio)","beta",NA,"GHA",2022,"shape2",14051.3702715923
"mu","disease mortality rate (case fatality ratio)","point",NA,"GHA",2023,"mean",0.00990359803809011
"mu","disease mortality rate (case fatality ratio)","beta",NA,"GHA",2023,"shape1",120.931627962203
"mu","disease mortality rate (case fatality ratio)","beta",NA,"GHA",2023,"shape2",12089.9464283855
"mu","disease mortality rate (case fatality ratio)","point",NA,"GHA",2024,"mean",0.00945234648939084
"mu","disease mortality rate (case fatality ratio)","beta",NA,"GHA",2024,"shape1",102.19571692972
"mu","disease mortality rate (case fatality ratio)","beta",NA,"GHA",2024,"shape2",10709.4812613129
"mu","disease mortality rate (case fatality ratio)","point",NA,"GHA",2025,"mean",0.00884604703881344
"mu","disease mortality rate (case fatality ratio)","beta",NA,"GHA",2025,"shape1",86.3443910480952
"mu","disease mortality rate (case fatality ratio)","beta",NA,"GHA",2025,"shape2",9674.44375186426
"mu","disease mortality rate (case fatality ratio)","point",NA,"GHA",2026,"mean",0.00819391303965207
"mu","disease mortality rate (case fatality ratio)","beta",NA,"GHA",2026,"shape1",72.7587631890778
"mu","disease mortality rate (case fatality ratio)","beta",NA,"GHA",2026,"shape2",8806.85258208427
"mu","disease mortality rate (case fatality ratio)","point",NA,"GIN",1970,"mean",0.0327246364849422
"mu","disease mortality rate (case fatality ratio)","beta",NA,"GIN",1970,"shape1",64.7876359227351
"mu","disease mortality rate (case fatality ratio)","beta",NA,"GIN",1970,"shape2",1914.99404790273
"mu","disease mortality rate (case fatality ratio)","point",NA,"GIN",1971,"mean",0.0320934677527497
"mu","disease mortality rate (case fatality ratio)","beta",NA,"GIN",1971,"shape1",71.7099597536277
"mu","disease mortality rate (case fatality ratio)","beta",NA,"GIN",1971,"shape2",2162.69986800591
"mu","disease mortality rate (case fatality ratio)","point",NA,"GIN",1972,"mean",0.0312224825513257
"mu","disease mortality rate (case fatality ratio)","beta",NA,"GIN",1972,"shape1",76.3277744598694
"mu","disease mortality rate (case fatality ratio)","beta",NA,"GIN",1972,"shape2",2368.31365770032
"mu","disease mortality rate (case fatality ratio)","point",NA,"GIN",1973,"mean",0.0299750538246704
"mu","disease mortality rate (case fatality ratio)","beta",NA,"GIN",1973,"shape1",80.4037398322532
"mu","disease mortality rate (case fatality ratio)","beta",NA,"GIN",1973,"shape2",2601.95140463386
"mu","disease mortality rate (case fatality ratio)","point",NA,"GIN",1974,"mean",0.0284613684817411
"mu","disease mortality rate (case fatality ratio)","beta",NA,"GIN",1974,"shape1",86.5555529875608
"mu","disease mortality rate (case fatality ratio)","beta",NA,"GIN",1974,"shape2",2954.60366052984
"mu","disease mortality rate (case fatality ratio)","point",NA,"GIN",1975,"mean",0.0269938626299367
"mu","disease mortality rate (case fatality ratio)","beta",NA,"GIN",1975,"shape1",95.9140012644367
"mu","disease mortality rate (case fatality ratio)","beta",NA,"GIN",1975,"shape2",3457.26408885692
"mu","disease mortality rate (case fatality ratio)","point",NA,"GIN",1976,"mean",0.0258994522051945
"mu","disease mortality rate (case fatality ratio)","beta",NA,"GIN",1976,"shape1",107.382934008075
"mu","disease mortality rate (case fatality ratio)","beta",NA,"GIN",1976,"shape2",4038.76398667997
"mu","disease mortality rate (case fatality ratio)","point",NA,"GIN",1977,"mean",0.0253467059861232
"mu","disease mortality rate (case fatality ratio)","beta",NA,"GIN",1977,"shape1",118.668775518018
"mu","disease mortality rate (case fatality ratio)","beta",NA,"GIN",1977,"shape2",4563.15361130362
"mu","disease mortality rate (case fatality ratio)","point",NA,"GIN",1978,"mean",0.0252716721458657
"mu","disease mortality rate (case fatality ratio)","beta",NA,"GIN",1978,"shape1",128.414989832186
"mu","disease mortality rate (case fatality ratio)","beta",NA,"GIN",1978,"shape2",4952.96581833068
"mu","disease mortality rate (case fatality ratio)","point",NA,"GIN",1979,"mean",0.0254033521796999
"mu","disease mortality rate (case fatality ratio)","beta",NA,"GIN",1979,"shape1",136.853653742569
"mu","disease mortality rate (case fatality ratio)","beta",NA,"GIN",1979,"shape2",5250.37448742892
"mu","disease mortality rate (case fatality ratio)","point",NA,"GIN",1980,"mean",0.0253891827473624
"mu","disease mortality rate (case fatality ratio)","beta",NA,"GIN",1980,"shape1",144.787525198552
"mu","disease mortality rate (case fatality ratio)","beta",NA,"GIN",1980,"shape2",5557.93739664217
"mu","disease mortality rate (case fatality ratio)","point",NA,"GIN",1981,"mean",0.0250025185179117
"mu","disease mortality rate (case fatality ratio)","beta",NA,"GIN",1981,"shape1",153.256902025566
"mu","disease mortality rate (case fatality ratio)","beta",NA,"GIN",1981,"shape2",5976.40167280056
"mu","disease mortality rate (case fatality ratio)","point",NA,"GIN",1982,"mean",0.024313854681747
"mu","disease mortality rate (case fatality ratio)","beta",NA,"GIN",1982,"shape1",163.573133036926
"mu","disease mortality rate (case fatality ratio)","beta",NA,"GIN",1982,"shape2",6563.99578509617
"mu","disease mortality rate (case fatality ratio)","point",NA,"GIN",1983,"mean",0.0236784795442981
"mu","disease mortality rate (case fatality ratio)","beta",NA,"GIN",1983,"shape1",176.449348180385
"mu","disease mortality rate (case fatality ratio)","beta",NA,"GIN",1983,"shape2",7275.43741043856
"mu","disease mortality rate (case fatality ratio)","point",NA,"GIN",1984,"mean",0.0235536280248622
"mu","disease mortality rate (case fatality ratio)","beta",NA,"GIN",1984,"shape1",191.31488433814
"mu","disease mortality rate (case fatality ratio)","beta",NA,"GIN",1984,"shape2",7931.20807204872
"mu","disease mortality rate (case fatality ratio)","point",NA,"GIN",1985,"mean",0.0242985667154355
"mu","disease mortality rate (case fatality ratio)","beta",NA,"GIN",1985,"shape1",207.503406163589
"mu","disease mortality rate (case fatality ratio)","beta",NA,"GIN",1985,"shape2",8332.23511395966
"mu","disease mortality rate (case fatality ratio)","point",NA,"GIN",1986,"mean",0.0260373779035407
"mu","disease mortality rate (case fatality ratio)","beta",NA,"GIN",1986,"shape1",226.278376202754
"mu","disease mortality rate (case fatality ratio)","beta",NA,"GIN",1986,"shape2",8464.24249886522
"mu","disease mortality rate (case fatality ratio)","point",NA,"GIN",1987,"mean",0.028545937726113
"mu","disease mortality rate (case fatality ratio)","beta",NA,"GIN",1987,"shape1",250.929732134125
"mu","disease mortality rate (case fatality ratio)","beta",NA,"GIN",1987,"shape2",8539.45349302725
"mu","disease mortality rate (case fatality ratio)","point",NA,"GIN",1988,"mean",0.0311867195581076
"mu","disease mortality rate (case fatality ratio)","beta",NA,"GIN",1988,"shape1",285.598207424967
"mu","disease mortality rate (case fatality ratio)","beta",NA,"GIN",1988,"shape2",8872.08850896198
"mu","disease mortality rate (case fatality ratio)","point",NA,"GIN",1989,"mean",0.0330825258255337
"mu","disease mortality rate (case fatality ratio)","beta",NA,"GIN",1989,"shape1",336.007138215062
"mu","disease mortality rate (case fatality ratio)","beta",NA,"GIN",1989,"shape2",9820.62781726119
"mu","disease mortality rate (case fatality ratio)","point",NA,"GIN",1990,"mean",0.0336299688241075
"mu","disease mortality rate (case fatality ratio)","beta",NA,"GIN",1990,"shape1",412.725827705953
"mu","disease mortality rate (case fatality ratio)","beta",NA,"GIN",1990,"shape2",11859.8346930785
"mu","disease mortality rate (case fatality ratio)","point",NA,"GIN",1991,"mean",0.0329883321865925
"mu","disease mortality rate (case fatality ratio)","beta",NA,"GIN",1991,"shape1",534.190558288047
"mu","disease mortality rate (case fatality ratio)","beta",NA,"GIN",1991,"shape2",15659.1275902772
"mu","disease mortality rate (case fatality ratio)","point",NA,"GIN",1992,"mean",0.0320299024802148
"mu","disease mortality rate (case fatality ratio)","beta",NA,"GIN",1992,"shape1",724.171535235442
"mu","disease mortality rate (case fatality ratio)","beta",NA,"GIN",1992,"shape2",21885.0616862135
"mu","disease mortality rate (case fatality ratio)","point",NA,"GIN",1993,"mean",0.0318408764771204
"mu","disease mortality rate (case fatality ratio)","beta",NA,"GIN",1993,"shape1",993.141362575637
"mu","disease mortality rate (case fatality ratio)","beta",NA,"GIN",1993,"shape2",30197.6257411274
"mu","disease mortality rate (case fatality ratio)","point",NA,"GIN",1994,"mean",0.0333028127224632
"mu","disease mortality rate (case fatality ratio)","beta",NA,"GIN",1994,"shape1",1297.09368365986
"mu","disease mortality rate (case fatality ratio)","beta",NA,"GIN",1994,"shape2",37651.3787612803
"mu","disease mortality rate (case fatality ratio)","point",NA,"GIN",1995,"mean",0.0369365505537808
"mu","disease mortality rate (case fatality ratio)","beta",NA,"GIN",1995,"shape1",1515.67776070148
"mu","disease mortality rate (case fatality ratio)","beta",NA,"GIN",1995,"shape2",39518.9542765972
"mu","disease mortality rate (case fatality ratio)","point",NA,"GIN",1996,"mean",0.0427480926054902
"mu","disease mortality rate (case fatality ratio)","beta",NA,"GIN",1996,"shape1",1532.5489050408
"mu","disease mortality rate (case fatality ratio)","beta",NA,"GIN",1996,"shape2",34318.147854327
"mu","disease mortality rate (case fatality ratio)","point",NA,"GIN",1997,"mean",0.0499014448917787
"mu","disease mortality rate (case fatality ratio)","beta",NA,"GIN",1997,"shape1",1368.5791675731
"mu","disease mortality rate (case fatality ratio)","beta",NA,"GIN",1997,"shape2",26057.0629263811
"mu","disease mortality rate (case fatality ratio)","point",NA,"GIN",1998,"mean",0.056567541246734
"mu","disease mortality rate (case fatality ratio)","beta",NA,"GIN",1998,"shape1",1145.9994532094
"mu","disease mortality rate (case fatality ratio)","beta",NA,"GIN",1998,"shape2",19112.9587399852
"mu","disease mortality rate (case fatality ratio)","point",NA,"GIN",1999,"mean",0.060602831958618
"mu","disease mortality rate (case fatality ratio)","beta",NA,"GIN",1999,"shape1",948.689711728408
"mu","disease mortality rate (case fatality ratio)","beta",NA,"GIN",1999,"shape2",14705.5244737772
"mu","disease mortality rate (case fatality ratio)","point",NA,"GIN",2000,"mean",0.0609116102064854
"mu","disease mortality rate (case fatality ratio)","beta",NA,"GIN",2000,"shape1",800.545288921735
"mu","disease mortality rate (case fatality ratio)","beta",NA,"GIN",2000,"shape2",12342.191969344
"mu","disease mortality rate (case fatality ratio)","point",NA,"GIN",2001,"mean",0.0581752178375092
"mu","disease mortality rate (case fatality ratio)","beta",NA,"GIN",2001,"shape1",703.956296633037
"mu","disease mortality rate (case fatality ratio)","beta",NA,"GIN",2001,"shape2",11396.6652876174
"mu","disease mortality rate (case fatality ratio)","point",NA,"GIN",2002,"mean",0.0541633230911306
"mu","disease mortality rate (case fatality ratio)","beta",NA,"GIN",2002,"shape1",657.158567383673
"mu","disease mortality rate (case fatality ratio)","beta",NA,"GIN",2002,"shape2",11475.7485343094
"mu","disease mortality rate (case fatality ratio)","point",NA,"GIN",2003,"mean",0.0504823549990268
"mu","disease mortality rate (case fatality ratio)","beta",NA,"GIN",2003,"shape1",655.823895697661
"mu","disease mortality rate (case fatality ratio)","beta",NA,"GIN",2003,"shape2",12335.3270858741
"mu","disease mortality rate (case fatality ratio)","point",NA,"GIN",2004,"mean",0.0478771188717827
"mu","disease mortality rate (case fatality ratio)","beta",NA,"GIN",2004,"shape1",692.876895243743
"mu","disease mortality rate (case fatality ratio)","beta",NA,"GIN",2004,"shape2",13779.1070413691
"mu","disease mortality rate (case fatality ratio)","point",NA,"GIN",2005,"mean",0.0462205940789711
"mu","disease mortality rate (case fatality ratio)","beta",NA,"GIN",2005,"shape1",758.67433179694
"mu","disease mortality rate (case fatality ratio)","beta",NA,"GIN",2005,"shape2",15655.5312169395
"mu","disease mortality rate (case fatality ratio)","point",NA,"GIN",2006,"mean",0.0448169498021063
"mu","disease mortality rate (case fatality ratio)","beta",NA,"GIN",2006,"shape1",837.439460249122
"mu","disease mortality rate (case fatality ratio)","beta",NA,"GIN",2006,"shape2",17848.3359873643
"mu","disease mortality rate (case fatality ratio)","point",NA,"GIN",2007,"mean",0.0428229281470182
"mu","disease mortality rate (case fatality ratio)","beta",NA,"GIN",2007,"shape1",889.793352354674
"mu","disease mortality rate (case fatality ratio)","beta",NA,"GIN",2007,"shape2",19888.6398575339
"mu","disease mortality rate (case fatality ratio)","point",NA,"GIN",2008,"mean",0.0397132962794966
"mu","disease mortality rate (case fatality ratio)","beta",NA,"GIN",2008,"shape1",844.902805813834
"mu","disease mortality rate (case fatality ratio)","beta",NA,"GIN",2008,"shape2",20430.1583189925
"mu","disease mortality rate (case fatality ratio)","point",NA,"GIN",2009,"mean",0.0355637756004531
"mu","disease mortality rate (case fatality ratio)","beta",NA,"GIN",2009,"shape1",679.991187419944
"mu","disease mortality rate (case fatality ratio)","beta",NA,"GIN",2009,"shape2",18440.3405529277
"mu","disease mortality rate (case fatality ratio)","point",NA,"GIN",2010,"mean",0.0309271887635893
"mu","disease mortality rate (case fatality ratio)","beta",NA,"GIN",2010,"shape1",476.049366636126
"mu","disease mortality rate (case fatality ratio)","beta",NA,"GIN",2010,"shape2",14916.5351412898
"mu","disease mortality rate (case fatality ratio)","point",NA,"GIN",2011,"mean",0.0264286829184163
"mu","disease mortality rate (case fatality ratio)","beta",NA,"GIN",2011,"shape1",309.217173250088
"mu","disease mortality rate (case fatality ratio)","beta",NA,"GIN",2011,"shape2",11390.842727753
"mu","disease mortality rate (case fatality ratio)","point",NA,"GIN",2012,"mean",0.0224423524332399
"mu","disease mortality rate (case fatality ratio)","beta",NA,"GIN",2012,"shape1",196.097811282552
"mu","disease mortality rate (case fatality ratio)","beta",NA,"GIN",2012,"shape2",8541.74782526074
"mu","disease mortality rate (case fatality ratio)","point",NA,"GIN",2013,"mean",0.0190335625208797
"mu","disease mortality rate (case fatality ratio)","beta",NA,"GIN",2013,"shape1",125.527613774575
"mu","disease mortality rate (case fatality ratio)","beta",NA,"GIN",2013,"shape2",6469.53905526714
"mu","disease mortality rate (case fatality ratio)","point",NA,"GIN",2014,"mean",0.0160832689954693
"mu","disease mortality rate (case fatality ratio)","beta",NA,"GIN",2014,"shape1",82.6857412805999
"mu","disease mortality rate (case fatality ratio)","beta",NA,"GIN",2014,"shape2",5058.41718399488
"mu","disease mortality rate (case fatality ratio)","point",NA,"GIN",2015,"mean",0.0134446630542425
"mu","disease mortality rate (case fatality ratio)","beta",NA,"GIN",2015,"shape1",56.3979058117959
"mu","disease mortality rate (case fatality ratio)","beta",NA,"GIN",2015,"shape2",4138.41944173039
"mu","disease mortality rate (case fatality ratio)","point",NA,"GIN",2016,"mean",0.0110422919807791
"mu","disease mortality rate (case fatality ratio)","beta",NA,"GIN",2016,"shape1",39.7553626242942
"mu","disease mortality rate (case fatality ratio)","beta",NA,"GIN",2016,"shape2",3560.52641705468
"mu","disease mortality rate (case fatality ratio)","point",NA,"GIN",2017,"mean",0.00888544001350227
"mu","disease mortality rate (case fatality ratio)","beta",NA,"GIN",2017,"shape1",28.8491925384932
"mu","disease mortality rate (case fatality ratio)","beta",NA,"GIN",2017,"shape2",3217.94471914783
"mu","disease mortality rate (case fatality ratio)","point",NA,"GIN",2018,"mean",0.00701844267661136
"mu","disease mortality rate (case fatality ratio)","beta",NA,"GIN",2018,"shape1",21.4859937784448
"mu","disease mortality rate (case fatality ratio)","beta",NA,"GIN",2018,"shape2",3039.87601606541
"mu","disease mortality rate (case fatality ratio)","point",NA,"GIN",2019,"mean",0.00546397165089135
"mu","disease mortality rate (case fatality ratio)","beta",NA,"GIN",2019,"shape1",16.3762599174305
"mu","disease mortality rate (case fatality ratio)","beta",NA,"GIN",2019,"shape2",2980.7586016368
"mu","disease mortality rate (case fatality ratio)","point",NA,"GIN",2020,"mean",0.00420218203584715
"mu","disease mortality rate (case fatality ratio)","beta",NA,"GIN",2020,"shape1",12.7276343558494
"mu","disease mortality rate (case fatality ratio)","beta",NA,"GIN",2020,"shape2",3016.08793033769
"mu","disease mortality rate (case fatality ratio)","point",NA,"GIN",2021,"mean",0.00318603565488953
"mu","disease mortality rate (case fatality ratio)","beta",NA,"GIN",2021,"shape1",10.0507997179785
"mu","disease mortality rate (case fatality ratio)","beta",NA,"GIN",2021,"shape2",3144.59051842101
"mu","disease mortality rate (case fatality ratio)","point",NA,"GIN",2022,"mean",0.00236775021160916
"mu","disease mortality rate (case fatality ratio)","beta",NA,"GIN",2022,"shape1",8.04534140331418
"mu","disease mortality rate (case fatality ratio)","beta",NA,"GIN",2022,"shape2",3389.83901475369
"mu","disease mortality rate (case fatality ratio)","point",NA,"GIN",2023,"mean",0.00171474553073288
"mu","disease mortality rate (case fatality ratio)","beta",NA,"GIN",2023,"shape1",6.51973871981539
"mu","disease mortality rate (case fatality ratio)","beta",NA,"GIN",2023,"shape2",3795.64134172276
"mu","disease mortality rate (case fatality ratio)","point",NA,"GIN",2024,"mean",0.00120848400017147
"mu","disease mortality rate (case fatality ratio)","beta",NA,"GIN",2024,"shape1",5.34231322970338
"mu","disease mortality rate (case fatality ratio)","beta",NA,"GIN",2024,"shape2",4415.3312157085
"mu","disease mortality rate (case fatality ratio)","point",NA,"GIN",2025,"mean",0.000833395553458806
"mu","disease mortality rate (case fatality ratio)","beta",NA,"GIN",2025,"shape1",4.41907555687995
"mu","disease mortality rate (case fatality ratio)","beta",NA,"GIN",2025,"shape2",5298.07568643177
"mu","disease mortality rate (case fatality ratio)","point",NA,"GIN",2026,"mean",0.000568366940119846
"mu","disease mortality rate (case fatality ratio)","beta",NA,"GIN",2026,"shape1",3.68437633085129
"mu","disease mortality rate (case fatality ratio)","beta",NA,"GIN",2026,"shape2",6478.70590849888
"mu","disease mortality rate (case fatality ratio)","point",NA,"GMB",1970,"mean",0.0619748420824884
"mu","disease mortality rate (case fatality ratio)","beta",NA,"GMB",1970,"shape1",0.01
"mu","disease mortality rate (case fatality ratio)","beta",NA,"GMB",1970,"shape2",0.0231509908361694
"mu","disease mortality rate (case fatality ratio)","point",NA,"GMB",1971,"mean",0.0608344027884288
"mu","disease mortality rate (case fatality ratio)","beta",NA,"GMB",1971,"shape1",0.01
"mu","disease mortality rate (case fatality ratio)","beta",NA,"GMB",1971,"shape2",0.0509015153189172
"mu","disease mortality rate (case fatality ratio)","point",NA,"GMB",1972,"mean",0.0592429632525416
"mu","disease mortality rate (case fatality ratio)","beta",NA,"GMB",1972,"shape1",0.01
"mu","disease mortality rate (case fatality ratio)","beta",NA,"GMB",1972,"shape2",0.0875296886057013
"mu","disease mortality rate (case fatality ratio)","point",NA,"GMB",1973,"mean",0.0569355637351732
"mu","disease mortality rate (case fatality ratio)","beta",NA,"GMB",1973,"shape1",0.01
"mu","disease mortality rate (case fatality ratio)","beta",NA,"GMB",1973,"shape2",0.135190502159233
"mu","disease mortality rate (case fatality ratio)","point",NA,"GMB",1974,"mean",0.0540996620986101
"mu","disease mortality rate (case fatality ratio)","beta",NA,"GMB",1974,"shape1",0.0116551087073486
"mu","disease mortality rate (case fatality ratio)","beta",NA,"GMB",1974,"shape2",0.203782627042354
"mu","disease mortality rate (case fatality ratio)","point",NA,"GMB",1975,"mean",0.0513001532174283
"mu","disease mortality rate (case fatality ratio)","beta",NA,"GMB",1975,"shape1",0.0167699768931885
"mu","disease mortality rate (case fatality ratio)","beta",NA,"GMB",1975,"shape2",0.310129181129038
"mu","disease mortality rate (case fatality ratio)","point",NA,"GMB",1976,"mean",0.0491335556364183
"mu","disease mortality rate (case fatality ratio)","beta",NA,"GMB",1976,"shape1",0.0244371904423977
"mu","disease mortality rate (case fatality ratio)","beta",NA,"GMB",1976,"shape2",0.4729253579396
"mu","disease mortality rate (case fatality ratio)","point",NA,"GMB",1977,"mean",0.0479007267996961
"mu","disease mortality rate (case fatality ratio)","beta",NA,"GMB",1977,"shape1",0.0355891054085794
"mu","disease mortality rate (case fatality ratio)","beta",NA,"GMB",1977,"shape2",0.707387208028176
"mu","disease mortality rate (case fatality ratio)","point",NA,"GMB",1978,"mean",0.0474640614239359
"mu","disease mortality rate (case fatality ratio)","beta",NA,"GMB",1978,"shape1",0.0510160837952323
"mu","disease mortality rate (case fatality ratio)","beta",NA,"GMB",1978,"shape2",1.02381995561511
"mu","disease mortality rate (case fatality ratio)","point",NA,"GMB",1979,"mean",0.0473020350510585
"mu","disease mortality rate (case fatality ratio)","beta",NA,"GMB",1979,"shape1",0.0711213153120462
"mu","disease mortality rate (case fatality ratio)","beta",NA,"GMB",1979,"shape2",1.43243588334287
"mu","disease mortality rate (case fatality ratio)","point",NA,"GMB",1980,"mean",0.0467578469265643
"mu","disease mortality rate (case fatality ratio)","beta",NA,"GMB",1980,"shape1",0.0957933748858952
"mu","disease mortality rate (case fatality ratio)","beta",NA,"GMB",1980,"shape2",1.95291889872122
"mu","disease mortality rate (case fatality ratio)","point",NA,"GMB",1981,"mean",0.0454296414194375
"mu","disease mortality rate (case fatality ratio)","beta",NA,"GMB",1981,"shape1",0.124780381859998
"mu","disease mortality rate (case fatality ratio)","beta",NA,"GMB",1981,"shape2",2.62189289050727
"mu","disease mortality rate (case fatality ratio)","point",NA,"GMB",1982,"mean",0.0434684175120825
"mu","disease mortality rate (case fatality ratio)","beta",NA,"GMB",1982,"shape1",0.1584505372391
"mu","disease mortality rate (case fatality ratio)","beta",NA,"GMB",1982,"shape2",3.48673707961069
"mu","disease mortality rate (case fatality ratio)","point",NA,"GMB",1983,"mean",0.0415211985866561
"mu","disease mortality rate (case fatality ratio)","beta",NA,"GMB",1983,"shape1",0.19822696966721
"mu","disease mortality rate (case fatality ratio)","beta",NA,"GMB",1983,"shape2",4.57588785395725
"mu","disease mortality rate (case fatality ratio)","point",NA,"GMB",1984,"mean",0.0403684622915949
"mu","disease mortality rate (case fatality ratio)","beta",NA,"GMB",1984,"shape1",0.246315341143939
"mu","disease mortality rate (case fatality ratio)","beta",NA,"GMB",1984,"shape2",5.85536223489848
"mu","disease mortality rate (case fatality ratio)","point",NA,"GMB",1985,"mean",0.0405555627018034
"mu","disease mortality rate (case fatality ratio)","beta",NA,"GMB",1985,"shape1",0.305071695334332
"mu","disease mortality rate (case fatality ratio)","beta",NA,"GMB",1985,"shape2",7.21724275453436
"mu","disease mortality rate (case fatality ratio)","point",NA,"GMB",1986,"mean",0.0421750893781439
"mu","disease mortality rate (case fatality ratio)","beta",NA,"GMB",1986,"shape1",0.376321958331077
"mu","disease mortality rate (case fatality ratio)","beta",NA,"GMB",1986,"shape2",8.54652714240125
"mu","disease mortality rate (case fatality ratio)","point",NA,"GMB",1987,"mean",0.0447435579642599
"mu","disease mortality rate (case fatality ratio)","beta",NA,"GMB",1987,"shape1",0.460523386704939
"mu","disease mortality rate (case fatality ratio)","beta",NA,"GMB",1987,"shape2",9.83198368376082
"mu","disease mortality rate (case fatality ratio)","point",NA,"GMB",1988,"mean",0.0472038060322619
"mu","disease mortality rate (case fatality ratio)","beta",NA,"GMB",1988,"shape1",0.556033740066553
"mu","disease mortality rate (case fatality ratio)","beta",NA,"GMB",1988,"shape2",11.2233922597464
"mu","disease mortality rate (case fatality ratio)","point",NA,"GMB",1989,"mean",0.0482954119155113
"mu","disease mortality rate (case fatality ratio)","beta",NA,"GMB",1989,"shape1",0.659899388692221
"mu","disease mortality rate (case fatality ratio)","beta",NA,"GMB",1989,"shape2",13.0039117792642
"mu","disease mortality rate (case fatality ratio)","point",NA,"GMB",1990,"mean",0.0473261586626248
"mu","disease mortality rate (case fatality ratio)","beta",NA,"GMB",1990,"shape1",0.771218593696155
"mu","disease mortality rate (case fatality ratio)","beta",NA,"GMB",1990,"shape2",15.5246020579219
"mu","disease mortality rate (case fatality ratio)","point",NA,"GMB",1991,"mean",0.0447423197206029
"mu","disease mortality rate (case fatality ratio)","beta",NA,"GMB",1991,"shape1",0.894929267393692
"mu","disease mortality rate (case fatality ratio)","beta",NA,"GMB",1991,"shape2",19.1069229607016
"mu","disease mortality rate (case fatality ratio)","point",NA,"GMB",1992,"mean",0.0418713401438491
"mu","disease mortality rate (case fatality ratio)","beta",NA,"GMB",1992,"shape1",1.04244567195157
"mu","disease mortality rate (case fatality ratio)","beta",NA,"GMB",1992,"shape2",23.8539552641122
"mu","disease mortality rate (case fatality ratio)","point",NA,"GMB",1993,"mean",0.0401385322598697
"mu","disease mortality rate (case fatality ratio)","beta",NA,"GMB",1993,"shape1",1.22950468587119
"mu","disease mortality rate (case fatality ratio)","beta",NA,"GMB",1993,"shape2",29.4020260813971
"mu","disease mortality rate (case fatality ratio)","point",NA,"GMB",1994,"mean",0.0405333811057375
"mu","disease mortality rate (case fatality ratio)","beta",NA,"GMB",1994,"shape1",1.47467371207223
"mu","disease mortality rate (case fatality ratio)","beta",NA,"GMB",1994,"shape2",34.9070361735482
"mu","disease mortality rate (case fatality ratio)","point",NA,"GMB",1995,"mean",0.0435027414057199
"mu","disease mortality rate (case fatality ratio)","beta",NA,"GMB",1995,"shape1",1.79975549944652
"mu","disease mortality rate (case fatality ratio)","beta",NA,"GMB",1995,"shape2",39.5713269034173
"mu","disease mortality rate (case fatality ratio)","point",NA,"GMB",1996,"mean",0.0488842858297789
"mu","disease mortality rate (case fatality ratio)","beta",NA,"GMB",1996,"shape1",2.23028389202366
"mu","disease mortality rate (case fatality ratio)","beta",NA,"GMB",1996,"shape2",43.3934549877829
"mu","disease mortality rate (case fatality ratio)","point",NA,"GMB",1997,"mean",0.0556583990401884
"mu","disease mortality rate (case fatality ratio)","beta",NA,"GMB",1997,"shape1",2.79436431267252
"mu","disease mortality rate (case fatality ratio)","beta",NA,"GMB",1997,"shape2",47.4112535430411
"mu","disease mortality rate (case fatality ratio)","point",NA,"GMB",1998,"mean",0.061887492601798
"mu","disease mortality rate (case fatality ratio)","beta",NA,"GMB",1998,"shape1",3.52142746797483
"mu","disease mortality rate (case fatality ratio)","beta",NA,"GMB",1998,"shape2",53.3790433692058
"mu","disease mortality rate (case fatality ratio)","point",NA,"GMB",1999,"mean",0.0654648010373317
"mu","disease mortality rate (case fatality ratio)","beta",NA,"GMB",1999,"shape1",4.44599529769496
"mu","disease mortality rate (case fatality ratio)","beta",NA,"GMB",1999,"shape2",63.4682918802283
"mu","disease mortality rate (case fatality ratio)","point",NA,"GMB",2000,"mean",0.0654475966241312
"mu","disease mortality rate (case fatality ratio)","beta",NA,"GMB",2000,"shape1",5.61646686608477
"mu","disease mortality rate (case fatality ratio)","beta",NA,"GMB",2000,"shape2",80.1997762931624
"mu","disease mortality rate (case fatality ratio)","point",NA,"GMB",2001,"mean",0.0626788275378377
"mu","disease mortality rate (case fatality ratio)","beta",NA,"GMB",2001,"shape1",7.09141348074961
"mu","disease mortality rate (case fatality ratio)","beta",NA,"GMB",2001,"shape2",106.047484601999
"mu","disease mortality rate (case fatality ratio)","point",NA,"GMB",2002,"mean",0.0590336501539954
"mu","disease mortality rate (case fatality ratio)","beta",NA,"GMB",2002,"shape1",8.88780993044529
"mu","disease mortality rate (case fatality ratio)","beta",NA,"GMB",2002,"shape2",141.667168581988
"mu","disease mortality rate (case fatality ratio)","point",NA,"GMB",2003,"mean",0.0561906653244737
"mu","disease mortality rate (case fatality ratio)","beta",NA,"GMB",2003,"shape1",10.8418478432505
"mu","disease mortality rate (case fatality ratio)","beta",NA,"GMB",2003,"shape2",182.105642289571
"mu","disease mortality rate (case fatality ratio)","point",NA,"GMB",2004,"mean",0.0549739665683621
"mu","disease mortality rate (case fatality ratio)","beta",NA,"GMB",2004,"shape1",12.417968326185
"mu","disease mortality rate (case fatality ratio)","beta",NA,"GMB",2004,"shape2",213.470194769028
"mu","disease mortality rate (case fatality ratio)","point",NA,"GMB",2005,"mean",0.0553296668695282
"mu","disease mortality rate (case fatality ratio)","beta",NA,"GMB",2005,"shape1",12.7905328253633
"mu","disease mortality rate (case fatality ratio)","beta",NA,"GMB",2005,"shape2",218.378992476937
"mu","disease mortality rate (case fatality ratio)","point",NA,"GMB",2006,"mean",0.0565525798600642
"mu","disease mortality rate (case fatality ratio)","beta",NA,"GMB",2006,"shape1",11.5603191718643
"mu","disease mortality rate (case fatality ratio)","beta",NA,"GMB",2006,"shape2",192.856865693433
"mu","disease mortality rate (case fatality ratio)","point",NA,"GMB",2007,"mean",0.0576235686094745
"mu","disease mortality rate (case fatality ratio)","beta",NA,"GMB",2007,"shape1",9.2900074852951
"mu","disease mortality rate (case fatality ratio)","beta",NA,"GMB",2007,"shape2",151.928877590275
"mu","disease mortality rate (case fatality ratio)","point",NA,"GMB",2008,"mean",0.0576833351367495
"mu","disease mortality rate (case fatality ratio)","beta",NA,"GMB",2008,"shape1",6.88928648058572
"mu","disease mortality rate (case fatality ratio)","beta",NA,"GMB",2008,"shape2",112.543587229877
"mu","disease mortality rate (case fatality ratio)","point",NA,"GMB",2009,"mean",0.0564654922034752
"mu","disease mortality rate (case fatality ratio)","beta",NA,"GMB",2009,"shape1",4.8842013444022
"mu","disease mortality rate (case fatality ratio)","beta",NA,"GMB",2009,"shape2",81.6146699804386
"mu","disease mortality rate (case fatality ratio)","point",NA,"GMB",2010,"mean",0.0543612915681061
"mu","disease mortality rate (case fatality ratio)","beta",NA,"GMB",2010,"shape1",3.38602429763538
"mu","disease mortality rate (case fatality ratio)","beta",NA,"GMB",2010,"shape2",58.9013901467626
"mu","disease mortality rate (case fatality ratio)","point",NA,"GMB",2011,"mean",0.0520693423033818
"mu","disease mortality rate (case fatality ratio)","beta",NA,"GMB",2011,"shape1",2.32241577964058
"mu","disease mortality rate (case fatality ratio)","beta",NA,"GMB",2011,"shape2",42.279948623371
"mu","disease mortality rate (case fatality ratio)","point",NA,"GMB",2012,"mean",0.050150446522244
"mu","disease mortality rate (case fatality ratio)","beta",NA,"GMB",2012,"shape1",1.58433269878869
"mu","disease mortality rate (case fatality ratio)","beta",NA,"GMB",2012,"shape2",30.0072643587961
"mu","disease mortality rate (case fatality ratio)","point",NA,"GMB",2013,"mean",0.0487872447242836
"mu","disease mortality rate (case fatality ratio)","beta",NA,"GMB",2013,"shape1",1.07711350420958
"mu","disease mortality rate (case fatality ratio)","beta",NA,"GMB",2013,"shape2",21.0006551891607
"mu","disease mortality rate (case fatality ratio)","point",NA,"GMB",2014,"mean",0.0477957527238291
"mu","disease mortality rate (case fatality ratio)","beta",NA,"GMB",2014,"shape1",0.729608180080442
"mu","disease mortality rate (case fatality ratio)","beta",NA,"GMB",2014,"shape2",14.5355176627162
"mu","disease mortality rate (case fatality ratio)","point",NA,"GMB",2015,"mean",0.0467991533907195
"mu","disease mortality rate (case fatality ratio)","beta",NA,"GMB",2015,"shape1",0.491289948962154
"mu","disease mortality rate (case fatality ratio)","beta",NA,"GMB",2015,"shape2",10.0065484384216
"mu","disease mortality rate (case fatality ratio)","point",NA,"GMB",2016,"mean",0.0454600209493989
"mu","disease mortality rate (case fatality ratio)","beta",NA,"GMB",2016,"shape1",0.327502348650497
"mu","disease mortality rate (case fatality ratio)","beta",NA,"GMB",2016,"shape2",6.8766814992856
"mu","disease mortality rate (case fatality ratio)","point",NA,"GMB",2017,"mean",0.0436525318358552
"mu","disease mortality rate (case fatality ratio)","beta",NA,"GMB",2017,"shape1",0.2150252058381
"mu","disease mortality rate (case fatality ratio)","beta",NA,"GMB",2017,"shape2",4.71081063448956
"mu","disease mortality rate (case fatality ratio)","point",NA,"GMB",2018,"mean",0.0414727845252512
"mu","disease mortality rate (case fatality ratio)","beta",NA,"GMB",2018,"shape1",0.13826186061153
"mu","disease mortality rate (case fatality ratio)","beta",NA,"GMB",2018,"shape2",3.19553552469178
"mu","disease mortality rate (case fatality ratio)","point",NA,"GMB",2019,"mean",0.0390970601296437
"mu","disease mortality rate (case fatality ratio)","beta",NA,"GMB",2019,"shape1",0.086378755491494
"mu","disease mortality rate (case fatality ratio)","beta",NA,"GMB",2019,"shape2",2.1229626938417
"mu","disease mortality rate (case fatality ratio)","point",NA,"GMB",2020,"mean",0.0366140545007007
"mu","disease mortality rate (case fatality ratio)","beta",NA,"GMB",2020,"shape1",0.0515991858066171
"mu","disease mortality rate (case fatality ratio)","beta",NA,"GMB",2020,"shape2",1.35767346946923
"mu","disease mortality rate (case fatality ratio)","point",NA,"GMB",2021,"mean",0.0339585521379881
"mu","disease mortality rate (case fatality ratio)","beta",NA,"GMB",2021,"shape1",0.0283775095097691
"mu","disease mortality rate (case fatality ratio)","beta",NA,"GMB",2021,"shape2",0.807273827875264
"mu","disease mortality rate (case fatality ratio)","point",NA,"GMB",2022,"mean",0.030985898570644
"mu","disease mortality rate (case fatality ratio)","beta",NA,"GMB",2022,"shape1",0.0129523752276922
"mu","disease mortality rate (case fatality ratio)","beta",NA,"GMB",2022,"shape2",0.405056326316413
"mu","disease mortality rate (case fatality ratio)","point",NA,"GMB",2023,"mean",0.0276298758894733
"mu","disease mortality rate (case fatality ratio)","beta",NA,"GMB",2023,"shape1",0.01
"mu","disease mortality rate (case fatality ratio)","beta",NA,"GMB",2023,"shape2",0.103066980885133
"mu","disease mortality rate (case fatality ratio)","point",NA,"GMB",2024,"mean",0.0240200594584459
"mu","disease mortality rate (case fatality ratio)","beta",NA,"GMB",2024,"shape1",0.01
"mu","disease mortality rate (case fatality ratio)","beta",NA,"GMB",2024,"shape2",0.01
"mu","disease mortality rate (case fatality ratio)","point",NA,"GMB",2025,"mean",0.0204509518251687
"mu","disease mortality rate (case fatality ratio)","beta",NA,"GMB",2025,"shape1",0.01
"mu","disease mortality rate (case fatality ratio)","beta",NA,"GMB",2025,"shape2",0.01
"mu","disease mortality rate (case fatality ratio)","point",NA,"GMB",2026,"mean",0.0172204698984625
"mu","disease mortality rate (case fatality ratio)","beta",NA,"GMB",2026,"shape1",0.01
"mu","disease mortality rate (case fatality ratio)","beta",NA,"GMB",2026,"shape2",0.01
"mu","disease mortality rate (case fatality ratio)","point",NA,"GNB",1970,"mean",0.000809282550171157
"mu","disease mortality rate (case fatality ratio)","beta",NA,"GNB",1970,"shape1",0.694732071644271
"mu","disease mortality rate (case fatality ratio)","beta",NA,"GNB",1970,"shape2",857.759551290008
"mu","disease mortality rate (case fatality ratio)","point",NA,"GNB",1971,"mean",0.00102328024418184
"mu","disease mortality rate (case fatality ratio)","beta",NA,"GNB",1971,"shape1",0.880042902680324
"mu","disease mortality rate (case fatality ratio)","beta",NA,"GNB",1971,"shape2",859.141351709468
"mu","disease mortality rate (case fatality ratio)","point",NA,"GNB",1972,"mean",0.00128242479777128
"mu","disease mortality rate (case fatality ratio)","beta",NA,"GNB",1972,"shape1",1.11812688722598
"mu","disease mortality rate (case fatality ratio)","beta",NA,"GNB",1972,"shape2",870.766828214361
"mu","disease mortality rate (case fatality ratio)","point",NA,"GNB",1973,"mean",0.00158309456491328
"mu","disease mortality rate (case fatality ratio)","beta",NA,"GNB",1973,"shape1",1.42712246905929
"mu","disease mortality rate (case fatality ratio)","beta",NA,"GNB",1973,"shape2",900.049327952246
"mu","disease mortality rate (case fatality ratio)","point",NA,"GNB",1974,"mean",0.0019271291907489
"mu","disease mortality rate (case fatality ratio)","beta",NA,"GNB",1974,"shape1",1.83320905672752
"mu","disease mortality rate (case fatality ratio)","beta",NA,"GNB",1974,"shape2",949.431016262348
"mu","disease mortality rate (case fatality ratio)","point",NA,"GNB",1975,"mean",0.00233377294923867
"mu","disease mortality rate (case fatality ratio)","beta",NA,"GNB",1975,"shape1",2.37236762594172
"mu","disease mortality rate (case fatality ratio)","beta",NA,"GNB",1975,"shape2",1014.16509233375
"mu","disease mortality rate (case fatality ratio)","point",NA,"GNB",1976,"mean",0.00284365728783214
"mu","disease mortality rate (case fatality ratio)","beta",NA,"GNB",1976,"shape1",3.09287950647778
"mu","disease mortality rate (case fatality ratio)","beta",NA,"GNB",1976,"shape2",1084.54856016772
"mu","disease mortality rate (case fatality ratio)","point",NA,"GNB",1977,"mean",0.00350959051652592
"mu","disease mortality rate (case fatality ratio)","beta",NA,"GNB",1977,"shape1",4.06167744250406
"mu","disease mortality rate (case fatality ratio)","beta",NA,"GNB",1977,"shape2",1153.24639692642
"mu","disease mortality rate (case fatality ratio)","point",NA,"GNB",1978,"mean",0.00437375298560579
"mu","disease mortality rate (case fatality ratio)","beta",NA,"GNB",1978,"shape1",5.37688751153868
"mu","disease mortality rate (case fatality ratio)","beta",NA,"GNB",1978,"shape2",1223.97637711823
"mu","disease mortality rate (case fatality ratio)","point",NA,"GNB",1979,"mean",0.00543561009273755
"mu","disease mortality rate (case fatality ratio)","beta",NA,"GNB",1979,"shape1",7.18714785991162
"mu","disease mortality rate (case fatality ratio)","beta",NA,"GNB",1979,"shape2",1315.04673891469
"mu","disease mortality rate (case fatality ratio)","point",NA,"GNB",1980,"mean",0.00663025779509481
"mu","disease mortality rate (case fatality ratio)","beta",NA,"GNB",1980,"shape1",9.72112319751184
"mu","disease mortality rate (case fatality ratio)","beta",NA,"GNB",1980,"shape2",1456.45462711852
"mu","disease mortality rate (case fatality ratio)","point",NA,"GNB",1981,"mean",0.00785303295934078
"mu","disease mortality rate (case fatality ratio)","beta",NA,"GNB",1981,"shape1",13.3398830756792
"mu","disease mortality rate (case fatality ratio)","beta",NA,"GNB",1981,"shape2",1685.35196563382
"mu","disease mortality rate (case fatality ratio)","point",NA,"GNB",1982,"mean",0.00904006464693021
"mu","disease mortality rate (case fatality ratio)","beta",NA,"GNB",1982,"shape1",18.6315452604936
"mu","disease mortality rate (case fatality ratio)","beta",NA,"GNB",1982,"shape2",2042.36535997961
"mu","disease mortality rate (case fatality ratio)","point",NA,"GNB",1983,"mean",0.0102478370079619
"mu","disease mortality rate (case fatality ratio)","beta",NA,"GNB",1983,"shape1",26.5604843914522
"mu","disease mortality rate (case fatality ratio)","beta",NA,"GNB",1983,"shape2",2565.25321939954
"mu","disease mortality rate (case fatality ratio)","point",NA,"GNB",1984,"mean",0.0116596874310242
"mu","disease mortality rate (case fatality ratio)","beta",NA,"GNB",1984,"shape1",38.6658466967616
"mu","disease mortality rate (case fatality ratio)","beta",NA,"GNB",1984,"shape2",3277.53340182504
"mu","disease mortality rate (case fatality ratio)","point",NA,"GNB",1985,"mean",0.0135110126437856
"mu","disease mortality rate (case fatality ratio)","beta",NA,"GNB",1985,"shape1",57.2876202830303
"mu","disease mortality rate (case fatality ratio)","beta",NA,"GNB",1985,"shape2",4182.78096623997
"mu","disease mortality rate (case fatality ratio)","point",NA,"GNB",1986,"mean",0.0159622981908721
"mu","disease mortality rate (case fatality ratio)","beta",NA,"GNB",1986,"shape1",85.7385202987174
"mu","disease mortality rate (case fatality ratio)","beta",NA,"GNB",1986,"shape2",5285.575764993
"mu","disease mortality rate (case fatality ratio)","point",NA,"GNB",1987,"mean",0.0189325216914974
"mu","disease mortality rate (case fatality ratio)","beta",NA,"GNB",1987,"shape1",128.035910372117
"mu","disease mortality rate (case fatality ratio)","beta",NA,"GNB",1987,"shape2",6634.71405280989
"mu","disease mortality rate (case fatality ratio)","point",NA,"GNB",1988,"mean",0.0219558840097306
"mu","disease mortality rate (case fatality ratio)","beta",NA,"GNB",1988,"shape1",187.311566903734
"mu","disease mortality rate (case fatality ratio)","beta",NA,"GNB",1988,"shape2",8343.95808367009
"mu","disease mortality rate (case fatality ratio)","point",NA,"GNB",1989,"mean",0.0242649335142413
"mu","disease mortality rate (case fatality ratio)","beta",NA,"GNB",1989,"shape1",263.267368186735
"mu","disease mortality rate (case fatality ratio)","beta",NA,"GNB",1989,"shape2",10586.4375375457
"mu","disease mortality rate (case fatality ratio)","point",NA,"GNB",1990,"mean",0.0252407902341764
"mu","disease mortality rate (case fatality ratio)","beta",NA,"GNB",1990,"shape1",353.131423926487
"mu","disease mortality rate (case fatality ratio)","beta",NA,"GNB",1990,"shape2",13637.3744457488
"mu","disease mortality rate (case fatality ratio)","point",NA,"GNB",1991,"mean",0.0249127043835812
"mu","disease mortality rate (case fatality ratio)","beta",NA,"GNB",1991,"shape1",457.2737209659
"mu","disease mortality rate (case fatality ratio)","beta",NA,"GNB",1991,"shape2",17897.7677038931
"mu","disease mortality rate (case fatality ratio)","point",NA,"GNB",1992,"mean",0.0239674311461721
"mu","disease mortality rate (case fatality ratio)","beta",NA,"GNB",1992,"shape1",579.839177575328
"mu","disease mortality rate (case fatality ratio)","beta",NA,"GNB",1992,"shape2",23612.957039884
"mu","disease mortality rate (case fatality ratio)","point",NA,"GNB",1993,"mean",0.023287626361614
"mu","disease mortality rate (case fatality ratio)","beta",NA,"GNB",1993,"shape1",723.059402593827
"mu","disease mortality rate (case fatality ratio)","beta",NA,"GNB",1993,"shape2",30326.0218290458
"mu","disease mortality rate (case fatality ratio)","point",NA,"GNB",1994,"mean",0.0235297408528391
"mu","disease mortality rate (case fatality ratio)","beta",NA,"GNB",1994,"shape1",885.966294532896
"mu","disease mortality rate (case fatality ratio)","beta",NA,"GNB",1994,"shape2",36767.0745984353
"mu","disease mortality rate (case fatality ratio)","point",NA,"GNB",1995,"mean",0.0249721236992472
"mu","disease mortality rate (case fatality ratio)","beta",NA,"GNB",1995,"shape1",1060.63318797841
"mu","disease mortality rate (case fatality ratio)","beta",NA,"GNB",1995,"shape2",41412.0535867705
"mu","disease mortality rate (case fatality ratio)","point",NA,"GNB",1996,"mean",0.0274554252287714
"mu","disease mortality rate (case fatality ratio)","beta",NA,"GNB",1996,"shape1",1208.17688075004
"mu","disease mortality rate (case fatality ratio)","beta",NA,"GNB",1996,"shape2",42796.85566502
"mu","disease mortality rate (case fatality ratio)","point",NA,"GNB",1997,"mean",0.0302887328496051
"mu","disease mortality rate (case fatality ratio)","beta",NA,"GNB",1997,"shape1",1254.91353111266
"mu","disease mortality rate (case fatality ratio)","beta",NA,"GNB",1997,"shape2",40176.7811305219
"mu","disease mortality rate (case fatality ratio)","point",NA,"GNB",1998,"mean",0.0323302388955504
"mu","disease mortality rate (case fatality ratio)","beta",NA,"GNB",1998,"shape1",1170.69541606523
"mu","disease mortality rate (case fatality ratio)","beta",NA,"GNB",1998,"shape2",35039.8448106064
"mu","disease mortality rate (case fatality ratio)","point",NA,"GNB",1999,"mean",0.0325320830367278
"mu","disease mortality rate (case fatality ratio)","beta",NA,"GNB",1999,"shape1",1013.00117348412
"mu","disease mortality rate (case fatality ratio)","beta",NA,"GNB",1999,"shape2",30125.5266711816
"mu","disease mortality rate (case fatality ratio)","point",NA,"GNB",2000,"mean",0.030675348960449
"mu","disease mortality rate (case fatality ratio)","beta",NA,"GNB",2000,"shape1",855.663793861694
"mu","disease mortality rate (case fatality ratio)","beta",NA,"GNB",2000,"shape2",27038.5190878045
"mu","disease mortality rate (case fatality ratio)","point",NA,"GNB",2001,"mean",0.0275144330118141
"mu","disease mortality rate (case fatality ratio)","beta",NA,"GNB",2001,"shape1",738.874985306314
"mu","disease mortality rate (case fatality ratio)","beta",NA,"GNB",2001,"shape2",26115.2122855111
"mu","disease mortality rate (case fatality ratio)","point",NA,"GNB",2002,"mean",0.0241556143425749
"mu","disease mortality rate (case fatality ratio)","beta",NA,"GNB",2002,"shape1",673.136769557617
"mu","disease mortality rate (case fatality ratio)","beta",NA,"GNB",2002,"shape2",27193.5430014965
"mu","disease mortality rate (case fatality ratio)","point",NA,"GNB",2003,"mean",0.0213803423552874
"mu","disease mortality rate (case fatality ratio)","beta",NA,"GNB",2003,"shape1",653.319381755555
"mu","disease mortality rate (case fatality ratio)","beta",NA,"GNB",2003,"shape2",29903.6927978922
"mu","disease mortality rate (case fatality ratio)","point",NA,"GNB",2004,"mean",0.0194412294650336
"mu","disease mortality rate (case fatality ratio)","beta",NA,"GNB",2004,"shape1",666.867884693666
"mu","disease mortality rate (case fatality ratio)","beta",NA,"GNB",2004,"shape2",33634.8662671034
"mu","disease mortality rate (case fatality ratio)","point",NA,"GNB",2005,"mean",0.0182008961319582
"mu","disease mortality rate (case fatality ratio)","beta",NA,"GNB",2005,"shape1",695.133303729279
"mu","disease mortality rate (case fatality ratio)","beta",NA,"GNB",2005,"shape2",37497.1237527088
"mu","disease mortality rate (case fatality ratio)","point",NA,"GNB",2006,"mean",0.017330906136098
"mu","disease mortality rate (case fatality ratio)","beta",NA,"GNB",2006,"shape1",706.949996897286
"mu","disease mortality rate (case fatality ratio)","beta",NA,"GNB",2006,"shape2",40084.3387762155
"mu","disease mortality rate (case fatality ratio)","point",NA,"GNB",2007,"mean",0.0164816177274552
"mu","disease mortality rate (case fatality ratio)","beta",NA,"GNB",2007,"shape1",652.251006702031
"mu","disease mortality rate (case fatality ratio)","beta",NA,"GNB",2007,"shape2",38922.2020286639
"mu","disease mortality rate (case fatality ratio)","point",NA,"GNB",2008,"mean",0.01543015172279
"mu","disease mortality rate (case fatality ratio)","beta",NA,"GNB",2008,"shape1",507.467460745729
"mu","disease mortality rate (case fatality ratio)","beta",NA,"GNB",2008,"shape2",32380.5734258652
"mu","disease mortality rate (case fatality ratio)","point",NA,"GNB",2009,"mean",0.0141621211388691
"mu","disease mortality rate (case fatality ratio)","beta",NA,"GNB",2009,"shape1",335.473644505646
"mu","disease mortality rate (case fatality ratio)","beta",NA,"GNB",2009,"shape2",23352.619489009
"mu","disease mortality rate (case fatality ratio)","point",NA,"GNB",2010,"mean",0.0128277923234053
"mu","disease mortality rate (case fatality ratio)","beta",NA,"GNB",2010,"shape1",204.240035129499
"mu","disease mortality rate (case fatality ratio)","beta",NA,"GNB",2010,"shape2",15717.442354197
"mu","disease mortality rate (case fatality ratio)","point",NA,"GNB",2011,"mean",0.0116118499729628
"mu","disease mortality rate (case fatality ratio)","beta",NA,"GNB",2011,"shape1",122.678581850529
"mu","disease mortality rate (case fatality ratio)","beta",NA,"GNB",2011,"shape2",10442.268617448
"mu","disease mortality rate (case fatality ratio)","point",NA,"GNB",2012,"mean",0.0106253322272989
"mu","disease mortality rate (case fatality ratio)","beta",NA,"GNB",2012,"shape1",75.1531352462661
"mu","disease mortality rate (case fatality ratio)","beta",NA,"GNB",2012,"shape2",6997.86196099521
"mu","disease mortality rate (case fatality ratio)","point",NA,"GNB",2013,"mean",0.00987578334085584
"mu","disease mortality rate (case fatality ratio)","beta",NA,"GNB",2013,"shape1",47.5659419509694
"mu","disease mortality rate (case fatality ratio)","beta",NA,"GNB",2013,"shape2",4768.85624039789
"mu","disease mortality rate (case fatality ratio)","point",NA,"GNB",2014,"mean",0.00929528750856957
"mu","disease mortality rate (case fatality ratio)","beta",NA,"GNB",2014,"shape1",31.2119627573108
"mu","disease mortality rate (case fatality ratio)","beta",NA,"GNB",2014,"shape2",3326.61454110668
"mu","disease mortality rate (case fatality ratio)","point",NA,"GNB",2015,"mean",0.00878936736051657
"mu","disease mortality rate (case fatality ratio)","beta",NA,"GNB",2015,"shape1",21.1878781440314
"mu","disease mortality rate (case fatality ratio)","beta",NA,"GNB",2015,"shape2",2389.43819708537
"mu","disease mortality rate (case fatality ratio)","point",NA,"GNB",2016,"mean",0.00828354280214953
"mu","disease mortality rate (case fatality ratio)","beta",NA,"GNB",2016,"shape1",14.806562091309
"mu","disease mortality rate (case fatality ratio)","beta",NA,"GNB",2016,"shape2",1772.66076257402
"mu","disease mortality rate (case fatality ratio)","point",NA,"GNB",2017,"mean",0.0077498809947358
"mu","disease mortality rate (case fatality ratio)","beta",NA,"GNB",2017,"shape1",10.5984989496816
"mu","disease mortality rate (case fatality ratio)","beta",NA,"GNB",2017,"shape2",1356.97075235634
"mu","disease mortality rate (case fatality ratio)","point",NA,"GNB",2018,"mean",0.00720168097650384
"mu","disease mortality rate (case fatality ratio)","beta",NA,"GNB",2018,"shape1",7.74054722343454
"mu","disease mortality rate (case fatality ratio)","beta",NA,"GNB",2018,"shape2",1067.08451774248
"mu","disease mortality rate (case fatality ratio)","point",NA,"GNB",2019,"mean",0.00666404561020308
"mu","disease mortality rate (case fatality ratio)","beta",NA,"GNB",2019,"shape1",5.75040571932241
"mu","disease mortality rate (case fatality ratio)","beta",NA,"GNB",2019,"shape2",857.149708667376
"mu","disease mortality rate (case fatality ratio)","point",NA,"GNB",2020,"mean",0.00614468074899813
"mu","disease mortality rate (case fatality ratio)","beta",NA,"GNB",2020,"shape1",4.33308681171943
"mu","disease mortality rate (case fatality ratio)","beta",NA,"GNB",2020,"shape2",700.843795229861
"mu","disease mortality rate (case fatality ratio)","point",NA,"GNB",2021,"mean",0.00562494446377591
"mu","disease mortality rate (case fatality ratio)","beta",NA,"GNB",2021,"shape1",3.30365042045194
"mu","disease mortality rate (case fatality ratio)","beta",NA,"GNB",2021,"shape2",584.017778569135
"mu","disease mortality rate (case fatality ratio)","point",NA,"GNB",2022,"mean",0.00507462841935972
"mu","disease mortality rate (case fatality ratio)","beta",NA,"GNB",2022,"shape1",2.54400041128455
"mu","disease mortality rate (case fatality ratio)","beta",NA,"GNB",2022,"shape2",498.773574207417
"mu","disease mortality rate (case fatality ratio)","point",NA,"GNB",2023,"mean",0.0044789543199825
"mu","disease mortality rate (case fatality ratio)","beta",NA,"GNB",2023,"shape1",1.97629542655267
"mu","disease mortality rate (case fatality ratio)","beta",NA,"GNB",2023,"shape2",439.264066801654
"mu","disease mortality rate (case fatality ratio)","point",NA,"GNB",2024,"mean",0.00385695367344869
"mu","disease mortality rate (case fatality ratio)","beta",NA,"GNB",2024,"shape1",1.54716462908944
"mu","disease mortality rate (case fatality ratio)","beta",NA,"GNB",2024,"shape2",399.589265849745
"mu","disease mortality rate (case fatality ratio)","point",NA,"GNB",2025,"mean",0.00325459275016958
"mu","disease mortality rate (case fatality ratio)","beta",NA,"GNB",2025,"shape1",1.21917635050161
"mu","disease mortality rate (case fatality ratio)","beta",NA,"GNB",2025,"shape2",373.382638404381
"mu","disease mortality rate (case fatality ratio)","point",NA,"GNB",2026,"mean",0.00271740973143143
"mu","disease mortality rate (case fatality ratio)","beta",NA,"GNB",2026,"shape1",0.96599255203876
"mu","disease mortality rate (case fatality ratio)","beta",NA,"GNB",2026,"shape2",354.516856009747
"mu","disease mortality rate (case fatality ratio)","point",NA,"GNQ",1970,"mean",0.518767094910721
"mu","disease mortality rate (case fatality ratio)","beta",NA,"GNQ",1970,"shape1",1.65355869157044
"mu","disease mortality rate (case fatality ratio)","beta",NA,"GNQ",1970,"shape2",1.53391928803237
"mu","disease mortality rate (case fatality ratio)","point",NA,"GNQ",1971,"mean",0.473800685893844
"mu","disease mortality rate (case fatality ratio)","beta",NA,"GNQ",1971,"shape1",1.57079345780629
"mu","disease mortality rate (case fatality ratio)","beta",NA,"GNQ",1971,"shape2",1.74451085595367
"mu","disease mortality rate (case fatality ratio)","point",NA,"GNQ",1972,"mean",0.42717688837239
"mu","disease mortality rate (case fatality ratio)","beta",NA,"GNQ",1972,"shape1",1.47042635000437
"mu","disease mortality rate (case fatality ratio)","beta",NA,"GNQ",1972,"shape2",1.97176911990254
"mu","disease mortality rate (case fatality ratio)","point",NA,"GNQ",1973,"mean",0.378473886692564
"mu","disease mortality rate (case fatality ratio)","beta",NA,"GNQ",1973,"shape1",1.36225793234528
"mu","disease mortality rate (case fatality ratio)","beta",NA,"GNQ",1973,"shape2",2.23708664661599
"mu","disease mortality rate (case fatality ratio)","point",NA,"GNQ",1974,"mean",0.329389356676404
"mu","disease mortality rate (case fatality ratio)","beta",NA,"GNQ",1974,"shape1",1.26932854846244
"mu","disease mortality rate (case fatality ratio)","beta",NA,"GNQ",1974,"shape2",2.58425239680605
"mu","disease mortality rate (case fatality ratio)","point",NA,"GNQ",1975,"mean",0.283251980278008
"mu","disease mortality rate (case fatality ratio)","beta",NA,"GNQ",1975,"shape1",1.22835511653944
"mu","disease mortality rate (case fatality ratio)","beta",NA,"GNQ",1975,"shape2",3.10826104880502
"mu","disease mortality rate (case fatality ratio)","point",NA,"GNQ",1976,"mean",0.243076023195606
"mu","disease mortality rate (case fatality ratio)","beta",NA,"GNQ",1976,"shape1",1.28187350737359
"mu","disease mortality rate (case fatality ratio)","beta",NA,"GNQ",1976,"shape2",3.9916762673899
"mu","disease mortality rate (case fatality ratio)","point",NA,"GNQ",1977,"mean",0.20989278008458
"mu","disease mortality rate (case fatality ratio)","beta",NA,"GNQ",1977,"shape1",1.47757237800482
"mu","disease mortality rate (case fatality ratio)","beta",NA,"GNQ",1977,"shape2",5.5620808078237
"mu","disease mortality rate (case fatality ratio)","point",NA,"GNQ",1978,"mean",0.182538131772425
"mu","disease mortality rate (case fatality ratio)","beta",NA,"GNQ",1978,"shape1",1.88547437276411
"mu","disease mortality rate (case fatality ratio)","beta",NA,"GNQ",1978,"shape2",8.44373385598436
"mu","disease mortality rate (case fatality ratio)","point",NA,"GNQ",1979,"mean",0.158675267126561
"mu","disease mortality rate (case fatality ratio)","beta",NA,"GNQ",1979,"shape1",2.6377160306698
"mu","disease mortality rate (case fatality ratio)","beta",NA,"GNQ",1979,"shape2",13.9856436046156
"mu","disease mortality rate (case fatality ratio)","point",NA,"GNQ",1980,"mean",0.136240196385113
"mu","disease mortality rate (case fatality ratio)","beta",NA,"GNQ",1980,"shape1",4.01189930392706
"mu","disease mortality rate (case fatality ratio)","beta",NA,"GNQ",1980,"shape2",25.4353520240624
"mu","disease mortality rate (case fatality ratio)","point",NA,"GNQ",1981,"mean",0.114549747343973
"mu","disease mortality rate (case fatality ratio)","beta",NA,"GNQ",1981,"shape1",6.61664397831363
"mu","disease mortality rate (case fatality ratio)","beta",NA,"GNQ",1981,"shape2",51.1455434706467
"mu","disease mortality rate (case fatality ratio)","point",NA,"GNQ",1982,"mean",0.0944343928074887
"mu","disease mortality rate (case fatality ratio)","beta",NA,"GNQ",1982,"shape1",11.739185217183
"mu","disease mortality rate (case fatality ratio)","beta",NA,"GNQ",1982,"shape2",112.571300276319
"mu","disease mortality rate (case fatality ratio)","point",NA,"GNQ",1983,"mean",0.0773283012834185
"mu","disease mortality rate (case fatality ratio)","beta",NA,"GNQ",1983,"shape1",21.100060356574
"mu","disease mortality rate (case fatality ratio)","beta",NA,"GNQ",1983,"shape2",251.763302815462
"mu","disease mortality rate (case fatality ratio)","point",NA,"GNQ",1984,"mean",0.0641381254227395
"mu","disease mortality rate (case fatality ratio)","beta",NA,"GNQ",1984,"shape1",30.8393562366577
"mu","disease mortality rate (case fatality ratio)","beta",NA,"GNQ",1984,"shape2",449.987858986629
"mu","disease mortality rate (case fatality ratio)","point",NA,"GNQ",1985,"mean",0.0547638154330651
"mu","disease mortality rate (case fatality ratio)","beta",NA,"GNQ",1985,"shape1",28.3694956884625
"mu","disease mortality rate (case fatality ratio)","beta",NA,"GNQ",1985,"shape2",489.664090249993
"mu","disease mortality rate (case fatality ratio)","point",NA,"GNQ",1986,"mean",0.0482924549611345
"mu","disease mortality rate (case fatality ratio)","beta",NA,"GNQ",1986,"shape1",19.3764837976293
"mu","disease mortality rate (case fatality ratio)","beta",NA,"GNQ",1986,"shape2",381.855630271192
"mu","disease mortality rate (case fatality ratio)","point",NA,"GNQ",1987,"mean",0.0434036383258869
"mu","disease mortality rate (case fatality ratio)","beta",NA,"GNQ",1987,"shape1",12.8418314691555
"mu","disease mortality rate (case fatality ratio)","beta",NA,"GNQ",1987,"shape2",283.028099358657
"mu","disease mortality rate (case fatality ratio)","point",NA,"GNQ",1988,"mean",0.0387855547099894
"mu","disease mortality rate (case fatality ratio)","beta",NA,"GNQ",1988,"shape1",9.02982579917474
"mu","disease mortality rate (case fatality ratio)","beta",NA,"GNQ",1988,"shape2",223.78432025838
"mu","disease mortality rate (case fatality ratio)","point",NA,"GNQ",1989,"mean",0.0336095077233427
"mu","disease mortality rate (case fatality ratio)","beta",NA,"GNQ",1989,"shape1",6.79946592359169
"mu","disease mortality rate (case fatality ratio)","beta",NA,"GNQ",1989,"shape2",195.50834469838
"mu","disease mortality rate (case fatality ratio)","point",NA,"GNQ",1990,"mean",0.027889124637241
"mu","disease mortality rate (case fatality ratio)","beta",NA,"GNQ",1990,"shape1",5.44763942939933
"mu","disease mortality rate (case fatality ratio)","beta",NA,"GNQ",1990,"shape2",189.884394123384
"mu","disease mortality rate (case fatality ratio)","point",NA,"GNQ",1991,"mean",0.0223325179433162
"mu","disease mortality rate (case fatality ratio)","beta",NA,"GNQ",1991,"shape1",4.61587202975175
"mu","disease mortality rate (case fatality ratio)","beta",NA,"GNQ",1991,"shape2",202.072511316346
"mu","disease mortality rate (case fatality ratio)","point",NA,"GNQ",1992,"mean",0.017730611888627
"mu","disease mortality rate (case fatality ratio)","beta",NA,"GNQ",1992,"shape1",4.12044479732806
"mu","disease mortality rate (case fatality ratio)","beta",NA,"GNQ",1992,"shape2",228.271128782321
"mu","disease mortality rate (case fatality ratio)","point",NA,"GNQ",1993,"mean",0.0144709689134428
"mu","disease mortality rate (case fatality ratio)","beta",NA,"GNQ",1993,"shape1",3.86394181859404
"mu","disease mortality rate (case fatality ratio)","beta",NA,"GNQ",1993,"shape2",263.149403431884
"mu","disease mortality rate (case fatality ratio)","point",NA,"GNQ",1994,"mean",0.0125102934506762
"mu","disease mortality rate (case fatality ratio)","beta",NA,"GNQ",1994,"shape1",3.79607490398387
"mu","disease mortality rate (case fatality ratio)","beta",NA,"GNQ",1994,"shape2",299.640045036008
"mu","disease mortality rate (case fatality ratio)","point",NA,"GNQ",1995,"mean",0.0115770490020206
"mu","disease mortality rate (case fatality ratio)","beta",NA,"GNQ",1995,"shape1",3.89698423479016
"mu","disease mortality rate (case fatality ratio)","beta",NA,"GNQ",1995,"shape2",332.715932762451
"mu","disease mortality rate (case fatality ratio)","point",NA,"GNQ",1996,"mean",0.0113105093800042
"mu","disease mortality rate (case fatality ratio)","beta",NA,"GNQ",1996,"shape1",4.17073815955367
"mu","disease mortality rate (case fatality ratio)","beta",NA,"GNQ",1996,"shape2",364.578185467802
"mu","disease mortality rate (case fatality ratio)","point",NA,"GNQ",1997,"mean",0.011293188974187
"mu","disease mortality rate (case fatality ratio)","beta",NA,"GNQ",1997,"shape1",4.6456026638349
"mu","disease mortality rate (case fatality ratio)","beta",NA,"GNQ",1997,"shape2",406.717624716261
"mu","disease mortality rate (case fatality ratio)","point",NA,"GNQ",1998,"mean",0.0110995510955336
"mu","disease mortality rate (case fatality ratio)","beta",NA,"GNQ",1998,"shape1",5.38196257200624
"mu","disease mortality rate (case fatality ratio)","beta",NA,"GNQ",1998,"shape2",479.499139887345
"mu","disease mortality rate (case fatality ratio)","point",NA,"GNQ",1999,"mean",0.0104495540458295
"mu","disease mortality rate (case fatality ratio)","beta",NA,"GNQ",1999,"shape1",6.49164986424522
"mu","disease mortality rate (case fatality ratio)","beta",NA,"GNQ",1999,"shape2",614.745374775681
"mu","disease mortality rate (case fatality ratio)","point",NA,"GNQ",2000,"mean",0.00935953549712193
"mu","disease mortality rate (case fatality ratio)","beta",NA,"GNQ",2000,"shape1",8.17573184263749
"mu","disease mortality rate (case fatality ratio)","beta",NA,"GNQ",2000,"shape2",865.343241951686
"mu","disease mortality rate (case fatality ratio)","point",NA,"GNQ",2001,"mean",0.00809576915434342
"mu","disease mortality rate (case fatality ratio)","beta",NA,"GNQ",2001,"shape1",10.7914300311811
"mu","disease mortality rate (case fatality ratio)","beta",NA,"GNQ",2001,"shape2",1322.18012899499
"mu","disease mortality rate (case fatality ratio)","point",NA,"GNQ",2002,"mean",0.00695958566998003
"mu","disease mortality rate (case fatality ratio)","beta",NA,"GNQ",2002,"shape1",14.9429327133968
"mu","disease mortality rate (case fatality ratio)","beta",NA,"GNQ",2002,"shape2",2132.15797558532
"mu","disease mortality rate (case fatality ratio)","point",NA,"GNQ",2003,"mean",0.00612420731494128
"mu","disease mortality rate (case fatality ratio)","beta",NA,"GNQ",2003,"shape1",21.4066135868694
"mu","disease mortality rate (case fatality ratio)","beta",NA,"GNQ",2003,"shape2",3474.00307554032
"mu","disease mortality rate (case fatality ratio)","point",NA,"GNQ",2004,"mean",0.00561832751781769
"mu","disease mortality rate (case fatality ratio)","beta",NA,"GNQ",2004,"shape1",29.764488414395
"mu","disease mortality rate (case fatality ratio)","beta",NA,"GNQ",2004,"shape2",5267.98440927827
"mu","disease mortality rate (case fatality ratio)","point",NA,"GNQ",2005,"mean",0.00538061444544353
"mu","disease mortality rate (case fatality ratio)","beta",NA,"GNQ",2005,"shape1",34.2102203202074
"mu","disease mortality rate (case fatality ratio)","beta",NA,"GNQ",2005,"shape2",6323.84064303011
"mu","disease mortality rate (case fatality ratio)","point",NA,"GNQ",2006,"mean",0.00530857725095507
"mu","disease mortality rate (case fatality ratio)","beta",NA,"GNQ",2006,"shape1",27.9824911128505
"mu","disease mortality rate (case fatality ratio)","beta",NA,"GNQ",2006,"shape2",5243.20219548394
"mu","disease mortality rate (case fatality ratio)","point",NA,"GNQ",2007,"mean",0.00529271866338429
"mu","disease mortality rate (case fatality ratio)","beta",NA,"GNQ",2007,"shape1",17.7767379593455
"mu","disease mortality rate (case fatality ratio)","beta",NA,"GNQ",2007,"shape2",3340.93909221074
"mu","disease mortality rate (case fatality ratio)","point",NA,"GNQ",2008,"mean",0.00525120355869443
"mu","disease mortality rate (case fatality ratio)","beta",NA,"GNQ",2008,"shape1",10.4394860501454
"mu","disease mortality rate (case fatality ratio)","beta",NA,"GNQ",2008,"shape2",1977.57829567547
"mu","disease mortality rate (case fatality ratio)","point",NA,"GNQ",2009,"mean",0.00515898427913324
"mu","disease mortality rate (case fatality ratio)","beta",NA,"GNQ",2009,"shape1",6.15257525125391
"mu","disease mortality rate (case fatality ratio)","beta",NA,"GNQ",2009,"shape2",1186.44172594472
"mu","disease mortality rate (case fatality ratio)","point",NA,"GNQ",2010,"mean",0.00504860818512318
"mu","disease mortality rate (case fatality ratio)","beta",NA,"GNQ",2010,"shape1",3.70396651380574
"mu","disease mortality rate (case fatality ratio)","beta",NA,"GNQ",2010,"shape2",729.956951107072
"mu","disease mortality rate (case fatality ratio)","point",NA,"GNQ",2011,"mean",0.00498020630811859
"mu","disease mortality rate (case fatality ratio)","beta",NA,"GNQ",2011,"shape1",2.2698704762454
"mu","disease mortality rate (case fatality ratio)","beta",NA,"GNQ",2011,"shape2",453.508532226695
"mu","disease mortality rate (case fatality ratio)","point",NA,"GNQ",2012,"mean",0.00500540875982031
"mu","disease mortality rate (case fatality ratio)","beta",NA,"GNQ",2012,"shape1",1.40500021249525
"mu","disease mortality rate (case fatality ratio)","beta",NA,"GNQ",2012,"shape2",279.291398406043
"mu","disease mortality rate (case fatality ratio)","point",NA,"GNQ",2013,"mean",0.0051463844544294
"mu","disease mortality rate (case fatality ratio)","beta",NA,"GNQ",2013,"shape1",0.872166485962491
"mu","disease mortality rate (case fatality ratio)","beta",NA,"GNQ",2013,"shape2",168.599526444369
"mu","disease mortality rate (case fatality ratio)","point",NA,"GNQ",2014,"mean",0.0053921000749614
"mu","disease mortality rate (case fatality ratio)","beta",NA,"GNQ",2014,"shape1",0.540053114869394
"mu","disease mortality rate (case fatality ratio)","beta",NA,"GNQ",2014,"shape2",99.6163066265177
"mu","disease mortality rate (case fatality ratio)","point",NA,"GNQ",2015,"mean",0.00570697658151192
"mu","disease mortality rate (case fatality ratio)","beta",NA,"GNQ",2015,"shape1",0.332286230286577
"mu","disease mortality rate (case fatality ratio)","beta",NA,"GNQ",2015,"shape2",57.8922790085191
"mu","disease mortality rate (case fatality ratio)","point",NA,"GNQ",2016,"mean",0.00604906972810683
"mu","disease mortality rate (case fatality ratio)","beta",NA,"GNQ",2016,"shape1",0.202555695966941
"mu","disease mortality rate (case fatality ratio)","beta",NA,"GNQ",2016,"shape2",33.2828734809809
"mu","disease mortality rate (case fatality ratio)","point",NA,"GNQ",2017,"mean",0.00639103481289803
"mu","disease mortality rate (case fatality ratio)","beta",NA,"GNQ",2017,"shape1",0.121994961624698
"mu","disease mortality rate (case fatality ratio)","beta",NA,"GNQ",2017,"shape2",18.9664570960131
"mu","disease mortality rate (case fatality ratio)","point",NA,"GNQ",2018,"mean",0.00673014283463037
"mu","disease mortality rate (case fatality ratio)","beta",NA,"GNQ",2018,"shape1",0.0723280267481884
"mu","disease mortality rate (case fatality ratio)","beta",NA,"GNQ",2018,"shape2",10.6745503865925
"mu","disease mortality rate (case fatality ratio)","point",NA,"GNQ",2019,"mean",0.00707781093397018
"mu","disease mortality rate (case fatality ratio)","beta",NA,"GNQ",2019,"shape1",0.0419052532402672
"mu","disease mortality rate (case fatality ratio)","beta",NA,"GNQ",2019,"shape2",5.87874643288228
"mu","disease mortality rate (case fatality ratio)","point",NA,"GNQ",2020,"mean",0.00743443014580118
"mu","disease mortality rate (case fatality ratio)","beta",NA,"GNQ",2020,"shape1",0.0233206901668572
"mu","disease mortality rate (case fatality ratio)","beta",NA,"GNQ",2020,"shape2",3.1135290359723
"mu","disease mortality rate (case fatality ratio)","point",NA,"GNQ",2021,"mean",0.00776700424969871
"mu","disease mortality rate (case fatality ratio)","beta",NA,"GNQ",2021,"shape1",0.0119345159164074
"mu","disease mortality rate (case fatality ratio)","beta",NA,"GNQ",2021,"shape2",1.52463164688315
"mu","disease mortality rate (case fatality ratio)","point",NA,"GNQ",2022,"mean",0.00800829895336484
"mu","disease mortality rate (case fatality ratio)","beta",NA,"GNQ",2022,"shape1",0.01
"mu","disease mortality rate (case fatality ratio)","beta",NA,"GNQ",2022,"shape2",0.608857712246127
"mu","disease mortality rate (case fatality ratio)","point",NA,"GNQ",2023,"mean",0.00808675056174409
"mu","disease mortality rate (case fatality ratio)","beta",NA,"GNQ",2023,"shape1",0.01
"mu","disease mortality rate (case fatality ratio)","beta",NA,"GNQ",2023,"shape2",0.0717841943010089
"mu","disease mortality rate (case fatality ratio)","point",NA,"GNQ",2024,"mean",0.00797322444595779
"mu","disease mortality rate (case fatality ratio)","beta",NA,"GNQ",2024,"shape1",0.01
"mu","disease mortality rate (case fatality ratio)","beta",NA,"GNQ",2024,"shape2",0.0100204724803439
"mu","disease mortality rate (case fatality ratio)","point",NA,"GNQ",2025,"mean",0.00770711200356234
"mu","disease mortality rate (case fatality ratio)","beta",NA,"GNQ",2025,"shape1",0.01
"mu","disease mortality rate (case fatality ratio)","beta",NA,"GNQ",2025,"shape2",0.0100231604848126
"mu","disease mortality rate (case fatality ratio)","point",NA,"GNQ",2026,"mean",0.00737337501238096
"mu","disease mortality rate (case fatality ratio)","beta",NA,"GNQ",2026,"shape1",0.01
"mu","disease mortality rate (case fatality ratio)","beta",NA,"GNQ",2026,"shape2",0.0100265315655316
"mu","disease mortality rate (case fatality ratio)","point",NA,"KEN",1970,"mean",0.0323858567627712
"mu","disease mortality rate (case fatality ratio)","beta",NA,"KEN",1970,"shape1",69.8819028651784
"mu","disease mortality rate (case fatality ratio)","beta",NA,"KEN",1970,"shape2",2087.90886910879
"mu","disease mortality rate (case fatality ratio)","point",NA,"KEN",1971,"mean",0.0336809270652765
"mu","disease mortality rate (case fatality ratio)","beta",NA,"KEN",1971,"shape1",88.8009414647885
"mu","disease mortality rate (case fatality ratio)","beta",NA,"KEN",1971,"shape2",2547.73401176511
"mu","disease mortality rate (case fatality ratio)","point",NA,"KEN",1972,"mean",0.0347361168365403
"mu","disease mortality rate (case fatality ratio)","beta",NA,"KEN",1972,"shape1",109.440514473598
"mu","disease mortality rate (case fatality ratio)","beta",NA,"KEN",1972,"shape2",3041.1855324331
"mu","disease mortality rate (case fatality ratio)","point",NA,"KEN",1973,"mean",0.0353263885865458
"mu","disease mortality rate (case fatality ratio)","beta",NA,"KEN",1973,"shape1",132.264883633611
"mu","disease mortality rate (case fatality ratio)","beta",NA,"KEN",1973,"shape2",3611.81677672566
"mu","disease mortality rate (case fatality ratio)","point",NA,"KEN",1974,"mean",0.0354840391129552
"mu","disease mortality rate (case fatality ratio)","beta",NA,"KEN",1974,"shape1",162.470037646254
"mu","disease mortality rate (case fatality ratio)","beta",NA,"KEN",1974,"shape2",4416.20932659039
"mu","disease mortality rate (case fatality ratio)","point",NA,"KEN",1975,"mean",0.0355245263161552
"mu","disease mortality rate (case fatality ratio)","beta",NA,"KEN",1975,"shape1",206.982978464141
"mu","disease mortality rate (case fatality ratio)","beta",NA,"KEN",1975,"shape2",5619.4980454366
"mu","disease mortality rate (case fatality ratio)","point",NA,"KEN",1976,"mean",0.0358627034823268
"mu","disease mortality rate (case fatality ratio)","beta",NA,"KEN",1976,"shape1",268.83915814831
"mu","disease mortality rate (case fatality ratio)","beta",NA,"KEN",1976,"shape2",7227.50473240068
"mu","disease mortality rate (case fatality ratio)","point",NA,"KEN",1977,"mean",0.0367698992688601
"mu","disease mortality rate (case fatality ratio)","beta",NA,"KEN",1977,"shape1",344.07627057943
"mu","disease mortality rate (case fatality ratio)","beta",NA,"KEN",1977,"shape2",9013.47644022778
"mu","disease mortality rate (case fatality ratio)","point",NA,"KEN",1978,"mean",0.038204198642897
"mu","disease mortality rate (case fatality ratio)","beta",NA,"KEN",1978,"shape1",428.680110870763
"mu","disease mortality rate (case fatality ratio)","beta",NA,"KEN",1978,"shape2",10792.0790229022
"mu","disease mortality rate (case fatality ratio)","point",NA,"KEN",1979,"mean",0.039773892410431
"mu","disease mortality rate (case fatality ratio)","beta",NA,"KEN",1979,"shape1",525.06517332368
"mu","disease mortality rate (case fatality ratio)","beta",NA,"KEN",1979,"shape2",12676.1867410094
"mu","disease mortality rate (case fatality ratio)","point",NA,"KEN",1980,"mean",0.0408908214780791
"mu","disease mortality rate (case fatality ratio)","beta",NA,"KEN",1980,"shape1",630.670721251403
"mu","disease mortality rate (case fatality ratio)","beta",NA,"KEN",1980,"shape2",14792.6125108914
"mu","disease mortality rate (case fatality ratio)","point",NA,"KEN",1981,"mean",0.0411165855442941
"mu","disease mortality rate (case fatality ratio)","beta",NA,"KEN",1981,"shape1",728.643153416751
"mu","disease mortality rate (case fatality ratio)","beta",NA,"KEN",1981,"shape2",16992.7494128944
"mu","disease mortality rate (case fatality ratio)","point",NA,"KEN",1982,"mean",0.0404985936989031
"mu","disease mortality rate (case fatality ratio)","beta",NA,"KEN",1982,"shape1",799.544343767538
"mu","disease mortality rate (case fatality ratio)","beta",NA,"KEN",1982,"shape2",18942.9768339294
"mu","disease mortality rate (case fatality ratio)","point",NA,"KEN",1983,"mean",0.0395965305156187
"mu","disease mortality rate (case fatality ratio)","beta",NA,"KEN",1983,"shape1",828.470296214263
"mu","disease mortality rate (case fatality ratio)","beta",NA,"KEN",1983,"shape2",20094.3298942589
"mu","disease mortality rate (case fatality ratio)","point",NA,"KEN",1984,"mean",0.0391685913039045
"mu","disease mortality rate (case fatality ratio)","beta",NA,"KEN",1984,"shape1",808.695399990868
"mu","disease mortality rate (case fatality ratio)","beta",NA,"KEN",1984,"shape2",19837.8321637986
"mu","disease mortality rate (case fatality ratio)","point",NA,"KEN",1985,"mean",0.03978445764995
"mu","disease mortality rate (case fatality ratio)","beta",NA,"KEN",1985,"shape1",762.341894620721
"mu","disease mortality rate (case fatality ratio)","beta",NA,"KEN",1985,"shape2",18399.4599660031
"mu","disease mortality rate (case fatality ratio)","point",NA,"KEN",1986,"mean",0.041558477780891
"mu","disease mortality rate (case fatality ratio)","beta",NA,"KEN",1986,"shape1",728.058442271339
"mu","disease mortality rate (case fatality ratio)","beta",NA,"KEN",1986,"shape2",16790.8325553702
"mu","disease mortality rate (case fatality ratio)","point",NA,"KEN",1987,"mean",0.0439968638612103
"mu","disease mortality rate (case fatality ratio)","beta",NA,"KEN",1987,"shape1",726.070635355231
"mu","disease mortality rate (case fatality ratio)","beta",NA,"KEN",1987,"shape2",15776.7109639344
"mu","disease mortality rate (case fatality ratio)","point",NA,"KEN",1988,"mean",0.046018039468348
"mu","disease mortality rate (case fatality ratio)","beta",NA,"KEN",1988,"shape1",753.227216098726
"mu","disease mortality rate (case fatality ratio)","beta",NA,"KEN",1988,"shape2",15614.8585346384
"mu","disease mortality rate (case fatality ratio)","point",NA,"KEN",1989,"mean",0.0463808565952443
"mu","disease mortality rate (case fatality ratio)","beta",NA,"KEN",1989,"shape1",798.679248810962
"mu","disease mortality rate (case fatality ratio)","beta",NA,"KEN",1989,"shape2",16421.3401178183
"mu","disease mortality rate (case fatality ratio)","point",NA,"KEN",1990,"mean",0.0444931564314636
"mu","disease mortality rate (case fatality ratio)","beta",NA,"KEN",1990,"shape1",860.230698049218
"mu","disease mortality rate (case fatality ratio)","beta",NA,"KEN",1990,"shape2",18473.7695627392
"mu","disease mortality rate (case fatality ratio)","point",NA,"KEN",1991,"mean",0.0409291239564434
"mu","disease mortality rate (case fatality ratio)","beta",NA,"KEN",1991,"shape1",944.726470509509
"mu","disease mortality rate (case fatality ratio)","beta",NA,"KEN",1991,"shape2",22137.2840683645
"mu","disease mortality rate (case fatality ratio)","point",NA,"KEN",1992,"mean",0.0370581496390589
"mu","disease mortality rate (case fatality ratio)","beta",NA,"KEN",1992,"shape1",1055.04680727019
"mu","disease mortality rate (case fatality ratio)","beta",NA,"KEN",1992,"shape2",27414.9879231791
"mu","disease mortality rate (case fatality ratio)","point",NA,"KEN",1993,"mean",0.0341970123135816
"mu","disease mortality rate (case fatality ratio)","beta",NA,"KEN",1993,"shape1",1190.53019669909
"mu","disease mortality rate (case fatality ratio)","beta",NA,"KEN",1993,"shape2",33623.3355814603
"mu","disease mortality rate (case fatality ratio)","point",NA,"KEN",1994,"mean",0.0331033738587725
"mu","disease mortality rate (case fatality ratio)","beta",NA,"KEN",1994,"shape1",1368.12489536216
"mu","disease mortality rate (case fatality ratio)","beta",NA,"KEN",1994,"shape2",39960.7408933316
"mu","disease mortality rate (case fatality ratio)","point",NA,"KEN",1995,"mean",0.0339467939272299
"mu","disease mortality rate (case fatality ratio)","beta",NA,"KEN",1995,"shape1",1628.39599937387
"mu","disease mortality rate (case fatality ratio)","beta",NA,"KEN",1995,"shape2",46340.6700297948
"mu","disease mortality rate (case fatality ratio)","point",NA,"KEN",1996,"mean",0.0363641198770304
"mu","disease mortality rate (case fatality ratio)","beta",NA,"KEN",1996,"shape1",1997.34721315179
"mu","disease mortality rate (case fatality ratio)","beta",NA,"KEN",1996,"shape2",52928.9708142352
"mu","disease mortality rate (case fatality ratio)","point",NA,"KEN",1997,"mean",0.0394056760878851
"mu","disease mortality rate (case fatality ratio)","beta",NA,"KEN",1997,"shape1",2410.94302945273
"mu","disease mortality rate (case fatality ratio)","beta",NA,"KEN",1997,"shape2",58771.6902560589
"mu","disease mortality rate (case fatality ratio)","point",NA,"KEN",1998,"mean",0.0416448543654657
"mu","disease mortality rate (case fatality ratio)","beta",NA,"KEN",1998,"shape1",2671.40311477045
"mu","disease mortality rate (case fatality ratio)","beta",NA,"KEN",1998,"shape2",61475.8524219361
"mu","disease mortality rate (case fatality ratio)","point",NA,"KEN",1999,"mean",0.041807021265147
"mu","disease mortality rate (case fatality ratio)","beta",NA,"KEN",1999,"shape1",2589.09709414224
"mu","disease mortality rate (case fatality ratio)","beta",NA,"KEN",1999,"shape2",59340.6222638038
"mu","disease mortality rate (case fatality ratio)","point",NA,"KEN",2000,"mean",0.0396094453196211
"mu","disease mortality rate (case fatality ratio)","beta",NA,"KEN",2000,"shape1",2223.26004549416
"mu","disease mortality rate (case fatality ratio)","beta",NA,"KEN",2000,"shape2",53906.2824803851
"mu","disease mortality rate (case fatality ratio)","point",NA,"KEN",2001,"mean",0.03592592153682
"mu","disease mortality rate (case fatality ratio)","beta",NA,"KEN",2001,"shape1",1813.56346131338
"mu","disease mortality rate (case fatality ratio)","beta",NA,"KEN",2001,"shape2",48667.0751342669
"mu","disease mortality rate (case fatality ratio)","point",NA,"KEN",2002,"mean",0.0320703464593682
"mu","disease mortality rate (case fatality ratio)","beta",NA,"KEN",2002,"shape1",1505.1083933771
"mu","disease mortality rate (case fatality ratio)","beta",NA,"KEN",2002,"shape2",45426.3581962967
"mu","disease mortality rate (case fatality ratio)","point",NA,"KEN",2003,"mean",0.028999436452675
"mu","disease mortality rate (case fatality ratio)","beta",NA,"KEN",2003,"shape1",1301.55048518726
"mu","disease mortality rate (case fatality ratio)","beta",NA,"KEN",2003,"shape2",43580.3729036104
"mu","disease mortality rate (case fatality ratio)","point",NA,"KEN",2004,"mean",0.0270481548055301
"mu","disease mortality rate (case fatality ratio)","beta",NA,"KEN",2004,"shape1",1159.73969260917
"mu","disease mortality rate (case fatality ratio)","beta",NA,"KEN",2004,"shape2",41717.1109076417
"mu","disease mortality rate (case fatality ratio)","point",NA,"KEN",2005,"mean",0.0260642367236732
"mu","disease mortality rate (case fatality ratio)","beta",NA,"KEN",2005,"shape1",1053.33040800999
"mu","disease mortality rate (case fatality ratio)","beta",NA,"KEN",2005,"shape2",39359.5318283618
"mu","disease mortality rate (case fatality ratio)","point",NA,"KEN",2006,"mean",0.0256216879356766
"mu","disease mortality rate (case fatality ratio)","beta",NA,"KEN",2006,"shape1",980.645184112666
"mu","disease mortality rate (case fatality ratio)","beta",NA,"KEN",2006,"shape2",37293.3821389343
"mu","disease mortality rate (case fatality ratio)","point",NA,"KEN",2007,"mean",0.0252202640668373
"mu","disease mortality rate (case fatality ratio)","beta",NA,"KEN",2007,"shape1",940.268326607007
"mu","disease mortality rate (case fatality ratio)","beta",NA,"KEN",2007,"shape2",36341.9870897186
"mu","disease mortality rate (case fatality ratio)","point",NA,"KEN",2008,"mean",0.0244938805836308
"mu","disease mortality rate (case fatality ratio)","beta",NA,"KEN",2008,"shape1",918.517490304381
"mu","disease mortality rate (case fatality ratio)","beta",NA,"KEN",2008,"shape2",36581.35874075
"mu","disease mortality rate (case fatality ratio)","point",NA,"KEN",2009,"mean",0.0233643871473668
"mu","disease mortality rate (case fatality ratio)","beta",NA,"KEN",2009,"shape1",903.046471810847
"mu","disease mortality rate (case fatality ratio)","beta",NA,"KEN",2009,"shape2",37747.5060171133
"mu","disease mortality rate (case fatality ratio)","point",NA,"KEN",2010,"mean",0.0220250013885574
"mu","disease mortality rate (case fatality ratio)","beta",NA,"KEN",2010,"shape1",897.391931945162
"mu","disease mortality rate (case fatality ratio)","beta",NA,"KEN",2010,"shape2",39846.8475853964
"mu","disease mortality rate (case fatality ratio)","point",NA,"KEN",2011,"mean",0.0207679203933605
"mu","disease mortality rate (case fatality ratio)","beta",NA,"KEN",2011,"shape1",909.505419665968
"mu","disease mortality rate (case fatality ratio)","beta",NA,"KEN",2011,"shape2",42884.2593116712
"mu","disease mortality rate (case fatality ratio)","point",NA,"KEN",2012,"mean",0.0198046493478194
"mu","disease mortality rate (case fatality ratio)","beta",NA,"KEN",2012,"shape1",933.841433050038
"mu","disease mortality rate (case fatality ratio)","beta",NA,"KEN",2012,"shape2",46218.7951347293
"mu","disease mortality rate (case fatality ratio)","point",NA,"KEN",2013,"mean",0.0191866108142475
"mu","disease mortality rate (case fatality ratio)","beta",NA,"KEN",2013,"shape1",959.899082038002
"mu","disease mortality rate (case fatality ratio)","beta",NA,"KEN",2013,"shape2",49069.7331094486
"mu","disease mortality rate (case fatality ratio)","point",NA,"KEN",2014,"mean",0.0188224516111917
"mu","disease mortality rate (case fatality ratio)","beta",NA,"KEN",2014,"shape1",993.886542799144
"mu","disease mortality rate (case fatality ratio)","beta",NA,"KEN",2014,"shape2",51809.3594598728
"mu","disease mortality rate (case fatality ratio)","point",NA,"KEN",2015,"mean",0.018548102627965
"mu","disease mortality rate (case fatality ratio)","beta",NA,"KEN",2015,"shape1",1042.99378463428
"mu","disease mortality rate (case fatality ratio)","beta",NA,"KEN",2015,"shape2",55188.8378778536
"mu","disease mortality rate (case fatality ratio)","point",NA,"KEN",2016,"mean",0.0182141154628402
"mu","disease mortality rate (case fatality ratio)","beta",NA,"KEN",2016,"shape1",1067.89369514318
"mu","disease mortality rate (case fatality ratio)","beta",NA,"KEN",2016,"shape2",57562.1121001893
"mu","disease mortality rate (case fatality ratio)","point",NA,"KEN",2017,"mean",0.0177517709591272
"mu","disease mortality rate (case fatality ratio)","beta",NA,"KEN",2017,"shape1",999.607456336439
"mu","disease mortality rate (case fatality ratio)","beta",NA,"KEN",2017,"shape2",55310.6873665293
"mu","disease mortality rate (case fatality ratio)","point",NA,"KEN",2018,"mean",0.01717983256028
"mu","disease mortality rate (case fatality ratio)","beta",NA,"KEN",2018,"shape1",852.574184444223
"mu","disease mortality rate (case fatality ratio)","beta",NA,"KEN",2018,"shape2",48773.8806399983
"mu","disease mortality rate (case fatality ratio)","point",NA,"KEN",2019,"mean",0.0165511758755766
"mu","disease mortality rate (case fatality ratio)","beta",NA,"KEN",2019,"shape1",700.152583185792
"mu","disease mortality rate (case fatality ratio)","beta",NA,"KEN",2019,"shape2",41602.1338796725
"mu","disease mortality rate (case fatality ratio)","point",NA,"KEN",2020,"mean",0.0158842572427511
"mu","disease mortality rate (case fatality ratio)","beta",NA,"KEN",2020,"shape1",569.129366625351
"mu","disease mortality rate (case fatality ratio)","beta",NA,"KEN",2020,"shape2",35260.6458584692
"mu","disease mortality rate (case fatality ratio)","point",NA,"KEN",2021,"mean",0.0151308732911812
"mu","disease mortality rate (case fatality ratio)","beta",NA,"KEN",2021,"shape1",455.123274937076
"mu","disease mortality rate (case fatality ratio)","beta",NA,"KEN",2021,"shape2",29623.991537447
"mu","disease mortality rate (case fatality ratio)","point",NA,"KEN",2022,"mean",0.0142029691427189
"mu","disease mortality rate (case fatality ratio)","beta",NA,"KEN",2022,"shape1",359.642180181879
"mu","disease mortality rate (case fatality ratio)","beta",NA,"KEN",2022,"shape2",24961.977304308
"mu","disease mortality rate (case fatality ratio)","point",NA,"KEN",2023,"mean",0.0130430068886713
"mu","disease mortality rate (case fatality ratio)","beta",NA,"KEN",2023,"shape1",285.945145204071
"mu","disease mortality rate (case fatality ratio)","beta",NA,"KEN",2023,"shape2",21637.308261373
"mu","disease mortality rate (case fatality ratio)","point",NA,"KEN",2024,"mean",0.0116866179804121
"mu","disease mortality rate (case fatality ratio)","beta",NA,"KEN",2024,"shape1",229.683785368161
"mu","disease mortality rate (case fatality ratio)","beta",NA,"KEN",2024,"shape2",19423.8879967448
"mu","disease mortality rate (case fatality ratio)","point",NA,"KEN",2025,"mean",0.0102610196574463
"mu","disease mortality rate (case fatality ratio)","beta",NA,"KEN",2025,"shape1",184.185933490095
"mu","disease mortality rate (case fatality ratio)","beta",NA,"KEN",2025,"shape2",17765.8755261849
"mu","disease mortality rate (case fatality ratio)","point",NA,"KEN",2026,"mean",0.00891412737102838
"mu","disease mortality rate (case fatality ratio)","beta",NA,"KEN",2026,"shape1",146.696896457674
"mu","disease mortality rate (case fatality ratio)","beta",NA,"KEN",2026,"shape2",16309.9780366884
"mu","disease mortality rate (case fatality ratio)","point",NA,"LBR",1970,"mean",0.05200162915617
"mu","disease mortality rate (case fatality ratio)","beta",NA,"LBR",1970,"shape1",95.3219226736275
"mu","disease mortality rate (case fatality ratio)","beta",NA,"LBR",1970,"shape2",1737.734545372
"mu","disease mortality rate (case fatality ratio)","point",NA,"LBR",1971,"mean",0.0497143995754416
"mu","disease mortality rate (case fatality ratio)","beta",NA,"LBR",1971,"shape1",134.307932908208
"mu","disease mortality rate (case fatality ratio)","beta",NA,"LBR",1971,"shape2",2567.28223121307
"mu","disease mortality rate (case fatality ratio)","point",NA,"LBR",1972,"mean",0.047149266372293
"mu","disease mortality rate (case fatality ratio)","beta",NA,"LBR",1972,"shape1",181.274596067518
"mu","disease mortality rate (case fatality ratio)","beta",NA,"LBR",1972,"shape2",3663.42140908693
"mu","disease mortality rate (case fatality ratio)","point",NA,"LBR",1973,"mean",0.0441312181727933
"mu","disease mortality rate (case fatality ratio)","beta",NA,"LBR",1973,"shape1",229.628975282645
"mu","disease mortality rate (case fatality ratio)","beta",NA,"LBR",1973,"shape2",4973.69386034691
"mu","disease mortality rate (case fatality ratio)","point",NA,"LBR",1974,"mean",0.0408520291233789
"mu","disease mortality rate (case fatality ratio)","beta",NA,"LBR",1974,"shape1",280.502982071842
"mu","disease mortality rate (case fatality ratio)","beta",NA,"LBR",1974,"shape2",6585.8140183563
"mu","disease mortality rate (case fatality ratio)","point",NA,"LBR",1975,"mean",0.0377667092584751
"mu","disease mortality rate (case fatality ratio)","beta",NA,"LBR",1975,"shape1",334.061941764179
"mu","disease mortality rate (case fatality ratio)","beta",NA,"LBR",1975,"shape2",8511.3457816851
"mu","disease mortality rate (case fatality ratio)","point",NA,"LBR",1976,"mean",0.0353070929166169
"mu","disease mortality rate (case fatality ratio)","beta",NA,"LBR",1976,"shape1",371.388781992301
"mu","disease mortality rate (case fatality ratio)","beta",NA,"LBR",1976,"shape2",10147.4263147191
"mu","disease mortality rate (case fatality ratio)","point",NA,"LBR",1977,"mean",0.0336522748718182
"mu","disease mortality rate (case fatality ratio)","beta",NA,"LBR",1977,"shape1",372.011936548393
"mu","disease mortality rate (case fatality ratio)","beta",NA,"LBR",1977,"shape2",10682.5731684821
"mu","disease mortality rate (case fatality ratio)","point",NA,"LBR",1978,"mean",0.032659851695764
"mu","disease mortality rate (case fatality ratio)","beta",NA,"LBR",1978,"shape1",345.917610972362
"mu","disease mortality rate (case fatality ratio)","beta",NA,"LBR",1978,"shape2",10245.6066309221
"mu","disease mortality rate (case fatality ratio)","point",NA,"LBR",1979,"mean",0.0319365867529329
"mu","disease mortality rate (case fatality ratio)","beta",NA,"LBR",1979,"shape1",312.3676135468
"mu","disease mortality rate (case fatality ratio)","beta",NA,"LBR",1979,"shape2",9468.50270811065
"mu","disease mortality rate (case fatality ratio)","point",NA,"LBR",1980,"mean",0.03102539326334
"mu","disease mortality rate (case fatality ratio)","beta",NA,"LBR",1980,"shape1",278.692626890836
"mu","disease mortality rate (case fatality ratio)","beta",NA,"LBR",1980,"shape2",8704.03402302864
"mu","disease mortality rate (case fatality ratio)","point",NA,"LBR",1981,"mean",0.0296642452111202
"mu","disease mortality rate (case fatality ratio)","beta",NA,"LBR",1981,"shape1",247.300128402512
"mu","disease mortality rate (case fatality ratio)","beta",NA,"LBR",1981,"shape2",8089.33970997795
"mu","disease mortality rate (case fatality ratio)","point",NA,"LBR",1982,"mean",0.0279625165905249
"mu","disease mortality rate (case fatality ratio)","beta",NA,"LBR",1982,"shape1",220.790518695444
"mu","disease mortality rate (case fatality ratio)","beta",NA,"LBR",1982,"shape2",7675.15539807011
"mu","disease mortality rate (case fatality ratio)","point",NA,"LBR",1983,"mean",0.0263372187249142
"mu","disease mortality rate (case fatality ratio)","beta",NA,"LBR",1983,"shape1",200.418707288018
"mu","disease mortality rate (case fatality ratio)","beta",NA,"LBR",1983,"shape2",7409.29549151721
"mu","disease mortality rate (case fatality ratio)","point",NA,"LBR",1984,"mean",0.0252634218155668
"mu","disease mortality rate (case fatality ratio)","beta",NA,"LBR",1984,"shape1",185.993028023832
"mu","disease mortality rate (case fatality ratio)","beta",NA,"LBR",1984,"shape2",7176.15408655377
"mu","disease mortality rate (case fatality ratio)","point",NA,"LBR",1985,"mean",0.0250409095898082
"mu","disease mortality rate (case fatality ratio)","beta",NA,"LBR",1985,"shape1",177.442042822273
"mu","disease mortality rate (case fatality ratio)","beta",NA,"LBR",1985,"shape2",6908.64411494623
"mu","disease mortality rate (case fatality ratio)","point",NA,"LBR",1986,"mean",0.0256680792954813
"mu","disease mortality rate (case fatality ratio)","beta",NA,"LBR",1986,"shape1",175.174262012309
"mu","disease mortality rate (case fatality ratio)","beta",NA,"LBR",1986,"shape2",6649.42137663164
"mu","disease mortality rate (case fatality ratio)","point",NA,"LBR",1987,"mean",0.0267789727018658
"mu","disease mortality rate (case fatality ratio)","beta",NA,"LBR",1987,"shape1",179.212734079194
"mu","disease mortality rate (case fatality ratio)","beta",NA,"LBR",1987,"shape2",6513.08035999858
"mu","disease mortality rate (case fatality ratio)","point",NA,"LBR",1988,"mean",0.0276666213181846
"mu","disease mortality rate (case fatality ratio)","beta",NA,"LBR",1988,"shape1",188.624558078355
"mu","disease mortality rate (case fatality ratio)","beta",NA,"LBR",1988,"shape2",6629.14172820021
"mu","disease mortality rate (case fatality ratio)","point",NA,"LBR",1989,"mean",0.0275450984759419
"mu","disease mortality rate (case fatality ratio)","beta",NA,"LBR",1989,"shape1",201.992993403444
"mu","disease mortality rate (case fatality ratio)","beta",NA,"LBR",1989,"shape2",7131.18076815948
"mu","disease mortality rate (case fatality ratio)","point",NA,"LBR",1990,"mean",0.026042799957908
"mu","disease mortality rate (case fatality ratio)","beta",NA,"LBR",1990,"shape1",218.358111208219
"mu","disease mortality rate (case fatality ratio)","beta",NA,"LBR",1990,"shape2",8166.22847553143
"mu","disease mortality rate (case fatality ratio)","point",NA,"LBR",1991,"mean",0.0235078354472114
"mu","disease mortality rate (case fatality ratio)","beta",NA,"LBR",1991,"shape1",237.154071955489
"mu","disease mortality rate (case fatality ratio)","beta",NA,"LBR",1991,"shape2",9851.14489066215
"mu","disease mortality rate (case fatality ratio)","point",NA,"LBR",1992,"mean",0.0207529430414216
"mu","disease mortality rate (case fatality ratio)","beta",NA,"LBR",1992,"shape1",257.035891129678
"mu","disease mortality rate (case fatality ratio)","beta",NA,"LBR",1992,"shape2",12128.4792917844
"mu","disease mortality rate (case fatality ratio)","point",NA,"LBR",1993,"mean",0.0185130065188589
"mu","disease mortality rate (case fatality ratio)","beta",NA,"LBR",1993,"shape1",275.677366025449
"mu","disease mortality rate (case fatality ratio)","beta",NA,"LBR",1993,"shape2",14615.3326784328
"mu","disease mortality rate (case fatality ratio)","point",NA,"LBR",1994,"mean",0.0171324750815273
"mu","disease mortality rate (case fatality ratio)","beta",NA,"LBR",1994,"shape1",291.223736793982
"mu","disease mortality rate (case fatality ratio)","beta",NA,"LBR",1994,"shape2",16707.1221185569
"mu","disease mortality rate (case fatality ratio)","point",NA,"LBR",1995,"mean",0.0165620707094054
"mu","disease mortality rate (case fatality ratio)","beta",NA,"LBR",1995,"shape1",302.93045694445
"mu","disease mortality rate (case fatality ratio)","beta",NA,"LBR",1995,"shape2",17987.6844220525
"mu","disease mortality rate (case fatality ratio)","point",NA,"LBR",1996,"mean",0.0164389150177109
"mu","disease mortality rate (case fatality ratio)","beta",NA,"LBR",1996,"shape1",310.375505237211
"mu","disease mortality rate (case fatality ratio)","beta",NA,"LBR",1996,"shape2",18570.1591835072
"mu","disease mortality rate (case fatality ratio)","point",NA,"LBR",1997,"mean",0.0161655200862267
"mu","disease mortality rate (case fatality ratio)","beta",NA,"LBR",1997,"shape1",313.722825219572
"mu","disease mortality rate (case fatality ratio)","beta",NA,"LBR",1997,"shape2",19093.1891421145
"mu","disease mortality rate (case fatality ratio)","point",NA,"LBR",1998,"mean",0.0151215025217805
"mu","disease mortality rate (case fatality ratio)","beta",NA,"LBR",1998,"shape1",314.322080272255
"mu","disease mortality rate (case fatality ratio)","beta",NA,"LBR",1998,"shape2",20472.1096793704
"mu","disease mortality rate (case fatality ratio)","point",NA,"LBR",1999,"mean",0.0130500603092685
"mu","disease mortality rate (case fatality ratio)","beta",NA,"LBR",1999,"shape1",312.821975450449
"mu","disease mortality rate (case fatality ratio)","beta",NA,"LBR",1999,"shape2",23658.0998469011
"mu","disease mortality rate (case fatality ratio)","point",NA,"LBR",2000,"mean",0.0102852700803184
"mu","disease mortality rate (case fatality ratio)","beta",NA,"LBR",2000,"shape1",306.099657878116
"mu","disease mortality rate (case fatality ratio)","beta",NA,"LBR",2000,"shape2",29454.8745788471
"mu","disease mortality rate (case fatality ratio)","point",NA,"LBR",2001,"mean",0.00748961225164993
"mu","disease mortality rate (case fatality ratio)","beta",NA,"LBR",2001,"shape1",286.659432385488
"mu","disease mortality rate (case fatality ratio)","beta",NA,"LBR",2001,"shape2",37987.6093486636
"mu","disease mortality rate (case fatality ratio)","point",NA,"LBR",2002,"mean",0.00517118058398947
"mu","disease mortality rate (case fatality ratio)","beta",NA,"LBR",2002,"shape1",247.400410178729
"mu","disease mortality rate (case fatality ratio)","beta",NA,"LBR",2002,"shape2",47594.7521042215
"mu","disease mortality rate (case fatality ratio)","point",NA,"LBR",2003,"mean",0.00347886185483231
"mu","disease mortality rate (case fatality ratio)","beta",NA,"LBR",2003,"shape1",191.384730605183
"mu","disease mortality rate (case fatality ratio)","beta",NA,"LBR",2003,"shape2",54822.2198881985
"mu","disease mortality rate (case fatality ratio)","point",NA,"LBR",2004,"mean",0.00231825433434874
"mu","disease mortality rate (case fatality ratio)","beta",NA,"LBR",2004,"shape1",133.784825321017
"mu","disease mortality rate (case fatality ratio)","beta",NA,"LBR",2004,"shape2",57575.5110611465
"mu","disease mortality rate (case fatality ratio)","point",NA,"LBR",2005,"mean",0.00153007064289898
"mu","disease mortality rate (case fatality ratio)","beta",NA,"LBR",2005,"shape1",87.9704591285813
"mu","disease mortality rate (case fatality ratio)","beta",NA,"LBR",2005,"shape2",57406.4070304664
"mu","disease mortality rate (case fatality ratio)","point",NA,"LBR",2006,"mean",0.00098599388700304
"mu","disease mortality rate (case fatality ratio)","beta",NA,"LBR",2006,"shape1",56.7096181152324
"mu","disease mortality rate (case fatality ratio)","beta",NA,"LBR",2006,"shape2",57458.4726388489
"mu","disease mortality rate (case fatality ratio)","point",NA,"LBR",2007,"mean",0.000608125257716735
"mu","disease mortality rate (case fatality ratio)","beta",NA,"LBR",2007,"shape1",36.7310372569965
"mu","disease mortality rate (case fatality ratio)","beta",NA,"LBR",2007,"shape2",60363.7157307439
"mu","disease mortality rate (case fatality ratio)","point",NA,"LBR",2008,"mean",0.000353439110280606
"mu","disease mortality rate (case fatality ratio)","beta",NA,"LBR",2008,"shape1",24.1455005088489
"mu","disease mortality rate (case fatality ratio)","beta",NA,"LBR",2008,"shape2",68291.7250597101
"mu","disease mortality rate (case fatality ratio)","point",NA,"LBR",2009,"mean",0.000192684233829063
"mu","disease mortality rate (case fatality ratio)","beta",NA,"LBR",2009,"shape1",16.1526312162292
"mu","disease mortality rate (case fatality ratio)","beta",NA,"LBR",2009,"shape2",83813.3901146565
"mu","disease mortality rate (case fatality ratio)","point",NA,"LBR",2010,"mean",9.92142305878448e-05
"mu","disease mortality rate (case fatality ratio)","beta",NA,"LBR",2010,"shape1",10.9904696288093
"mu","disease mortality rate (case fatality ratio)","beta",NA,"LBR",2010,"shape2",110764.142933016
"mu","disease mortality rate (case fatality ratio)","point",NA,"LBR",2011,"mean",4.88998753572342e-05
"mu","disease mortality rate (case fatality ratio)","beta",NA,"LBR",2011,"shape1",7.58883709269748
"mu","disease mortality rate (case fatality ratio)","beta",NA,"LBR",2011,"shape2",155183.749325997
"mu","disease mortality rate (case fatality ratio)","point",NA,"LBR",2012,"mean",2.33642526320287e-05
"mu","disease mortality rate (case fatality ratio)","beta",NA,"LBR",2012,"shape1",5.30159263055739
"mu","disease mortality rate (case fatality ratio)","beta",NA,"LBR",2012,"shape2",226905.129228929
"mu","disease mortality rate (case fatality ratio)","point",NA,"LBR",2013,"mean",1.08920598770203e-05
"mu","disease mortality rate (case fatality ratio)","beta",NA,"LBR",2013,"shape1",3.73598898065309
"mu","disease mortality rate (case fatality ratio)","beta",NA,"LBR",2013,"shape2",342997.406387692
"mu","disease mortality rate (case fatality ratio)","point",NA,"LBR",2014,"mean",4.94918384838277e-06
"mu","disease mortality rate (case fatality ratio)","beta",NA,"LBR",2014,"shape1",2.64861946099774
"mu","disease mortality rate (case fatality ratio)","beta",NA,"LBR",2014,"shape2",535160.22714706
"mu","disease mortality rate (case fatality ratio)","point",NA,"LBR",2015,"mean",2.17979956162074e-06
"mu","disease mortality rate (case fatality ratio)","beta",NA,"LBR",2015,"shape1",1.88455632702631
"mu","disease mortality rate (case fatality ratio)","beta",NA,"LBR",2015,"shape2",864552.985628661
"mu","disease mortality rate (case fatality ratio)","point",NA,"LBR",2016,"mean",9.25863551255099e-07
"mu","disease mortality rate (case fatality ratio)","beta",NA,"LBR",2016,"shape1",1.34287022443752
"mu","disease mortality rate (case fatality ratio)","beta",NA,"LBR",2016,"shape2",1450396.20503748
"mu","disease mortality rate (case fatality ratio)","point",NA,"LBR",2017,"mean",3.78939961204502e-07
"mu","disease mortality rate (case fatality ratio)","beta",NA,"LBR",2017,"shape1",0.956632226396417
"mu","disease mortality rate (case fatality ratio)","beta",NA,"LBR",2017,"shape2",2524494.54222109
"mu","disease mortality rate (case fatality ratio)","point",NA,"LBR",2018,"mean",1.50052500279022e-07
"mu","disease mortality rate (case fatality ratio)","beta",NA,"LBR",2018,"shape1",0.680561796285646
"mu","disease mortality rate (case fatality ratio)","beta",NA,"LBR",2018,"shape2",4535490.53098179
"mu","disease mortality rate (case fatality ratio)","point",NA,"LBR",2019,"mean",5.78452348599084e-08
"mu","disease mortality rate (case fatality ratio)","beta",NA,"LBR",2019,"shape1",0.483243539579461
"mu","disease mortality rate (case fatality ratio)","beta",NA,"LBR",2019,"shape2",8354076.4039849
"mu","disease mortality rate (case fatality ratio)","point",NA,"LBR",2020,"mean",2.18051833622158e-08
"mu","disease mortality rate (case fatality ratio)","beta",NA,"LBR",2020,"shape1",0.342409411684436
"mu","disease mortality rate (case fatality ratio)","beta",NA,"LBR",2020,"shape2",15703119.6908651
"mu","disease mortality rate (case fatality ratio)","point",NA,"LBR",2021,"mean",8.03755054963932e-09
"mu","disease mortality rate (case fatality ratio)","beta",NA,"LBR",2021,"shape1",0.242112059148575
"mu","disease mortality rate (case fatality ratio)","beta",NA,"LBR",2021,"shape2",30122617.0469872
"mu","disease mortality rate (case fatality ratio)","point",NA,"LBR",2022,"mean",2.88609492985555e-09
"mu","disease mortality rate (case fatality ratio)","beta",NA,"LBR",2022,"shape1",0.170889786300687
"mu","disease mortality rate (case fatality ratio)","beta",NA,"LBR",2022,"shape2",59211422.3408568
"mu","disease mortality rate (case fatality ratio)","point",NA,"LBR",2023,"mean",1.00549221678589e-09
"mu","disease mortality rate (case fatality ratio)","beta",NA,"LBR",2023,"shape1",0.120472220813831
"mu","disease mortality rate (case fatality ratio)","beta",NA,"LBR",2023,"shape2",119814175.268101
"mu","disease mortality rate (case fatality ratio)","point",NA,"LBR",2024,"mean",3.39958191549273e-10
"mu","disease mortality rate (case fatality ratio)","beta",NA,"LBR",2024,"shape1",0.0848748016308475
"mu","disease mortality rate (case fatality ratio)","beta",NA,"LBR",2024,"shape2",249662469.42072
"mu","disease mortality rate (case fatality ratio)","point",NA,"LBR",2025,"mean",1.12309187438918e-10
"mu","disease mortality rate (case fatality ratio)","beta",NA,"LBR",2025,"shape1",0.0597826737689352
"mu","disease mortality rate (case fatality ratio)","beta",NA,"LBR",2025,"shape2",532304392.236259
"mu","disease mortality rate (case fatality ratio)","point",NA,"LBR",2026,"mean",3.66738709432129e-11
"mu","disease mortality rate (case fatality ratio)","beta",NA,"LBR",2026,"shape1",0.0421112437172098
"mu","disease mortality rate (case fatality ratio)","beta",NA,"LBR",2026,"shape2",1148262853.97775
"mu","disease mortality rate (case fatality ratio)","point",NA,"MLI",1970,"mean",0.194576172240539
"mu","disease mortality rate (case fatality ratio)","beta",NA,"MLI",1970,"shape1",1164.5172930206
"mu","disease mortality rate (case fatality ratio)","beta",NA,"MLI",1970,"shape2",4820.37427726375
"mu","disease mortality rate (case fatality ratio)","point",NA,"MLI",1971,"mean",0.200689422054729
"mu","disease mortality rate (case fatality ratio)","beta",NA,"MLI",1971,"shape1",1571.31886287762
"mu","disease mortality rate (case fatality ratio)","beta",NA,"MLI",1971,"shape2",6258.28594035466
"mu","disease mortality rate (case fatality ratio)","point",NA,"MLI",1972,"mean",0.205512593634855
"mu","disease mortality rate (case fatality ratio)","beta",NA,"MLI",1972,"shape1",1174.37109055765
"mu","disease mortality rate (case fatality ratio)","beta",NA,"MLI",1972,"shape2",4539.97988807006
"mu","disease mortality rate (case fatality ratio)","point",NA,"MLI",1973,"mean",0.207964413306384
"mu","disease mortality rate (case fatality ratio)","beta",NA,"MLI",1973,"shape1",851.365908499691
"mu","disease mortality rate (case fatality ratio)","beta",NA,"MLI",1973,"shape2",3242.43982953018
"mu","disease mortality rate (case fatality ratio)","point",NA,"MLI",1974,"mean",0.208198858307466
"mu","disease mortality rate (case fatality ratio)","beta",NA,"MLI",1974,"shape1",761.972486089598
"mu","disease mortality rate (case fatality ratio)","beta",NA,"MLI",1974,"shape2",2897.85779484463
"mu","disease mortality rate (case fatality ratio)","point",NA,"MLI",1975,"mean",0.207694139486956
"mu","disease mortality rate (case fatality ratio)","beta",NA,"MLI",1975,"shape1",809.908814981283
"mu","disease mortality rate (case fatality ratio)","beta",NA,"MLI",1975,"shape2",3089.61775318243
"mu","disease mortality rate (case fatality ratio)","point",NA,"MLI",1976,"mean",0.208371816056649
"mu","disease mortality rate (case fatality ratio)","beta",NA,"MLI",1976,"shape1",903.53421689577
"mu","disease mortality rate (case fatality ratio)","beta",NA,"MLI",1976,"shape2",3432.62906081992
"mu","disease mortality rate (case fatality ratio)","point",NA,"MLI",1977,"mean",0.21140869312487
"mu","disease mortality rate (case fatality ratio)","beta",NA,"MLI",1977,"shape1",947.344458878327
"mu","disease mortality rate (case fatality ratio)","beta",NA,"MLI",1977,"shape2",3533.76010156077
"mu","disease mortality rate (case fatality ratio)","point",NA,"MLI",1978,"mean",0.216421511100361
"mu","disease mortality rate (case fatality ratio)","beta",NA,"MLI",1978,"shape1",935.791284015161
"mu","disease mortality rate (case fatality ratio)","beta",NA,"MLI",1978,"shape2",3388.13788207041
"mu","disease mortality rate (case fatality ratio)","point",NA,"MLI",1979,"mean",0.22141426180984
"mu","disease mortality rate (case fatality ratio)","beta",NA,"MLI",1979,"shape1",926.831533887173
"mu","disease mortality rate (case fatality ratio)","beta",NA,"MLI",1979,"shape2",3259.1297782309
"mu","disease mortality rate (case fatality ratio)","point",NA,"MLI",1980,"mean",0.223666047784941
"mu","disease mortality rate (case fatality ratio)","beta",NA,"MLI",1980,"shape1",949.70905134614
"mu","disease mortality rate (case fatality ratio)","beta",NA,"MLI",1980,"shape2",3296.3938362021
"mu","disease mortality rate (case fatality ratio)","point",NA,"MLI",1981,"mean",0.221314864631503
"mu","disease mortality rate (case fatality ratio)","beta",NA,"MLI",1981,"shape1",1015.44865471717
"mu","disease mortality rate (case fatality ratio)","beta",NA,"MLI",1981,"shape2",3572.80463051936
"mu","disease mortality rate (case fatality ratio)","point",NA,"MLI",1982,"mean",0.214684248411293
"mu","disease mortality rate (case fatality ratio)","beta",NA,"MLI",1982,"shape1",1143.04885309879
"mu","disease mortality rate (case fatality ratio)","beta",NA,"MLI",1982,"shape2",4181.27680915906
"mu","disease mortality rate (case fatality ratio)","point",NA,"MLI",1983,"mean",0.206282030523424
"mu","disease mortality rate (case fatality ratio)","beta",NA,"MLI",1983,"shape1",1340.75377099667
"mu","disease mortality rate (case fatality ratio)","beta",NA,"MLI",1983,"shape2",5158.86118622778
"mu","disease mortality rate (case fatality ratio)","point",NA,"MLI",1984,"mean",0.199403442011748
"mu","disease mortality rate (case fatality ratio)","beta",NA,"MLI",1984,"shape1",1548.71615922615
"mu","disease mortality rate (case fatality ratio)","beta",NA,"MLI",1984,"shape2",6218.03121284229
"mu","disease mortality rate (case fatality ratio)","point",NA,"MLI",1985,"mean",0.196360509042631
"mu","disease mortality rate (case fatality ratio)","beta",NA,"MLI",1985,"shape1",1650.96247649642
"mu","disease mortality rate (case fatality ratio)","beta",NA,"MLI",1985,"shape2",6756.85070623465
"mu","disease mortality rate (case fatality ratio)","point",NA,"MLI",1986,"mean",0.197296025147372
"mu","disease mortality rate (case fatality ratio)","beta",NA,"MLI",1986,"shape1",1633.16255715148
"mu","disease mortality rate (case fatality ratio)","beta",NA,"MLI",1986,"shape2",6644.56405154007
"mu","disease mortality rate (case fatality ratio)","point",NA,"MLI",1987,"mean",0.199842036276594
"mu","disease mortality rate (case fatality ratio)","beta",NA,"MLI",1987,"shape1",1574.86906363236
"mu","disease mortality rate (case fatality ratio)","beta",NA,"MLI",1987,"shape2",6305.70047506389
"mu","disease mortality rate (case fatality ratio)","point",NA,"MLI",1988,"mean",0.199792127934024
"mu","disease mortality rate (case fatality ratio)","beta",NA,"MLI",1988,"shape1",1515.03469076478
"mu","disease mortality rate (case fatality ratio)","beta",NA,"MLI",1988,"shape2",6068.02028958502
"mu","disease mortality rate (case fatality ratio)","point",NA,"MLI",1989,"mean",0.193074264969845
"mu","disease mortality rate (case fatality ratio)","beta",NA,"MLI",1989,"shape1",1464.34047075786
"mu","disease mortality rate (case fatality ratio)","beta",NA,"MLI",1989,"shape2",6119.99745737861
"mu","disease mortality rate (case fatality ratio)","point",NA,"MLI",1990,"mean",0.178357341353476
"mu","disease mortality rate (case fatality ratio)","beta",NA,"MLI",1990,"shape1",1449.21240658596
"mu","disease mortality rate (case fatality ratio)","beta",NA,"MLI",1990,"shape2",6676.11843535479
"mu","disease mortality rate (case fatality ratio)","point",NA,"MLI",1991,"mean",0.158278623642169
"mu","disease mortality rate (case fatality ratio)","beta",NA,"MLI",1991,"shape1",1491.2200575259
"mu","disease mortality rate (case fatality ratio)","beta",NA,"MLI",1991,"shape2",7930.26733736827
"mu","disease mortality rate (case fatality ratio)","point",NA,"MLI",1992,"mean",0.137908207168533
"mu","disease mortality rate (case fatality ratio)","beta",NA,"MLI",1992,"shape1",1570.87843984454
"mu","disease mortality rate (case fatality ratio)","beta",NA,"MLI",1992,"shape2",9819.87539632727
"mu","disease mortality rate (case fatality ratio)","point",NA,"MLI",1993,"mean",0.121781220300583
"mu","disease mortality rate (case fatality ratio)","beta",NA,"MLI",1993,"shape1",1629.51875864876
"mu","disease mortality rate (case fatality ratio)","beta",NA,"MLI",1993,"shape2",11751.187680544
"mu","disease mortality rate (case fatality ratio)","point",NA,"MLI",1994,"mean",0.112102910625121
"mu","disease mortality rate (case fatality ratio)","beta",NA,"MLI",1994,"shape1",1624.7518603756
"mu","disease mortality rate (case fatality ratio)","beta",NA,"MLI",1994,"shape2",12868.6439963018
"mu","disease mortality rate (case fatality ratio)","point",NA,"MLI",1995,"mean",0.108774714494806
"mu","disease mortality rate (case fatality ratio)","beta",NA,"MLI",1995,"shape1",1559.99319201398
"mu","disease mortality rate (case fatality ratio)","beta",NA,"MLI",1995,"shape2",12781.5125454105
"mu","disease mortality rate (case fatality ratio)","point",NA,"MLI",1996,"mean",0.109984834919937
"mu","disease mortality rate (case fatality ratio)","beta",NA,"MLI",1996,"shape1",1449.93732163852
"mu","disease mortality rate (case fatality ratio)","beta",NA,"MLI",1996,"shape2",11733.1285318858
"mu","disease mortality rate (case fatality ratio)","point",NA,"MLI",1997,"mean",0.112606127128445
"mu","disease mortality rate (case fatality ratio)","beta",NA,"MLI",1997,"shape1",1312.64365883275
"mu","disease mortality rate (case fatality ratio)","beta",NA,"MLI",1997,"shape2",10344.3033679972
"mu","disease mortality rate (case fatality ratio)","point",NA,"MLI",1998,"mean",0.112942429814298
"mu","disease mortality rate (case fatality ratio)","beta",NA,"MLI",1998,"shape1",1175.84113417008
"mu","disease mortality rate (case fatality ratio)","beta",NA,"MLI",1998,"shape2",9235.13670740297
"mu","disease mortality rate (case fatality ratio)","point",NA,"MLI",1999,"mean",0.108359055567437
"mu","disease mortality rate (case fatality ratio)","beta",NA,"MLI",1999,"shape1",1058.50317956199
"mu","disease mortality rate (case fatality ratio)","beta",NA,"MLI",1999,"shape2",8709.97601231538
"mu","disease mortality rate (case fatality ratio)","point",NA,"MLI",2000,"mean",0.0988479385334317
"mu","disease mortality rate (case fatality ratio)","beta",NA,"MLI",2000,"shape1",964.661049940259
"mu","disease mortality rate (case fatality ratio)","beta",NA,"MLI",2000,"shape2",8794.37959625388
"mu","disease mortality rate (case fatality ratio)","point",NA,"MLI",2001,"mean",0.0868706037272163
"mu","disease mortality rate (case fatality ratio)","beta",NA,"MLI",2001,"shape1",894.899670245111
"mu","disease mortality rate (case fatality ratio)","beta",NA,"MLI",2001,"shape2",9406.6250325784
"mu","disease mortality rate (case fatality ratio)","point",NA,"MLI",2002,"mean",0.0755171029979407
"mu","disease mortality rate (case fatality ratio)","beta",NA,"MLI",2002,"shape1",848.409776572509
"mu","disease mortality rate (case fatality ratio)","beta",NA,"MLI",2002,"shape2",10386.2608197776
"mu","disease mortality rate (case fatality ratio)","point",NA,"MLI",2003,"mean",0.0668039492009711
"mu","disease mortality rate (case fatality ratio)","beta",NA,"MLI",2003,"shape1",813.413385554961
"mu","disease mortality rate (case fatality ratio)","beta",NA,"MLI",2003,"shape2",11362.7138536882
"mu","disease mortality rate (case fatality ratio)","point",NA,"MLI",2004,"mean",0.0612672630829912
"mu","disease mortality rate (case fatality ratio)","beta",NA,"MLI",2004,"shape1",766.535339323133
"mu","disease mortality rate (case fatality ratio)","beta",NA,"MLI",2004,"shape2",11744.8010702175
"mu","disease mortality rate (case fatality ratio)","point",NA,"MLI",2005,"mean",0.0584053330401432
"mu","disease mortality rate (case fatality ratio)","beta",NA,"MLI",2005,"shape1",692.487774879698
"mu","disease mortality rate (case fatality ratio)","beta",NA,"MLI",2005,"shape2",11164.0968696037
"mu","disease mortality rate (case fatality ratio)","point",NA,"MLI",2006,"mean",0.057208424058306
"mu","disease mortality rate (case fatality ratio)","beta",NA,"MLI",2006,"shape1",597.63029576841
"mu","disease mortality rate (case fatality ratio)","beta",NA,"MLI",2006,"shape2",9848.91329647097
"mu","disease mortality rate (case fatality ratio)","point",NA,"MLI",2007,"mean",0.0565747152509299
"mu","disease mortality rate (case fatality ratio)","beta",NA,"MLI",2007,"shape1",495.116364276628
"mu","disease mortality rate (case fatality ratio)","beta",NA,"MLI",2007,"shape2",8256.4321336805
"mu","disease mortality rate (case fatality ratio)","point",NA,"MLI",2008,"mean",0.0556990965911332
"mu","disease mortality rate (case fatality ratio)","beta",NA,"MLI",2008,"shape1",393.676116394614
"mu","disease mortality rate (case fatality ratio)","beta",NA,"MLI",2008,"shape2",6674.23235049574
"mu","disease mortality rate (case fatality ratio)","point",NA,"MLI",2009,"mean",0.0543614380013108
"mu","disease mortality rate (case fatality ratio)","beta",NA,"MLI",2009,"shape1",301.37662858565
"mu","disease mortality rate (case fatality ratio)","beta",NA,"MLI",2009,"shape2",5242.56480612001
"mu","disease mortality rate (case fatality ratio)","point",NA,"MLI",2010,"mean",0.0529133120676299
"mu","disease mortality rate (case fatality ratio)","beta",NA,"MLI",2010,"shape1",224.795579706649
"mu","disease mortality rate (case fatality ratio)","beta",NA,"MLI",2010,"shape2",4023.57918502801
"mu","disease mortality rate (case fatality ratio)","point",NA,"MLI",2011,"mean",0.0519676327144075
"mu","disease mortality rate (case fatality ratio)","beta",NA,"MLI",2011,"shape1",165.450847953941
"mu","disease mortality rate (case fatality ratio)","beta",NA,"MLI",2011,"shape2",3018.27793305846
"mu","disease mortality rate (case fatality ratio)","point",NA,"MLI",2012,"mean",0.0520411055775526
"mu","disease mortality rate (case fatality ratio)","beta",NA,"MLI",2012,"shape1",121.321947994625
"mu","disease mortality rate (case fatality ratio)","beta",NA,"MLI",2012,"shape2",2209.94958530954
"mu","disease mortality rate (case fatality ratio)","point",NA,"MLI",2013,"mean",0.053352060411797
"mu","disease mortality rate (case fatality ratio)","beta",NA,"MLI",2013,"shape1",89.4908280556693
"mu","disease mortality rate (case fatality ratio)","beta",NA,"MLI",2013,"shape2",1587.8732205853
"mu","disease mortality rate (case fatality ratio)","point",NA,"MLI",2014,"mean",0.0557906481326389
"mu","disease mortality rate (case fatality ratio)","beta",NA,"MLI",2014,"shape1",67.0006887005709
"mu","disease mortality rate (case fatality ratio)","beta",NA,"MLI",2014,"shape2",1133.9297708503
"mu","disease mortality rate (case fatality ratio)","point",NA,"MLI",2015,"mean",0.0590110051325917
"mu","disease mortality rate (case fatality ratio)","beta",NA,"MLI",2015,"shape1",51.1317490021648
"mu","disease mortality rate (case fatality ratio)","beta",NA,"MLI",2015,"shape2",815.346442434788
"mu","disease mortality rate (case fatality ratio)","point",NA,"MLI",2016,"mean",0.0626121006212522
"mu","disease mortality rate (case fatality ratio)","beta",NA,"MLI",2016,"shape1",39.7385555311863
"mu","disease mortality rate (case fatality ratio)","beta",NA,"MLI",2016,"shape2",594.939967260587
"mu","disease mortality rate (case fatality ratio)","point",NA,"MLI",2017,"mean",0.0663387535125064
"mu","disease mortality rate (case fatality ratio)","beta",NA,"MLI",2017,"shape1",31.3750216125196
"mu","disease mortality rate (case fatality ratio)","beta",NA,"MLI",2017,"shape2",441.576608487143
"mu","disease mortality rate (case fatality ratio)","point",NA,"MLI",2018,"mean",0.070173505315543
"mu","disease mortality rate (case fatality ratio)","beta",NA,"MLI",2018,"shape1",25.1370687621115
"mu","disease mortality rate (case fatality ratio)","beta",NA,"MLI",2018,"shape2",333.076029601435
"mu","disease mortality rate (case fatality ratio)","point",NA,"MLI",2019,"mean",0.0742325138612424
"mu","disease mortality rate (case fatality ratio)","beta",NA,"MLI",2019,"shape1",20.4288499532169
"mu","disease mortality rate (case fatality ratio)","beta",NA,"MLI",2019,"shape2",254.77198712746
"mu","disease mortality rate (case fatality ratio)","point",NA,"MLI",2020,"mean",0.0785203882404417
"mu","disease mortality rate (case fatality ratio)","beta",NA,"MLI",2020,"shape1",16.8217191214299
"mu","disease mortality rate (case fatality ratio)","beta",NA,"MLI",2020,"shape2",197.412055040756
"mu","disease mortality rate (case fatality ratio)","point",NA,"MLI",2021,"mean",0.0827092918658567
"mu","disease mortality rate (case fatality ratio)","beta",NA,"MLI",2021,"shape1",14.0077176229515
"mu","disease mortality rate (case fatality ratio)","beta",NA,"MLI",2021,"shape2",155.353152322231
"mu","disease mortality rate (case fatality ratio)","point",NA,"MLI",2022,"mean",0.0861225435483613
"mu","disease mortality rate (case fatality ratio)","beta",NA,"MLI",2022,"shape1",11.7761932194195
"mu","disease mortality rate (case fatality ratio)","beta",NA,"MLI",2022,"shape2",124.961445199338
"mu","disease mortality rate (case fatality ratio)","point",NA,"MLI",2023,"mean",0.0880150396008358
"mu","disease mortality rate (case fatality ratio)","beta",NA,"MLI",2023,"shape1",9.98180791184293
"mu","disease mortality rate (case fatality ratio)","beta",NA,"MLI",2023,"shape2",103.428445121187
"mu","disease mortality rate (case fatality ratio)","point",NA,"MLI",2024,"mean",0.0880274364383399
"mu","disease mortality rate (case fatality ratio)","beta",NA,"MLI",2024,"shape1",8.51834757080853
"mu","disease mortality rate (case fatality ratio)","beta",NA,"MLI",2024,"shape2",88.25088615299
"mu","disease mortality rate (case fatality ratio)","point",NA,"MLI",2025,"mean",0.0864687140597893
"mu","disease mortality rate (case fatality ratio)","beta",NA,"MLI",2025,"shape1",7.30924311901504
"mu","disease mortality rate (case fatality ratio)","beta",NA,"MLI",2025,"shape2",77.2212509272018
"mu","disease mortality rate (case fatality ratio)","point",NA,"MLI",2026,"mean",0.0841379289510222
"mu","disease mortality rate (case fatality ratio)","beta",NA,"MLI",2026,"shape1",6.30362205117009
"mu","disease mortality rate (case fatality ratio)","beta",NA,"MLI",2026,"shape2",68.6164779531871
"mu","disease mortality rate (case fatality ratio)","point",NA,"MOZ",1970,"mean",0.168234486799235
"mu","disease mortality rate (case fatality ratio)","beta",NA,"MOZ",1970,"shape1",151.558652427826
"mu","disease mortality rate (case fatality ratio)","beta",NA,"MOZ",1970,"shape2",749.318779490702
"mu","disease mortality rate (case fatality ratio)","point",NA,"MOZ",1971,"mean",0.159903186346339
"mu","disease mortality rate (case fatality ratio)","beta",NA,"MOZ",1971,"shape1",202.373356874698
"mu","disease mortality rate (case fatality ratio)","beta",NA,"MOZ",1971,"shape2",1063.22591915456
"mu","disease mortality rate (case fatality ratio)","point",NA,"MOZ",1972,"mean",0.150808354840369
"mu","disease mortality rate (case fatality ratio)","beta",NA,"MOZ",1972,"shape1",253.154975521071
"mu","disease mortality rate (case fatality ratio)","beta",NA,"MOZ",1972,"shape2",1425.49854330444
"mu","disease mortality rate (case fatality ratio)","point",NA,"MOZ",1973,"mean",0.140399059567098
"mu","disease mortality rate (case fatality ratio)","beta",NA,"MOZ",1973,"shape1",300.03195478325
"mu","disease mortality rate (case fatality ratio)","beta",NA,"MOZ",1973,"shape2",1836.9620942393
"mu","disease mortality rate (case fatality ratio)","point",NA,"MOZ",1974,"mean",0.129167223567981
"mu","disease mortality rate (case fatality ratio)","beta",NA,"MOZ",1974,"shape1",360.676394733366
"mu","disease mortality rate (case fatality ratio)","beta",NA,"MOZ",1974,"shape2",2431.64494477069
"mu","disease mortality rate (case fatality ratio)","point",NA,"MOZ",1975,"mean",0.118381824518766
"mu","disease mortality rate (case fatality ratio)","beta",NA,"MOZ",1975,"shape1",457.734375778576
"mu","disease mortality rate (case fatality ratio)","beta",NA,"MOZ",1975,"shape2",3408.85897703815
"mu","disease mortality rate (case fatality ratio)","point",NA,"MOZ",1976,"mean",0.109263719372583
"mu","disease mortality rate (case fatality ratio)","beta",NA,"MOZ",1976,"shape1",595.438570915148
"mu","disease mortality rate (case fatality ratio)","beta",NA,"MOZ",1976,"shape2",4854.11572152787
"mu","disease mortality rate (case fatality ratio)","point",NA,"MOZ",1977,"mean",0.102286795522312
"mu","disease mortality rate (case fatality ratio)","beta",NA,"MOZ",1977,"shape1",749.723242276239
"mu","disease mortality rate (case fatality ratio)","beta",NA,"MOZ",1977,"shape2",6579.89578086249
"mu","disease mortality rate (case fatality ratio)","point",NA,"MOZ",1978,"mean",0.0969730815223233
"mu","disease mortality rate (case fatality ratio)","beta",NA,"MOZ",1978,"shape1",910.653364434522
"mu","disease mortality rate (case fatality ratio)","beta",NA,"MOZ",1978,"shape2",8480.13168785743
"mu","disease mortality rate (case fatality ratio)","point",NA,"MOZ",1979,"mean",0.0921580726329653
"mu","disease mortality rate (case fatality ratio)","beta",NA,"MOZ",1979,"shape1",1115.87726687608
"mu","disease mortality rate (case fatality ratio)","beta",NA,"MOZ",1979,"shape2",10992.4192175811
"mu","disease mortality rate (case fatality ratio)","point",NA,"MOZ",1980,"mean",0.086603538802896
"mu","disease mortality rate (case fatality ratio)","beta",NA,"MOZ",1980,"shape1",1399.52955973005
"mu","disease mortality rate (case fatality ratio)","beta",NA,"MOZ",1980,"shape2",14760.6594934596
"mu","disease mortality rate (case fatality ratio)","point",NA,"MOZ",1981,"mean",0.0797297497742647
"mu","disease mortality rate (case fatality ratio)","beta",NA,"MOZ",1981,"shape1",1736.0792549875
"mu","disease mortality rate (case fatality ratio)","beta",NA,"MOZ",1981,"shape2",20038.4686383996
"mu","disease mortality rate (case fatality ratio)","point",NA,"MOZ",1982,"mean",0.0719979128928924
"mu","disease mortality rate (case fatality ratio)","beta",NA,"MOZ",1982,"shape1",2028.46376313141
"mu","disease mortality rate (case fatality ratio)","beta",NA,"MOZ",1982,"shape2",26145.4607525564
"mu","disease mortality rate (case fatality ratio)","point",NA,"MOZ",1983,"mean",0.0645899232635782
"mu","disease mortality rate (case fatality ratio)","beta",NA,"MOZ",1983,"shape1",2118.29753092211
"mu","disease mortality rate (case fatality ratio)","beta",NA,"MOZ",1983,"shape2",30677.8016729393
"mu","disease mortality rate (case fatality ratio)","point",NA,"MOZ",1984,"mean",0.0586560103551238
"mu","disease mortality rate (case fatality ratio)","beta",NA,"MOZ",1984,"shape1",1928.72802127161
"mu","disease mortality rate (case fatality ratio)","beta",NA,"MOZ",1984,"shape2",30953.2905407551
"mu","disease mortality rate (case fatality ratio)","point",NA,"MOZ",1985,"mean",0.0547376678242589
"mu","disease mortality rate (case fatality ratio)","beta",NA,"MOZ",1985,"shape1",1649.37254288987
"mu","disease mortality rate (case fatality ratio)","beta",NA,"MOZ",1985,"shape2",28482.9405140959
"mu","disease mortality rate (case fatality ratio)","point",NA,"MOZ",1986,"mean",0.0526019478170797
"mu","disease mortality rate (case fatality ratio)","beta",NA,"MOZ",1986,"shape1",1483.53759468805
"mu","disease mortality rate (case fatality ratio)","beta",NA,"MOZ",1986,"shape2",26719.5548049882
"mu","disease mortality rate (case fatality ratio)","point",NA,"MOZ",1987,"mean",0.0513304857495864
"mu","disease mortality rate (case fatality ratio)","beta",NA,"MOZ",1987,"shape1",1479.82978675913
"mu","disease mortality rate (case fatality ratio)","beta",NA,"MOZ",1987,"shape2",27349.622441268
"mu","disease mortality rate (case fatality ratio)","point",NA,"MOZ",1988,"mean",0.0496036575607829
"mu","disease mortality rate (case fatality ratio)","beta",NA,"MOZ",1988,"shape1",1615.46442668276
"mu","disease mortality rate (case fatality ratio)","beta",NA,"MOZ",1988,"shape2",30951.9813247363
"mu","disease mortality rate (case fatality ratio)","point",NA,"MOZ",1989,"mean",0.0462999460743166
"mu","disease mortality rate (case fatality ratio)","beta",NA,"MOZ",1989,"shape1",1852.49647535175
"mu","disease mortality rate (case fatality ratio)","beta",NA,"MOZ",1989,"shape2",38158.273135012
"mu","disease mortality rate (case fatality ratio)","point",NA,"MOZ",1990,"mean",0.041217935273972
"mu","disease mortality rate (case fatality ratio)","beta",NA,"MOZ",1990,"shape1",2167.11507879288
"mu","disease mortality rate (case fatality ratio)","beta",NA,"MOZ",1990,"shape2",50409.8775431872
"mu","disease mortality rate (case fatality ratio)","point",NA,"MOZ",1991,"mean",0.0352514155659644
"mu","disease mortality rate (case fatality ratio)","beta",NA,"MOZ",1991,"shape1",2540.72422211992
"mu","disease mortality rate (case fatality ratio)","beta",NA,"MOZ",1991,"shape2",69533.664318833
"mu","disease mortality rate (case fatality ratio)","point",NA,"MOZ",1992,"mean",0.0297337861579894
"mu","disease mortality rate (case fatality ratio)","beta",NA,"MOZ",1992,"shape1",2872.88013659857
"mu","disease mortality rate (case fatality ratio)","beta",NA,"MOZ",1992,"shape2",93747.177643249
"mu","disease mortality rate (case fatality ratio)","point",NA,"MOZ",1993,"mean",0.0256249374567375
"mu","disease mortality rate (case fatality ratio)","beta",NA,"MOZ",1993,"shape1",3028.84947413203
"mu","disease mortality rate (case fatality ratio)","beta",NA,"MOZ",1993,"shape2",115170.442884947
"mu","disease mortality rate (case fatality ratio)","point",NA,"MOZ",1994,"mean",0.0232373567189147
"mu","disease mortality rate (case fatality ratio)","beta",NA,"MOZ",1994,"shape1",3087.94468767537
"mu","disease mortality rate (case fatality ratio)","beta",NA,"MOZ",1994,"shape2",129799.144193731
"mu","disease mortality rate (case fatality ratio)","point",NA,"MOZ",1995,"mean",0.0224013913752672
"mu","disease mortality rate (case fatality ratio)","beta",NA,"MOZ",1995,"shape1",3260.98936012314
"mu","disease mortality rate (case fatality ratio)","beta",NA,"MOZ",1995,"shape2",142309.850660266
"mu","disease mortality rate (case fatality ratio)","point",NA,"MOZ",1996,"mean",0.0226420194586247
"mu","disease mortality rate (case fatality ratio)","beta",NA,"MOZ",1996,"shape1",3638.76890809165
"mu","disease mortality rate (case fatality ratio)","beta",NA,"MOZ",1996,"shape2",157069.904394704
"mu","disease mortality rate (case fatality ratio)","point",NA,"MOZ",1997,"mean",0.0232324383976896
"mu","disease mortality rate (case fatality ratio)","beta",NA,"MOZ",1997,"shape1",4130.85421831303
"mu","disease mortality rate (case fatality ratio)","beta",NA,"MOZ",1997,"shape2",173674.598123867
"mu","disease mortality rate (case fatality ratio)","point",NA,"MOZ",1998,"mean",0.0233171319565924
"mu","disease mortality rate (case fatality ratio)","beta",NA,"MOZ",1998,"shape1",4499.87577568137
"mu","disease mortality rate (case fatality ratio)","beta",NA,"MOZ",1998,"shape2",188485.941865117
"mu","disease mortality rate (case fatality ratio)","point",NA,"MOZ",1999,"mean",0.0222808300428579
"mu","disease mortality rate (case fatality ratio)","beta",NA,"MOZ",1999,"shape1",4457.76459408182
"mu","disease mortality rate (case fatality ratio)","beta",NA,"MOZ",1999,"shape2",195613.982531459
"mu","disease mortality rate (case fatality ratio)","point",NA,"MOZ",2000,"mean",0.0201332352644927
"mu","disease mortality rate (case fatality ratio)","beta",NA,"MOZ",2000,"shape1",3921.41596950451
"mu","disease mortality rate (case fatality ratio)","beta",NA,"MOZ",2000,"shape2",190851.849131132
"mu","disease mortality rate (case fatality ratio)","point",NA,"MOZ",2001,"mean",0.0174566821099388
"mu","disease mortality rate (case fatality ratio)","beta",NA,"MOZ",2001,"shape1",3212.68717365758
"mu","disease mortality rate (case fatality ratio)","beta",NA,"MOZ",2001,"shape2",180824.986963083
"mu","disease mortality rate (case fatality ratio)","point",NA,"MOZ",2002,"mean",0.0149413181744889
"mu","disease mortality rate (case fatality ratio)","beta",NA,"MOZ",2002,"shape1",2644.95754676863
"mu","disease mortality rate (case fatality ratio)","beta",NA,"MOZ",2002,"shape2",174378.08124272
"mu","disease mortality rate (case fatality ratio)","point",NA,"MOZ",2003,"mean",0.0129997634097446
"mu","disease mortality rate (case fatality ratio)","beta",NA,"MOZ",2003,"shape1",2246.47200001852
"mu","disease mortality rate (case fatality ratio)","beta",NA,"MOZ",2003,"shape2",170562.211451448
"mu","disease mortality rate (case fatality ratio)","point",NA,"MOZ",2004,"mean",0.0117103275716215
"mu","disease mortality rate (case fatality ratio)","beta",NA,"MOZ",2004,"shape1",1931.71360844343
"mu","disease mortality rate (case fatality ratio)","beta",NA,"MOZ",2004,"shape2",163026.405336469
"mu","disease mortality rate (case fatality ratio)","point",NA,"MOZ",2005,"mean",0.0109383565208932
"mu","disease mortality rate (case fatality ratio)","beta",NA,"MOZ",2005,"shape1",1668.68989891981
"mu","disease mortality rate (case fatality ratio)","beta",NA,"MOZ",2005,"shape2",150885.297140401
"mu","disease mortality rate (case fatality ratio)","point",NA,"MOZ",2006,"mean",0.0104582327793641
"mu","disease mortality rate (case fatality ratio)","beta",NA,"MOZ",2006,"shape1",1479.71282111071
"mu","disease mortality rate (case fatality ratio)","beta",NA,"MOZ",2006,"shape2",140008.13243229
"mu","disease mortality rate (case fatality ratio)","point",NA,"MOZ",2007,"mean",0.0100427110204164
"mu","disease mortality rate (case fatality ratio)","beta",NA,"MOZ",2007,"shape1",1366.50782335643
"mu","disease mortality rate (case fatality ratio)","beta",NA,"MOZ",2007,"shape2",134703.107301322
"mu","disease mortality rate (case fatality ratio)","point",NA,"MOZ",2008,"mean",0.00954061998381552
"mu","disease mortality rate (case fatality ratio)","beta",NA,"MOZ",2008,"shape1",1295.20967260613
"mu","disease mortality rate (case fatality ratio)","beta",NA,"MOZ",2008,"shape2",134462.180811796
"mu","disease mortality rate (case fatality ratio)","point",NA,"MOZ",2009,"mean",0.00892453345846311
"mu","disease mortality rate (case fatality ratio)","beta",NA,"MOZ",2009,"shape1",1234.09152898868
"mu","disease mortality rate (case fatality ratio)","beta",NA,"MOZ",2009,"shape2",137046.697571353
"mu","disease mortality rate (case fatality ratio)","point",NA,"MOZ",2010,"mean",0.00827085656243197
"mu","disease mortality rate (case fatality ratio)","beta",NA,"MOZ",2010,"shape1",1180.61839374109
"mu","disease mortality rate (case fatality ratio)","beta",NA,"MOZ",2010,"shape2",141563.773898554
"mu","disease mortality rate (case fatality ratio)","point",NA,"MOZ",2011,"mean",0.00768676267756043
"mu","disease mortality rate (case fatality ratio)","beta",NA,"MOZ",2011,"shape1",1137.8493758809
"mu","disease mortality rate (case fatality ratio)","beta",NA,"MOZ",2011,"shape2",146889.275125122
"mu","disease mortality rate (case fatality ratio)","point",NA,"MOZ",2012,"mean",0.00724338133698579
"mu","disease mortality rate (case fatality ratio)","beta",NA,"MOZ",2012,"shape1",1089.73851597417
"mu","disease mortality rate (case fatality ratio)","beta",NA,"MOZ",2012,"shape2",149356.367422119
"mu","disease mortality rate (case fatality ratio)","point",NA,"MOZ",2013,"mean",0.00695104123856183
"mu","disease mortality rate (case fatality ratio)","beta",NA,"MOZ",2013,"shape1",1026.9047335753
"mu","disease mortality rate (case fatality ratio)","beta",NA,"MOZ",2013,"shape2",146707.038762315
"mu","disease mortality rate (case fatality ratio)","point",NA,"MOZ",2014,"mean",0.00676954341049628
"mu","disease mortality rate (case fatality ratio)","beta",NA,"MOZ",2014,"shape1",970.866466334616
"mu","disease mortality rate (case fatality ratio)","beta",NA,"MOZ",2014,"shape2",142445.964989281
"mu","disease mortality rate (case fatality ratio)","point",NA,"MOZ",2015,"mean",0.00663504128997837
"mu","disease mortality rate (case fatality ratio)","beta",NA,"MOZ",2015,"shape1",939.72132692965
"mu","disease mortality rate (case fatality ratio)","beta",NA,"MOZ",2015,"shape2",140690.343334313
"mu","disease mortality rate (case fatality ratio)","point",NA,"MOZ",2016,"mean",0.00649109880392877
"mu","disease mortality rate (case fatality ratio)","beta",NA,"MOZ",2016,"shape1",913.264891488474
"mu","disease mortality rate (case fatality ratio)","beta",NA,"MOZ",2016,"shape2",139781.695865497
"mu","disease mortality rate (case fatality ratio)","point",NA,"MOZ",2017,"mean",0.00631130694161655
"mu","disease mortality rate (case fatality ratio)","beta",NA,"MOZ",2017,"shape1",855.533762768554
"mu","disease mortality rate (case fatality ratio)","beta",NA,"MOZ",2017,"shape2",134700.187212738
"mu","disease mortality rate (case fatality ratio)","point",NA,"MOZ",2018,"mean",0.00610078995837976
"mu","disease mortality rate (case fatality ratio)","beta",NA,"MOZ",2018,"shape1",770.421394710702
"mu","disease mortality rate (case fatality ratio)","beta",NA,"MOZ",2018,"shape2",125511.814179141
"mu","disease mortality rate (case fatality ratio)","point",NA,"MOZ",2019,"mean",0.0058767647394645
"mu","disease mortality rate (case fatality ratio)","beta",NA,"MOZ",2019,"shape1",688.943002833622
"mu","disease mortality rate (case fatality ratio)","beta",NA,"MOZ",2019,"shape2",116542.736905524
"mu","disease mortality rate (case fatality ratio)","point",NA,"MOZ",2020,"mean",0.0056440918990662
"mu","disease mortality rate (case fatality ratio)","beta",NA,"MOZ",2020,"shape1",617.815293262803
"mu","disease mortality rate (case fatality ratio)","beta",NA,"MOZ",2020,"shape2",108844.486935554
"mu","disease mortality rate (case fatality ratio)","point",NA,"MOZ",2021,"mean",0.00538382775018608
"mu","disease mortality rate (case fatality ratio)","beta",NA,"MOZ",2021,"shape1",544.436424501624
"mu","disease mortality rate (case fatality ratio)","beta",NA,"MOZ",2021,"shape2",100579.977238771
"mu","disease mortality rate (case fatality ratio)","point",NA,"MOZ",2022,"mean",0.005062780992767
"mu","disease mortality rate (case fatality ratio)","beta",NA,"MOZ",2022,"shape1",468.270894419794
"mu","disease mortality rate (case fatality ratio)","beta",NA,"MOZ",2022,"shape2",92024.5497685309
"mu","disease mortality rate (case fatality ratio)","point",NA,"MOZ",2023,"mean",0.00465875155823669
"mu","disease mortality rate (case fatality ratio)","beta",NA,"MOZ",2023,"shape1",400.002708684024
"mu","disease mortality rate (case fatality ratio)","beta",NA,"MOZ",2023,"shape2",85460.4909630204
"mu","disease mortality rate (case fatality ratio)","point",NA,"MOZ",2024,"mean",0.00418324137800147
"mu","disease mortality rate (case fatality ratio)","beta",NA,"MOZ",2024,"shape1",341.174680214258
"mu","disease mortality rate (case fatality ratio)","beta",NA,"MOZ",2024,"shape2",81216.3185135572
"mu","disease mortality rate (case fatality ratio)","point",NA,"MOZ",2025,"mean",0.00368116600202493
"mu","disease mortality rate (case fatality ratio)","beta",NA,"MOZ",2025,"shape1",285.476426611859
"mu","disease mortality rate (case fatality ratio)","beta",NA,"MOZ",2025,"shape2",77265.0677365213
"mu","disease mortality rate (case fatality ratio)","point",NA,"MOZ",2026,"mean",0.00320545806987325
"mu","disease mortality rate (case fatality ratio)","beta",NA,"MOZ",2026,"shape1",232.248459930045
"mu","disease mortality rate (case fatality ratio)","beta",NA,"MOZ",2026,"shape2",72221.8142254787
"mu","disease mortality rate (case fatality ratio)","point",NA,"MRT",1970,"mean",0.0666625527006201
"mu","disease mortality rate (case fatality ratio)","beta",NA,"MRT",1970,"shape1",74.0888220946382
"mu","disease mortality rate (case fatality ratio)","beta",NA,"MRT",1970,"shape2",1037.31209330939
"mu","disease mortality rate (case fatality ratio)","point",NA,"MRT",1971,"mean",0.0664476298192813
"mu","disease mortality rate (case fatality ratio)","beta",NA,"MRT",1971,"shape1",90.818719415593
"mu","disease mortality rate (case fatality ratio)","beta",NA,"MRT",1971,"shape2",1275.95267126597
"mu","disease mortality rate (case fatality ratio)","point",NA,"MRT",1972,"mean",0.0657042166637877
"mu","disease mortality rate (case fatality ratio)","beta",NA,"MRT",1972,"shape1",106.148939363026
"mu","disease mortality rate (case fatality ratio)","beta",NA,"MRT",1972,"shape2",1509.40855074749
"mu","disease mortality rate (case fatality ratio)","point",NA,"MRT",1973,"mean",0.0640977651479221
"mu","disease mortality rate (case fatality ratio)","beta",NA,"MRT",1973,"shape1",119.740434321487
"mu","disease mortality rate (case fatality ratio)","beta",NA,"MRT",1973,"shape2",1748.35019325585
"mu","disease mortality rate (case fatality ratio)","point",NA,"MRT",1974,"mean",0.0617850400006932
"mu","disease mortality rate (case fatality ratio)","beta",NA,"MRT",1974,"shape1",134.726932090449
"mu","disease mortality rate (case fatality ratio)","beta",NA,"MRT",1974,"shape2",2045.84836718811
"mu","disease mortality rate (case fatality ratio)","point",NA,"MRT",1975,"mean",0.0593672932003032
"mu","disease mortality rate (case fatality ratio)","beta",NA,"MRT",1975,"shape1",153.026373215762
"mu","disease mortality rate (case fatality ratio)","beta",NA,"MRT",1975,"shape2",2424.5944844416
"mu","disease mortality rate (case fatality ratio)","point",NA,"MRT",1976,"mean",0.0575172658267852
"mu","disease mortality rate (case fatality ratio)","beta",NA,"MRT",1976,"shape1",171.978244558966
"mu","disease mortality rate (case fatality ratio)","beta",NA,"MRT",1976,"shape2",2818.04991632203
"mu","disease mortality rate (case fatality ratio)","point",NA,"MRT",1977,"mean",0.0565905548749893
"mu","disease mortality rate (case fatality ratio)","beta",NA,"MRT",1977,"shape1",186.840862090986
"mu","disease mortality rate (case fatality ratio)","beta",NA,"MRT",1977,"shape2",3114.78539875279
"mu","disease mortality rate (case fatality ratio)","point",NA,"MRT",1978,"mean",0.0564298617612908
"mu","disease mortality rate (case fatality ratio)","beta",NA,"MRT",1978,"shape1",196.508277736171
"mu","disease mortality rate (case fatality ratio)","beta",NA,"MRT",1978,"shape2",3285.8372677383
"mu","disease mortality rate (case fatality ratio)","point",NA,"MRT",1979,"mean",0.0564081149833932
"mu","disease mortality rate (case fatality ratio)","beta",NA,"MRT",1979,"shape1",203.493585814563
"mu","disease mortality rate (case fatality ratio)","beta",NA,"MRT",1979,"shape2",3404.02965573449
"mu","disease mortality rate (case fatality ratio)","point",NA,"MRT",1980,"mean",0.0557254687016347
"mu","disease mortality rate (case fatality ratio)","beta",NA,"MRT",1980,"shape1",210.136958601239
"mu","disease mortality rate (case fatality ratio)","beta",NA,"MRT",1980,"shape2",3560.79513936556
"mu","disease mortality rate (case fatality ratio)","point",NA,"MRT",1981,"mean",0.0538928497774861
"mu","disease mortality rate (case fatality ratio)","beta",NA,"MRT",1981,"shape1",218.270817427407
"mu","disease mortality rate (case fatality ratio)","beta",NA,"MRT",1981,"shape2",3831.81779968243
"mu","disease mortality rate (case fatality ratio)","point",NA,"MRT",1982,"mean",0.0510990182480512
"mu","disease mortality rate (case fatality ratio)","beta",NA,"MRT",1982,"shape1",230.167301827426
"mu","disease mortality rate (case fatality ratio)","beta",NA,"MRT",1982,"shape2",4274.17171913223
"mu","disease mortality rate (case fatality ratio)","point",NA,"MRT",1983,"mean",0.0481273404793815
"mu","disease mortality rate (case fatality ratio)","beta",NA,"MRT",1983,"shape1",247.346363181294
"mu","disease mortality rate (case fatality ratio)","beta",NA,"MRT",1983,"shape2",4892.06837940688
"mu","disease mortality rate (case fatality ratio)","point",NA,"MRT",1984,"mean",0.0458885705172017
"mu","disease mortality rate (case fatality ratio)","beta",NA,"MRT",1984,"shape1",269.07484504882
"mu","disease mortality rate (case fatality ratio)","beta",NA,"MRT",1984,"shape2",5594.58231437294
"mu","disease mortality rate (case fatality ratio)","point",NA,"MRT",1985,"mean",0.0449590208525153
"mu","disease mortality rate (case fatality ratio)","beta",NA,"MRT",1985,"shape1",293.346773036645
"mu","disease mortality rate (case fatality ratio)","beta",NA,"MRT",1985,"shape2",6231.41216241586
"mu","disease mortality rate (case fatality ratio)","point",NA,"MRT",1986,"mean",0.0453413723543533
"mu","disease mortality rate (case fatality ratio)","beta",NA,"MRT",1986,"shape1",318.965579858446
"mu","disease mortality rate (case fatality ratio)","beta",NA,"MRT",1986,"shape2",6715.79237509836
"mu","disease mortality rate (case fatality ratio)","point",NA,"MRT",1987,"mean",0.0463967332034021
"mu","disease mortality rate (case fatality ratio)","beta",NA,"MRT",1987,"shape1",344.350431356011
"mu","disease mortality rate (case fatality ratio)","beta",NA,"MRT",1987,"shape2",7077.51760936115
"mu","disease mortality rate (case fatality ratio)","point",NA,"MRT",1988,"mean",0.0469671266615115
"mu","disease mortality rate (case fatality ratio)","beta",NA,"MRT",1988,"shape1",364.511759633514
"mu","disease mortality rate (case fatality ratio)","beta",NA,"MRT",1988,"shape2",7396.48589007419
"mu","disease mortality rate (case fatality ratio)","point",NA,"MRT",1989,"mean",0.0458750427194937
"mu","disease mortality rate (case fatality ratio)","beta",NA,"MRT",1989,"shape1",373.197622527031
"mu","disease mortality rate (case fatality ratio)","beta",NA,"MRT",1989,"shape2",7761.89284069007
"mu","disease mortality rate (case fatality ratio)","point",NA,"MRT",1990,"mean",0.0426995282684687
"mu","disease mortality rate (case fatality ratio)","beta",NA,"MRT",1990,"shape1",368.490580704491
"mu","disease mortality rate (case fatality ratio)","beta",NA,"MRT",1990,"shape2",8261.3607466368
"mu","disease mortality rate (case fatality ratio)","point",NA,"MRT",1991,"mean",0.0381537961575196
"mu","disease mortality rate (case fatality ratio)","beta",NA,"MRT",1991,"shape1",352.183874728477
"mu","disease mortality rate (case fatality ratio)","beta",NA,"MRT",1991,"shape2",8878.45396991668
"mu","disease mortality rate (case fatality ratio)","point",NA,"MRT",1992,"mean",0.0335954993885516
"mu","disease mortality rate (case fatality ratio)","beta",NA,"MRT",1992,"shape1",326.115294539244
"mu","disease mortality rate (case fatality ratio)","beta",NA,"MRT",1992,"shape2",9380.99727930673
"mu","disease mortality rate (case fatality ratio)","point",NA,"MRT",1993,"mean",0.0301917980824965
"mu","disease mortality rate (case fatality ratio)","beta",NA,"MRT",1993,"shape1",293.409548607951
"mu","disease mortality rate (case fatality ratio)","beta",NA,"MRT",1993,"shape2",9424.77774869163
"mu","disease mortality rate (case fatality ratio)","point",NA,"MRT",1994,"mean",0.0285100025260926
"mu","disease mortality rate (case fatality ratio)","beta",NA,"MRT",1994,"shape1",259.520477365659
"mu","disease mortality rate (case fatality ratio)","beta",NA,"MRT",1994,"shape2",8843.26641744936
"mu","disease mortality rate (case fatality ratio)","point",NA,"MRT",1995,"mean",0.0285729237550061
"mu","disease mortality rate (case fatality ratio)","beta",NA,"MRT",1995,"shape1",229.120168534544
"mu","disease mortality rate (case fatality ratio)","beta",NA,"MRT",1995,"shape2",7789.66609566081
"mu","disease mortality rate (case fatality ratio)","point",NA,"MRT",1996,"mean",0.0299712126801052
"mu","disease mortality rate (case fatality ratio)","beta",NA,"MRT",1996,"shape1",204.152074192811
"mu","disease mortality rate (case fatality ratio)","beta",NA,"MRT",1996,"shape2",6607.45332769093
"mu","disease mortality rate (case fatality ratio)","point",NA,"MRT",1997,"mean",0.0318620847140632
"mu","disease mortality rate (case fatality ratio)","beta",NA,"MRT",1997,"shape1",184.855286643265
"mu","disease mortality rate (case fatality ratio)","beta",NA,"MRT",1997,"shape2",5616.87703257545
"mu","disease mortality rate (case fatality ratio)","point",NA,"MRT",1998,"mean",0.0330868194564982
"mu","disease mortality rate (case fatality ratio)","beta",NA,"MRT",1998,"shape1",170.924646975142
"mu","disease mortality rate (case fatality ratio)","beta",NA,"MRT",1998,"shape2",4995.01906664985
"mu","disease mortality rate (case fatality ratio)","point",NA,"MRT",1999,"mean",0.0326795882969101
"mu","disease mortality rate (case fatality ratio)","beta",NA,"MRT",1999,"shape1",161.726882647941
"mu","disease mortality rate (case fatality ratio)","beta",NA,"MRT",1999,"shape2",4787.1384818289
"mu","disease mortality rate (case fatality ratio)","point",NA,"MRT",2000,"mean",0.0304967837809162
"mu","disease mortality rate (case fatality ratio)","beta",NA,"MRT",2000,"shape1",156.233239530765
"mu","disease mortality rate (case fatality ratio)","beta",NA,"MRT",2000,"shape2",4966.70826974834
"mu","disease mortality rate (case fatality ratio)","point",NA,"MRT",2001,"mean",0.0272803629526157
"mu","disease mortality rate (case fatality ratio)","beta",NA,"MRT",2001,"shape1",152.834975274665
"mu","disease mortality rate (case fatality ratio)","beta",NA,"MRT",2001,"shape2",5449.5455920268
"mu","disease mortality rate (case fatality ratio)","point",NA,"MRT",2002,"mean",0.0240560874369435
"mu","disease mortality rate (case fatality ratio)","beta",NA,"MRT",2002,"shape1",148.644068182899
"mu","disease mortality rate (case fatality ratio)","beta",NA,"MRT",2002,"shape2",6030.41844863447
"mu","disease mortality rate (case fatality ratio)","point",NA,"MRT",2003,"mean",0.0215274394437667
"mu","disease mortality rate (case fatality ratio)","beta",NA,"MRT",2003,"shape1",138.950236797759
"mu","disease mortality rate (case fatality ratio)","beta",NA,"MRT",2003,"shape2",6315.61381670802
"mu","disease mortality rate (case fatality ratio)","point",NA,"MRT",2004,"mean",0.0199098369192721
"mu","disease mortality rate (case fatality ratio)","beta",NA,"MRT",2004,"shape1",119.72385925074
"mu","disease mortality rate (case fatality ratio)","beta",NA,"MRT",2004,"shape2",5893.57799430944
"mu","disease mortality rate (case fatality ratio)","point",NA,"MRT",2005,"mean",0.0190602817932409
"mu","disease mortality rate (case fatality ratio)","beta",NA,"MRT",2005,"shape1",93.008687448518
"mu","disease mortality rate (case fatality ratio)","beta",NA,"MRT",2005,"shape2",4786.70339957323
"mu","disease mortality rate (case fatality ratio)","point",NA,"MRT",2006,"mean",0.0186471773573428
"mu","disease mortality rate (case fatality ratio)","beta",NA,"MRT",2006,"shape1",66.2077690711199
"mu","disease mortality rate (case fatality ratio)","beta",NA,"MRT",2006,"shape2",3484.3440277159
"mu","disease mortality rate (case fatality ratio)","point",NA,"MRT",2007,"mean",0.0182963864277101
"mu","disease mortality rate (case fatality ratio)","beta",NA,"MRT",2007,"shape1",44.8142216914476
"mu","disease mortality rate (case fatality ratio)","beta",NA,"MRT",2007,"shape2",2404.53400717936
"mu","disease mortality rate (case fatality ratio)","point",NA,"MRT",2008,"mean",0.0177380454880773
"mu","disease mortality rate (case fatality ratio)","beta",NA,"MRT",2008,"shape1",29.7989104168976
"mu","disease mortality rate (case fatality ratio)","beta",NA,"MRT",2008,"shape2",1650.14437515688
"mu","disease mortality rate (case fatality ratio)","point",NA,"MRT",2009,"mean",0.0169130503879964
"mu","disease mortality rate (case fatality ratio)","beta",NA,"MRT",2009,"shape1",19.8559272247205
"mu","disease mortality rate (case fatality ratio)","beta",NA,"MRT",2009,"shape2",1154.14443162319
"mu","disease mortality rate (case fatality ratio)","point",NA,"MRT",2010,"mean",0.0159582610662971
"mu","disease mortality rate (case fatality ratio)","beta",NA,"MRT",2010,"shape1",13.382511349175
"mu","disease mortality rate (case fatality ratio)","beta",NA,"MRT",2010,"shape2",825.212075716336
"mu","disease mortality rate (case fatality ratio)","point",NA,"MRT",2011,"mean",0.0150817757209164
"mu","disease mortality rate (case fatality ratio)","beta",NA,"MRT",2011,"shape1",9.14724839894665
"mu","disease mortality rate (case fatality ratio)","beta",NA,"MRT",2011,"shape2",597.362791812079
"mu","disease mortality rate (case fatality ratio)","point",NA,"MRT",2012,"mean",0.0144343001402365
"mu","disease mortality rate (case fatality ratio)","beta",NA,"MRT",2012,"shape1",6.33568592366618
"mu","disease mortality rate (case fatality ratio)","beta",NA,"MRT",2012,"shape2",432.596985706533
"mu","disease mortality rate (case fatality ratio)","point",NA,"MRT",2013,"mean",0.0140521723602831
"mu","disease mortality rate (case fatality ratio)","beta",NA,"MRT",2013,"shape1",4.43758171065454
"mu","disease mortality rate (case fatality ratio)","beta",NA,"MRT",2013,"shape2",311.35570610845
"mu","disease mortality rate (case fatality ratio)","point",NA,"MRT",2014,"mean",0.0138686372099797
"mu","disease mortality rate (case fatality ratio)","beta",NA,"MRT",2014,"shape1",3.13565589525442
"mu","disease mortality rate (case fatality ratio)","beta",NA,"MRT",2014,"shape2",222.961245175749
"mu","disease mortality rate (case fatality ratio)","point",NA,"MRT",2015,"mean",0.0137626927134027
"mu","disease mortality rate (case fatality ratio)","beta",NA,"MRT",2015,"shape1",2.2298288844737
"mu","disease mortality rate (case fatality ratio)","beta",NA,"MRT",2015,"shape2",159.789983001771
"mu","disease mortality rate (case fatality ratio)","point",NA,"MRT",2016,"mean",0.0136217157475327
"mu","disease mortality rate (case fatality ratio)","beta",NA,"MRT",2016,"shape1",1.59186372898512
"mu","disease mortality rate (case fatality ratio)","beta",NA,"MRT",2016,"shape2",115.270340598943
"mu","disease mortality rate (case fatality ratio)","point",NA,"MRT",2017,"mean",0.0133908338070961
"mu","disease mortality rate (case fatality ratio)","beta",NA,"MRT",2017,"shape1",1.13847426494957
"mu","disease mortality rate (case fatality ratio)","beta",NA,"MRT",2017,"shape2",83.8804484810163
"mu","disease mortality rate (case fatality ratio)","point",NA,"MRT",2018,"mean",0.0130800122383355
"mu","disease mortality rate (case fatality ratio)","beta",NA,"MRT",2018,"shape1",0.814554459324991
"mu","disease mortality rate (case fatality ratio)","beta",NA,"MRT",2018,"shape2",61.4601930319392
"mu","disease mortality rate (case fatality ratio)","point",NA,"MRT",2019,"mean",0.0127257893221514
"mu","disease mortality rate (case fatality ratio)","beta",NA,"MRT",2019,"shape1",0.582575396287705
"mu","disease mortality rate (case fatality ratio)","beta",NA,"MRT",2019,"shape2",45.19654144589
"mu","disease mortality rate (case fatality ratio)","point",NA,"MRT",2020,"mean",0.0123393406525924
"mu","disease mortality rate (case fatality ratio)","beta",NA,"MRT",2020,"shape1",0.416226542473791
"mu","disease mortality rate (case fatality ratio)","beta",NA,"MRT",2020,"shape2",33.3154414771092
"mu","disease mortality rate (case fatality ratio)","point",NA,"MRT",2021,"mean",0.0118799607373071
"mu","disease mortality rate (case fatality ratio)","beta",NA,"MRT",2021,"shape1",0.296773464075727
"mu","disease mortality rate (case fatality ratio)","beta",NA,"MRT",2021,"shape2",24.6842404161939
"mu","disease mortality rate (case fatality ratio)","point",NA,"MRT",2022,"mean",0.0112737114779841
"mu","disease mortality rate (case fatality ratio)","beta",NA,"MRT",2022,"shape1",0.210867962936464
"mu","disease mortality rate (case fatality ratio)","beta",NA,"MRT",2022,"shape2",18.4935279539058
"mu","disease mortality rate (case fatality ratio)","point",NA,"MRT",2023,"mean",0.0104682641189279
"mu","disease mortality rate (case fatality ratio)","beta",NA,"MRT",2023,"shape1",0.149062875192414
"mu","disease mortality rate (case fatality ratio)","beta",NA,"MRT",2023,"shape2",14.0904398254406
"mu","disease mortality rate (case fatality ratio)","point",NA,"MRT",2024,"mean",0.00948510912927632
"mu","disease mortality rate (case fatality ratio)","beta",NA,"MRT",2024,"shape1",0.104700182935227
"mu","disease mortality rate (case fatality ratio)","beta",NA,"MRT",2024,"shape2",10.9336739156889
"mu","disease mortality rate (case fatality ratio)","point",NA,"MRT",2025,"mean",0.00842238908907838
"mu","disease mortality rate (case fatality ratio)","beta",NA,"MRT",2025,"shape1",0.0730408964159609
"mu","disease mortality rate (case fatality ratio)","beta",NA,"MRT",2025,"shape2",8.59918923252402
"mu","disease mortality rate (case fatality ratio)","point",NA,"MRT",2026,"mean",0.00740020188658432
"mu","disease mortality rate (case fatality ratio)","beta",NA,"MRT",2026,"shape1",0.050618517029899
"mu","disease mortality rate (case fatality ratio)","beta",NA,"MRT",2026,"shape2",6.7895350092765
"mu","disease mortality rate (case fatality ratio)","point",NA,"MWI",1970,"mean",0.0420621124602548
"mu","disease mortality rate (case fatality ratio)","beta",NA,"MWI",1970,"shape1",19.7017765123594
"mu","disease mortality rate (case fatality ratio)","beta",NA,"MWI",1970,"shape2",448.695442742285
"mu","disease mortality rate (case fatality ratio)","point",NA,"MWI",1971,"mean",0.0414378956901616
"mu","disease mortality rate (case fatality ratio)","beta",NA,"MWI",1971,"shape1",23.204097305745
"mu","disease mortality rate (case fatality ratio)","beta",NA,"MWI",1971,"shape2",536.768770989645
"mu","disease mortality rate (case fatality ratio)","point",NA,"MWI",1972,"mean",0.0404904423100984
"mu","disease mortality rate (case fatality ratio)","beta",NA,"MWI",1972,"shape1",27.2015740151945
"mu","disease mortality rate (case fatality ratio)","beta",NA,"MWI",1972,"shape2",644.600769038252
"mu","disease mortality rate (case fatality ratio)","point",NA,"MWI",1973,"mean",0.0390263359139454
"mu","disease mortality rate (case fatality ratio)","beta",NA,"MWI",1973,"shape1",31.8841715777702
"mu","disease mortality rate (case fatality ratio)","beta",NA,"MWI",1973,"shape2",785.106991724777
"mu","disease mortality rate (case fatality ratio)","point",NA,"MWI",1974,"mean",0.037166902113689
"mu","disease mortality rate (case fatality ratio)","beta",NA,"MWI",1974,"shape1",37.7351249950775
"mu","disease mortality rate (case fatality ratio)","beta",NA,"MWI",1974,"shape2",977.553286173828
"mu","disease mortality rate (case fatality ratio)","point",NA,"MWI",1975,"mean",0.035299579775319
"mu","disease mortality rate (case fatality ratio)","beta",NA,"MWI",1975,"shape1",45.3178430082024
"mu","disease mortality rate (case fatality ratio)","beta",NA,"MWI",1975,"shape2",1238.48902655368
"mu","disease mortality rate (case fatality ratio)","point",NA,"MWI",1976,"mean",0.0338361731452522
"mu","disease mortality rate (case fatality ratio)","beta",NA,"MWI",1976,"shape1",55.0199299565568
"mu","disease mortality rate (case fatality ratio)","beta",NA,"MWI",1976,"shape2",1571.04841176657
"mu","disease mortality rate (case fatality ratio)","point",NA,"MWI",1977,"mean",0.0329816787380363
"mu","disease mortality rate (case fatality ratio)","beta",NA,"MWI",1977,"shape1",67.1522917105558
"mu","disease mortality rate (case fatality ratio)","beta",NA,"MWI",1977,"shape2",1968.89603208541
"mu","disease mortality rate (case fatality ratio)","point",NA,"MWI",1978,"mean",0.0326324175925132
"mu","disease mortality rate (case fatality ratio)","beta",NA,"MWI",1978,"shape1",82.438525907717
"mu","disease mortality rate (case fatality ratio)","beta",NA,"MWI",1978,"shape2",2443.83847070166
"mu","disease mortality rate (case fatality ratio)","point",NA,"MWI",1979,"mean",0.0324150055980037
"mu","disease mortality rate (case fatality ratio)","beta",NA,"MWI",1979,"shape1",102.320188571528
"mu","disease mortality rate (case fatality ratio)","beta",NA,"MWI",1979,"shape2",3054.24840316208
"mu","disease mortality rate (case fatality ratio)","point",NA,"MWI",1980,"mean",0.0318655915199987
"mu","disease mortality rate (case fatality ratio)","beta",NA,"MWI",1980,"shape1",128.751364874342
"mu","disease mortality rate (case fatality ratio)","beta",NA,"MWI",1980,"shape2",3911.69975286307
"mu","disease mortality rate (case fatality ratio)","point",NA,"MWI",1981,"mean",0.0307089023334267
"mu","disease mortality rate (case fatality ratio)","beta",NA,"MWI",1981,"shape1",164.087005226109
"mu","disease mortality rate (case fatality ratio)","beta",NA,"MWI",1981,"shape2",5179.21714301431
"mu","disease mortality rate (case fatality ratio)","point",NA,"MWI",1982,"mean",0.0290632009203934
"mu","disease mortality rate (case fatality ratio)","beta",NA,"MWI",1982,"shape1",211.439055104432
"mu","disease mortality rate (case fatality ratio)","beta",NA,"MWI",1982,"shape2",7063.70781132582
"mu","disease mortality rate (case fatality ratio)","point",NA,"MWI",1983,"mean",0.0273840611345404
"mu","disease mortality rate (case fatality ratio)","beta",NA,"MWI",1983,"shape1",274.156368963648
"mu","disease mortality rate (case fatality ratio)","beta",NA,"MWI",1983,"shape2",9737.3743392353
"mu","disease mortality rate (case fatality ratio)","point",NA,"MWI",1984,"mean",0.0261952419826686
"mu","disease mortality rate (case fatality ratio)","beta",NA,"MWI",1984,"shape1",353.182105577357
"mu","disease mortality rate (case fatality ratio)","beta",NA,"MWI",1984,"shape2",13129.4994367818
"mu","disease mortality rate (case fatality ratio)","point",NA,"MWI",1985,"mean",0.0258321741449777
"mu","disease mortality rate (case fatality ratio)","beta",NA,"MWI",1985,"shape1",446.641499595173
"mu","disease mortality rate (case fatality ratio)","beta",NA,"MWI",1985,"shape2",16843.4827109529
"mu","disease mortality rate (case fatality ratio)","point",NA,"MWI",1986,"mean",0.0263103473929245
"mu","disease mortality rate (case fatality ratio)","beta",NA,"MWI",1986,"shape1",557.383852708733
"mu","disease mortality rate (case fatality ratio)","beta",NA,"MWI",1986,"shape2",20627.5835817626
"mu","disease mortality rate (case fatality ratio)","point",NA,"MWI",1987,"mean",0.0272757675203177
"mu","disease mortality rate (case fatality ratio)","beta",NA,"MWI",1987,"shape1",697.28487798563
"mu","disease mortality rate (case fatality ratio)","beta",NA,"MWI",1987,"shape2",24866.9775196251
"mu","disease mortality rate (case fatality ratio)","point",NA,"MWI",1988,"mean",0.0280488223924576
"mu","disease mortality rate (case fatality ratio)","beta",NA,"MWI",1988,"shape1",873.364134966131
"mu","disease mortality rate (case fatality ratio)","beta",NA,"MWI",1988,"shape2",30263.9193754098
"mu","disease mortality rate (case fatality ratio)","point",NA,"MWI",1989,"mean",0.0278937829014917
"mu","disease mortality rate (case fatality ratio)","beta",NA,"MWI",1989,"shape1",1069.6598504242
"mu","disease mortality rate (case fatality ratio)","beta",NA,"MWI",1989,"shape2",37277.9480807679
"mu","disease mortality rate (case fatality ratio)","point",NA,"MWI",1990,"mean",0.0264909286603181
"mu","disease mortality rate (case fatality ratio)","beta",NA,"MWI",1990,"shape1",1257.26104822162
"mu","disease mortality rate (case fatality ratio)","beta",NA,"MWI",1990,"shape2",46202.7983684545
"mu","disease mortality rate (case fatality ratio)","point",NA,"MWI",1991,"mean",0.0242123644115206
"mu","disease mortality rate (case fatality ratio)","beta",NA,"MWI",1991,"shape1",1417.35574319438
"mu","disease mortality rate (case fatality ratio)","beta",NA,"MWI",1991,"shape2",57121.1545445486
"mu","disease mortality rate (case fatality ratio)","point",NA,"MWI",1992,"mean",0.0218733232004693
"mu","disease mortality rate (case fatality ratio)","beta",NA,"MWI",1992,"shape1",1531.9500723437
"mu","disease mortality rate (case fatality ratio)","beta",NA,"MWI",1992,"shape2",68505.4218579919
"mu","disease mortality rate (case fatality ratio)","point",NA,"MWI",1993,"mean",0.0202353592560939
"mu","disease mortality rate (case fatality ratio)","beta",NA,"MWI",1993,"shape1",1594.40412419583
"mu","disease mortality rate (case fatality ratio)","beta",NA,"MWI",1993,"shape2",77198.5693050097
"mu","disease mortality rate (case fatality ratio)","point",NA,"MWI",1994,"mean",0.0197363169379722
"mu","disease mortality rate (case fatality ratio)","beta",NA,"MWI",1994,"shape1",1646.75045633376
"mu","disease mortality rate (case fatality ratio)","beta",NA,"MWI",1994,"shape2",81790.8261446706
"mu","disease mortality rate (case fatality ratio)","point",NA,"MWI",1995,"mean",0.0204937964309133
"mu","disease mortality rate (case fatality ratio)","beta",NA,"MWI",1995,"shape1",1749.85169741946
"mu","disease mortality rate (case fatality ratio)","beta",NA,"MWI",1995,"shape2",83634.606146611
"mu","disease mortality rate (case fatality ratio)","point",NA,"MWI",1996,"mean",0.0223329167281727
"mu","disease mortality rate (case fatality ratio)","beta",NA,"MWI",1996,"shape1",1925.93533775367
"mu","disease mortality rate (case fatality ratio)","beta",NA,"MWI",1996,"shape2",84311.5839793769
"mu","disease mortality rate (case fatality ratio)","point",NA,"MWI",1997,"mean",0.0247197542781888
"mu","disease mortality rate (case fatality ratio)","beta",NA,"MWI",1997,"shape1",2145.03817574309
"mu","disease mortality rate (case fatality ratio)","beta",NA,"MWI",1997,"shape2",84629.213364279
"mu","disease mortality rate (case fatality ratio)","point",NA,"MWI",1998,"mean",0.0267729666903098
"mu","disease mortality rate (case fatality ratio)","beta",NA,"MWI",1998,"shape1",2346.1607388112
"mu","disease mortality rate (case fatality ratio)","beta",NA,"MWI",1998,"shape2",85285.5450019042
"mu","disease mortality rate (case fatality ratio)","point",NA,"MWI",1999,"mean",0.0276184262246948
"mu","disease mortality rate (case fatality ratio)","beta",NA,"MWI",1999,"shape1",2448.43848422544
"mu","disease mortality rate (case fatality ratio)","beta",NA,"MWI",1999,"shape2",86203.9149955029
"mu","disease mortality rate (case fatality ratio)","point",NA,"MWI",2000,"mean",0.0269553913943111
"mu","disease mortality rate (case fatality ratio)","beta",NA,"MWI",2000,"shape1",2371.2695936802
"mu","disease mortality rate (case fatality ratio)","beta",NA,"MWI",2000,"shape2",85598.8718519624
"mu","disease mortality rate (case fatality ratio)","point",NA,"MWI",2001,"mean",0.0252539930868911
"mu","disease mortality rate (case fatality ratio)","beta",NA,"MWI",2001,"shape1",2134.05988194413
"mu","disease mortality rate (case fatality ratio)","beta",NA,"MWI",2001,"shape2",82369.7995513542
"mu","disease mortality rate (case fatality ratio)","point",NA,"MWI",2002,"mean",0.0233561433786734
"mu","disease mortality rate (case fatality ratio)","beta",NA,"MWI",2002,"shape1",1848.35195019144
"mu","disease mortality rate (case fatality ratio)","beta",NA,"MWI",2002,"shape2",77289.368701035
"mu","disease mortality rate (case fatality ratio)","point",NA,"MWI",2003,"mean",0.0219475407949072
"mu","disease mortality rate (case fatality ratio)","beta",NA,"MWI",2003,"shape1",1578.8964391227
"mu","disease mortality rate (case fatality ratio)","beta",NA,"MWI",2003,"shape2",70360.664073692
"mu","disease mortality rate (case fatality ratio)","point",NA,"MWI",2004,"mean",0.0213337250344023
"mu","disease mortality rate (case fatality ratio)","beta",NA,"MWI",2004,"shape1",1334.0504969208
"mu","disease mortality rate (case fatality ratio)","beta",NA,"MWI",2004,"shape2",61198.4183883555
"mu","disease mortality rate (case fatality ratio)","point",NA,"MWI",2005,"mean",0.0214776313337867
"mu","disease mortality rate (case fatality ratio)","beta",NA,"MWI",2005,"shape1",1129.07479407897
"mu","disease mortality rate (case fatality ratio)","beta",NA,"MWI",2005,"shape2",51440.7256895902
"mu","disease mortality rate (case fatality ratio)","point",NA,"MWI",2006,"mean",0.0221041124294588
"mu","disease mortality rate (case fatality ratio)","beta",NA,"MWI",2006,"shape1",984.153222285323
"mu","disease mortality rate (case fatality ratio)","beta",NA,"MWI",2006,"shape2",43539.3817274245
"mu","disease mortality rate (case fatality ratio)","point",NA,"MWI",2007,"mean",0.0228194944269757
"mu","disease mortality rate (case fatality ratio)","beta",NA,"MWI",2007,"shape1",897.154564240735
"mu","disease mortality rate (case fatality ratio)","beta",NA,"MWI",2007,"shape2",38418.1145409405
"mu","disease mortality rate (case fatality ratio)","point",NA,"MWI",2008,"mean",0.023279311304879
"mu","disease mortality rate (case fatality ratio)","beta",NA,"MWI",2008,"shape1",847.87431543745
"mu","disease mortality rate (case fatality ratio)","beta",NA,"MWI",2008,"shape2",35573.9211721184
"mu","disease mortality rate (case fatality ratio)","point",NA,"MWI",2009,"mean",0.0233573033575014
"mu","disease mortality rate (case fatality ratio)","beta",NA,"MWI",2009,"shape1",818.08215062216
"mu","disease mortality rate (case fatality ratio)","beta",NA,"MWI",2009,"shape2",34206.6010544888
"mu","disease mortality rate (case fatality ratio)","point",NA,"MWI",2010,"mean",0.0231890993984007
"mu","disease mortality rate (case fatality ratio)","beta",NA,"MWI",2010,"shape1",802.85553469097
"mu","disease mortality rate (case fatality ratio)","beta",NA,"MWI",2010,"shape2",33819.2537976939
"mu","disease mortality rate (case fatality ratio)","point",NA,"MWI",2011,"mean",0.0230533735315131
"mu","disease mortality rate (case fatality ratio)","beta",NA,"MWI",2011,"shape1",801.779228084424
"mu","disease mortality rate (case fatality ratio)","beta",NA,"MWI",2011,"shape2",33977.4788700166
"mu","disease mortality rate (case fatality ratio)","point",NA,"MWI",2012,"mean",0.0231990066185971
"mu","disease mortality rate (case fatality ratio)","beta",NA,"MWI",2012,"shape1",807.604332115544
"mu","disease mortality rate (case fatality ratio)","beta",NA,"MWI",2012,"shape2",34004.4178114594
"mu","disease mortality rate (case fatality ratio)","point",NA,"MWI",2013,"mean",0.0237334028155088
"mu","disease mortality rate (case fatality ratio)","beta",NA,"MWI",2013,"shape1",816.05603969769
"mu","disease mortality rate (case fatality ratio)","beta",NA,"MWI",2013,"shape2",33568.2269913235
"mu","disease mortality rate (case fatality ratio)","point",NA,"MWI",2014,"mean",0.0245993906934422
"mu","disease mortality rate (case fatality ratio)","beta",NA,"MWI",2014,"shape1",842.144553319576
"mu","disease mortality rate (case fatality ratio)","beta",NA,"MWI",2014,"shape2",33392.2218102375
"mu","disease mortality rate (case fatality ratio)","point",NA,"MWI",2015,"mean",0.0256221830944891
"mu","disease mortality rate (case fatality ratio)","beta",NA,"MWI",2015,"shape1",909.547920324618
"mu","disease mortality rate (case fatality ratio)","beta",NA,"MWI",2015,"shape2",34588.9073428511
"mu","disease mortality rate (case fatality ratio)","point",NA,"MWI",2016,"mean",0.0266044226622949
"mu","disease mortality rate (case fatality ratio)","beta",NA,"MWI",2016,"shape1",1021.92136900934
"mu","disease mortality rate (case fatality ratio)","beta",NA,"MWI",2016,"shape2",37389.7886681213
"mu","disease mortality rate (case fatality ratio)","point",NA,"MWI",2017,"mean",0.0274260705082201
"mu","disease mortality rate (case fatality ratio)","beta",NA,"MWI",2017,"shape1",1149.5352458489
"mu","disease mortality rate (case fatality ratio)","beta",NA,"MWI",2017,"shape2",40764.4256150175
"mu","disease mortality rate (case fatality ratio)","point",NA,"MWI",2018,"mean",0.0280829907382356
"mu","disease mortality rate (case fatality ratio)","beta",NA,"MWI",2018,"shape1",1273.59583582455
"mu","disease mortality rate (case fatality ratio)","beta",NA,"MWI",2018,"shape2",44077.5509738534
"mu","disease mortality rate (case fatality ratio)","point",NA,"MWI",2019,"mean",0.0286321928693458
"mu","disease mortality rate (case fatality ratio)","beta",NA,"MWI",2019,"shape1",1440.50654411792
"mu","disease mortality rate (case fatality ratio)","beta",NA,"MWI",2019,"shape2",48870.2241320558
"mu","disease mortality rate (case fatality ratio)","point",NA,"MWI",2020,"mean",0.0290853984819328
"mu","disease mortality rate (case fatality ratio)","beta",NA,"MWI",2020,"shape1",1698.57631035544
"mu","disease mortality rate (case fatality ratio)","beta",NA,"MWI",2020,"shape2",56701.0468342463
"mu","disease mortality rate (case fatality ratio)","point",NA,"MWI",2021,"mean",0.0293323687727916
"mu","disease mortality rate (case fatality ratio)","beta",NA,"MWI",2021,"shape1",1952.86690019668
"mu","disease mortality rate (case fatality ratio)","beta",NA,"MWI",2021,"shape2",64624.3303021015
"mu","disease mortality rate (case fatality ratio)","point",NA,"MWI",2022,"mean",0.0291591157468668
"mu","disease mortality rate (case fatality ratio)","beta",NA,"MWI",2022,"shape1",1979.88986784969
"mu","disease mortality rate (case fatality ratio)","beta",NA,"MWI",2022,"shape2",65919.6268746096
"mu","disease mortality rate (case fatality ratio)","point",NA,"MWI",2023,"mean",0.0283709754145288
"mu","disease mortality rate (case fatality ratio)","beta",NA,"MWI",2023,"shape1",1759.73139654769
"mu","disease mortality rate (case fatality ratio)","beta",NA,"MWI",2023,"shape2",60266.0315825614
"mu","disease mortality rate (case fatality ratio)","point",NA,"MWI",2024,"mean",0.026945995914443
"mu","disease mortality rate (case fatality ratio)","beta",NA,"MWI",2024,"shape1",1398.89217938749
"mu","disease mortality rate (case fatality ratio)","beta",NA,"MWI",2024,"shape2",50515.7664522382
"mu","disease mortality rate (case fatality ratio)","point",NA,"MWI",2025,"mean",0.0250883186494368
"mu","disease mortality rate (case fatality ratio)","beta",NA,"MWI",2025,"shape1",979.574475221447
"mu","disease mortality rate (case fatality ratio)","beta",NA,"MWI",2025,"shape2",38065.4683157763
"mu","disease mortality rate (case fatality ratio)","point",NA,"MWI",2026,"mean",0.0231164785114366
"mu","disease mortality rate (case fatality ratio)","beta",NA,"MWI",2026,"shape1",637.795949348409
"mu","disease mortality rate (case fatality ratio)","beta",NA,"MWI",2026,"shape2",26952.7364508555
"mu","disease mortality rate (case fatality ratio)","point",NA,"NAM",1970,"mean",0.140816991685177
"mu","disease mortality rate (case fatality ratio)","beta",NA,"NAM",1970,"shape1",0.137693002865004
"mu","disease mortality rate (case fatality ratio)","beta",NA,"NAM",1970,"shape2",0.840122253782735
"mu","disease mortality rate (case fatality ratio)","point",NA,"NAM",1971,"mean",0.126260869695938
"mu","disease mortality rate (case fatality ratio)","beta",NA,"NAM",1971,"shape1",0.107949729377541
"mu","disease mortality rate (case fatality ratio)","beta",NA,"NAM",1971,"shape2",0.7470240216944
"mu","disease mortality rate (case fatality ratio)","point",NA,"NAM",1972,"mean",0.112176423896038
"mu","disease mortality rate (case fatality ratio)","beta",NA,"NAM",1972,"shape1",0.0835466565412995
"mu","disease mortality rate (case fatality ratio)","beta",NA,"NAM",1972,"shape2",0.661232448012153
"mu","disease mortality rate (case fatality ratio)","point",NA,"NAM",1973,"mean",0.0982520972633406
"mu","disease mortality rate (case fatality ratio)","beta",NA,"NAM",1973,"shape1",0.0637213687655809
"mu","disease mortality rate (case fatality ratio)","beta",NA,"NAM",1973,"shape2",0.584828336944939
"mu","disease mortality rate (case fatality ratio)","point",NA,"NAM",1974,"mean",0.0849788687551733
"mu","disease mortality rate (case fatality ratio)","beta",NA,"NAM",1974,"shape1",0.049163818748839
"mu","disease mortality rate (case fatality ratio)","beta",NA,"NAM",1974,"shape2",0.529377876016262
"mu","disease mortality rate (case fatality ratio)","point",NA,"NAM",1975,"mean",0.0732462927751738
"mu","disease mortality rate (case fatality ratio)","beta",NA,"NAM",1975,"shape1",0.0405969771428367
"mu","disease mortality rate (case fatality ratio)","beta",NA,"NAM",1975,"shape2",0.513656017851016
"mu","disease mortality rate (case fatality ratio)","point",NA,"NAM",1976,"mean",0.0636902591503192
"mu","disease mortality rate (case fatality ratio)","beta",NA,"NAM",1976,"shape1",0.0378359720408356
"mu","disease mortality rate (case fatality ratio)","beta",NA,"NAM",1976,"shape2",0.556226174127177
"mu","disease mortality rate (case fatality ratio)","point",NA,"NAM",1977,"mean",0.0563357988933821
"mu","disease mortality rate (case fatality ratio)","beta",NA,"NAM",1977,"shape1",0.0399675319663335
"mu","disease mortality rate (case fatality ratio)","beta",NA,"NAM",1977,"shape2",0.669484233188782
"mu","disease mortality rate (case fatality ratio)","point",NA,"NAM",1978,"mean",0.0506491339197151
"mu","disease mortality rate (case fatality ratio)","beta",NA,"NAM",1978,"shape1",0.0458682650378836
"mu","disease mortality rate (case fatality ratio)","beta",NA,"NAM",1978,"shape2",0.859739817236341
"mu","disease mortality rate (case fatality ratio)","point",NA,"NAM",1979,"mean",0.0458257489417388
"mu","disease mortality rate (case fatality ratio)","beta",NA,"NAM",1979,"shape1",0.0544563237669619
"mu","disease mortality rate (case fatality ratio)","beta",NA,"NAM",1979,"shape2",1.13387829213197
"mu","disease mortality rate (case fatality ratio)","point",NA,"NAM",1980,"mean",0.0411616510481608
"mu","disease mortality rate (case fatality ratio)","beta",NA,"NAM",1980,"shape1",0.0648251166834098
"mu","disease mortality rate (case fatality ratio)","beta",NA,"NAM",1980,"shape2",1.51006595383176
"mu","disease mortality rate (case fatality ratio)","point",NA,"NAM",1981,"mean",0.0363765810484197
"mu","disease mortality rate (case fatality ratio)","beta",NA,"NAM",1981,"shape1",0.0764994058793198
"mu","disease mortality rate (case fatality ratio)","beta",NA,"NAM",1981,"shape2",2.02648563764344
"mu","disease mortality rate (case fatality ratio)","point",NA,"NAM",1982,"mean",0.03169646150134
"mu","disease mortality rate (case fatality ratio)","beta",NA,"NAM",1982,"shape1",0.089635367026177
"mu","disease mortality rate (case fatality ratio)","beta",NA,"NAM",1982,"shape2",2.73829440117169
"mu","disease mortality rate (case fatality ratio)","point",NA,"NAM",1983,"mean",0.027615505098497
"mu","disease mortality rate (case fatality ratio)","beta",NA,"NAM",1983,"shape1",0.104889221521853
"mu","disease mortality rate (case fatality ratio)","beta",NA,"NAM",1983,"shape2",3.69331114264826
"mu","disease mortality rate (case fatality ratio)","point",NA,"NAM",1984,"mean",0.0245438893068355
"mu","disease mortality rate (case fatality ratio)","beta",NA,"NAM",1984,"shape1",0.123079992857484
"mu","disease mortality rate (case fatality ratio)","beta",NA,"NAM",1984,"shape2",4.89160986818282
"mu","disease mortality rate (case fatality ratio)","point",NA,"NAM",1985,"mean",0.022606880733927
"mu","disease mortality rate (case fatality ratio)","beta",NA,"NAM",1985,"shape1",0.144952680072553
"mu","disease mortality rate (case fatality ratio)","beta",NA,"NAM",1985,"shape2",6.26693057700223
"mu","disease mortality rate (case fatality ratio)","point",NA,"NAM",1986,"mean",0.0216288020967285
"mu","disease mortality rate (case fatality ratio)","beta",NA,"NAM",1986,"shape1",0.171092451672539
"mu","disease mortality rate (case fatality ratio)","beta",NA,"NAM",1986,"shape2",7.73930641865681
"mu","disease mortality rate (case fatality ratio)","point",NA,"NAM",1987,"mean",0.0211866867397743
"mu","disease mortality rate (case fatality ratio)","beta",NA,"NAM",1987,"shape1",0.201865351363102
"mu","disease mortality rate (case fatality ratio)","beta",NA,"NAM",1987,"shape2",9.32606857443264
"mu","disease mortality rate (case fatality ratio)","point",NA,"NAM",1988,"mean",0.0207065914173415
"mu","disease mortality rate (case fatality ratio)","beta",NA,"NAM",1988,"shape1",0.237443481852581
"mu","disease mortality rate (case fatality ratio)","beta",NA,"NAM",1988,"shape2",11.2296047187375
"mu","disease mortality rate (case fatality ratio)","point",NA,"NAM",1989,"mean",0.0196798581186557
"mu","disease mortality rate (case fatality ratio)","beta",NA,"NAM",1989,"shape1",0.278251237991491
"mu","disease mortality rate (case fatality ratio)","beta",NA,"NAM",1989,"shape2",13.8606331134013
"mu","disease mortality rate (case fatality ratio)","point",NA,"NAM",1990,"mean",0.0179565751942363
"mu","disease mortality rate (case fatality ratio)","beta",NA,"NAM",1990,"shape1",0.325939461099445
"mu","disease mortality rate (case fatality ratio)","beta",NA,"NAM",1990,"shape2",17.8255987678645
"mu","disease mortality rate (case fatality ratio)","point",NA,"NAM",1991,"mean",0.0158495958463136
"mu","disease mortality rate (case fatality ratio)","beta",NA,"NAM",1991,"shape1",0.38424143727641
"mu","disease mortality rate (case fatality ratio)","beta",NA,"NAM",1991,"shape2",23.8587386993924
"mu","disease mortality rate (case fatality ratio)","point",NA,"NAM",1992,"mean",0.0138998882835651
"mu","disease mortality rate (case fatality ratio)","beta",NA,"NAM",1992,"shape1",0.459061898865176
"mu","disease mortality rate (case fatality ratio)","beta",NA,"NAM",1992,"shape2",32.567239428172
"mu","disease mortality rate (case fatality ratio)","point",NA,"NAM",1993,"mean",0.0125485095509363
"mu","disease mortality rate (case fatality ratio)","beta",NA,"NAM",1993,"shape1",0.55823709304491
"mu","disease mortality rate (case fatality ratio)","beta",NA,"NAM",1993,"shape2",43.9280894128193
"mu","disease mortality rate (case fatality ratio)","point",NA,"NAM",1994,"mean",0.0120044123994469
"mu","disease mortality rate (case fatality ratio)","beta",NA,"NAM",1994,"shape1",0.691856672821863
"mu","disease mortality rate (case fatality ratio)","beta",NA,"NAM",1994,"shape2",56.9416742156819
"mu","disease mortality rate (case fatality ratio)","point",NA,"NAM",1995,"mean",0.0122845494835496
"mu","disease mortality rate (case fatality ratio)","beta",NA,"NAM",1995,"shape1",0.873359278270682
"mu","disease mortality rate (case fatality ratio)","beta",NA,"NAM",1995,"shape2",70.2207642335611
"mu","disease mortality rate (case fatality ratio)","point",NA,"NAM",1996,"mean",0.013249296684445
"mu","disease mortality rate (case fatality ratio)","beta",NA,"NAM",1996,"shape1",1.12110789037648
"mu","disease mortality rate (case fatality ratio)","beta",NA,"NAM",1996,"shape2",83.4952998388491
"mu","disease mortality rate (case fatality ratio)","point",NA,"NAM",1997,"mean",0.0145660072520767
"mu","disease mortality rate (case fatality ratio)","beta",NA,"NAM",1997,"shape1",1.46046716205275
"mu","disease mortality rate (case fatality ratio)","beta",NA,"NAM",1997,"shape2",98.8049753012231
"mu","disease mortality rate (case fatality ratio)","point",NA,"NAM",1998,"mean",0.015710370903506
"mu","disease mortality rate (case fatality ratio)","beta",NA,"NAM",1998,"shape1",1.92743474802934
"mu","disease mortality rate (case fatality ratio)","beta",NA,"NAM",1998,"shape2",120.758067705589
"mu","disease mortality rate (case fatality ratio)","point",NA,"NAM",1999,"mean",0.0161667338009759
"mu","disease mortality rate (case fatality ratio)","beta",NA,"NAM",1999,"shape1",2.57619302436414
"mu","disease mortality rate (case fatality ratio)","beta",NA,"NAM",1999,"shape2",156.775291083615
"mu","disease mortality rate (case fatality ratio)","point",NA,"NAM",2000,"mean",0.0157558170893428
"mu","disease mortality rate (case fatality ratio)","beta",NA,"NAM",2000,"shape1",3.49332026585465
"mu","disease mortality rate (case fatality ratio)","beta",NA,"NAM",2000,"shape2",218.222903402261
"mu","disease mortality rate (case fatality ratio)","point",NA,"NAM",2001,"mean",0.0147496273527258
"mu","disease mortality rate (case fatality ratio)","beta",NA,"NAM",2001,"shape1",4.82104417189992
"mu","disease mortality rate (case fatality ratio)","beta",NA,"NAM",2001,"shape2",322.037665991307
"mu","disease mortality rate (case fatality ratio)","point",NA,"NAM",2002,"mean",0.0136367641832693
"mu","disease mortality rate (case fatality ratio)","beta",NA,"NAM",2002,"shape1",6.79415277278832
"mu","disease mortality rate (case fatality ratio)","beta",NA,"NAM",2002,"shape2",491.429082701501
"mu","disease mortality rate (case fatality ratio)","point",NA,"NAM",2003,"mean",0.0128131639487747
"mu","disease mortality rate (case fatality ratio)","beta",NA,"NAM",2003,"shape1",9.79882452799849
"mu","disease mortality rate (case fatality ratio)","beta",NA,"NAM",2003,"shape2",754.947850623653
"mu","disease mortality rate (case fatality ratio)","point",NA,"NAM",2004,"mean",0.0124519200830235
"mu","disease mortality rate (case fatality ratio)","beta",NA,"NAM",2004,"shape1",14.4516283919152
"mu","disease mortality rate (case fatality ratio)","beta",NA,"NAM",2004,"shape2",1146.14274545232
"mu","disease mortality rate (case fatality ratio)","point",NA,"NAM",2005,"mean",0.012525163912062
"mu","disease mortality rate (case fatality ratio)","beta",NA,"NAM",2005,"shape1",21.6241426924281
"mu","disease mortality rate (case fatality ratio)","beta",NA,"NAM",2005,"shape2",1704.83172201715
"mu","disease mortality rate (case fatality ratio)","point",NA,"NAM",2006,"mean",0.0128644250045028
"mu","disease mortality rate (case fatality ratio)","beta",NA,"NAM",2006,"shape1",32.0569554650176
"mu","disease mortality rate (case fatality ratio)","beta",NA,"NAM",2006,"shape2",2459.85041340666
"mu","disease mortality rate (case fatality ratio)","point",NA,"NAM",2007,"mean",0.0132312363494026
"mu","disease mortality rate (case fatality ratio)","beta",NA,"NAM",2007,"shape1",44.6961455154024
"mu","disease mortality rate (case fatality ratio)","beta",NA,"NAM",2007,"shape2",3333.38163460227
"mu","disease mortality rate (case fatality ratio)","point",NA,"NAM",2008,"mean",0.0134181889408294
"mu","disease mortality rate (case fatality ratio)","beta",NA,"NAM",2008,"shape1",54.3326407070785
"mu","disease mortality rate (case fatality ratio)","beta",NA,"NAM",2008,"shape2",3994.84575040596
"mu","disease mortality rate (case fatality ratio)","point",NA,"NAM",2009,"mean",0.0133501894869809
"mu","disease mortality rate (case fatality ratio)","beta",NA,"NAM",2009,"shape1",55.0849401504826
"mu","disease mortality rate (case fatality ratio)","beta",NA,"NAM",2009,"shape2",4071.06923947382
"mu","disease mortality rate (case fatality ratio)","point",NA,"NAM",2010,"mean",0.0131079582344931
"mu","disease mortality rate (case fatality ratio)","beta",NA,"NAM",2010,"shape1",48.3647633779295
"mu","disease mortality rate (case fatality ratio)","beta",NA,"NAM",2010,"shape2",3641.36040302209
"mu","disease mortality rate (case fatality ratio)","point",NA,"NAM",2011,"mean",0.0128530724639091
"mu","disease mortality rate (case fatality ratio)","beta",NA,"NAM",2011,"shape1",39.637582331101
"mu","disease mortality rate (case fatality ratio)","beta",NA,"NAM",2011,"shape2",3044.26180767092
"mu","disease mortality rate (case fatality ratio)","point",NA,"NAM",2012,"mean",0.0127236613675381
"mu","disease mortality rate (case fatality ratio)","beta",NA,"NAM",2012,"shape1",31.9513255460002
"mu","disease mortality rate (case fatality ratio)","beta",NA,"NAM",2012,"shape2",2479.22251216062
"mu","disease mortality rate (case fatality ratio)","point",NA,"NAM",2013,"mean",0.0127713988223193
"mu","disease mortality rate (case fatality ratio)","beta",NA,"NAM",2013,"shape1",25.9064660050759
"mu","disease mortality rate (case fatality ratio)","beta",NA,"NAM",2013,"shape2",2002.5687515883
"mu","disease mortality rate (case fatality ratio)","point",NA,"NAM",2014,"mean",0.0129543318335014
"mu","disease mortality rate (case fatality ratio)","beta",NA,"NAM",2014,"shape1",21.2466442921356
"mu","disease mortality rate (case fatality ratio)","beta",NA,"NAM",2014,"shape2",1618.8722414376
"mu","disease mortality rate (case fatality ratio)","point",NA,"NAM",2015,"mean",0.0131705876772937
"mu","disease mortality rate (case fatality ratio)","beta",NA,"NAM",2015,"shape1",17.5880629571034
"mu","disease mortality rate (case fatality ratio)","beta",NA,"NAM",2015,"shape2",1317.81650577186
"mu","disease mortality rate (case fatality ratio)","point",NA,"NAM",2016,"mean",0.0133152903786227
"mu","disease mortality rate (case fatality ratio)","beta",NA,"NAM",2016,"shape1",14.6198159045731
"mu","disease mortality rate (case fatality ratio)","beta",NA,"NAM",2016,"shape2",1083.35217635815
"mu","disease mortality rate (case fatality ratio)","point",NA,"NAM",2017,"mean",0.0133331611938689
"mu","disease mortality rate (case fatality ratio)","beta",NA,"NAM",2017,"shape1",12.1424727596678
"mu","disease mortality rate (case fatality ratio)","beta",NA,"NAM",2017,"shape2",898.554741735219
"mu","disease mortality rate (case fatality ratio)","point",NA,"NAM",2018,"mean",0.0132326359673431
"mu","disease mortality rate (case fatality ratio)","beta",NA,"NAM",2018,"shape1",10.0488188295707
"mu","disease mortality rate (case fatality ratio)","beta",NA,"NAM",2018,"shape2",749.347786228577
"mu","disease mortality rate (case fatality ratio)","point",NA,"NAM",2019,"mean",0.0130519308536776
"mu","disease mortality rate (case fatality ratio)","beta",NA,"NAM",2019,"shape1",8.28055773422
"mu","disease mortality rate (case fatality ratio)","beta",NA,"NAM",2019,"shape2",626.151069819708
"mu","disease mortality rate (case fatality ratio)","point",NA,"NAM",2020,"mean",0.0128061234590887
"mu","disease mortality rate (case fatality ratio)","beta",NA,"NAM",2020,"shape1",6.79539380551177
"mu","disease mortality rate (case fatality ratio)","beta",NA,"NAM",2020,"shape2",523.840893375444
"mu","disease mortality rate (case fatality ratio)","point",NA,"NAM",2021,"mean",0.0124569690610741
"mu","disease mortality rate (case fatality ratio)","beta",NA,"NAM",2021,"shape1",5.55671918974363
"mu","disease mortality rate (case fatality ratio)","beta",NA,"NAM",2021,"shape2",440.516411641691
"mu","disease mortality rate (case fatality ratio)","point",NA,"NAM",2022,"mean",0.0119295948045027
"mu","disease mortality rate (case fatality ratio)","beta",NA,"NAM",2022,"shape1",4.53261853748895
"mu","disease mortality rate (case fatality ratio)","beta",NA,"NAM",2022,"shape2",375.414782172062
"mu","disease mortality rate (case fatality ratio)","point",NA,"NAM",2023,"mean",0.0111694615091263
"mu","disease mortality rate (case fatality ratio)","beta",NA,"NAM",2023,"shape1",3.69350793865981
"mu","disease mortality rate (case fatality ratio)","beta",NA,"NAM",2023,"shape2",326.98563318573
"mu","disease mortality rate (case fatality ratio)","point",NA,"NAM",2024,"mean",0.0101992494917462
"mu","disease mortality rate (case fatality ratio)","beta",NA,"NAM",2024,"shape1",3.01028887571998
"mu","disease mortality rate (case fatality ratio)","beta",NA,"NAM",2024,"shape2",292.137788260356
"mu","disease mortality rate (case fatality ratio)","point",NA,"NAM",2025,"mean",0.0091244538374315
"mu","disease mortality rate (case fatality ratio)","beta",NA,"NAM",2025,"shape1",2.45568366371352
"mu","disease mortality rate (case fatality ratio)","beta",NA,"NAM",2025,"shape2",266.676442758966
"mu","disease mortality rate (case fatality ratio)","point",NA,"NAM",2026,"mean",0.00807634727235868
"mu","disease mortality rate (case fatality ratio)","beta",NA,"NAM",2026,"shape1",2.00624663068479
"mu","disease mortality rate (case fatality ratio)","beta",NA,"NAM",2026,"shape2",246.403902540485
"mu","disease mortality rate (case fatality ratio)","point",NA,"NER",1970,"mean",0.262037090762193
"mu","disease mortality rate (case fatality ratio)","beta",NA,"NER",1970,"shape1",1314.35405526023
"mu","disease mortality rate (case fatality ratio)","beta",NA,"NER",1970,"shape2",3701.55438517139
"mu","disease mortality rate (case fatality ratio)","point",NA,"NER",1971,"mean",0.251017464270028
"mu","disease mortality rate (case fatality ratio)","beta",NA,"NER",1971,"shape1",2409.17570833503
"mu","disease mortality rate (case fatality ratio)","beta",NA,"NER",1971,"shape2",7188.46609456117
"mu","disease mortality rate (case fatality ratio)","point",NA,"NER",1972,"mean",0.238764303842479
"mu","disease mortality rate (case fatality ratio)","beta",NA,"NER",1972,"shape1",1885.67880939875
"mu","disease mortality rate (case fatality ratio)","beta",NA,"NER",1972,"shape2",6011.97916983921
"mu","disease mortality rate (case fatality ratio)","point",NA,"NER",1973,"mean",0.224452584028038
"mu","disease mortality rate (case fatality ratio)","beta",NA,"NER",1973,"shape1",1201.72950852984
"mu","disease mortality rate (case fatality ratio)","beta",NA,"NER",1973,"shape2",4152.31670899878
"mu","disease mortality rate (case fatality ratio)","point",NA,"NER",1974,"mean",0.208727822189452
"mu","disease mortality rate (case fatality ratio)","beta",NA,"NER",1974,"shape1",963.860913468572
"mu","disease mortality rate (case fatality ratio)","beta",NA,"NER",1974,"shape2",3653.92747409829
"mu","disease mortality rate (case fatality ratio)","point",NA,"NER",1975,"mean",0.193433652429053
"mu","disease mortality rate (case fatality ratio)","beta",NA,"NER",1975,"shape1",921.449061053856
"mu","disease mortality rate (case fatality ratio)","beta",NA,"NER",1975,"shape2",3842.19495581038
"mu","disease mortality rate (case fatality ratio)","point",NA,"NER",1976,"mean",0.18046699897714
"mu","disease mortality rate (case fatality ratio)","beta",NA,"NER",1976,"shape1",909.9242602222
"mu","disease mortality rate (case fatality ratio)","beta",NA,"NER",1976,"shape2",4132.12921980194
"mu","disease mortality rate (case fatality ratio)","point",NA,"NER",1977,"mean",0.170686450930766
"mu","disease mortality rate (case fatality ratio)","beta",NA,"NER",1977,"shape1",852.866913713463
"mu","disease mortality rate (case fatality ratio)","beta",NA,"NER",1977,"shape2",4143.82092567106
"mu","disease mortality rate (case fatality ratio)","point",NA,"NER",1978,"mean",0.163493634191816
"mu","disease mortality rate (case fatality ratio)","beta",NA,"NER",1978,"shape1",784.98023025003
"mu","disease mortality rate (case fatality ratio)","beta",NA,"NER",1978,"shape2",4016.30903174696
"mu","disease mortality rate (case fatality ratio)","point",NA,"NER",1979,"mean",0.157156723677036
"mu","disease mortality rate (case fatality ratio)","beta",NA,"NER",1979,"shape1",748.656429028821
"mu","disease mortality rate (case fatality ratio)","beta",NA,"NER",1979,"shape2",4015.10048516687
"mu","disease mortality rate (case fatality ratio)","point",NA,"NER",1980,"mean",0.149722023524447
"mu","disease mortality rate (case fatality ratio)","beta",NA,"NER",1980,"shape1",744.431396247012
"mu","disease mortality rate (case fatality ratio)","beta",NA,"NER",1980,"shape2",4227.65873934657
"mu","disease mortality rate (case fatality ratio)","point",NA,"NER",1981,"mean",0.140168704157988
"mu","disease mortality rate (case fatality ratio)","beta",NA,"NER",1981,"shape1",758.60364102011
"mu","disease mortality rate (case fatality ratio)","beta",NA,"NER",1981,"shape2",4653.47208285237
"mu","disease mortality rate (case fatality ratio)","point",NA,"NER",1982,"mean",0.129103186836803
"mu","disease mortality rate (case fatality ratio)","beta",NA,"NER",1982,"shape1",780.828483473844
"mu","disease mortality rate (case fatality ratio)","beta",NA,"NER",1982,"shape2",5267.26763719649
"mu","disease mortality rate (case fatality ratio)","point",NA,"NER",1983,"mean",0.118399812076475
"mu","disease mortality rate (case fatality ratio)","beta",NA,"NER",1983,"shape1",796.151993698426
"mu","disease mortality rate (case fatality ratio)","beta",NA,"NER",1983,"shape2",5928.11538253852
"mu","disease mortality rate (case fatality ratio)","point",NA,"NER",1984,"mean",0.110067196985632
"mu","disease mortality rate (case fatality ratio)","beta",NA,"NER",1984,"shape1",784.236880182835
"mu","disease mortality rate (case fatality ratio)","beta",NA,"NER",1984,"shape2",6340.83672630871
"mu","disease mortality rate (case fatality ratio)","point",NA,"NER",1985,"mean",0.105229585819868
"mu","disease mortality rate (case fatality ratio)","beta",NA,"NER",1985,"shape1",747.598714353332
"mu","disease mortality rate (case fatality ratio)","beta",NA,"NER",1985,"shape2",6356.85492887466
"mu","disease mortality rate (case fatality ratio)","point",NA,"NER",1986,"mean",0.103687452562049
"mu","disease mortality rate (case fatality ratio)","beta",NA,"NER",1986,"shape1",714.901171238453
"mu","disease mortality rate (case fatality ratio)","beta",NA,"NER",1986,"shape2",6179.86915606452
"mu","disease mortality rate (case fatality ratio)","point",NA,"NER",1987,"mean",0.103909835202871
"mu","disease mortality rate (case fatality ratio)","beta",NA,"NER",1987,"shape1",706.678681845558
"mu","disease mortality rate (case fatality ratio)","beta",NA,"NER",1987,"shape2",6094.20480012569
"mu","disease mortality rate (case fatality ratio)","point",NA,"NER",1988,"mean",0.10341974364682
"mu","disease mortality rate (case fatality ratio)","beta",NA,"NER",1988,"shape1",722.585141469244
"mu","disease mortality rate (case fatality ratio)","beta",NA,"NER",1988,"shape2",6264.33163079507
"mu","disease mortality rate (case fatality ratio)","point",NA,"NER",1989,"mean",0.0998429567078058
"mu","disease mortality rate (case fatality ratio)","beta",NA,"NER",1989,"shape1",754.127406316753
"mu","disease mortality rate (case fatality ratio)","beta",NA,"NER",1989,"shape2",6799.00834990624
"mu","disease mortality rate (case fatality ratio)","point",NA,"NER",1990,"mean",0.0923688715792597
"mu","disease mortality rate (case fatality ratio)","beta",NA,"NER",1990,"shape1",798.4738807539
"mu","disease mortality rate (case fatality ratio)","beta",NA,"NER",1990,"shape2",7845.93052846038
"mu","disease mortality rate (case fatality ratio)","point",NA,"NER",1991,"mean",0.0824109011625414
"mu","disease mortality rate (case fatality ratio)","beta",NA,"NER",1991,"shape1",856.524247795675
"mu","disease mortality rate (case fatality ratio)","beta",NA,"NER",1991,"shape2",9536.81250393245
"mu","disease mortality rate (case fatality ratio)","point",NA,"NER",1992,"mean",0.0726596088051717
"mu","disease mortality rate (case fatality ratio)","beta",NA,"NER",1992,"shape1",920.179398990769
"mu","disease mortality rate (case fatality ratio)","beta",NA,"NER",1992,"shape2",11744.069887819
"mu","disease mortality rate (case fatality ratio)","point",NA,"NER",1993,"mean",0.0654663675796213
"mu","disease mortality rate (case fatality ratio)","beta",NA,"NER",1993,"shape1",973.826365779862
"mu","disease mortality rate (case fatality ratio)","beta",NA,"NER",1993,"shape2",13901.3897456911
"mu","disease mortality rate (case fatality ratio)","point",NA,"NER",1994,"mean",0.0620025749813822
"mu","disease mortality rate (case fatality ratio)","beta",NA,"NER",1994,"shape1",1013.09822303298
"mu","disease mortality rate (case fatality ratio)","beta",NA,"NER",1994,"shape2",15326.5170806409
"mu","disease mortality rate (case fatality ratio)","point",NA,"NER",1995,"mean",0.062327390867155
"mu","disease mortality rate (case fatality ratio)","beta",NA,"NER",1995,"shape1",1044.66414899969
"mu","disease mortality rate (case fatality ratio)","beta",NA,"NER",1995,"shape2",15716.251629206
"mu","disease mortality rate (case fatality ratio)","point",NA,"NER",1996,"mean",0.0655891587990436
"mu","disease mortality rate (case fatality ratio)","beta",NA,"NER",1996,"shape1",1064.77514615106
"mu","disease mortality rate (case fatality ratio)","beta",NA,"NER",1996,"shape2",15169.236169856
"mu","disease mortality rate (case fatality ratio)","point",NA,"NER",1997,"mean",0.0700130303655048
"mu","disease mortality rate (case fatality ratio)","beta",NA,"NER",1997,"shape1",1058.23808605452
"mu","disease mortality rate (case fatality ratio)","beta",NA,"NER",1997,"shape2",14056.6352529506
"mu","disease mortality rate (case fatality ratio)","point",NA,"NER",1998,"mean",0.0731425752960356
"mu","disease mortality rate (case fatality ratio)","beta",NA,"NER",1998,"shape1",1018.55092485905
"mu","disease mortality rate (case fatality ratio)","beta",NA,"NER",1998,"shape2",12907.0036613254
"mu","disease mortality rate (case fatality ratio)","point",NA,"NER",1999,"mean",0.0728820127060331
"mu","disease mortality rate (case fatality ratio)","beta",NA,"NER",1999,"shape1",953.052949687687
"mu","disease mortality rate (case fatality ratio)","beta",NA,"NER",1999,"shape2",12123.6022400062
"mu","disease mortality rate (case fatality ratio)","point",NA,"NER",2000,"mean",0.0688031525874462
"mu","disease mortality rate (case fatality ratio)","beta",NA,"NER",2000,"shape1",874.584392296576
"mu","disease mortality rate (case fatality ratio)","beta",NA,"NER",2000,"shape2",11836.8155858514
"mu","disease mortality rate (case fatality ratio)","point",NA,"NER",2001,"mean",0.0623547965547441
"mu","disease mortality rate (case fatality ratio)","beta",NA,"NER",2001,"shape1",798.987297156838
"mu","disease mortality rate (case fatality ratio)","beta",NA,"NER",2001,"shape2",12014.5786400742
"mu","disease mortality rate (case fatality ratio)","point",NA,"NER",2002,"mean",0.0556986704685396
"mu","disease mortality rate (case fatality ratio)","beta",NA,"NER",2002,"shape1",739.30294253146
"mu","disease mortality rate (case fatality ratio)","beta",NA,"NER",2002,"shape2",12533.957196578
"mu","disease mortality rate (case fatality ratio)","point",NA,"NER",2003,"mean",0.0504168748475184
"mu","disease mortality rate (case fatality ratio)","beta",NA,"NER",2003,"shape1",697.093803648527
"mu","disease mortality rate (case fatality ratio)","beta",NA,"NER",2003,"shape2",13129.5030601362
"mu","disease mortality rate (case fatality ratio)","point",NA,"NER",2004,"mean",0.0470631562292195
"mu","disease mortality rate (case fatality ratio)","beta",NA,"NER",2004,"shape1",664.718891057114
"mu","disease mortality rate (case fatality ratio)","beta",NA,"NER",2004,"shape2",13459.2571512556
"mu","disease mortality rate (case fatality ratio)","point",NA,"NER",2005,"mean",0.0453698554373881
"mu","disease mortality rate (case fatality ratio)","beta",NA,"NER",2005,"shape1",637.41836495059
"mu","disease mortality rate (case fatality ratio)","beta",NA,"NER",2005,"shape2",13411.9621941356
"mu","disease mortality rate (case fatality ratio)","point",NA,"NER",2006,"mean",0.0446004562218463
"mu","disease mortality rate (case fatality ratio)","beta",NA,"NER",2006,"shape1",619.263666156532
"mu","disease mortality rate (case fatality ratio)","beta",NA,"NER",2006,"shape2",13265.4298687316
"mu","disease mortality rate (case fatality ratio)","point",NA,"NER",2007,"mean",0.0438898968581927
"mu","disease mortality rate (case fatality ratio)","beta",NA,"NER",2007,"shape1",615.62596266735
"mu","disease mortality rate (case fatality ratio)","beta",NA,"NER",2007,"shape2",13410.9725653817
"mu","disease mortality rate (case fatality ratio)","point",NA,"NER",2008,"mean",0.0426032335530268
"mu","disease mortality rate (case fatality ratio)","beta",NA,"NER",2008,"shape1",626.02408166779
"mu","disease mortality rate (case fatality ratio)","beta",NA,"NER",2008,"shape2",14068.261526691
"mu","disease mortality rate (case fatality ratio)","point",NA,"NER",2009,"mean",0.0406000914565071
"mu","disease mortality rate (case fatality ratio)","beta",NA,"NER",2009,"shape1",647.259778577796
"mu","disease mortality rate (case fatality ratio)","beta",NA,"NER",2009,"shape2",15295.063387644
"mu","disease mortality rate (case fatality ratio)","point",NA,"NER",2010,"mean",0.0382076150431216
"mu","disease mortality rate (case fatality ratio)","beta",NA,"NER",2010,"shape1",679.014805617319
"mu","disease mortality rate (case fatality ratio)","beta",NA,"NER",2010,"shape2",17092.6991537851
"mu","disease mortality rate (case fatality ratio)","point",NA,"NER",2011,"mean",0.0359254543444651
"mu","disease mortality rate (case fatality ratio)","beta",NA,"NER",2011,"shape1",718.69995053126
"mu","disease mortality rate (case fatality ratio)","beta",NA,"NER",2011,"shape2",19286.612818519
"mu","disease mortality rate (case fatality ratio)","point",NA,"NER",2012,"mean",0.0341154296145879
"mu","disease mortality rate (case fatality ratio)","beta",NA,"NER",2012,"shape1",750.463768477703
"mu","disease mortality rate (case fatality ratio)","beta",NA,"NER",2012,"shape2",21247.3177912421
"mu","disease mortality rate (case fatality ratio)","point",NA,"NER",2013,"mean",0.0328633531384418
"mu","disease mortality rate (case fatality ratio)","beta",NA,"NER",2013,"shape1",754.263623205423
"mu","disease mortality rate (case fatality ratio)","beta",NA,"NER",2013,"shape2",22197.2477465558
"mu","disease mortality rate (case fatality ratio)","point",NA,"NER",2014,"mean",0.0320106654644463
"mu","disease mortality rate (case fatality ratio)","beta",NA,"NER",2014,"shape1",731.096299920655
"mu","disease mortality rate (case fatality ratio)","beta",NA,"NER",2014,"shape2",22108.0508815921
"mu","disease mortality rate (case fatality ratio)","point",NA,"NER",2015,"mean",0.0312791150845237
"mu","disease mortality rate (case fatality ratio)","beta",NA,"NER",2015,"shape1",693.138069143867
"mu","disease mortality rate (case fatality ratio)","beta",NA,"NER",2015,"shape2",21466.6342668331
"mu","disease mortality rate (case fatality ratio)","point",NA,"NER",2016,"mean",0.0304224469448514
"mu","disease mortality rate (case fatality ratio)","beta",NA,"NER",2016,"shape1",636.496284572547
"mu","disease mortality rate (case fatality ratio)","beta",NA,"NER",2016,"shape2",20285.433030527
"mu","disease mortality rate (case fatality ratio)","point",NA,"NER",2017,"mean",0.0293360562016529
"mu","disease mortality rate (case fatality ratio)","beta",NA,"NER",2017,"shape1",554.239111152789
"mu","disease mortality rate (case fatality ratio)","beta",NA,"NER",2017,"shape2",18338.5223201388
"mu","disease mortality rate (case fatality ratio)","point",NA,"NER",2018,"mean",0.0280626095437318
"mu","disease mortality rate (case fatality ratio)","beta",NA,"NER",2018,"shape1",460.986060134787
"mu","disease mortality rate (case fatality ratio)","beta",NA,"NER",2018,"shape2",15966.0699987967
"mu","disease mortality rate (case fatality ratio)","point",NA,"NER",2019,"mean",0.0266989614807549
"mu","disease mortality rate (case fatality ratio)","beta",NA,"NER",2019,"shape1",376.024158855215
"mu","disease mortality rate (case fatality ratio)","beta",NA,"NER",2019,"shape2",13707.8254742573
"mu","disease mortality rate (case fatality ratio)","point",NA,"NER",2020,"mean",0.0252839973636373
"mu","disease mortality rate (case fatality ratio)","beta",NA,"NER",2020,"shape1",304.028895555128
"mu","disease mortality rate (case fatality ratio)","beta",NA,"NER",2020,"shape2",11720.5292145629
"mu","disease mortality rate (case fatality ratio)","point",NA,"NER",2021,"mean",0.0237511230582648
"mu","disease mortality rate (case fatality ratio)","beta",NA,"NER",2021,"shape1",243.157684051318
"mu","disease mortality rate (case fatality ratio)","beta",NA,"NER",2021,"shape2",9994.57648350018
"mu","disease mortality rate (case fatality ratio)","point",NA,"NER",2022,"mean",0.0219760000196707
"mu","disease mortality rate (case fatality ratio)","beta",NA,"NER",2022,"shape1",193.722241554852
"mu","disease mortality rate (case fatality ratio)","beta",NA,"NER",2022,"shape2",8621.45073721523
"mu","disease mortality rate (case fatality ratio)","point",NA,"NER",2023,"mean",0.0198871308917178
"mu","disease mortality rate (case fatality ratio)","beta",NA,"NER",2023,"shape1",155.928066616868
"mu","disease mortality rate (case fatality ratio)","beta",NA,"NER",2023,"shape2",7684.72363250815
"mu","disease mortality rate (case fatality ratio)","point",NA,"NER",2024,"mean",0.0175559109554881
"mu","disease mortality rate (case fatality ratio)","beta",NA,"NER",2024,"shape1",127.349587963018
"mu","disease mortality rate (case fatality ratio)","beta",NA,"NER",2024,"shape2",7126.59401461643
"mu","disease mortality rate (case fatality ratio)","point",NA,"NER",2025,"mean",0.0151842711773165
"mu","disease mortality rate (case fatality ratio)","beta",NA,"NER",2025,"shape1",104.764972983313
"mu","disease mortality rate (case fatality ratio)","beta",NA,"NER",2025,"shape2",6794.80707495394
"mu","disease mortality rate (case fatality ratio)","point",NA,"NER",2026,"mean",0.0129922048139776
"mu","disease mortality rate (case fatality ratio)","beta",NA,"NER",2026,"shape1",86.3071319887376
"mu","disease mortality rate (case fatality ratio)","beta",NA,"NER",2026,"shape2",6556.68635714444
"mu","disease mortality rate (case fatality ratio)","point",NA,"NGA",1970,"mean",0.119347842157816
"mu","disease mortality rate (case fatality ratio)","beta",NA,"NGA",1970,"shape1",1391.07204189634
"mu","disease mortality rate (case fatality ratio)","beta",NA,"NGA",1970,"shape2",10264.5391258104
"mu","disease mortality rate (case fatality ratio)","point",NA,"NGA",1971,"mean",0.123971542023694
"mu","disease mortality rate (case fatality ratio)","beta",NA,"NGA",1971,"shape1",3065.81951741084
"mu","disease mortality rate (case fatality ratio)","beta",NA,"NGA",1971,"shape2",21664.2069658032
"mu","disease mortality rate (case fatality ratio)","point",NA,"NGA",1972,"mean",0.127774525624892
"mu","disease mortality rate (case fatality ratio)","beta",NA,"NGA",1972,"shape1",2148.54248370182
"mu","disease mortality rate (case fatality ratio)","beta",NA,"NGA",1972,"shape2",14666.5657954657
"mu","disease mortality rate (case fatality ratio)","point",NA,"NGA",1973,"mean",0.130000833460764
"mu","disease mortality rate (case fatality ratio)","beta",NA,"NGA",1973,"shape1",1259.90103227348
"mu","disease mortality rate (case fatality ratio)","beta",NA,"NGA",1973,"shape2",8431.58323543113
"mu","disease mortality rate (case fatality ratio)","point",NA,"NGA",1974,"mean",0.130738925859265
"mu","disease mortality rate (case fatality ratio)","beta",NA,"NGA",1974,"shape1",1016.24263786213
"mu","disease mortality rate (case fatality ratio)","beta",NA,"NGA",1974,"shape2",6756.82595041793
"mu","disease mortality rate (case fatality ratio)","point",NA,"NGA",1975,"mean",0.131005462147086
"mu","disease mortality rate (case fatality ratio)","beta",NA,"NGA",1975,"shape1",1025.71048737737
"mu","disease mortality rate (case fatality ratio)","beta",NA,"NGA",1975,"shape2",6803.81410317565
"mu","disease mortality rate (case fatality ratio)","point",NA,"NGA",1976,"mean",0.132143818046132
"mu","disease mortality rate (case fatality ratio)","beta",NA,"NGA",1976,"shape1",1103.51678074198
"mu","disease mortality rate (case fatality ratio)","beta",NA,"NGA",1976,"shape2",7247.36029439094
"mu","disease mortality rate (case fatality ratio)","point",NA,"NGA",1977,"mean",0.135005653912392
"mu","disease mortality rate (case fatality ratio)","beta",NA,"NGA",1977,"shape1",1136.50365171669
"mu","disease mortality rate (case fatality ratio)","beta",NA,"NGA",1977,"shape2",7281.68935562348
"mu","disease mortality rate (case fatality ratio)","point",NA,"NGA",1978,"mean",0.13937505503086
"mu","disease mortality rate (case fatality ratio)","beta",NA,"NGA",1978,"shape1",1151.64151935491
"mu","disease mortality rate (case fatality ratio)","beta",NA,"NGA",1978,"shape2",7111.25401169918
"mu","disease mortality rate (case fatality ratio)","point",NA,"NGA",1979,"mean",0.143885534465852
"mu","disease mortality rate (case fatality ratio)","beta",NA,"NGA",1979,"shape1",1228.64024758259
"mu","disease mortality rate (case fatality ratio)","beta",NA,"NGA",1979,"shape2",7310.37135037747
"mu","disease mortality rate (case fatality ratio)","point",NA,"NGA",1980,"mean",0.146593919739495
"mu","disease mortality rate (case fatality ratio)","beta",NA,"NGA",1980,"shape1",1397.08789523827
"mu","disease mortality rate (case fatality ratio)","beta",NA,"NGA",1980,"shape2",8133.23844927158
"mu","disease mortality rate (case fatality ratio)","point",NA,"NGA",1981,"mean",0.146117131321742
"mu","disease mortality rate (case fatality ratio)","beta",NA,"NGA",1981,"shape1",1652.2009911325
"mu","disease mortality rate (case fatality ratio)","beta",NA,"NGA",1981,"shape2",9655.17259461388
"mu","disease mortality rate (case fatality ratio)","point",NA,"NGA",1982,"mean",0.142646295910241
"mu","disease mortality rate (case fatality ratio)","beta",NA,"NGA",1982,"shape1",1984.21190612126
"mu","disease mortality rate (case fatality ratio)","beta",NA,"NGA",1982,"shape2",11925.8016239167
"mu","disease mortality rate (case fatality ratio)","point",NA,"NGA",1983,"mean",0.137976199987836
"mu","disease mortality rate (case fatality ratio)","beta",NA,"NGA",1983,"shape1",2325.70188872094
"mu","disease mortality rate (case fatality ratio)","beta",NA,"NGA",1983,"shape2",14530.1173679768
"mu","disease mortality rate (case fatality ratio)","point",NA,"NGA",1984,"mean",0.134486281526769
"mu","disease mortality rate (case fatality ratio)","beta",NA,"NGA",1984,"shape1",2491.09292728541
"mu","disease mortality rate (case fatality ratio)","beta",NA,"NGA",1984,"shape2",16031.9333546894
"mu","disease mortality rate (case fatality ratio)","point",NA,"NGA",1985,"mean",0.133870997024371
"mu","disease mortality rate (case fatality ratio)","beta",NA,"NGA",1985,"shape1",2454.22023309725
"mu","disease mortality rate (case fatality ratio)","beta",NA,"NGA",1985,"shape2",15878.5052089226
"mu","disease mortality rate (case fatality ratio)","point",NA,"NGA",1986,"mean",0.136289688159561
"mu","disease mortality rate (case fatality ratio)","beta",NA,"NGA",1986,"shape1",2484.66596926058
"mu","disease mortality rate (case fatality ratio)","beta",NA,"NGA",1986,"shape2",15746.1041118306
"mu","disease mortality rate (case fatality ratio)","point",NA,"NGA",1987,"mean",0.140049211724866
"mu","disease mortality rate (case fatality ratio)","beta",NA,"NGA",1987,"shape1",2834.36751064668
"mu","disease mortality rate (case fatality ratio)","beta",NA,"NGA",1987,"shape2",17404.0006724956
"mu","disease mortality rate (case fatality ratio)","point",NA,"NGA",1988,"mean",0.141974507730653
"mu","disease mortality rate (case fatality ratio)","beta",NA,"NGA",1988,"shape1",3687.80522529418
"mu","disease mortality rate (case fatality ratio)","beta",NA,"NGA",1988,"shape2",22287.317240286
"mu","disease mortality rate (case fatality ratio)","point",NA,"NGA",1989,"mean",0.13884648846727
"mu","disease mortality rate (case fatality ratio)","beta",NA,"NGA",1989,"shape1",5209.35708519317
"mu","disease mortality rate (case fatality ratio)","beta",NA,"NGA",1989,"shape2",32309.4677889495
"mu","disease mortality rate (case fatality ratio)","point",NA,"NGA",1990,"mean",0.129497307421659
"mu","disease mortality rate (case fatality ratio)","beta",NA,"NGA",1990,"shape1",7435.08712733604
"mu","disease mortality rate (case fatality ratio)","beta",NA,"NGA",1990,"shape2",49979.9068626665
"mu","disease mortality rate (case fatality ratio)","point",NA,"NGA",1991,"mean",0.115864462072721
"mu","disease mortality rate (case fatality ratio)","beta",NA,"NGA",1991,"shape1",9700.18297184056
"mu","disease mortality rate (case fatality ratio)","beta",NA,"NGA",1991,"shape2",74019.9051234406
"mu","disease mortality rate (case fatality ratio)","point",NA,"NGA",1992,"mean",0.101796290101599
"mu","disease mortality rate (case fatality ratio)","beta",NA,"NGA",1992,"shape1",9799.98078686609
"mu","disease mortality rate (case fatality ratio)","beta",NA,"NGA",1992,"shape2",86470.5294359039
"mu","disease mortality rate (case fatality ratio)","point",NA,"NGA",1993,"mean",0.0907474691402819
"mu","disease mortality rate (case fatality ratio)","beta",NA,"NGA",1993,"shape1",7784.10295974204
"mu","disease mortality rate (case fatality ratio)","beta",NA,"NGA",1993,"shape2",77993.528455069
"mu","disease mortality rate (case fatality ratio)","point",NA,"NGA",1994,"mean",0.0844359194937546
"mu","disease mortality rate (case fatality ratio)","beta",NA,"NGA",1994,"shape1",6239.97154214415
"mu","disease mortality rate (case fatality ratio)","beta",NA,"NGA",1994,"shape2",67661.8889404162
"mu","disease mortality rate (case fatality ratio)","point",NA,"NGA",1995,"mean",0.0828653572963049
"mu","disease mortality rate (case fatality ratio)","beta",NA,"NGA",1995,"shape1",5816.99205157347
"mu","disease mortality rate (case fatality ratio)","beta",NA,"NGA",1995,"shape2",64381.1250068425
"mu","disease mortality rate (case fatality ratio)","point",NA,"NGA",1996,"mean",0.084712799433869
"mu","disease mortality rate (case fatality ratio)","beta",NA,"NGA",1996,"shape1",6269.17016611233
"mu","disease mortality rate (case fatality ratio)","beta",NA,"NGA",1996,"shape2",67735.8232706392
"mu","disease mortality rate (case fatality ratio)","point",NA,"NGA",1997,"mean",0.0875478855970975
"mu","disease mortality rate (case fatality ratio)","beta",NA,"NGA",1997,"shape1",7225.89932467755
"mu","disease mortality rate (case fatality ratio)","beta",NA,"NGA",1997,"shape2",75310.6379702576
"mu","disease mortality rate (case fatality ratio)","point",NA,"NGA",1998,"mean",0.088380194531124
"mu","disease mortality rate (case fatality ratio)","beta",NA,"NGA",1998,"shape1",8074.36021475675
"mu","disease mortality rate (case fatality ratio)","beta",NA,"NGA",1998,"shape2",83285.0247423932
"mu","disease mortality rate (case fatality ratio)","point",NA,"NGA",1999,"mean",0.085019526242629
"mu","disease mortality rate (case fatality ratio)","beta",NA,"NGA",1999,"shape1",8015.69815266293
"mu","disease mortality rate (case fatality ratio)","beta",NA,"NGA",1999,"shape2",86264.9748516503
"mu","disease mortality rate (case fatality ratio)","point",NA,"NGA",2000,"mean",0.0774431298065111
"mu","disease mortality rate (case fatality ratio)","beta",NA,"NGA",2000,"shape1",6865.5486026756
"mu","disease mortality rate (case fatality ratio)","beta",NA,"NGA",2000,"shape2",81787.2295046778
"mu","disease mortality rate (case fatality ratio)","point",NA,"NGA",2001,"mean",0.0676941819306561
"mu","disease mortality rate (case fatality ratio)","beta",NA,"NGA",2001,"shape1",5517.91814889428
"mu","disease mortality rate (case fatality ratio)","beta",NA,"NGA",2001,"shape2",75994.5248930598
"mu","disease mortality rate (case fatality ratio)","point",NA,"NGA",2002,"mean",0.0583227809696708
"mu","disease mortality rate (case fatality ratio)","beta",NA,"NGA",2002,"shape1",4643.50975422799
"mu","disease mortality rate (case fatality ratio)","beta",NA,"NGA",2002,"shape2",74973.9172104211
"mu","disease mortality rate (case fatality ratio)","point",NA,"NGA",2003,"mean",0.0509589861971427
"mu","disease mortality rate (case fatality ratio)","beta",NA,"NGA",2003,"shape1",4201.11691733371
"mu","disease mortality rate (case fatality ratio)","beta",NA,"NGA",2003,"shape2",78240.0231218547
"mu","disease mortality rate (case fatality ratio)","point",NA,"NGA",2004,"mean",0.0459969593563695
"mu","disease mortality rate (case fatality ratio)","beta",NA,"NGA",2004,"shape1",3904.14354577903
"mu","disease mortality rate (case fatality ratio)","beta",NA,"NGA",2004,"shape2",80974.1527679186
"mu","disease mortality rate (case fatality ratio)","point",NA,"NGA",2005,"mean",0.0429893976515899
"mu","disease mortality rate (case fatality ratio)","beta",NA,"NGA",2005,"shape1",3622.35399511271
"mu","disease mortality rate (case fatality ratio)","beta",NA,"NGA",2005,"shape2",80639.2126467437
"mu","disease mortality rate (case fatality ratio)","point",NA,"NGA",2006,"mean",0.0411089893640834
"mu","disease mortality rate (case fatality ratio)","beta",NA,"NGA",2006,"shape1",3486.45339241989
"mu","disease mortality rate (case fatality ratio)","beta",NA,"NGA",2006,"shape2",81323.546715877
"mu","disease mortality rate (case fatality ratio)","point",NA,"NGA",2007,"mean",0.0395050252349288
"mu","disease mortality rate (case fatality ratio)","beta",NA,"NGA",2007,"shape1",3628.49020346768
"mu","disease mortality rate (case fatality ratio)","beta",NA,"NGA",2007,"shape2",88220.3361645638
"mu","disease mortality rate (case fatality ratio)","point",NA,"NGA",2008,"mean",0.0376074450298896
"mu","disease mortality rate (case fatality ratio)","beta",NA,"NGA",2008,"shape1",4006.92051116232
"mu","disease mortality rate (case fatality ratio)","beta",NA,"NGA",2008,"shape2",102539.017612996
"mu","disease mortality rate (case fatality ratio)","point",NA,"NGA",2009,"mean",0.0353097674539231
"mu","disease mortality rate (case fatality ratio)","beta",NA,"NGA",2009,"shape1",4429.55597539435
"mu","disease mortality rate (case fatality ratio)","beta",NA,"NGA",2009,"shape2",121018.904742299
"mu","disease mortality rate (case fatality ratio)","point",NA,"NGA",2010,"mean",0.0328987236774552
"mu","disease mortality rate (case fatality ratio)","beta",NA,"NGA",2010,"shape1",4772.76084534766
"mu","disease mortality rate (case fatality ratio)","beta",NA,"NGA",2010,"shape2",140301.585872192
"mu","disease mortality rate (case fatality ratio)","point",NA,"NGA",2011,"mean",0.0307841556059543
"mu","disease mortality rate (case fatality ratio)","beta",NA,"NGA",2011,"shape1",4960.39576343578
"mu","disease mortality rate (case fatality ratio)","beta",NA,"NGA",2011,"shape2",156174.307001526
"mu","disease mortality rate (case fatality ratio)","point",NA,"NGA",2012,"mean",0.0292460514619799
"mu","disease mortality rate (case fatality ratio)","beta",NA,"NGA",2012,"shape1",4681.85758998915
"mu","disease mortality rate (case fatality ratio)","beta",NA,"NGA",2012,"shape2",155403.260090789
"mu","disease mortality rate (case fatality ratio)","point",NA,"NGA",2013,"mean",0.0283341986846782
"mu","disease mortality rate (case fatality ratio)","beta",NA,"NGA",2013,"shape1",4005.17884482437
"mu","disease mortality rate (case fatality ratio)","beta",NA,"NGA",2013,"shape2",137349.75726601
"mu","disease mortality rate (case fatality ratio)","point",NA,"NGA",2014,"mean",0.0278997488674738
"mu","disease mortality rate (case fatality ratio)","beta",NA,"NGA",2014,"shape1",3553.4846608473
"mu","disease mortality rate (case fatality ratio)","beta",NA,"NGA",2014,"shape2",123812.70339076
"mu","disease mortality rate (case fatality ratio)","point",NA,"NGA",2015,"mean",0.0276933244402151
"mu","disease mortality rate (case fatality ratio)","beta",NA,"NGA",2015,"shape1",3655.10928746004
"mu","disease mortality rate (case fatality ratio)","beta",NA,"NGA",2015,"shape2",128330.102359872
"mu","disease mortality rate (case fatality ratio)","point",NA,"NGA",2016,"mean",0.0274848449351688
"mu","disease mortality rate (case fatality ratio)","beta",NA,"NGA",2016,"shape1",4274.39572967705
"mu","disease mortality rate (case fatality ratio)","beta",NA,"NGA",2016,"shape2",151243.881333901
"mu","disease mortality rate (case fatality ratio)","point",NA,"NGA",2017,"mean",0.0271568933652767
"mu","disease mortality rate (case fatality ratio)","beta",NA,"NGA",2017,"shape1",4903.43239250739
"mu","disease mortality rate (case fatality ratio)","beta",NA,"NGA",2017,"shape2",175655.968366381
"mu","disease mortality rate (case fatality ratio)","point",NA,"NGA",2018,"mean",0.0267182200274812
"mu","disease mortality rate (case fatality ratio)","beta",NA,"NGA",2018,"shape1",5041.91762480854
"mu","disease mortality rate (case fatality ratio)","beta",NA,"NGA",2018,"shape2",183665.175123984
"mu","disease mortality rate (case fatality ratio)","point",NA,"NGA",2019,"mean",0.0262300601786299
"mu","disease mortality rate (case fatality ratio)","beta",NA,"NGA",2019,"shape1",5197.16615452013
"mu","disease mortality rate (case fatality ratio)","beta",NA,"NGA",2019,"shape2",192940.623813433
"mu","disease mortality rate (case fatality ratio)","point",NA,"NGA",2020,"mean",0.025703182937689
"mu","disease mortality rate (case fatality ratio)","beta",NA,"NGA",2020,"shape1",5649.24519758529
"mu","disease mortality rate (case fatality ratio)","beta",NA,"NGA",2020,"shape2",214138.522382814
"mu","disease mortality rate (case fatality ratio)","point",NA,"NGA",2021,"mean",0.0250411831259329
"mu","disease mortality rate (case fatality ratio)","beta",NA,"NGA",2021,"shape1",5529.40608603321
"mu","disease mortality rate (case fatality ratio)","beta",NA,"NGA",2021,"shape2",215283.087406213
"mu","disease mortality rate (case fatality ratio)","point",NA,"NGA",2022,"mean",0.0240733096695449
"mu","disease mortality rate (case fatality ratio)","beta",NA,"NGA",2022,"shape1",4644.57033682875
"mu","disease mortality rate (case fatality ratio)","beta",NA,"NGA",2022,"shape2",188289.862052606
"mu","disease mortality rate (case fatality ratio)","point",NA,"NGA",2023,"mean",0.0226660581085814
"mu","disease mortality rate (case fatality ratio)","beta",NA,"NGA",2023,"shape1",4093.97572731949
"mu","disease mortality rate (case fatality ratio)","beta",NA,"NGA",2023,"shape2",176527.449829227
"mu","disease mortality rate (case fatality ratio)","point",NA,"NGA",2024,"mean",0.0208389071060254
"mu","disease mortality rate (case fatality ratio)","beta",NA,"NGA",2024,"shape1",3970.33765918337
"mu","disease mortality rate (case fatality ratio)","beta",NA,"NGA",2024,"shape2",186554.896652907
"mu","disease mortality rate (case fatality ratio)","point",NA,"NGA",2025,"mean",0.018783151787453
"mu","disease mortality rate (case fatality ratio)","beta",NA,"NGA",2025,"shape1",3264.28277744886
"mu","disease mortality rate (case fatality ratio)","beta",NA,"NGA",2025,"shape2",170523.525274519
"mu","disease mortality rate (case fatality ratio)","point",NA,"NGA",2026,"mean",0.0167541391319552
"mu","disease mortality rate (case fatality ratio)","beta",NA,"NGA",2026,"shape1",1981.12958296753
"mu","disease mortality rate (case fatality ratio)","beta",NA,"NGA",2026,"shape2",116266.043092644
"mu","disease mortality rate (case fatality ratio)","point",NA,"RWA",1970,"mean",0.0388442572885029
"mu","disease mortality rate (case fatality ratio)","beta",NA,"RWA",1970,"shape1",7.39322605612343
"mu","disease mortality rate (case fatality ratio)","beta",NA,"RWA",1970,"shape2",182.936737037589
"mu","disease mortality rate (case fatality ratio)","point",NA,"RWA",1971,"mean",0.0413189014312376
"mu","disease mortality rate (case fatality ratio)","beta",NA,"RWA",1971,"shape1",9.07446286548772
"mu","disease mortality rate (case fatality ratio)","beta",NA,"RWA",1971,"shape2",210.545675888427
"mu","disease mortality rate (case fatality ratio)","point",NA,"RWA",1972,"mean",0.0435787917162284
"mu","disease mortality rate (case fatality ratio)","beta",NA,"RWA",1972,"shape1",11.2121072937606
"mu","disease mortality rate (case fatality ratio)","beta",NA,"RWA",1972,"shape2",246.071466945067
"mu","disease mortality rate (case fatality ratio)","point",NA,"RWA",1973,"mean",0.0453123906238503
"mu","disease mortality rate (case fatality ratio)","beta",NA,"RWA",1973,"shape1",14.001587819566
"mu","disease mortality rate (case fatality ratio)","beta",NA,"RWA",1973,"shape2",294.999716830121
"mu","disease mortality rate (case fatality ratio)","point",NA,"RWA",1974,"mean",0.0465130376165598
"mu","disease mortality rate (case fatality ratio)","beta",NA,"RWA",1974,"shape1",17.7865756691103
"mu","disease mortality rate (case fatality ratio)","beta",NA,"RWA",1974,"shape2",364.613211154915
"mu","disease mortality rate (case fatality ratio)","point",NA,"RWA",1975,"mean",0.0475479680288891
"mu","disease mortality rate (case fatality ratio)","beta",NA,"RWA",1975,"shape1",23.0670979053145
"mu","disease mortality rate (case fatality ratio)","beta",NA,"RWA",1975,"shape2",462.066102556573
"mu","disease mortality rate (case fatality ratio)","point",NA,"RWA",1976,"mean",0.0489480975906828
"mu","disease mortality rate (case fatality ratio)","beta",NA,"RWA",1976,"shape1",30.4426076260827
"mu","disease mortality rate (case fatality ratio)","beta",NA,"RWA",1976,"shape2",591.493874577006
"mu","disease mortality rate (case fatality ratio)","point",NA,"RWA",1977,"mean",0.0510840659517494
"mu","disease mortality rate (case fatality ratio)","beta",NA,"RWA",1977,"shape1",40.5128273353641
"mu","disease mortality rate (case fatality ratio)","beta",NA,"RWA",1977,"shape2",752.549090907985
"mu","disease mortality rate (case fatality ratio)","point",NA,"RWA",1978,"mean",0.0539066475479531
"mu","disease mortality rate (case fatality ratio)","beta",NA,"RWA",1978,"shape1",53.7234506343007
"mu","disease mortality rate (case fatality ratio)","beta",NA,"RWA",1978,"shape2",942.878138928667
"mu","disease mortality rate (case fatality ratio)","point",NA,"RWA",1979,"mean",0.0568597964018151
"mu","disease mortality rate (case fatality ratio)","beta",NA,"RWA",1979,"shape1",69.9721408215638
"mu","disease mortality rate (case fatality ratio)","beta",NA,"RWA",1979,"shape2",1160.63621955818
"mu","disease mortality rate (case fatality ratio)","point",NA,"RWA",1980,"mean",0.0590753071804814
"mu","disease mortality rate (case fatality ratio)","beta",NA,"RWA",1980,"shape1",87.8639115417111
"mu","disease mortality rate (case fatality ratio)","beta",NA,"RWA",1980,"shape2",1399.45652292133
"mu","disease mortality rate (case fatality ratio)","point",NA,"RWA",1981,"mean",0.0598710424524738
"mu","disease mortality rate (case fatality ratio)","beta",NA,"RWA",1981,"shape1",104.440740428552
"mu","disease mortality rate (case fatality ratio)","beta",NA,"RWA",1981,"shape2",1639.98755329054
"mu","disease mortality rate (case fatality ratio)","point",NA,"RWA",1982,"mean",0.0592603403815883
"mu","disease mortality rate (case fatality ratio)","beta",NA,"RWA",1982,"shape1",116.51008201852
"mu","disease mortality rate (case fatality ratio)","beta",NA,"RWA",1982,"shape2",1849.56168315006
"mu","disease mortality rate (case fatality ratio)","point",NA,"RWA",1983,"mean",0.0580177288568227
"mu","disease mortality rate (case fatality ratio)","beta",NA,"RWA",1983,"shape1",122.48612555207
"mu","disease mortality rate (case fatality ratio)","beta",NA,"RWA",1983,"shape2",1988.69829971807
"mu","disease mortality rate (case fatality ratio)","point",NA,"RWA",1984,"mean",0.0572255376446119
"mu","disease mortality rate (case fatality ratio)","beta",NA,"RWA",1984,"shape1",123.004167718457
"mu","disease mortality rate (case fatality ratio)","beta",NA,"RWA",1984,"shape2",2026.45869067093
"mu","disease mortality rate (case fatality ratio)","point",NA,"RWA",1985,"mean",0.057684631217181
"mu","disease mortality rate (case fatality ratio)","beta",NA,"RWA",1985,"shape1",120.465594150267
"mu","disease mortality rate (case fatality ratio)","beta",NA,"RWA",1985,"shape2",1967.88257776952
"mu","disease mortality rate (case fatality ratio)","point",NA,"RWA",1986,"mean",0.0595054545662073
"mu","disease mortality rate (case fatality ratio)","beta",NA,"RWA",1986,"shape1",117.745943870399
"mu","disease mortality rate (case fatality ratio)","beta",NA,"RWA",1986,"shape2",1860.99608454974
"mu","disease mortality rate (case fatality ratio)","point",NA,"RWA",1987,"mean",0.0619138826625782
"mu","disease mortality rate (case fatality ratio)","beta",NA,"RWA",1987,"shape1",116.804620057986
"mu","disease mortality rate (case fatality ratio)","beta",NA,"RWA",1987,"shape2",1769.7612846286
"mu","disease mortality rate (case fatality ratio)","point",NA,"RWA",1988,"mean",0.0633662179908622
"mu","disease mortality rate (case fatality ratio)","beta",NA,"RWA",1988,"shape1",118.391695897139
"mu","disease mortality rate (case fatality ratio)","beta",NA,"RWA",1988,"shape2",1749.98075319256
"mu","disease mortality rate (case fatality ratio)","point",NA,"RWA",1989,"mean",0.0622423709795834
"mu","disease mortality rate (case fatality ratio)","beta",NA,"RWA",1989,"shape1",122.728350090311
"mu","disease mortality rate (case fatality ratio)","beta",NA,"RWA",1989,"shape2",1849.05306117001
"mu","disease mortality rate (case fatality ratio)","point",NA,"RWA",1990,"mean",0.0579568254929419
"mu","disease mortality rate (case fatality ratio)","beta",NA,"RWA",1990,"shape1",130.228618886681
"mu","disease mortality rate (case fatality ratio)","beta",NA,"RWA",1990,"shape2",2116.76503162892
"mu","disease mortality rate (case fatality ratio)","point",NA,"RWA",1991,"mean",0.0515177921337231
"mu","disease mortality rate (case fatality ratio)","beta",NA,"RWA",1991,"shape1",141.622669323156
"mu","disease mortality rate (case fatality ratio)","beta",NA,"RWA",1991,"shape2",2607.38235316597
"mu","disease mortality rate (case fatality ratio)","point",NA,"RWA",1992,"mean",0.0448480164927497
"mu","disease mortality rate (case fatality ratio)","beta",NA,"RWA",1992,"shape1",157.574615678608
"mu","disease mortality rate (case fatality ratio)","beta",NA,"RWA",1992,"shape2",3355.95012858923
"mu","disease mortality rate (case fatality ratio)","point",NA,"RWA",1993,"mean",0.0395836229704611
"mu","disease mortality rate (case fatality ratio)","beta",NA,"RWA",1993,"shape1",178.343640341307
"mu","disease mortality rate (case fatality ratio)","beta",NA,"RWA",1993,"shape2",4327.14693777971
"mu","disease mortality rate (case fatality ratio)","point",NA,"RWA",1994,"mean",0.0364662902172993
"mu","disease mortality rate (case fatality ratio)","beta",NA,"RWA",1994,"shape1",203.560132081333
"mu","disease mortality rate (case fatality ratio)","beta",NA,"RWA",1994,"shape2",5378.58521005072
"mu","disease mortality rate (case fatality ratio)","point",NA,"RWA",1995,"mean",0.0354277168006983
"mu","disease mortality rate (case fatality ratio)","beta",NA,"RWA",1995,"shape1",231.18169145289
"mu","disease mortality rate (case fatality ratio)","beta",NA,"RWA",1995,"shape2",6294.2653971479
"mu","disease mortality rate (case fatality ratio)","point",NA,"RWA",1996,"mean",0.0358115711932521
"mu","disease mortality rate (case fatality ratio)","beta",NA,"RWA",1996,"shape1",255.28779913859
"mu","disease mortality rate (case fatality ratio)","beta",NA,"RWA",1996,"shape2",6873.35220833176
"mu","disease mortality rate (case fatality ratio)","point",NA,"RWA",1997,"mean",0.0364923369548534
"mu","disease mortality rate (case fatality ratio)","beta",NA,"RWA",1997,"shape1",266.075669082911
"mu","disease mortality rate (case fatality ratio)","beta",NA,"RWA",1997,"shape2",7025.19946662811
"mu","disease mortality rate (case fatality ratio)","point",NA,"RWA",1998,"mean",0.0361467720768767
"mu","disease mortality rate (case fatality ratio)","beta",NA,"RWA",1998,"shape1",256.375020479206
"mu","disease mortality rate (case fatality ratio)","beta",NA,"RWA",1998,"shape2",6836.23673290085
"mu","disease mortality rate (case fatality ratio)","point",NA,"RWA",1999,"mean",0.0338962401841407
"mu","disease mortality rate (case fatality ratio)","beta",NA,"RWA",1999,"shape1",228.841329530002
"mu","disease mortality rate (case fatality ratio)","beta",NA,"RWA",1999,"shape2",6522.38913989156
"mu","disease mortality rate (case fatality ratio)","point",NA,"RWA",2000,"mean",0.029893000207852
"mu","disease mortality rate (case fatality ratio)","beta",NA,"RWA",2000,"shape1",193.430164622728
"mu","disease mortality rate (case fatality ratio)","beta",NA,"RWA",2000,"shape2",6277.32095696993
"mu","disease mortality rate (case fatality ratio)","point",NA,"RWA",2001,"mean",0.02515422025334
"mu","disease mortality rate (case fatality ratio)","beta",NA,"RWA",2001,"shape1",159.271570791634
"mu","disease mortality rate (case fatality ratio)","beta",NA,"RWA",2001,"shape2",6172.53156949794
"mu","disease mortality rate (case fatality ratio)","point",NA,"RWA",2002,"mean",0.0207759521088477
"mu","disease mortality rate (case fatality ratio)","beta",NA,"RWA",2002,"shape1",130.582097165586
"mu","disease mortality rate (case fatality ratio)","beta",NA,"RWA",2002,"shape2",6154.67002901618
"mu","disease mortality rate (case fatality ratio)","point",NA,"RWA",2003,"mean",0.0173477951603833
"mu","disease mortality rate (case fatality ratio)","beta",NA,"RWA",2003,"shape1",107.641817634644
"mu","disease mortality rate (case fatality ratio)","beta",NA,"RWA",2003,"shape2",6097.28605011326
"mu","disease mortality rate (case fatality ratio)","point",NA,"RWA",2004,"mean",0.0149213336290727
"mu","disease mortality rate (case fatality ratio)","beta",NA,"RWA",2004,"shape1",89.2094299425403
"mu","disease mortality rate (case fatality ratio)","beta",NA,"RWA",2004,"shape2",5889.4404789855
"mu","disease mortality rate (case fatality ratio)","point",NA,"RWA",2005,"mean",0.0132474150656782
"mu","disease mortality rate (case fatality ratio)","beta",NA,"RWA",2005,"shape1",74.0460936177032
"mu","disease mortality rate (case fatality ratio)","beta",NA,"RWA",2005,"shape2",5515.42877756258
"mu","disease mortality rate (case fatality ratio)","point",NA,"RWA",2006,"mean",0.0119895379225942
"mu","disease mortality rate (case fatality ratio)","beta",NA,"RWA",2006,"shape1",61.2950571541677
"mu","disease mortality rate (case fatality ratio)","beta",NA,"RWA",2006,"shape2",5051.08354741722
"mu","disease mortality rate (case fatality ratio)","point",NA,"RWA",2007,"mean",0.0108585879666625
"mu","disease mortality rate (case fatality ratio)","beta",NA,"RWA",2007,"shape1",50.3795152661872
"mu","disease mortality rate (case fatality ratio)","beta",NA,"RWA",2007,"shape2",4589.22145503123
"mu","disease mortality rate (case fatality ratio)","point",NA,"RWA",2008,"mean",0.00969726950676222
"mu","disease mortality rate (case fatality ratio)","beta",NA,"RWA",2008,"shape1",40.9437096643466
"mu","disease mortality rate (case fatality ratio)","beta",NA,"RWA",2008,"shape2",4181.24580830205
"mu","disease mortality rate (case fatality ratio)","point",NA,"RWA",2009,"mean",0.00850199591509734
"mu","disease mortality rate (case fatality ratio)","beta",NA,"RWA",2009,"shape1",32.8377254026252
"mu","disease mortality rate (case fatality ratio)","beta",NA,"RWA",2009,"shape2",3829.51715344575
"mu","disease mortality rate (case fatality ratio)","point",NA,"RWA",2010,"mean",0.00736540148865017
"mu","disease mortality rate (case fatality ratio)","beta",NA,"RWA",2010,"shape1",26.0116375502166
"mu","disease mortality rate (case fatality ratio)","beta",NA,"RWA",2010,"shape2",3505.58641454506
"mu","disease mortality rate (case fatality ratio)","point",NA,"RWA",2011,"mean",0.00638392659960414
"mu","disease mortality rate (case fatality ratio)","beta",NA,"RWA",2011,"shape1",20.3947900978186
"mu","disease mortality rate (case fatality ratio)","beta",NA,"RWA",2011,"shape2",3174.31457562128
"mu","disease mortality rate (case fatality ratio)","point",NA,"RWA",2012,"mean",0.00559901276953284
"mu","disease mortality rate (case fatality ratio)","beta",NA,"RWA",2012,"shape1",15.8659951330851
"mu","disease mortality rate (case fatality ratio)","beta",NA,"RWA",2012,"shape2",2817.84698002215
"mu","disease mortality rate (case fatality ratio)","point",NA,"RWA",2013,"mean",0.00499231920224381
"mu","disease mortality rate (case fatality ratio)","beta",NA,"RWA",2013,"shape1",12.2785306252227
"mu","disease mortality rate (case fatality ratio)","beta",NA,"RWA",2013,"shape2",2447.20575469533
"mu","disease mortality rate (case fatality ratio)","point",NA,"RWA",2014,"mean",0.00451090513685915
"mu","disease mortality rate (case fatality ratio)","beta",NA,"RWA",2014,"shape1",9.4782687509373
"mu","disease mortality rate (case fatality ratio)","beta",NA,"RWA",2014,"shape2",2091.71172823863
"mu","disease mortality rate (case fatality ratio)","point",NA,"RWA",2015,"mean",0.00409698183463298
"mu","disease mortality rate (case fatality ratio)","beta",NA,"RWA",2015,"shape1",7.31325037784563
"mu","disease mortality rate (case fatality ratio)","beta",NA,"RWA",2015,"shape2",1777.72038487643
"mu","disease mortality rate (case fatality ratio)","point",NA,"RWA",2016,"mean",0.00371022042908233
"mu","disease mortality rate (case fatality ratio)","beta",NA,"RWA",2016,"shape1",5.64637183341646
"mu","disease mortality rate (case fatality ratio)","beta",NA,"RWA",2016,"shape2",1516.19631685368
"mu","disease mortality rate (case fatality ratio)","point",NA,"RWA",2017,"mean",0.00333641378088277
"mu","disease mortality rate (case fatality ratio)","beta",NA,"RWA",2017,"shape1",4.36499309359244
"mu","disease mortality rate (case fatality ratio)","beta",NA,"RWA",2017,"shape2",1303.92390038937
"mu","disease mortality rate (case fatality ratio)","point",NA,"RWA",2018,"mean",0.00298066484865246
"mu","disease mortality rate (case fatality ratio)","beta",NA,"RWA",2018,"shape1",3.3810128309841
"mu","disease mortality rate (case fatality ratio)","beta",NA,"RWA",2018,"shape2",1130.93398152762
"mu","disease mortality rate (case fatality ratio)","point",NA,"RWA",2019,"mean",0.00265206066875486
"mu","disease mortality rate (case fatality ratio)","beta",NA,"RWA",2019,"shape1",2.62555246324796
"mu","disease mortality rate (case fatality ratio)","beta",NA,"RWA",2019,"shape2",987.379123591411
"mu","disease mortality rate (case fatality ratio)","point",NA,"RWA",2020,"mean",0.00235159843102823
"mu","disease mortality rate (case fatality ratio)","beta",NA,"RWA",2020,"shape1",2.04451982960029
"mu","disease mortality rate (case fatality ratio)","beta",NA,"RWA",2020,"shape2",867.372555221915
"mu","disease mortality rate (case fatality ratio)","point",NA,"RWA",2021,"mean",0.00207028739362175
"mu","disease mortality rate (case fatality ratio)","beta",NA,"RWA",2021,"shape1",1.59623984005403
"mu","disease mortality rate (case fatality ratio)","beta",NA,"RWA",2021,"shape2",769.427070726301
"mu","disease mortality rate (case fatality ratio)","point",NA,"RWA",2022,"mean",0.00179627990637564
"mu","disease mortality rate (case fatality ratio)","beta",NA,"RWA",2022,"shape1",1.24936089290127
"mu","disease mortality rate (case fatality ratio)","beta",NA,"RWA",2022,"shape2",694.277482371802
"mu","disease mortality rate (case fatality ratio)","point",NA,"RWA",2023,"mean",0.00152474932487103
"mu","disease mortality rate (case fatality ratio)","beta",NA,"RWA",2023,"shape1",0.980321353647635
"mu","disease mortality rate (case fatality ratio)","beta",NA,"RWA",2023,"shape2",641.959037698407
"mu","disease mortality rate (case fatality ratio)","point",NA,"RWA",2024,"mean",0.0012627325969289
"mu","disease mortality rate (case fatality ratio)","beta",NA,"RWA",2024,"shape1",0.771123690347691
"mu","disease mortality rate (case fatality ratio)","beta",NA,"RWA",2024,"shape2",609.907409692846
"mu","disease mortality rate (case fatality ratio)","point",NA,"RWA",2025,"mean",0.00102473391177278
"mu","disease mortality rate (case fatality ratio)","beta",NA,"RWA",2025,"shape1",0.607943764885167
"mu","disease mortality rate (case fatality ratio)","beta",NA,"RWA",2025,"shape2",592.66193625053
"mu","disease mortality rate (case fatality ratio)","point",NA,"RWA",2026,"mean",0.000822870114547662
"mu","disease mortality rate (case fatality ratio)","beta",NA,"RWA",2026,"shape1",0.48026318880464
"mu","disease mortality rate (case fatality ratio)","beta",NA,"RWA",2026,"shape2",583.163716965517
"mu","disease mortality rate (case fatality ratio)","point",NA,"SEN",1970,"mean",0.115077035056315
"mu","disease mortality rate (case fatality ratio)","beta",NA,"SEN",1970,"shape1",64.4497858152605
"mu","disease mortality rate (case fatality ratio)","beta",NA,"SEN",1970,"shape2",495.607968398868
"mu","disease mortality rate (case fatality ratio)","point",NA,"SEN",1971,"mean",0.118660104678702
"mu","disease mortality rate (case fatality ratio)","beta",NA,"SEN",1971,"shape1",80.7357096824175
"mu","disease mortality rate (case fatality ratio)","beta",NA,"SEN",1971,"shape2",599.659018613388
"mu","disease mortality rate (case fatality ratio)","point",NA,"SEN",1972,"mean",0.121402237658061
"mu","disease mortality rate (case fatality ratio)","beta",NA,"SEN",1972,"shape1",98.3841761912693
"mu","disease mortality rate (case fatality ratio)","beta",NA,"SEN",1972,"shape2",712.014199400257
"mu","disease mortality rate (case fatality ratio)","point",NA,"SEN",1973,"mean",0.122591307467946
"mu","disease mortality rate (case fatality ratio)","beta",NA,"SEN",1973,"shape1",117.613445259797
"mu","disease mortality rate (case fatality ratio)","beta",NA,"SEN",1973,"shape2",841.781210764644
"mu","disease mortality rate (case fatality ratio)","point",NA,"SEN",1974,"mean",0.122328127257025
"mu","disease mortality rate (case fatality ratio)","beta",NA,"SEN",1974,"shape1",142.04256147442
"mu","disease mortality rate (case fatality ratio)","beta",NA,"SEN",1974,"shape2",1019.11771016101
"mu","disease mortality rate (case fatality ratio)","point",NA,"SEN",1975,"mean",0.121581033296523
"mu","disease mortality rate (case fatality ratio)","beta",NA,"SEN",1975,"shape1",176.258155510211
"mu","disease mortality rate (case fatality ratio)","beta",NA,"SEN",1975,"shape2",1273.45937633817
"mu","disease mortality rate (case fatality ratio)","point",NA,"SEN",1976,"mean",0.121595294211169
"mu","disease mortality rate (case fatality ratio)","beta",NA,"SEN",1976,"shape1",221.744773580639
"mu","disease mortality rate (case fatality ratio)","beta",NA,"SEN",1976,"shape2",1601.88479217825
"mu","disease mortality rate (case fatality ratio)","point",NA,"SEN",1977,"mean",0.123123323841936
"mu","disease mortality rate (case fatality ratio)","beta",NA,"SEN",1977,"shape1",275.367812280504
"mu","disease mortality rate (case fatality ratio)","beta",NA,"SEN",1977,"shape2",1961.15248044663
"mu","disease mortality rate (case fatality ratio)","point",NA,"SEN",1978,"mean",0.125911320572674
"mu","disease mortality rate (case fatality ratio)","beta",NA,"SEN",1978,"shape1",333.913517889033
"mu","disease mortality rate (case fatality ratio)","beta",NA,"SEN",1978,"shape2",2318.06023927845
"mu","disease mortality rate (case fatality ratio)","point",NA,"SEN",1979,"mean",0.128660425094734
"mu","disease mortality rate (case fatality ratio)","beta",NA,"SEN",1979,"shape1",397.71610722682
"mu","disease mortality rate (case fatality ratio)","beta",NA,"SEN",1979,"shape2",2693.49167429557
"mu","disease mortality rate (case fatality ratio)","point",NA,"SEN",1980,"mean",0.129590454094384
"mu","disease mortality rate (case fatality ratio)","beta",NA,"SEN",1980,"shape1",466.52089584157
"mu","disease mortality rate (case fatality ratio)","beta",NA,"SEN",1980,"shape2",3133.4425358923
"mu","disease mortality rate (case fatality ratio)","point",NA,"SEN",1981,"mean",0.127492790239933
"mu","disease mortality rate (case fatality ratio)","beta",NA,"SEN",1981,"shape1",539.12484457764
"mu","disease mortality rate (case fatality ratio)","beta",NA,"SEN",1981,"shape2",3689.54442811646
"mu","disease mortality rate (case fatality ratio)","point",NA,"SEN",1982,"mean",0.122620090036876
"mu","disease mortality rate (case fatality ratio)","beta",NA,"SEN",1982,"shape1",619.549783787611
"mu","disease mortality rate (case fatality ratio)","beta",NA,"SEN",1982,"shape2",4433.04627613448
"mu","disease mortality rate (case fatality ratio)","point",NA,"SEN",1983,"mean",0.116633921201379
"mu","disease mortality rate (case fatality ratio)","beta",NA,"SEN",1983,"shape1",711.822586938999
"mu","disease mortality rate (case fatality ratio)","beta",NA,"SEN",1983,"shape2",5391.22684848186
"mu","disease mortality rate (case fatality ratio)","point",NA,"SEN",1984,"mean",0.11161712113302
"mu","disease mortality rate (case fatality ratio)","beta",NA,"SEN",1984,"shape1",804.57080387175
"mu","disease mortality rate (case fatality ratio)","beta",NA,"SEN",1984,"shape2",6403.73913733251
"mu","disease mortality rate (case fatality ratio)","point",NA,"SEN",1985,"mean",0.108944487583249
"mu","disease mortality rate (case fatality ratio)","beta",NA,"SEN",1985,"shape1",877.011416867776
"mu","disease mortality rate (case fatality ratio)","beta",NA,"SEN",1985,"shape2",7173.06469366156
"mu","disease mortality rate (case fatality ratio)","point",NA,"SEN",1986,"mean",0.108620949027731
"mu","disease mortality rate (case fatality ratio)","beta",NA,"SEN",1986,"shape1",927.201769900032
"mu","disease mortality rate (case fatality ratio)","beta",NA,"SEN",1986,"shape2",7608.92112535582
"mu","disease mortality rate (case fatality ratio)","point",NA,"SEN",1987,"mean",0.109138218442545
"mu","disease mortality rate (case fatality ratio)","beta",NA,"SEN",1987,"shape1",967.010464109256
"mu","disease mortality rate (case fatality ratio)","beta",NA,"SEN",1987,"shape2",7893.40963353353
"mu","disease mortality rate (case fatality ratio)","point",NA,"SEN",1988,"mean",0.107915350313452
"mu","disease mortality rate (case fatality ratio)","beta",NA,"SEN",1988,"shape1",996.112213678757
"mu","disease mortality rate (case fatality ratio)","beta",NA,"SEN",1988,"shape2",8234.38382590634
"mu","disease mortality rate (case fatality ratio)","point",NA,"SEN",1989,"mean",0.102566088189462
"mu","disease mortality rate (case fatality ratio)","beta",NA,"SEN",1989,"shape1",1012.12047536667
"mu","disease mortality rate (case fatality ratio)","beta",NA,"SEN",1989,"shape2",8855.8631168033
"mu","disease mortality rate (case fatality ratio)","point",NA,"SEN",1990,"mean",0.0925523299210624
"mu","disease mortality rate (case fatality ratio)","beta",NA,"SEN",1990,"shape1",1031.76497743912
"mu","disease mortality rate (case fatality ratio)","beta",NA,"SEN",1990,"shape2",10116.1443006861
"mu","disease mortality rate (case fatality ratio)","point",NA,"SEN",1991,"mean",0.0797738505374783
"mu","disease mortality rate (case fatality ratio)","beta",NA,"SEN",1991,"shape1",1074.70566717941
"mu","disease mortality rate (case fatality ratio)","beta",NA,"SEN",1991,"shape2",12397.1984710633
"mu","disease mortality rate (case fatality ratio)","point",NA,"SEN",1992,"mean",0.0672999816502153
"mu","disease mortality rate (case fatality ratio)","beta",NA,"SEN",1992,"shape1",1133.73388169807
"mu","disease mortality rate (case fatality ratio)","beta",NA,"SEN",1992,"shape2",15712.242207724
"mu","disease mortality rate (case fatality ratio)","point",NA,"SEN",1993,"mean",0.0574975369739141
"mu","disease mortality rate (case fatality ratio)","beta",NA,"SEN",1993,"shape1",1173.29612821652
"mu","disease mortality rate (case fatality ratio)","beta",NA,"SEN",1993,"shape2",19232.728024589
"mu","disease mortality rate (case fatality ratio)","point",NA,"SEN",1994,"mean",0.0512207192202266
"mu","disease mortality rate (case fatality ratio)","beta",NA,"SEN",1994,"shape1",1163.63034457583
"mu","disease mortality rate (case fatality ratio)","beta",NA,"SEN",1994,"shape2",21554.3314937328
"mu","disease mortality rate (case fatality ratio)","point",NA,"SEN",1995,"mean",0.0480988493701964
"mu","disease mortality rate (case fatality ratio)","beta",NA,"SEN",1995,"shape1",1103.72901687325
"mu","disease mortality rate (case fatality ratio)","beta",NA,"SEN",1995,"shape2",21843.3691221761
"mu","disease mortality rate (case fatality ratio)","point",NA,"SEN",1996,"mean",0.0470107021421541
"mu","disease mortality rate (case fatality ratio)","beta",NA,"SEN",1996,"shape1",1008.47380974385
"mu","disease mortality rate (case fatality ratio)","beta",NA,"SEN",1996,"shape2",20443.5310272475
"mu","disease mortality rate (case fatality ratio)","point",NA,"SEN",1997,"mean",0.0463685763738076
"mu","disease mortality rate (case fatality ratio)","beta",NA,"SEN",1997,"shape1",900.888259323751
"mu","disease mortality rate (case fatality ratio)","beta",NA,"SEN",1997,"shape2",18527.9648514791
"mu","disease mortality rate (case fatality ratio)","point",NA,"SEN",1998,"mean",0.0445308371509337
"mu","disease mortality rate (case fatality ratio)","beta",NA,"SEN",1998,"shape1",806.153510706686
"mu","disease mortality rate (case fatality ratio)","beta",NA,"SEN",1998,"shape2",17297.1107053756
"mu","disease mortality rate (case fatality ratio)","point",NA,"SEN",1999,"mean",0.0405656317361157
"mu","disease mortality rate (case fatality ratio)","beta",NA,"SEN",1999,"shape1",738.758654971627
"mu","disease mortality rate (case fatality ratio)","beta",NA,"SEN",1999,"shape2",17472.6834785403
"mu","disease mortality rate (case fatality ratio)","point",NA,"SEN",2000,"mean",0.0348210317695105
"mu","disease mortality rate (case fatality ratio)","beta",NA,"SEN",2000,"shape1",702.051783812445
"mu","disease mortality rate (case fatality ratio)","beta",NA,"SEN",2000,"shape2",19459.6650906188
"mu","disease mortality rate (case fatality ratio)","point",NA,"SEN",2001,"mean",0.0285739230475096
"mu","disease mortality rate (case fatality ratio)","beta",NA,"SEN",2001,"shape1",696.427341500342
"mu","disease mortality rate (case fatality ratio)","beta",NA,"SEN",2001,"shape2",23676.4017006441
"mu","disease mortality rate (case fatality ratio)","point",NA,"SEN",2002,"mean",0.0230596621348774
"mu","disease mortality rate (case fatality ratio)","beta",NA,"SEN",2002,"shape1",719.487901861612
"mu","disease mortality rate (case fatality ratio)","beta",NA,"SEN",2002,"shape2",30481.6588301799
"mu","disease mortality rate (case fatality ratio)","point",NA,"SEN",2003,"mean",0.0188540064625634
"mu","disease mortality rate (case fatality ratio)","beta",NA,"SEN",2003,"shape1",749.053272971646
"mu","disease mortality rate (case fatality ratio)","beta",NA,"SEN",2003,"shape2",38980.0766845771
"mu","disease mortality rate (case fatality ratio)","point",NA,"SEN",2004,"mean",0.015917742333193
"mu","disease mortality rate (case fatality ratio)","beta",NA,"SEN",2004,"shape1",722.081708263176
"mu","disease mortality rate (case fatality ratio)","beta",NA,"SEN",2004,"shape2",44641.2426343748
"mu","disease mortality rate (case fatality ratio)","point",NA,"SEN",2005,"mean",0.0139081180501372
"mu","disease mortality rate (case fatality ratio)","beta",NA,"SEN",2005,"shape1",587.541613562036
"mu","disease mortality rate (case fatality ratio)","beta",NA,"SEN",2005,"shape2",41656.9670571305
"mu","disease mortality rate (case fatality ratio)","point",NA,"SEN",2006,"mean",0.0124230565610421
"mu","disease mortality rate (case fatality ratio)","beta",NA,"SEN",2006,"shape1",403.497598910404
"mu","disease mortality rate (case fatality ratio)","beta",NA,"SEN",2006,"shape2",32076.2385214052
"mu","disease mortality rate (case fatality ratio)","point",NA,"SEN",2007,"mean",0.0111368845952926
"mu","disease mortality rate (case fatality ratio)","beta",NA,"SEN",2007,"shape1",253.349410800492
"mu","disease mortality rate (case fatality ratio)","beta",NA,"SEN",2007,"shape2",22495.3294169911
"mu","disease mortality rate (case fatality ratio)","point",NA,"SEN",2008,"mean",0.00987433112767227
"mu","disease mortality rate (case fatality ratio)","beta",NA,"SEN",2008,"shape1",156.147979643514
"mu","disease mortality rate (case fatality ratio)","beta",NA,"SEN",2008,"shape2",15657.376766951
"mu","disease mortality rate (case fatality ratio)","point",NA,"SEN",2009,"mean",0.0086210624379412
"mu","disease mortality rate (case fatality ratio)","beta",NA,"SEN",2009,"shape1",98.0084724523781
"mu","disease mortality rate (case fatality ratio)","beta",NA,"SEN",2009,"shape2",11270.4827266189
"mu","disease mortality rate (case fatality ratio)","point",NA,"SEN",2010,"mean",0.00745979758692912
"mu","disease mortality rate (case fatality ratio)","beta",NA,"SEN",2010,"shape1",63.5018259320729
"mu","disease mortality rate (case fatality ratio)","beta",NA,"SEN",2010,"shape2",8449.03825201044
"mu","disease mortality rate (case fatality ratio)","point",NA,"SEN",2011,"mean",0.00647736806436186
"mu","disease mortality rate (case fatality ratio)","beta",NA,"SEN",2011,"shape1",42.5196153282513
"mu","disease mortality rate (case fatality ratio)","beta",NA,"SEN",2011,"shape2",6521.81560628622
"mu","disease mortality rate (case fatality ratio)","point",NA,"SEN",2012,"mean",0.00570763828991029
"mu","disease mortality rate (case fatality ratio)","beta",NA,"SEN",2012,"shape1",29.3119166333379
"mu","disease mortality rate (case fatality ratio)","beta",NA,"SEN",2012,"shape2",5106.24768691655
"mu","disease mortality rate (case fatality ratio)","point",NA,"SEN",2013,"mean",0.00512726258926357
"mu","disease mortality rate (case fatality ratio)","beta",NA,"SEN",2013,"shape1",20.7205856643813
"mu","disease mortality rate (case fatality ratio)","beta",NA,"SEN",2013,"shape2",4020.53638209263
"mu","disease mortality rate (case fatality ratio)","point",NA,"SEN",2014,"mean",0.00467977456500419
"mu","disease mortality rate (case fatality ratio)","beta",NA,"SEN",2014,"shape1",14.9723748268087
"mu","disease mortality rate (case fatality ratio)","beta",NA,"SEN",2014,"shape2",3184.40712921461
"mu","disease mortality rate (case fatality ratio)","point",NA,"SEN",2015,"mean",0.00430394617473173
"mu","disease mortality rate (case fatality ratio)","beta",NA,"SEN",2015,"shape1",11.0256991521513
"mu","disease mortality rate (case fatality ratio)","beta",NA,"SEN",2015,"shape2",2550.73941233615
"mu","disease mortality rate (case fatality ratio)","point",NA,"SEN",2016,"mean",0.00395567688502342
"mu","disease mortality rate (case fatality ratio)","beta",NA,"SEN",2016,"shape1",8.24861393855274
"mu","disease mortality rate (case fatality ratio)","beta",NA,"SEN",2016,"shape2",2077.01117302302
"mu","disease mortality rate (case fatality ratio)","point",NA,"SEN",2017,"mean",0.00361743013053355
"mu","disease mortality rate (case fatality ratio)","beta",NA,"SEN",2017,"shape1",6.25226931005769
"mu","disease mortality rate (case fatality ratio)","beta",NA,"SEN",2017,"shape2",1722.12093610014
"mu","disease mortality rate (case fatality ratio)","point",NA,"SEN",2018,"mean",0.00329238010438252
"mu","disease mortality rate (case fatality ratio)","beta",NA,"SEN",2018,"shape1",4.79260021608319
"mu","disease mortality rate (case fatality ratio)","beta",NA,"SEN",2018,"shape2",1450.87171074962
"mu","disease mortality rate (case fatality ratio)","point",NA,"SEN",2019,"mean",0.00298899875305175
"mu","disease mortality rate (case fatality ratio)","beta",NA,"SEN",2019,"shape1",3.71023228425359
"mu","disease mortality rate (case fatality ratio)","beta",NA,"SEN",2019,"shape2",1237.58579718564
"mu","disease mortality rate (case fatality ratio)","point",NA,"SEN",2020,"mean",0.00270775429986828
"mu","disease mortality rate (case fatality ratio)","beta",NA,"SEN",2020,"shape1",2.89701074324401
"mu","disease mortality rate (case fatality ratio)","beta",NA,"SEN",2020,"shape2",1066.99723460425
"mu","disease mortality rate (case fatality ratio)","point",NA,"SEN",2021,"mean",0.002437978422794
"mu","disease mortality rate (case fatality ratio)","beta",NA,"SEN",2021,"shape1",2.27849617550283
"mu","disease mortality rate (case fatality ratio)","beta",NA,"SEN",2021,"shape2",932.305729098975
"mu","disease mortality rate (case fatality ratio)","point",NA,"SEN",2022,"mean",0.00216506663670109
"mu","disease mortality rate (case fatality ratio)","beta",NA,"SEN",2022,"shape1",1.80333137448323
"mu","disease mortality rate (case fatality ratio)","beta",NA,"SEN",2022,"shape2",831.11854914138
"mu","disease mortality rate (case fatality ratio)","point",NA,"SEN",2023,"mean",0.00188209516600774
"mu","disease mortality rate (case fatality ratio)","beta",NA,"SEN",2023,"shape1",1.43539774600804
"mu","disease mortality rate (case fatality ratio)","beta",NA,"SEN",2023,"shape2",761.224095744311
"mu","disease mortality rate (case fatality ratio)","point",NA,"SEN",2024,"mean",0.00159683950086288
"mu","disease mortality rate (case fatality ratio)","beta",NA,"SEN",2024,"shape1",1.14840372174216
"mu","disease mortality rate (case fatality ratio)","beta",NA,"SEN",2024,"shape2",718.024513231779
"mu","disease mortality rate (case fatality ratio)","point",NA,"SEN",2025,"mean",0.00132786981524994
"mu","disease mortality rate (case fatality ratio)","beta",NA,"SEN",2025,"shape1",0.922851075595287
"mu","disease mortality rate (case fatality ratio)","beta",NA,"SEN",2025,"shape2",694.063257499799
"mu","disease mortality rate (case fatality ratio)","point",NA,"SEN",2026,"mean",0.00109270719352566
"mu","disease mortality rate (case fatality ratio)","beta",NA,"SEN",2026,"shape1",0.744350958385874
"mu","disease mortality rate (case fatality ratio)","beta",NA,"SEN",2026,"shape2",680.454567467509
"mu","disease mortality rate (case fatality ratio)","point",NA,"SLE",1970,"mean",0.175535992946516
"mu","disease mortality rate (case fatality ratio)","beta",NA,"SLE",1970,"shape1",85.2352129372151
"mu","disease mortality rate (case fatality ratio)","beta",NA,"SLE",1970,"shape2",400.335931227991
"mu","disease mortality rate (case fatality ratio)","point",NA,"SLE",1971,"mean",0.168343615837389
"mu","disease mortality rate (case fatality ratio)","beta",NA,"SLE",1971,"shape1",98.6089478361247
"mu","disease mortality rate (case fatality ratio)","beta",NA,"SLE",1971,"shape2",487.151001215792
"mu","disease mortality rate (case fatality ratio)","point",NA,"SLE",1972,"mean",0.160247858258409
"mu","disease mortality rate (case fatality ratio)","beta",NA,"SLE",1972,"shape1",109.735040232927
"mu","disease mortality rate (case fatality ratio)","beta",NA,"SLE",1972,"shape2",575.048153911066
"mu","disease mortality rate (case fatality ratio)","point",NA,"SLE",1973,"mean",0.150660710297682
"mu","disease mortality rate (case fatality ratio)","beta",NA,"SLE",1973,"shape1",120.544499032563
"mu","disease mortality rate (case fatality ratio)","beta",NA,"SLE",1973,"shape2",679.56124050886
"mu","disease mortality rate (case fatality ratio)","point",NA,"SLE",1974,"mean",0.140087080373623
"mu","disease mortality rate (case fatality ratio)","beta",NA,"SLE",1974,"shape1",135.951768590565
"mu","disease mortality rate (case fatality ratio)","beta",NA,"SLE",1974,"shape2",834.528651359448
"mu","disease mortality rate (case fatality ratio)","point",NA,"SLE",1975,"mean",0.129884884986479
"mu","disease mortality rate (case fatality ratio)","beta",NA,"SLE",1975,"shape1",159.959138416945
"mu","disease mortality rate (case fatality ratio)","beta",NA,"SLE",1975,"shape2",1071.58630610184
"mu","disease mortality rate (case fatality ratio)","point",NA,"SLE",1976,"mean",0.121412473983387
"mu","disease mortality rate (case fatality ratio)","beta",NA,"SLE",1976,"shape1",192.851552152921
"mu","disease mortality rate (case fatality ratio)","beta",NA,"SLE",1976,"shape2",1395.54827058118
"mu","disease mortality rate (case fatality ratio)","point",NA,"SLE",1977,"mean",0.115264528419261
"mu","disease mortality rate (case fatality ratio)","beta",NA,"SLE",1977,"shape1",230.695548008121
"mu","disease mortality rate (case fatality ratio)","beta",NA,"SLE",1977,"shape2",1770.74887875423
"mu","disease mortality rate (case fatality ratio)","point",NA,"SLE",1978,"mean",0.111001036763411
"mu","disease mortality rate (case fatality ratio)","beta",NA,"SLE",1978,"shape1",269.187053706903
"mu","disease mortality rate (case fatality ratio)","beta",NA,"SLE",1978,"shape2",2155.89888743301
"mu","disease mortality rate (case fatality ratio)","point",NA,"SLE",1979,"mean",0.107377083338599
"mu","disease mortality rate (case fatality ratio)","beta",NA,"SLE",1979,"shape1",307.501085782155
"mu","disease mortality rate (case fatality ratio)","beta",NA,"SLE",1979,"shape2",2556.24857309516
"mu","disease mortality rate (case fatality ratio)","point",NA,"SLE",1980,"mean",0.102978249158036
"mu","disease mortality rate (case fatality ratio)","beta",NA,"SLE",1980,"shape1",347.308958627452
"mu","disease mortality rate (case fatality ratio)","beta",NA,"SLE",1980,"shape2",3025.33489060379
"mu","disease mortality rate (case fatality ratio)","point",NA,"SLE",1981,"mean",0.097049464430306
"mu","disease mortality rate (case fatality ratio)","beta",NA,"SLE",1981,"shape1",393.045989703871
"mu","disease mortality rate (case fatality ratio)","beta",NA,"SLE",1981,"shape2",3656.90927806712
"mu","disease mortality rate (case fatality ratio)","point",NA,"SLE",1982,"mean",0.0900097492546176
"mu","disease mortality rate (case fatality ratio)","beta",NA,"SLE",1982,"shape1",453.802996041443
"mu","disease mortality rate (case fatality ratio)","beta",NA,"SLE",1982,"shape2",4587.90637210417
"mu","disease mortality rate (case fatality ratio)","point",NA,"SLE",1983,"mean",0.0832022355477013
"mu","disease mortality rate (case fatality ratio)","beta",NA,"SLE",1983,"shape1",538.59754898005
"mu","disease mortality rate (case fatality ratio)","beta",NA,"SLE",1983,"shape2",5934.7567477475
"mu","disease mortality rate (case fatality ratio)","point",NA,"SLE",1984,"mean",0.0780833337896051
"mu","disease mortality rate (case fatality ratio)","beta",NA,"SLE",1984,"shape1",644.150844079388
"mu","disease mortality rate (case fatality ratio)","beta",NA,"SLE",1984,"shape2",7605.37966156023
"mu","disease mortality rate (case fatality ratio)","point",NA,"SLE",1985,"mean",0.0754968561866083
"mu","disease mortality rate (case fatality ratio)","beta",NA,"SLE",1985,"shape1",749.028390215513
"mu","disease mortality rate (case fatality ratio)","beta",NA,"SLE",1985,"shape2",9172.29056330637
"mu","disease mortality rate (case fatality ratio)","point",NA,"SLE",1986,"mean",0.075345370550692
"mu","disease mortality rate (case fatality ratio)","beta",NA,"SLE",1986,"shape1",832.854975100409
"mu","disease mortality rate (case fatality ratio)","beta",NA,"SLE",1986,"shape2",10220.9757913177
"mu","disease mortality rate (case fatality ratio)","point",NA,"SLE",1987,"mean",0.0765359862360596
"mu","disease mortality rate (case fatality ratio)","beta",NA,"SLE",1987,"shape1",894.057587700973
"mu","disease mortality rate (case fatality ratio)","beta",NA,"SLE",1987,"shape2",10787.4746126346
"mu","disease mortality rate (case fatality ratio)","point",NA,"SLE",1988,"mean",0.0771999873177997
"mu","disease mortality rate (case fatality ratio)","beta",NA,"SLE",1988,"shape1",939.098920092329
"mu","disease mortality rate (case fatality ratio)","beta",NA,"SLE",1988,"shape2",11225.3968618364
"mu","disease mortality rate (case fatality ratio)","point",NA,"SLE",1989,"mean",0.0754560517379468
"mu","disease mortality rate (case fatality ratio)","beta",NA,"SLE",1989,"shape1",981.252111682341
"mu","disease mortality rate (case fatality ratio)","beta",NA,"SLE",1989,"shape2",12023.0343448918
"mu","disease mortality rate (case fatality ratio)","point",NA,"SLE",1990,"mean",0.0705771430306392
"mu","disease mortality rate (case fatality ratio)","beta",NA,"SLE",1990,"shape1",1048.67831546409
"mu","disease mortality rate (case fatality ratio)","beta",NA,"SLE",1990,"shape2",13809.9327083462
"mu","disease mortality rate (case fatality ratio)","point",NA,"SLE",1991,"mean",0.0635863603961894
"mu","disease mortality rate (case fatality ratio)","beta",NA,"SLE",1991,"shape1",1168.72137500392
"mu","disease mortality rate (case fatality ratio)","beta",NA,"SLE",1991,"shape2",17211.3426469331
"mu","disease mortality rate (case fatality ratio)","point",NA,"SLE",1992,"mean",0.0565664282981116
"mu","disease mortality rate (case fatality ratio)","beta",NA,"SLE",1992,"shape1",1332.5456639396
"mu","disease mortality rate (case fatality ratio)","beta",NA,"SLE",1992,"shape2",22224.636644212
"mu","disease mortality rate (case fatality ratio)","point",NA,"SLE",1993,"mean",0.0513907821990122
"mu","disease mortality rate (case fatality ratio)","beta",NA,"SLE",1993,"shape1",1465.16104661739
"mu","disease mortality rate (case fatality ratio)","beta",NA,"SLE",1993,"shape2",27045.0305465659
"mu","disease mortality rate (case fatality ratio)","point",NA,"SLE",1994,"mean",0.0490349023349041
"mu","disease mortality rate (case fatality ratio)","beta",NA,"SLE",1994,"shape1",1471.3283415814
"mu","disease mortality rate (case fatality ratio)","beta",NA,"SLE",1994,"shape2",28534.4078079954
"mu","disease mortality rate (case fatality ratio)","point",NA,"SLE",1995,"mean",0.0495938350611993
"mu","disease mortality rate (case fatality ratio)","beta",NA,"SLE",1995,"shape1",1339.56170922745
"mu","disease mortality rate (case fatality ratio)","beta",NA,"SLE",1995,"shape2",25671.0880534783
"mu","disease mortality rate (case fatality ratio)","point",NA,"SLE",1996,"mean",0.0524063388231296
"mu","disease mortality rate (case fatality ratio)","beta",NA,"SLE",1996,"shape1",1135.74333461609
"mu","disease mortality rate (case fatality ratio)","beta",NA,"SLE",1996,"shape2",20536.1261399756
"mu","disease mortality rate (case fatality ratio)","point",NA,"SLE",1997,"mean",0.0560202122633739
"mu","disease mortality rate (case fatality ratio)","beta",NA,"SLE",1997,"shape1",929.94728450948
"mu","disease mortality rate (case fatality ratio)","beta",NA,"SLE",1997,"shape2",15670.2626564564
"mu","disease mortality rate (case fatality ratio)","point",NA,"SLE",1998,"mean",0.0583946542759523
"mu","disease mortality rate (case fatality ratio)","beta",NA,"SLE",1998,"shape1",760.053013194346
"mu","disease mortality rate (case fatality ratio)","beta",NA,"SLE",1998,"shape2",12255.7447960127
"mu","disease mortality rate (case fatality ratio)","point",NA,"SLE",1999,"mean",0.0577989010007588
"mu","disease mortality rate (case fatality ratio)","beta",NA,"SLE",1999,"shape1",632.224398958326
"mu","disease mortality rate (case fatality ratio)","beta",NA,"SLE",1999,"shape2",10306.1219711574
"mu","disease mortality rate (case fatality ratio)","point",NA,"SLE",2000,"mean",0.0539301060370249
"mu","disease mortality rate (case fatality ratio)","beta",NA,"SLE",2000,"shape1",539.566846683815
"mu","disease mortality rate (case fatality ratio)","beta",NA,"SLE",2000,"shape2",9465.36150100724
"mu","disease mortality rate (case fatality ratio)","point",NA,"SLE",2001,"mean",0.0480595550639835
"mu","disease mortality rate (case fatality ratio)","beta",NA,"SLE",2001,"shape1",475.774476842587
"mu","disease mortality rate (case fatality ratio)","beta",NA,"SLE",2001,"shape2",9423.91094906639
"mu","disease mortality rate (case fatality ratio)","point",NA,"SLE",2002,"mean",0.0419987355495756
"mu","disease mortality rate (case fatality ratio)","beta",NA,"SLE",2002,"shape1",436.890673064897
"mu","disease mortality rate (case fatality ratio)","beta",NA,"SLE",2002,"shape2",9965.58138586621
"mu","disease mortality rate (case fatality ratio)","point",NA,"SLE",2003,"mean",0.0370056806641757
"mu","disease mortality rate (case fatality ratio)","beta",NA,"SLE",2003,"shape1",418.634006009597
"mu","disease mortality rate (case fatality ratio)","beta",NA,"SLE",2003,"shape2",10894.0617341032
"mu","disease mortality rate (case fatality ratio)","point",NA,"SLE",2004,"mean",0.0334550811775043
"mu","disease mortality rate (case fatality ratio)","beta",NA,"SLE",2004,"shape1",415.896030677519
"mu","disease mortality rate (case fatality ratio)","beta",NA,"SLE",2004,"shape2",12015.579728442
"mu","disease mortality rate (case fatality ratio)","point",NA,"SLE",2005,"mean",0.0310693756406359
"mu","disease mortality rate (case fatality ratio)","beta",NA,"SLE",2005,"shape1",425.056086788264
"mu","disease mortality rate (case fatality ratio)","beta",NA,"SLE",2005,"shape2",13255.8138381397
"mu","disease mortality rate (case fatality ratio)","point",NA,"SLE",2006,"mean",0.0292579201835652
"mu","disease mortality rate (case fatality ratio)","beta",NA,"SLE",2006,"shape1",445.761242671767
"mu","disease mortality rate (case fatality ratio)","beta",NA,"SLE",2006,"shape2",14789.8139409041
"mu","disease mortality rate (case fatality ratio)","point",NA,"SLE",2007,"mean",0.0274154135933981
"mu","disease mortality rate (case fatality ratio)","beta",NA,"SLE",2007,"shape1",478.281573379934
"mu","disease mortality rate (case fatality ratio)","beta",NA,"SLE",2007,"shape2",16967.4363892741
"mu","disease mortality rate (case fatality ratio)","point",NA,"SLE",2008,"mean",0.0251790573152879
"mu","disease mortality rate (case fatality ratio)","beta",NA,"SLE",2008,"shape1",517.273798172613
"mu","disease mortality rate (case fatality ratio)","beta",NA,"SLE",2008,"shape2",20026.5373419904
"mu","disease mortality rate (case fatality ratio)","point",NA,"SLE",2009,"mean",0.0225564478959303
"mu","disease mortality rate (case fatality ratio)","beta",NA,"SLE",2009,"shape1",547.218580391131
"mu","disease mortality rate (case fatality ratio)","beta",NA,"SLE",2009,"shape2",23712.7439330266
"mu","disease mortality rate (case fatality ratio)","point",NA,"SLE",2010,"mean",0.0198279741716766
"mu","disease mortality rate (case fatality ratio)","beta",NA,"SLE",2010,"shape1",543.740428086845
"mu","disease mortality rate (case fatality ratio)","beta",NA,"SLE",2010,"shape2",26879.153276483
"mu","disease mortality rate (case fatality ratio)","point",NA,"SLE",2011,"mean",0.017310120608786
"mu","disease mortality rate (case fatality ratio)","beta",NA,"SLE",2011,"shape1",484.948276295988
"mu","disease mortality rate (case fatality ratio)","beta",NA,"SLE",2011,"shape2",27530.3548666437
"mu","disease mortality rate (case fatality ratio)","point",NA,"SLE",2012,"mean",0.0151766645499984
"mu","disease mortality rate (case fatality ratio)","beta",NA,"SLE",2012,"shape1",379.081251791494
"mu","disease mortality rate (case fatality ratio)","beta",NA,"SLE",2012,"shape2",24598.821537233
"mu","disease mortality rate (case fatality ratio)","point",NA,"SLE",2013,"mean",0.0134268671651374
"mu","disease mortality rate (case fatality ratio)","beta",NA,"SLE",2013,"shape1",268.200558406684
"mu","disease mortality rate (case fatality ratio)","beta",NA,"SLE",2013,"shape2",19706.7165319376
"mu","disease mortality rate (case fatality ratio)","point",NA,"SLE",2014,"mean",0.0119513756510239
"mu","disease mortality rate (case fatality ratio)","beta",NA,"SLE",2014,"shape1",182.795070732889
"mu","disease mortality rate (case fatality ratio)","beta",NA,"SLE",2014,"shape2",15112.102861559
"mu","disease mortality rate (case fatality ratio)","point",NA,"SLE",2015,"mean",0.0106206608990749
"mu","disease mortality rate (case fatality ratio)","beta",NA,"SLE",2015,"shape1",125.294585167562
"mu","disease mortality rate (case fatality ratio)","beta",NA,"SLE",2015,"shape2",11671.9547911378
"mu","disease mortality rate (case fatality ratio)","point",NA,"SLE",2016,"mean",0.0093515221496867
"mu","disease mortality rate (case fatality ratio)","beta",NA,"SLE",2016,"shape1",87.7385961836253
"mu","disease mortality rate (case fatality ratio)","beta",NA,"SLE",2016,"shape2",9294.54107756604
"mu","disease mortality rate (case fatality ratio)","point",NA,"SLE",2017,"mean",0.00812926455172026
"mu","disease mortality rate (case fatality ratio)","beta",NA,"SLE",2017,"shape1",63.0057627899854
"mu","disease mortality rate (case fatality ratio)","beta",NA,"SLE",2017,"shape2",7687.48167541899
"mu","disease mortality rate (case fatality ratio)","point",NA,"SLE",2018,"mean",0.00698426425823961
"mu","disease mortality rate (case fatality ratio)","beta",NA,"SLE",2018,"shape1",46.4628546355235
"mu","disease mortality rate (case fatality ratio)","beta",NA,"SLE",2018,"shape2",6606.04239396091
"mu","disease mortality rate (case fatality ratio)","point",NA,"SLE",2019,"mean",0.00594913842145961
"mu","disease mortality rate (case fatality ratio)","beta",NA,"SLE",2019,"shape1",35.1631380189064
"mu","disease mortality rate (case fatality ratio)","beta",NA,"SLE",2019,"shape2",5875.46383479899
"mu","disease mortality rate (case fatality ratio)","point",NA,"SLE",2020,"mean",0.0050306818764781
"mu","disease mortality rate (case fatality ratio)","beta",NA,"SLE",2020,"shape1",27.2138008311193
"mu","disease mortality rate (case fatality ratio)","beta",NA,"SLE",2020,"shape2",5382.35124409103
"mu","disease mortality rate (case fatality ratio)","point",NA,"SLE",2021,"mean",0.00421048912606264
"mu","disease mortality rate (case fatality ratio)","beta",NA,"SLE",2021,"shape1",21.4449561516782
"mu","disease mortality rate (case fatality ratio)","beta",NA,"SLE",2021,"shape2",5071.77711606206
"mu","disease mortality rate (case fatality ratio)","point",NA,"SLE",2022,"mean",0.00346473426471158
"mu","disease mortality rate (case fatality ratio)","beta",NA,"SLE",2022,"shape1",17.1617609810234
"mu","disease mortality rate (case fatality ratio)","beta",NA,"SLE",2022,"shape2",4936.1072835793
"mu","disease mortality rate (case fatality ratio)","point",NA,"SLE",2023,"mean",0.0027844140893396
"mu","disease mortality rate (case fatality ratio)","beta",NA,"SLE",2023,"shape1",13.9334607039709
"mu","disease mortality rate (case fatality ratio)","beta",NA,"SLE",2023,"shape2",4990.15725888995
"mu","disease mortality rate (case fatality ratio)","point",NA,"SLE",2024,"mean",0.00218065762855831
"mu","disease mortality rate (case fatality ratio)","beta",NA,"SLE",2024,"shape1",11.4623245353816
"mu","disease mortality rate (case fatality ratio)","beta",NA,"SLE",2024,"shape2",5244.89905254135
"mu","disease mortality rate (case fatality ratio)","point",NA,"SLE",2025,"mean",0.00167240436574713
"mu","disease mortality rate (case fatality ratio)","beta",NA,"SLE",2025,"shape1",9.53423436214061
"mu","disease mortality rate (case fatality ratio)","beta",NA,"SLE",2025,"shape2",5691.38030366067
"mu","disease mortality rate (case fatality ratio)","point",NA,"SLE",2026,"mean",0.00126878124624109
"mu","disease mortality rate (case fatality ratio)","beta",NA,"SLE",2026,"shape1",8.00325770030611
"mu","disease mortality rate (case fatality ratio)","beta",NA,"SLE",2026,"shape2",6299.82776046511
"mu","disease mortality rate (case fatality ratio)","point",NA,"SOM",1970,"mean",0.614180890080848
"mu","disease mortality rate (case fatality ratio)","beta",NA,"SOM",1970,"shape1",141.993209122345
"mu","disease mortality rate (case fatality ratio)","beta",NA,"SOM",1970,"shape2",89.1979780597465
"mu","disease mortality rate (case fatality ratio)","point",NA,"SOM",1971,"mean",0.57939518191461
"mu","disease mortality rate (case fatality ratio)","beta",NA,"SOM",1971,"shape1",153.944278848569
"mu","disease mortality rate (case fatality ratio)","beta",NA,"SOM",1971,"shape2",111.753958992934
"mu","disease mortality rate (case fatality ratio)","point",NA,"SOM",1972,"mean",0.541706246692822
"mu","disease mortality rate (case fatality ratio)","beta",NA,"SOM",1972,"shape1",163.003708666643
"mu","disease mortality rate (case fatality ratio)","beta",NA,"SOM",1972,"shape2",137.904227436732
"mu","disease mortality rate (case fatality ratio)","point",NA,"SOM",1973,"mean",0.500018374151705
"mu","disease mortality rate (case fatality ratio)","beta",NA,"SOM",1973,"shape1",171.278444066476
"mu","disease mortality rate (case fatality ratio)","beta",NA,"SOM",1973,"shape2",171.2658561446
"mu","disease mortality rate (case fatality ratio)","point",NA,"SOM",1974,"mean",0.455333652808931
"mu","disease mortality rate (case fatality ratio)","beta",NA,"SOM",1974,"shape1",184.390691051911
"mu","disease mortality rate (case fatality ratio)","beta",NA,"SOM",1974,"shape2",220.566618636081
"mu","disease mortality rate (case fatality ratio)","point",NA,"SOM",1975,"mean",0.41081583585452
"mu","disease mortality rate (case fatality ratio)","beta",NA,"SOM",1975,"shape1",207.069048613996
"mu","disease mortality rate (case fatality ratio)","beta",NA,"SOM",1975,"shape2",296.974443729186
"mu","disease mortality rate (case fatality ratio)","point",NA,"SOM",1976,"mean",0.370117287242918
"mu","disease mortality rate (case fatality ratio)","beta",NA,"SOM",1976,"shape1",240.269963167554
"mu","disease mortality rate (case fatality ratio)","beta",NA,"SOM",1976,"shape2",408.902532819801
"mu","disease mortality rate (case fatality ratio)","point",NA,"SOM",1977,"mean",0.335253649084133
"mu","disease mortality rate (case fatality ratio)","beta",NA,"SOM",1977,"shape1",281.707543806611
"mu","disease mortality rate (case fatality ratio)","beta",NA,"SOM",1977,"shape2",558.574268415859
"mu","disease mortality rate (case fatality ratio)","point",NA,"SOM",1978,"mean",0.305611327494027
"mu","disease mortality rate (case fatality ratio)","beta",NA,"SOM",1978,"shape1",330.728985356002
"mu","disease mortality rate (case fatality ratio)","beta",NA,"SOM",1978,"shape2",751.459257036504
"mu","disease mortality rate (case fatality ratio)","point",NA,"SOM",1979,"mean",0.278595628590043
"mu","disease mortality rate (case fatality ratio)","beta",NA,"SOM",1979,"shape1",392.486826355406
"mu","disease mortality rate (case fatality ratio)","beta",NA,"SOM",1979,"shape2",1016.3178571271
"mu","disease mortality rate (case fatality ratio)","point",NA,"SOM",1980,"mean",0.251373153945165
"mu","disease mortality rate (case fatality ratio)","beta",NA,"SOM",1980,"shape1",477.843938357109
"mu","disease mortality rate (case fatality ratio)","beta",NA,"SOM",1980,"shape2",1423.09071141598
"mu","disease mortality rate (case fatality ratio)","point",NA,"SOM",1981,"mean",0.222727619090965
"mu","disease mortality rate (case fatality ratio)","beta",NA,"SOM",1981,"shape1",608.05430123653
"mu","disease mortality rate (case fatality ratio)","beta",NA,"SOM",1981,"shape2",2121.98117311653
"mu","disease mortality rate (case fatality ratio)","point",NA,"SOM",1982,"mean",0.193886774773331
"mu","disease mortality rate (case fatality ratio)","beta",NA,"SOM",1982,"shape1",833.058109028968
"mu","disease mortality rate (case fatality ratio)","beta",NA,"SOM",1982,"shape2",3463.56351461131
"mu","disease mortality rate (case fatality ratio)","point",NA,"SOM",1983,"mean",0.1676614861854
"mu","disease mortality rate (case fatality ratio)","beta",NA,"SOM",1983,"shape1",1264.08982020554
"mu","disease mortality rate (case fatality ratio)","beta",NA,"SOM",1983,"shape2",6275.44623524676
"mu","disease mortality rate (case fatality ratio)","point",NA,"SOM",1984,"mean",0.14659013467619
"mu","disease mortality rate (case fatality ratio)","beta",NA,"SOM",1984,"shape1",2079.74325770647
"mu","disease mortality rate (case fatality ratio)","beta",NA,"SOM",1984,"shape2",12107.7275588018
"mu","disease mortality rate (case fatality ratio)","point",NA,"SOM",1985,"mean",0.131577394117459
"mu","disease mortality rate (case fatality ratio)","beta",NA,"SOM",1985,"shape1",3212.7574459998
"mu","disease mortality rate (case fatality ratio)","beta",NA,"SOM",1985,"shape2",21204.4873820272
"mu","disease mortality rate (case fatality ratio)","point",NA,"SOM",1986,"mean",0.121667415510345
"mu","disease mortality rate (case fatality ratio)","beta",NA,"SOM",1986,"shape1",3813.85280735226
"mu","disease mortality rate (case fatality ratio)","beta",NA,"SOM",1986,"shape2",27532.6896613497
"mu","disease mortality rate (case fatality ratio)","point",NA,"SOM",1987,"mean",0.114515667538137
"mu","disease mortality rate (case fatality ratio)","beta",NA,"SOM",1987,"shape1",3546.59930986284
"mu","disease mortality rate (case fatality ratio)","beta",NA,"SOM",1987,"shape2",27423.8293319798
"mu","disease mortality rate (case fatality ratio)","point",NA,"SOM",1988,"mean",0.107209756094971
"mu","disease mortality rate (case fatality ratio)","beta",NA,"SOM",1988,"shape1",3017.80229237468
"mu","disease mortality rate (case fatality ratio)","beta",NA,"SOM",1988,"shape2",25130.7767390092
"mu","disease mortality rate (case fatality ratio)","point",NA,"SOM",1989,"mean",0.0975032266174644
"mu","disease mortality rate (case fatality ratio)","beta",NA,"SOM",1989,"shape1",2606.39739906839
"mu","disease mortality rate (case fatality ratio)","beta",NA,"SOM",1989,"shape2",24124.9989812186
"mu","disease mortality rate (case fatality ratio)","point",NA,"SOM",1990,"mean",0.0850636172136339
"mu","disease mortality rate (case fatality ratio)","beta",NA,"SOM",1990,"shape1",2437.66811725967
"mu","disease mortality rate (case fatality ratio)","beta",NA,"SOM",1990,"shape2",26219.3323385
"mu","disease mortality rate (case fatality ratio)","point",NA,"SOM",1991,"mean",0.0716243340978067
"mu","disease mortality rate (case fatality ratio)","beta",NA,"SOM",1991,"shape1",2533.75126757778
"mu","disease mortality rate (case fatality ratio)","beta",NA,"SOM",1991,"shape2",32841.8134688121
"mu","disease mortality rate (case fatality ratio)","point",NA,"SOM",1992,"mean",0.0596675604121543
"mu","disease mortality rate (case fatality ratio)","beta",NA,"SOM",1992,"shape1",2845.31356351358
"mu","disease mortality rate (case fatality ratio)","beta",NA,"SOM",1992,"shape2",44840.7916477528
"mu","disease mortality rate (case fatality ratio)","point",NA,"SOM",1993,"mean",0.0508993948425809
"mu","disease mortality rate (case fatality ratio)","beta",NA,"SOM",1993,"shape1",3234.89269951144
"mu","disease mortality rate (case fatality ratio)","beta",NA,"SOM",1993,"shape2",60319.7469875842
"mu","disease mortality rate (case fatality ratio)","point",NA,"SOM",1994,"mean",0.0457730766432478
"mu","disease mortality rate (case fatality ratio)","beta",NA,"SOM",1994,"shape1",3573.81350222697
"mu","disease mortality rate (case fatality ratio)","beta",NA,"SOM",1994,"shape2",74502.9461196142
"mu","disease mortality rate (case fatality ratio)","point",NA,"SOM",1995,"mean",0.0438432061861279
"mu","disease mortality rate (case fatality ratio)","beta",NA,"SOM",1995,"shape1",3864.37902530491
"mu","disease mortality rate (case fatality ratio)","beta",NA,"SOM",1995,"shape2",84276.506677703
"mu","disease mortality rate (case fatality ratio)","point",NA,"SOM",1996,"mean",0.0441240670426416
"mu","disease mortality rate (case fatality ratio)","beta",NA,"SOM",1996,"shape1",4105.16754187093
"mu","disease mortality rate (case fatality ratio)","beta",NA,"SOM",1996,"shape2",88931.758041251
"mu","disease mortality rate (case fatality ratio)","point",NA,"SOM",1997,"mean",0.045194192491139
"mu","disease mortality rate (case fatality ratio)","beta",NA,"SOM",1997,"shape1",4218.05891781642
"mu","disease mortality rate (case fatality ratio)","beta",NA,"SOM",1997,"shape2",89113.8203638729
"mu","disease mortality rate (case fatality ratio)","point",NA,"SOM",1998,"mean",0.0454132278754296
"mu","disease mortality rate (case fatality ratio)","beta",NA,"SOM",1998,"shape1",4189.86583628244
"mu","disease mortality rate (case fatality ratio)","beta",NA,"SOM",1998,"shape2",88071.046507923
"mu","disease mortality rate (case fatality ratio)","point",NA,"SOM",1999,"mean",0.0435858042661369
"mu","disease mortality rate (case fatality ratio)","beta",NA,"SOM",1999,"shape1",4045.2990746398
"mu","disease mortality rate (case fatality ratio)","beta",NA,"SOM",1999,"shape2",88767.0085734883
"mu","disease mortality rate (case fatality ratio)","point",NA,"SOM",2000,"mean",0.0396699344665117
"mu","disease mortality rate (case fatality ratio)","beta",NA,"SOM",2000,"shape1",3760.97331441604
"mu","disease mortality rate (case fatality ratio)","beta",NA,"SOM",2000,"shape2",91045.6696759058
"mu","disease mortality rate (case fatality ratio)","point",NA,"SOM",2001,"mean",0.0347112779712297
"mu","disease mortality rate (case fatality ratio)","beta",NA,"SOM",2001,"shape1",3402.56033717553
"mu","disease mortality rate (case fatality ratio)","beta",NA,"SOM",2001,"shape2",94622.0741921476
"mu","disease mortality rate (case fatality ratio)","point",NA,"SOM",2002,"mean",0.0300072464627065
"mu","disease mortality rate (case fatality ratio)","beta",NA,"SOM",2002,"shape1",3118.61447992134
"mu","disease mortality rate (case fatality ratio)","beta",NA,"SOM",2002,"shape2",100810.097666233
"mu","disease mortality rate (case fatality ratio)","point",NA,"SOM",2003,"mean",0.0263703456717334
"mu","disease mortality rate (case fatality ratio)","beta",NA,"SOM",2003,"shape1",2945.15244386594
"mu","disease mortality rate (case fatality ratio)","beta",NA,"SOM",2003,"shape2",108739.103823691
"mu","disease mortality rate (case fatality ratio)","point",NA,"SOM",2004,"mean",0.0239827637328682
"mu","disease mortality rate (case fatality ratio)","beta",NA,"SOM",2004,"shape1",2795.51741149867
"mu","disease mortality rate (case fatality ratio)","beta",NA,"SOM",2004,"shape2",113768.088127734
"mu","disease mortality rate (case fatality ratio)","point",NA,"SOM",2005,"mean",0.0226014004327822
"mu","disease mortality rate (case fatality ratio)","beta",NA,"SOM",2005,"shape1",2632.04298495923
"mu","disease mortality rate (case fatality ratio)","beta",NA,"SOM",2005,"shape2",113822.819747422
"mu","disease mortality rate (case fatality ratio)","point",NA,"SOM",2006,"mean",0.0217847954193785
"mu","disease mortality rate (case fatality ratio)","beta",NA,"SOM",2006,"shape1",2540.24893911004
"mu","disease mortality rate (case fatality ratio)","beta",NA,"SOM",2006,"shape2",114066.259876225
"mu","disease mortality rate (case fatality ratio)","point",NA,"SOM",2007,"mean",0.0210714310222379
"mu","disease mortality rate (case fatality ratio)","beta",NA,"SOM",2007,"shape1",2592.42683102661
"mu","disease mortality rate (case fatality ratio)","beta",NA,"SOM",2007,"shape2",120437.984738584
"mu","disease mortality rate (case fatality ratio)","point",NA,"SOM",2008,"mean",0.0201449112688726
"mu","disease mortality rate (case fatality ratio)","beta",NA,"SOM",2008,"shape1",2750.59423732842
"mu","disease mortality rate (case fatality ratio)","beta",NA,"SOM",2008,"shape2",133789.805500176
"mu","disease mortality rate (case fatality ratio)","point",NA,"SOM",2009,"mean",0.0189425600206787
"mu","disease mortality rate (case fatality ratio)","beta",NA,"SOM",2009,"shape1",2913.95010271224
"mu","disease mortality rate (case fatality ratio)","beta",NA,"SOM",2009,"shape2",150916.89955706
"mu","disease mortality rate (case fatality ratio)","point",NA,"SOM",2010,"mean",0.0176227522414
"mu","disease mortality rate (case fatality ratio)","beta",NA,"SOM",2010,"shape1",3055.85101438979
"mu","disease mortality rate (case fatality ratio)","beta",NA,"SOM",2010,"shape2",170347.881417987
"mu","disease mortality rate (case fatality ratio)","point",NA,"SOM",2011,"mean",0.0164146332619435
"mu","disease mortality rate (case fatality ratio)","beta",NA,"SOM",2011,"shape1",3185.98270699273
"mu","disease mortality rate (case fatality ratio)","beta",NA,"SOM",2011,"shape2",190908.070821409
"mu","disease mortality rate (case fatality ratio)","point",NA,"SOM",2012,"mean",0.0154743618228839
"mu","disease mortality rate (case fatality ratio)","beta",NA,"SOM",2012,"shape1",3173.62787706487
"mu","disease mortality rate (case fatality ratio)","beta",NA,"SOM",2012,"shape2",201915.791214302
"mu","disease mortality rate (case fatality ratio)","point",NA,"SOM",2013,"mean",0.01482855680039
"mu","disease mortality rate (case fatality ratio)","beta",NA,"SOM",2013,"shape1",2940.31988402333
"mu","disease mortality rate (case fatality ratio)","beta",NA,"SOM",2013,"shape2",195347.343818084
"mu","disease mortality rate (case fatality ratio)","point",NA,"SOM",2014,"mean",0.0143945878440697
"mu","disease mortality rate (case fatality ratio)","beta",NA,"SOM",2014,"shape1",2705.34565365768
"mu","disease mortality rate (case fatality ratio)","beta",NA,"SOM",2014,"shape2",185236.517146689
"mu","disease mortality rate (case fatality ratio)","point",NA,"SOM",2015,"mean",0.0140390039866982
"mu","disease mortality rate (case fatality ratio)","beta",NA,"SOM",2015,"shape1",2629.43509527343
"mu","disease mortality rate (case fatality ratio)","beta",NA,"SOM",2015,"shape2",184665.553763251
"mu","disease mortality rate (case fatality ratio)","point",NA,"SOM",2016,"mean",0.0136453975057308
"mu","disease mortality rate (case fatality ratio)","beta",NA,"SOM",2016,"shape1",2547.62406203803
"mu","disease mortality rate (case fatality ratio)","beta",NA,"SOM",2016,"shape2",184154.45339434
"mu","disease mortality rate (case fatality ratio)","point",NA,"SOM",2017,"mean",0.0131626760841446
"mu","disease mortality rate (case fatality ratio)","beta",NA,"SOM",2017,"shape1",2176.1385299044
"mu","disease mortality rate (case fatality ratio)","beta",NA,"SOM",2017,"shape2",163150.313020911
"mu","disease mortality rate (case fatality ratio)","point",NA,"SOM",2018,"mean",0.0126068031115794
"mu","disease mortality rate (case fatality ratio)","beta",NA,"SOM",2018,"shape1",1650.80126701814
"mu","disease mortality rate (case fatality ratio)","beta",NA,"SOM",2018,"shape2",129294.471091672
"mu","disease mortality rate (case fatality ratio)","point",NA,"SOM",2019,"mean",0.0120184307707696
"mu","disease mortality rate (case fatality ratio)","beta",NA,"SOM",2019,"shape1",1228.75663064563
"mu","disease mortality rate (case fatality ratio)","beta",NA,"SOM",2019,"shape2",101010.600077563
"mu","disease mortality rate (case fatality ratio)","point",NA,"SOM",2020,"mean",0.0114120320251805
"mu","disease mortality rate (case fatality ratio)","beta",NA,"SOM",2020,"shape1",925.771244665433
"mu","disease mortality rate (case fatality ratio)","beta",NA,"SOM",2020,"shape2",80196.6127990118
"mu","disease mortality rate (case fatality ratio)","point",NA,"SOM",2021,"mean",0.0107541217052602
"mu","disease mortality rate (case fatality ratio)","beta",NA,"SOM",2021,"shape1",695.849644164719
"mu","disease mortality rate (case fatality ratio)","beta",NA,"SOM",2021,"shape2",64009.5408317824
"mu","disease mortality rate (case fatality ratio)","point",NA,"SOM",2022,"mean",0.00998470767298653
"mu","disease mortality rate (case fatality ratio)","beta",NA,"SOM",2022,"shape1",527.424576923951
"mu","disease mortality rate (case fatality ratio)","beta",NA,"SOM",2022,"shape2",52295.8121364442
"mu","disease mortality rate (case fatality ratio)","point",NA,"SOM",2023,"mean",0.00906793703434148
"mu","disease mortality rate (case fatality ratio)","beta",NA,"SOM",2023,"shape1",413.694045163176
"mu","disease mortality rate (case fatality ratio)","beta",NA,"SOM",2023,"shape2",45207.9334095116
"mu","disease mortality rate (case fatality ratio)","point",NA,"SOM",2024,"mean",0.00803407858844489
"mu","disease mortality rate (case fatality ratio)","beta",NA,"SOM",2024,"shape1",335.44456996471
"mu","disease mortality rate (case fatality ratio)","beta",NA,"SOM",2024,"shape2",41417.2674892834
"mu","disease mortality rate (case fatality ratio)","point",NA,"SOM",2025,"mean",0.00697464219382013
"mu","disease mortality rate (case fatality ratio)","beta",NA,"SOM",2025,"shape1",273.524006131831
"mu","disease mortality rate (case fatality ratio)","beta",NA,"SOM",2025,"shape2",38943.3990317534
"mu","disease mortality rate (case fatality ratio)","point",NA,"SOM",2026,"mean",0.00599088305276228
"mu","disease mortality rate (case fatality ratio)","beta",NA,"SOM",2026,"shape1",220.087474041911
"mu","disease mortality rate (case fatality ratio)","beta",NA,"SOM",2026,"shape2",36516.9798503541
"mu","disease mortality rate (case fatality ratio)","point",NA,"SSD",1970,"mean",0.101130197893896
"mu","disease mortality rate (case fatality ratio)","beta",NA,"SSD",1970,"shape1",0.0532055796622665
"mu","disease mortality rate (case fatality ratio)","beta",NA,"SSD",1970,"shape2",0.472904136034015
"mu","disease mortality rate (case fatality ratio)","point",NA,"SSD",1971,"mean",0.102668332482048
"mu","disease mortality rate (case fatality ratio)","beta",NA,"SSD",1971,"shape1",0.060034026887643
"mu","disease mortality rate (case fatality ratio)","beta",NA,"SSD",1971,"shape2",0.5247035006079
"mu","disease mortality rate (case fatality ratio)","point",NA,"SSD",1972,"mean",0.103423377402014
"mu","disease mortality rate (case fatality ratio)","beta",NA,"SSD",1972,"shape1",0.0667407919577976
"mu","disease mortality rate (case fatality ratio)","beta",NA,"SSD",1972,"shape2",0.578575514996396
"mu","disease mortality rate (case fatality ratio)","point",NA,"SSD",1973,"mean",0.102832606939792
"mu","disease mortality rate (case fatality ratio)","beta",NA,"SSD",1973,"shape1",0.0724291750134132
"mu","disease mortality rate (case fatality ratio)","beta",NA,"SSD",1973,"shape2",0.631911375798644
"mu","disease mortality rate (case fatality ratio)","point",NA,"SSD",1974,"mean",0.101058842773419
"mu","disease mortality rate (case fatality ratio)","beta",NA,"SSD",1974,"shape1",0.0775535144799964
"mu","disease mortality rate (case fatality ratio)","beta",NA,"SSD",1974,"shape2",0.689855970446291
"mu","disease mortality rate (case fatality ratio)","point",NA,"SSD",1975,"mean",0.0989861052694469
"mu","disease mortality rate (case fatality ratio)","beta",NA,"SSD",1975,"shape1",0.0839887359127694
"mu","disease mortality rate (case fatality ratio)","beta",NA,"SSD",1975,"shape2",0.764501420196983
"mu","disease mortality rate (case fatality ratio)","point",NA,"SSD",1976,"mean",0.0976840124596633
"mu","disease mortality rate (case fatality ratio)","beta",NA,"SSD",1976,"shape1",0.0940355135514954
"mu","disease mortality rate (case fatality ratio)","beta",NA,"SSD",1976,"shape2",0.868614475773273
"mu","disease mortality rate (case fatality ratio)","point",NA,"SSD",1977,"mean",0.0977742174987524
"mu","disease mortality rate (case fatality ratio)","beta",NA,"SSD",1977,"shape1",0.109286769602592
"mu","disease mortality rate (case fatality ratio)","beta",NA,"SSD",1977,"shape2",1.00845952792197
"mu","disease mortality rate (case fatality ratio)","point",NA,"SSD",1978,"mean",0.0990501415400071
"mu","disease mortality rate (case fatality ratio)","beta",NA,"SSD",1978,"shape1",0.129792060732166
"mu","disease mortality rate (case fatality ratio)","beta",NA,"SSD",1978,"shape2",1.18057518068911
"mu","disease mortality rate (case fatality ratio)","point",NA,"SSD",1979,"mean",0.100484113782924
"mu","disease mortality rate (case fatality ratio)","beta",NA,"SSD",1979,"shape1",0.153554975403568
"mu","disease mortality rate (case fatality ratio)","beta",NA,"SSD",1979,"shape2",1.37459678533439
"mu","disease mortality rate (case fatality ratio)","point",NA,"SSD",1980,"mean",0.100691902794179
"mu","disease mortality rate (case fatality ratio)","beta",NA,"SSD",1980,"shape1",0.176969029286904
"mu","disease mortality rate (case fatality ratio)","beta",NA,"SSD",1980,"shape2",1.5805608651341
"mu","disease mortality rate (case fatality ratio)","point",NA,"SSD",1981,"mean",0.0987606541644262
"mu","disease mortality rate (case fatality ratio)","beta",NA,"SSD",1981,"shape1",0.196813584714878
"mu","disease mortality rate (case fatality ratio)","beta",NA,"SSD",1981,"shape2",1.79602036702469
"mu","disease mortality rate (case fatality ratio)","point",NA,"SSD",1982,"mean",0.0949319546022505
"mu","disease mortality rate (case fatality ratio)","beta",NA,"SSD",1982,"shape1",0.212640110684469
"mu","disease mortality rate (case fatality ratio)","beta",NA,"SSD",1982,"shape2",2.02728122639741
"mu","disease mortality rate (case fatality ratio)","point",NA,"SSD",1983,"mean",0.0905390625949638
"mu","disease mortality rate (case fatality ratio)","beta",NA,"SSD",1983,"shape1",0.227196580523725
"mu","disease mortality rate (case fatality ratio)","beta",NA,"SSD",1983,"shape2",2.28217974845499
"mu","disease mortality rate (case fatality ratio)","point",NA,"SSD",1984,"mean",0.0872317704747038
"mu","disease mortality rate (case fatality ratio)","beta",NA,"SSD",1984,"shape1",0.244578243764127
"mu","disease mortality rate (case fatality ratio)","beta",NA,"SSD",1984,"shape2",2.55919660149196
"mu","disease mortality rate (case fatality ratio)","point",NA,"SSD",1985,"mean",0.0861193354874986
"mu","disease mortality rate (case fatality ratio)","beta",NA,"SSD",1985,"shape1",0.268053119845041
"mu","disease mortality rate (case fatality ratio)","beta",NA,"SSD",1985,"shape2",2.84452454146254
"mu","disease mortality rate (case fatality ratio)","point",NA,"SSD",1986,"mean",0.0872633356734809
"mu","disease mortality rate (case fatality ratio)","beta",NA,"SSD",1986,"shape1",0.298670400062585
"mu","disease mortality rate (case fatality ratio)","beta",NA,"SSD",1986,"shape2",3.12396291732675
"mu","disease mortality rate (case fatality ratio)","point",NA,"SSD",1987,"mean",0.0895083948863072
"mu","disease mortality rate (case fatality ratio)","beta",NA,"SSD",1987,"shape1",0.334252482769454
"mu","disease mortality rate (case fatality ratio)","beta",NA,"SSD",1987,"shape2",3.40006185941061
"mu","disease mortality rate (case fatality ratio)","point",NA,"SSD",1988,"mean",0.0907167481105392
"mu","disease mortality rate (case fatality ratio)","beta",NA,"SSD",1988,"shape1",0.36916757476405
"mu","disease mortality rate (case fatality ratio)","beta",NA,"SSD",1988,"shape2",3.70028577815173
"mu","disease mortality rate (case fatality ratio)","point",NA,"SSD",1989,"mean",0.0887117191922794
"mu","disease mortality rate (case fatality ratio)","beta",NA,"SSD",1989,"shape1",0.396883436874885
"mu","disease mortality rate (case fatality ratio)","beta",NA,"SSD",1989,"shape2",4.07697233425108
"mu","disease mortality rate (case fatality ratio)","point",NA,"SSD",1990,"mean",0.0827048584354989
"mu","disease mortality rate (case fatality ratio)","beta",NA,"SSD",1990,"shape1",0.415340299017536
"mu","disease mortality rate (case fatality ratio)","beta",NA,"SSD",1990,"shape2",4.60661738127349
"mu","disease mortality rate (case fatality ratio)","point",NA,"SSD",1991,"mean",0.0740043392035114
"mu","disease mortality rate (case fatality ratio)","beta",NA,"SSD",1991,"shape1",0.43018275592628
"mu","disease mortality rate (case fatality ratio)","beta",NA,"SSD",1991,"shape2",5.38275687107696
"mu","disease mortality rate (case fatality ratio)","point",NA,"SSD",1992,"mean",0.0651577900489389
"mu","disease mortality rate (case fatality ratio)","beta",NA,"SSD",1992,"shape1",0.451934336479118
"mu","disease mortality rate (case fatality ratio)","beta",NA,"SSD",1992,"shape2",6.48406420091262
"mu","disease mortality rate (case fatality ratio)","point",NA,"SSD",1993,"mean",0.0584035066555019
"mu","disease mortality rate (case fatality ratio)","beta",NA,"SSD",1993,"shape1",0.490912334318465
"mu","disease mortality rate (case fatality ratio)","beta",NA,"SSD",1993,"shape2",7.91461607366145
"mu","disease mortality rate (case fatality ratio)","point",NA,"SSD",1994,"mean",0.0548449458014557
"mu","disease mortality rate (case fatality ratio)","beta",NA,"SSD",1994,"shape1",0.555243908812206
"mu","disease mortality rate (case fatality ratio)","beta",NA,"SSD",1994,"shape2",9.56864081198314
"mu","disease mortality rate (case fatality ratio)","point",NA,"SSD",1995,"mean",0.0545115348930271
"mu","disease mortality rate (case fatality ratio)","beta",NA,"SSD",1995,"shape1",0.651692090383095
"mu","disease mortality rate (case fatality ratio)","beta",NA,"SSD",1995,"shape2",11.3034306494548
"mu","disease mortality rate (case fatality ratio)","point",NA,"SSD",1996,"mean",0.0565860479583445
"mu","disease mortality rate (case fatality ratio)","beta",NA,"SSD",1996,"shape1",0.786259280808764
"mu","disease mortality rate (case fatality ratio)","beta",NA,"SSD",1996,"shape2",13.1086725827411
"mu","disease mortality rate (case fatality ratio)","point",NA,"SSD",1997,"mean",0.0594658238616115
"mu","disease mortality rate (case fatality ratio)","beta",NA,"SSD",1997,"shape1",0.963487365565255
"mu","disease mortality rate (case fatality ratio)","beta",NA,"SSD",1997,"shape2",15.2388840639045
"mu","disease mortality rate (case fatality ratio)","point",NA,"SSD",1998,"mean",0.0610504577387447
"mu","disease mortality rate (case fatality ratio)","beta",NA,"SSD",1998,"shape1",1.18668475414878
"mu","disease mortality rate (case fatality ratio)","beta",NA,"SSD",1998,"shape2",18.2510852168316
"mu","disease mortality rate (case fatality ratio)","point",NA,"SSD",1999,"mean",0.0596797622206772
"mu","disease mortality rate (case fatality ratio)","beta",NA,"SSD",1999,"shape1",1.46280402800069
"mu","disease mortality rate (case fatality ratio)","beta",NA,"SSD",1999,"shape2",23.0480849831133
"mu","disease mortality rate (case fatality ratio)","point",NA,"SSD",2000,"mean",0.0551937566875067
"mu","disease mortality rate (case fatality ratio)","beta",NA,"SSD",2000,"shape1",1.81157458792206
"mu","disease mortality rate (case fatality ratio)","beta",NA,"SSD",2000,"shape2",31.0105179211772
"mu","disease mortality rate (case fatality ratio)","point",NA,"SSD",2001,"mean",0.0489684496715104
"mu","disease mortality rate (case fatality ratio)","beta",NA,"SSD",2001,"shape1",2.27282008092292
"mu","disease mortality rate (case fatality ratio)","beta",NA,"SSD",2001,"shape2",44.1411484267473
"mu","disease mortality rate (case fatality ratio)","point",NA,"SSD",2002,"mean",0.0428320192840831
"mu","disease mortality rate (case fatality ratio)","beta",NA,"SSD",2002,"shape1",2.90917824049513
"mu","disease mortality rate (case fatality ratio)","beta",NA,"SSD",2002,"shape2",65.0114635858923
"mu","disease mortality rate (case fatality ratio)","point",NA,"SSD",2003,"mean",0.0380103745317134
"mu","disease mortality rate (case fatality ratio)","beta",NA,"SSD",2003,"shape1",3.81005613646661
"mu","disease mortality rate (case fatality ratio)","beta",NA,"SSD",2003,"shape2",96.4272128567066
"mu","disease mortality rate (case fatality ratio)","point",NA,"SSD",2004,"mean",0.0348540818624134
"mu","disease mortality rate (case fatality ratio)","beta",NA,"SSD",2004,"shape1",5.10463689482622
"mu","disease mortality rate (case fatality ratio)","beta",NA,"SSD",2004,"shape2",141.352725401412
"mu","disease mortality rate (case fatality ratio)","point",NA,"SSD",2005,"mean",0.0330855624796676
"mu","disease mortality rate (case fatality ratio)","beta",NA,"SSD",2005,"shape1",6.98974737756128
"mu","disease mortality rate (case fatality ratio)","beta",NA,"SSD",2005,"shape2",204.273016610712
"mu","disease mortality rate (case fatality ratio)","point",NA,"SSD",2006,"mean",0.0321127190366852
"mu","disease mortality rate (case fatality ratio)","beta",NA,"SSD",2006,"shape1",9.78162219345703
"mu","disease mortality rate (case fatality ratio)","beta",NA,"SSD",2006,"shape2",294.821117371592
"mu","disease mortality rate (case fatality ratio)","point",NA,"SSD",2007,"mean",0.0312892512633951
"mu","disease mortality rate (case fatality ratio)","beta",NA,"SSD",2007,"shape1",14.0111252318718
"mu","disease mortality rate (case fatality ratio)","beta",NA,"SSD",2007,"shape2",433.78243537222
"mu","disease mortality rate (case fatality ratio)","point",NA,"SSD",2008,"mean",0.0301607482466741
"mu","disease mortality rate (case fatality ratio)","beta",NA,"SSD",2008,"shape1",20.6023433415223
"mu","disease mortality rate (case fatality ratio)","beta",NA,"SSD",2008,"shape2",662.48227952735
"mu","disease mortality rate (case fatality ratio)","point",NA,"SSD",2009,"mean",0.0286323319771786
"mu","disease mortality rate (case fatality ratio)","beta",NA,"SSD",2009,"shape1",31.2197836801786
"mu","disease mortality rate (case fatality ratio)","beta",NA,"SSD",2009,"shape2",1059.14839537916
"mu","disease mortality rate (case fatality ratio)","point",NA,"SSD",2010,"mean",0.0269335196741271
"mu","disease mortality rate (case fatality ratio)","beta",NA,"SSD",2010,"shape1",48.9632683067658
"mu","disease mortality rate (case fatality ratio)","beta",NA,"SSD",2010,"shape2",1768.96728437183
"mu","disease mortality rate (case fatality ratio)","point",NA,"SSD",2011,"mean",0.0254073989833928
"mu","disease mortality rate (case fatality ratio)","beta",NA,"SSD",2011,"shape1",79.6894416515948
"mu","disease mortality rate (case fatality ratio)","beta",NA,"SSD",2011,"shape2",3056.77650292159
"mu","disease mortality rate (case fatality ratio)","point",NA,"SSD",2012,"mean",0.024299225046914
"mu","disease mortality rate (case fatality ratio)","beta",NA,"SSD",2012,"shape1",133.894486219037
"mu","disease mortality rate (case fatality ratio)","beta",NA,"SSD",2012,"shape2",5376.34240242781
"mu","disease mortality rate (case fatality ratio)","point",NA,"SSD",2013,"mean",0.0236648073857531
"mu","disease mortality rate (case fatality ratio)","beta",NA,"SSD",2013,"shape1",226.583680963599
"mu","disease mortality rate (case fatality ratio)","beta",NA,"SSD",2013,"shape2",9348.12687002988
"mu","disease mortality rate (case fatality ratio)","point",NA,"SSD",2014,"mean",0.0233902564375733
"mu","disease mortality rate (case fatality ratio)","beta",NA,"SSD",2014,"shape1",366.391418184135
"mu","disease mortality rate (case fatality ratio)","beta",NA,"SSD",2014,"shape2",15297.8839676802
"mu","disease mortality rate (case fatality ratio)","point",NA,"SSD",2015,"mean",0.023272156058068
"mu","disease mortality rate (case fatality ratio)","beta",NA,"SSD",2015,"shape1",529.917563625502
"mu","disease mortality rate (case fatality ratio)","beta",NA,"SSD",2015,"shape2",22240.5366350859
"mu","disease mortality rate (case fatality ratio)","point",NA,"SSD",2016,"mean",0.0231200208828947
"mu","disease mortality rate (case fatality ratio)","beta",NA,"SSD",2016,"shape1",658.426884864705
"mu","disease mortality rate (case fatality ratio)","beta",NA,"SSD",2016,"shape2",27820.2188827886
"mu","disease mortality rate (case fatality ratio)","point",NA,"SSD",2017,"mean",0.0228378558021645
"mu","disease mortality rate (case fatality ratio)","beta",NA,"SSD",2017,"shape1",715.95511037016
"mu","disease mortality rate (case fatality ratio)","beta",NA,"SSD",2017,"shape2",30633.5339385231
"mu","disease mortality rate (case fatality ratio)","point",NA,"SSD",2018,"mean",0.0224371071641458
"mu","disease mortality rate (case fatality ratio)","beta",NA,"SSD",2018,"shape1",735.044022274375
"mu","disease mortality rate (case fatality ratio)","beta",NA,"SSD",2018,"shape2",32025.1517060308
"mu","disease mortality rate (case fatality ratio)","point",NA,"SSD",2019,"mean",0.0219741916521352
"mu","disease mortality rate (case fatality ratio)","beta",NA,"SSD",2019,"shape1",775.567704475882
"mu","disease mortality rate (case fatality ratio)","beta",NA,"SSD",2019,"shape2",34518.9139653661
"mu","disease mortality rate (case fatality ratio)","point",NA,"SSD",2020,"mean",0.0214630600098536
"mu","disease mortality rate (case fatality ratio)","beta",NA,"SSD",2020,"shape1",875.732166903193
"mu","disease mortality rate (case fatality ratio)","beta",NA,"SSD",2020,"shape2",39926.0997480777
"mu","disease mortality rate (case fatality ratio)","point",NA,"SSD",2021,"mean",0.0208280086604395
"mu","disease mortality rate (case fatality ratio)","beta",NA,"SSD",2021,"shape1",1042.3766744044
"mu","disease mortality rate (case fatality ratio)","beta",NA,"SSD",2021,"shape2",49004.4948915883
"mu","disease mortality rate (case fatality ratio)","point",NA,"SSD",2022,"mean",0.0199327379261578
"mu","disease mortality rate (case fatality ratio)","beta",NA,"SSD",2022,"shape1",1264.39963162353
"mu","disease mortality rate (case fatality ratio)","beta",NA,"SSD",2022,"shape2",62168.9147633974
"mu","disease mortality rate (case fatality ratio)","point",NA,"SSD",2023,"mean",0.0186743965665822
"mu","disease mortality rate (case fatality ratio)","beta",NA,"SSD",2023,"shape1",1549.6022720016
"mu","disease mortality rate (case fatality ratio)","beta",NA,"SSD",2023,"shape2",81430.4429721165
"mu","disease mortality rate (case fatality ratio)","point",NA,"SSD",2024,"mean",0.0170781952358073
"mu","disease mortality rate (case fatality ratio)","beta",NA,"SSD",2024,"shape1",1832.59345847374
"mu","disease mortality rate (case fatality ratio)","beta",NA,"SSD",2024,"shape2",105473.444045501
"mu","disease mortality rate (case fatality ratio)","point",NA,"SSD",2025,"mean",0.0153090972976525
"mu","disease mortality rate (case fatality ratio)","beta",NA,"SSD",2025,"shape1",1706.67442342238
"mu","disease mortality rate (case fatality ratio)","beta",NA,"SSD",2025,"shape2",109774.387473289
"mu","disease mortality rate (case fatality ratio)","point",NA,"SSD",2026,"mean",0.0135796867159316
"mu","disease mortality rate (case fatality ratio)","beta",NA,"SSD",2026,"shape1",1142.80035311482
"mu","disease mortality rate (case fatality ratio)","beta",NA,"SSD",2026,"shape2",83012.3334891185
"mu","disease mortality rate (case fatality ratio)","point",NA,"SWZ",1970,"mean",0.275572744714073
"mu","disease mortality rate (case fatality ratio)","beta",NA,"SWZ",1970,"shape1",2.39231481842678
"mu","disease mortality rate (case fatality ratio)","beta",NA,"SWZ",1970,"shape2",6.28893129286402
"mu","disease mortality rate (case fatality ratio)","point",NA,"SWZ",1971,"mean",0.238437049255991
"mu","disease mortality rate (case fatality ratio)","beta",NA,"SWZ",1971,"shape1",2.51587220855379
"mu","disease mortality rate (case fatality ratio)","beta",NA,"SWZ",1971,"shape2",8.03564323925189
"mu","disease mortality rate (case fatality ratio)","point",NA,"SWZ",1972,"mean",0.203562068626679
"mu","disease mortality rate (case fatality ratio)","beta",NA,"SWZ",1972,"shape1",2.73096209159307
"mu","disease mortality rate (case fatality ratio)","beta",NA,"SWZ",1972,"shape2",10.6849071320662
"mu","disease mortality rate (case fatality ratio)","point",NA,"SWZ",1973,"mean",0.1707329964241
"mu","disease mortality rate (case fatality ratio)","beta",NA,"SWZ",1973,"shape1",3.06774008027075
"mu","disease mortality rate (case fatality ratio)","beta",NA,"SWZ",1973,"shape2",14.9003161509366
"mu","disease mortality rate (case fatality ratio)","point",NA,"SWZ",1974,"mean",0.1409437500089
"mu","disease mortality rate (case fatality ratio)","beta",NA,"SWZ",1974,"shape1",3.58315974625202
"mu","disease mortality rate (case fatality ratio)","beta",NA,"SWZ",1974,"shape2",21.8394627256616
"mu","disease mortality rate (case fatality ratio)","point",NA,"SWZ",1975,"mean",0.115606312923652
"mu","disease mortality rate (case fatality ratio)","beta",NA,"SWZ",1975,"shape1",4.36501566608258
"mu","disease mortality rate (case fatality ratio)","beta",NA,"SWZ",1975,"shape2",33.3925734801546
"mu","disease mortality rate (case fatality ratio)","point",NA,"SWZ",1976,"mean",0.0954546822454059
"mu","disease mortality rate (case fatality ratio)","beta",NA,"SWZ",1976,"shape1",5.53502642311107
"mu","disease mortality rate (case fatality ratio)","beta",NA,"SWZ",1976,"shape2",52.4508815796099
"mu","disease mortality rate (case fatality ratio)","point",NA,"SWZ",1977,"mean",0.0801116171621771
"mu","disease mortality rate (case fatality ratio)","beta",NA,"SWZ",1977,"shape1",7.26081040572504
"mu","disease mortality rate (case fatality ratio)","beta",NA,"SWZ",1977,"shape2",83.3728662435221
"mu","disease mortality rate (case fatality ratio)","point",NA,"SWZ",1978,"mean",0.068390090225027
"mu","disease mortality rate (case fatality ratio)","beta",NA,"SWZ",1978,"shape1",9.77762877327824
"mu","disease mortality rate (case fatality ratio)","beta",NA,"SWZ",1978,"shape2",133.190873550764
"mu","disease mortality rate (case fatality ratio)","point",NA,"SWZ",1979,"mean",0.0588789039438771
"mu","disease mortality rate (case fatality ratio)","beta",NA,"SWZ",1979,"shape1",13.399739257074
"mu","disease mortality rate (case fatality ratio)","beta",NA,"SWZ",1979,"shape2",214.181590549039
"mu","disease mortality rate (case fatality ratio)","point",NA,"SWZ",1980,"mean",0.0504832270234184
"mu","disease mortality rate (case fatality ratio)","beta",NA,"SWZ",1980,"shape1",18.4641612141433
"mu","disease mortality rate (case fatality ratio)","beta",NA,"SWZ",1980,"shape2",347.284272529565
"mu","disease mortality rate (case fatality ratio)","point",NA,"SWZ",1981,"mean",0.0427540834645855
"mu","disease mortality rate (case fatality ratio)","beta",NA,"SWZ",1981,"shape1",25.1010787028311
"mu","disease mortality rate (case fatality ratio)","beta",NA,"SWZ",1981,"shape2",562.002577106399
"mu","disease mortality rate (case fatality ratio)","point",NA,"SWZ",1982,"mean",0.0358597939438157
"mu","disease mortality rate (case fatality ratio)","beta",NA,"SWZ",1982,"shape1",32.7550700360518
"mu","disease mortality rate (case fatality ratio)","beta",NA,"SWZ",1982,"shape2",880.665405479554
"mu","disease mortality rate (case fatality ratio)","point",NA,"SWZ",1983,"mean",0.030223872940091
"mu","disease mortality rate (case fatality ratio)","beta",NA,"SWZ",1983,"shape1",39.7875908887288
"mu","disease mortality rate (case fatality ratio)","beta",NA,"SWZ",1983,"shape2",1276.64167572428
"mu","disease mortality rate (case fatality ratio)","point",NA,"SWZ",1984,"mean",0.0261282421013035
"mu","disease mortality rate (case fatality ratio)","beta",NA,"SWZ",1984,"shape1",44.1625918093651
"mu","disease mortality rate (case fatality ratio)","beta",NA,"SWZ",1984,"shape2",1646.06178831309
"mu","disease mortality rate (case fatality ratio)","point",NA,"SWZ",1985,"mean",0.0235466464335821
"mu","disease mortality rate (case fatality ratio)","beta",NA,"SWZ",1985,"shape1",45.1937107149803
"mu","disease mortality rate (case fatality ratio)","beta",NA,"SWZ",1985,"shape2",1874.13313875626
"mu","disease mortality rate (case fatality ratio)","point",NA,"SWZ",1986,"mean",0.0221780575596384
"mu","disease mortality rate (case fatality ratio)","beta",NA,"SWZ",1986,"shape1",43.9878333862239
"mu","disease mortality rate (case fatality ratio)","beta",NA,"SWZ",1986,"shape2",1939.4064863344
"mu","disease mortality rate (case fatality ratio)","point",NA,"SWZ",1987,"mean",0.0215229722245674
"mu","disease mortality rate (case fatality ratio)","beta",NA,"SWZ",1987,"shape1",42.0758855705483
"mu","disease mortality rate (case fatality ratio)","beta",NA,"SWZ",1987,"shape2",1912.85325393374
"mu","disease mortality rate (case fatality ratio)","point",NA,"SWZ",1988,"mean",0.0209722235273492
"mu","disease mortality rate (case fatality ratio)","beta",NA,"SWZ",1988,"shape1",40.4271842261018
"mu","disease mortality rate (case fatality ratio)","beta",NA,"SWZ",1988,"shape2",1887.22651321718
"mu","disease mortality rate (case fatality ratio)","point",NA,"SWZ",1989,"mean",0.0199966154182539
"mu","disease mortality rate (case fatality ratio)","beta",NA,"SWZ",1989,"shape1",39.4781071371876
"mu","disease mortality rate (case fatality ratio)","beta",NA,"SWZ",1989,"shape2",1934.76134846338
"mu","disease mortality rate (case fatality ratio)","point",NA,"SWZ",1990,"mean",0.018415133070674
"mu","disease mortality rate (case fatality ratio)","beta",NA,"SWZ",1990,"shape1",39.4324843674443
"mu","disease mortality rate (case fatality ratio)","beta",NA,"SWZ",1990,"shape2",2101.87619996894
"mu","disease mortality rate (case fatality ratio)","point",NA,"SWZ",1991,"mean",0.0165000120505058
"mu","disease mortality rate (case fatality ratio)","beta",NA,"SWZ",1991,"shape1",40.4325567361657
"mu","disease mortality rate (case fatality ratio)","beta",NA,"SWZ",1991,"shape2",2410.02363762318
"mu","disease mortality rate (case fatality ratio)","point",NA,"SWZ",1992,"mean",0.0147680744619244
"mu","disease mortality rate (case fatality ratio)","beta",NA,"SWZ",1992,"shape1",42.6249411171108
"mu","disease mortality rate (case fatality ratio)","beta",NA,"SWZ",1992,"shape2",2843.66475270912
"mu","disease mortality rate (case fatality ratio)","point",NA,"SWZ",1993,"mean",0.0136730384897502
"mu","disease mortality rate (case fatality ratio)","beta",NA,"SWZ",1993,"shape1",46.2236822313422
"mu","disease mortality rate (case fatality ratio)","beta",NA,"SWZ",1993,"shape2",3334.42080772551
"mu","disease mortality rate (case fatality ratio)","point",NA,"SWZ",1994,"mean",0.0134717072054346
"mu","disease mortality rate (case fatality ratio)","beta",NA,"SWZ",1994,"shape1",51.5955439561313
"mu","disease mortality rate (case fatality ratio)","beta",NA,"SWZ",1994,"shape2",3778.32320125808
"mu","disease mortality rate (case fatality ratio)","point",NA,"SWZ",1995,"mean",0.0142493876191709
"mu","disease mortality rate (case fatality ratio)","beta",NA,"SWZ",1995,"shape1",59.3296602986987
"mu","disease mortality rate (case fatality ratio)","beta",NA,"SWZ",1995,"shape2",4104.33420262252
"mu","disease mortality rate (case fatality ratio)","point",NA,"SWZ",1996,"mean",0.0159297258060216
"mu","disease mortality rate (case fatality ratio)","beta",NA,"SWZ",1996,"shape1",70.2674149989174
"mu","disease mortality rate (case fatality ratio)","beta",NA,"SWZ",1996,"shape2",4340.82012376811
"mu","disease mortality rate (case fatality ratio)","point",NA,"SWZ",1997,"mean",0.0181903051934874
"mu","disease mortality rate (case fatality ratio)","beta",NA,"SWZ",1997,"shape1",85.4749517808511
"mu","disease mortality rate (case fatality ratio)","beta",NA,"SWZ",1997,"shape2",4613.45400359773
"mu","disease mortality rate (case fatality ratio)","point",NA,"SWZ",1998,"mean",0.0204076967685865
"mu","disease mortality rate (case fatality ratio)","beta",NA,"SWZ",1998,"shape1",105.924426165744
"mu","disease mortality rate (case fatality ratio)","beta",NA,"SWZ",1998,"shape2",5084.49110023471
"mu","disease mortality rate (case fatality ratio)","point",NA,"SWZ",1999,"mean",0.0218635589160779
"mu","disease mortality rate (case fatality ratio)","beta",NA,"SWZ",1999,"shape1",130.964952829949
"mu","disease mortality rate (case fatality ratio)","beta",NA,"SWZ",1999,"shape2",5859.1372685262
"mu","disease mortality rate (case fatality ratio)","point",NA,"SWZ",2000,"mean",0.0221903828948505
"mu","disease mortality rate (case fatality ratio)","beta",NA,"SWZ",2000,"shape1",154.131081927179
"mu","disease mortality rate (case fatality ratio)","beta",NA,"SWZ",2000,"shape2",6791.7194091406
"mu","disease mortality rate (case fatality ratio)","point",NA,"SWZ",2001,"mean",0.021624729148137
"mu","disease mortality rate (case fatality ratio)","beta",NA,"SWZ",2001,"shape1",159.895570026923
"mu","disease mortality rate (case fatality ratio)","beta",NA,"SWZ",2001,"shape2",7234.21183966971
"mu","disease mortality rate (case fatality ratio)","point",NA,"SWZ",2002,"mean",0.0207858546062392
"mu","disease mortality rate (case fatality ratio)","beta",NA,"SWZ",2002,"shape1",137.267422663633
"mu","disease mortality rate (case fatality ratio)","beta",NA,"SWZ",2002,"shape2",6466.6189829706
"mu","disease mortality rate (case fatality ratio)","point",NA,"SWZ",2003,"mean",0.0202605013185266
"mu","disease mortality rate (case fatality ratio)","beta",NA,"SWZ",2003,"shape1",99.0656749865806
"mu","disease mortality rate (case fatality ratio)","beta",NA,"SWZ",2003,"shape2",4790.53075844387
"mu","disease mortality rate (case fatality ratio)","point",NA,"SWZ",2004,"mean",0.0203642854038026
"mu","disease mortality rate (case fatality ratio)","beta",NA,"SWZ",2004,"shape1",64.8004776696759
"mu","disease mortality rate (case fatality ratio)","beta",NA,"SWZ",2004,"shape2",3117.26441607688
"mu","disease mortality rate (case fatality ratio)","point",NA,"SWZ",2005,"mean",0.0211095645593404
"mu","disease mortality rate (case fatality ratio)","beta",NA,"SWZ",2005,"shape1",41.0580258245074
"mu","disease mortality rate (case fatality ratio)","beta",NA,"SWZ",2005,"shape2",1903.93831500908
"mu","disease mortality rate (case fatality ratio)","point",NA,"SWZ",2006,"mean",0.0222523634492215
"mu","disease mortality rate (case fatality ratio)","beta",NA,"SWZ",2006,"shape1",26.0805767385589
"mu","disease mortality rate (case fatality ratio)","beta",NA,"SWZ",2006,"shape2",1145.95567900898
"mu","disease mortality rate (case fatality ratio)","point",NA,"SWZ",2007,"mean",0.0233872891028813
"mu","disease mortality rate (case fatality ratio)","beta",NA,"SWZ",2007,"shape1",16.8061571599699
"mu","disease mortality rate (case fatality ratio)","beta",NA,"SWZ",2007,"shape2",701.796032518329
"mu","disease mortality rate (case fatality ratio)","point",NA,"SWZ",2008,"mean",0.0241262655689926
"mu","disease mortality rate (case fatality ratio)","beta",NA,"SWZ",2008,"shape1",10.9999343995506
"mu","disease mortality rate (case fatality ratio)","beta",NA,"SWZ",2008,"shape2",444.931977984268
"mu","disease mortality rate (case fatality ratio)","point",NA,"SWZ",2009,"mean",0.0243019525910814
"mu","disease mortality rate (case fatality ratio)","beta",NA,"SWZ",2009,"shape1",7.29472964191742
"mu","disease mortality rate (case fatality ratio)","beta",NA,"SWZ",2009,"shape2",292.875786063661
"mu","disease mortality rate (case fatality ratio)","point",NA,"SWZ",2010,"mean",0.0240371977127516
"mu","disease mortality rate (case fatality ratio)","beta",NA,"SWZ",2010,"shape1",4.88486137073725
"mu","disease mortality rate (case fatality ratio)","beta",NA,"SWZ",2010,"shape2",198.336056022052
"mu","disease mortality rate (case fatality ratio)","point",NA,"SWZ",2011,"mean",0.0236204021877572
"mu","disease mortality rate (case fatality ratio)","beta",NA,"SWZ",2011,"shape1",3.29162808474108
"mu","disease mortality rate (case fatality ratio)","beta",NA,"SWZ",2011,"shape2",136.063665638715
"mu","disease mortality rate (case fatality ratio)","point",NA,"SWZ",2012,"mean",0.0233079470931466
"mu","disease mortality rate (case fatality ratio)","beta",NA,"SWZ",2012,"shape1",2.224741948094
"mu","disease mortality rate (case fatality ratio)","beta",NA,"SWZ",2012,"shape2",93.2251893222644
"mu","disease mortality rate (case fatality ratio)","point",NA,"SWZ",2013,"mean",0.0231973319659041
"mu","disease mortality rate (case fatality ratio)","beta",NA,"SWZ",2013,"shape1",1.5039321709499
"mu","disease mortality rate (case fatality ratio)","beta",NA,"SWZ",2013,"shape2",63.3281861588824
"mu","disease mortality rate (case fatality ratio)","point",NA,"SWZ",2014,"mean",0.023211792546542
"mu","disease mortality rate (case fatality ratio)","beta",NA,"SWZ",2014,"shape1",1.01423499912146
"mu","disease mortality rate (case fatality ratio)","beta",NA,"SWZ",2014,"shape2",42.680580775568
"mu","disease mortality rate (case fatality ratio)","point",NA,"SWZ",2015,"mean",0.0231699649141672
"mu","disease mortality rate (case fatality ratio)","beta",NA,"SWZ",2015,"shape1",0.680525367148015
"mu","disease mortality rate (case fatality ratio)","beta",NA,"SWZ",2015,"shape2",28.6904887741772
"mu","disease mortality rate (case fatality ratio)","point",NA,"SWZ",2016,"mean",0.0228982973170728
"mu","disease mortality rate (case fatality ratio)","beta",NA,"SWZ",2016,"shape1",0.452966629200288
"mu","disease mortality rate (case fatality ratio)","beta",NA,"SWZ",2016,"shape2",19.328706345347
"mu","disease mortality rate (case fatality ratio)","point",NA,"SWZ",2017,"mean",0.0223255012329134
"mu","disease mortality rate (case fatality ratio)","beta",NA,"SWZ",2017,"shape1",0.298227616904904
"mu","disease mortality rate (case fatality ratio)","beta",NA,"SWZ",2017,"shape2",13.0599323542245
"mu","disease mortality rate (case fatality ratio)","point",NA,"SWZ",2018,"mean",0.0214975690961495
"mu","disease mortality rate (case fatality ratio)","beta",NA,"SWZ",2018,"shape1",0.193719455145442
"mu","disease mortality rate (case fatality ratio)","beta",NA,"SWZ",2018,"shape2",8.81750661785924
"mu","disease mortality rate (case fatality ratio)","point",NA,"SWZ",2019,"mean",0.020508645235996
"mu","disease mortality rate (case fatality ratio)","beta",NA,"SWZ",2019,"shape1",0.123787092040602
"mu","disease mortality rate (case fatality ratio)","beta",NA,"SWZ",2019,"shape2",5.91206221034702
"mu","disease mortality rate (case fatality ratio)","point",NA,"SWZ",2020,"mean",0.019410978523727
"mu","disease mortality rate (case fatality ratio)","beta",NA,"SWZ",2020,"shape1",0.0773990514028128
"mu","disease mortality rate (case fatality ratio)","beta",NA,"SWZ",2020,"shape2",3.90998629901649
"mu","disease mortality rate (case fatality ratio)","point",NA,"SWZ",2021,"mean",0.0181751526443529
"mu","disease mortality rate (case fatality ratio)","beta",NA,"SWZ",2021,"shape1",0.0468311860187482
"mu","disease mortality rate (case fatality ratio)","beta",NA,"SWZ",2021,"shape2",2.52982866026314
"mu","disease mortality rate (case fatality ratio)","point",NA,"SWZ",2022,"mean",0.0167268800704898
"mu","disease mortality rate (case fatality ratio)","beta",NA,"SWZ",2022,"shape1",0.0268292442442719
"mu","disease mortality rate (case fatality ratio)","beta",NA,"SWZ",2022,"shape2",1.57713061743998
"mu","disease mortality rate (case fatality ratio)","point",NA,"SWZ",2023,"mean",0.0150324534751258
"mu","disease mortality rate (case fatality ratio)","beta",NA,"SWZ",2023,"shape1",0.0139332928665072
"mu","disease mortality rate (case fatality ratio)","beta",NA,"SWZ",2023,"shape2",0.912947531315827
"mu","disease mortality rate (case fatality ratio)","point",NA,"SWZ",2024,"mean",0.013165008023343
"mu","disease mortality rate (case fatality ratio)","beta",NA,"SWZ",2024,"shape1",0.01
"mu","disease mortality rate (case fatality ratio)","beta",NA,"SWZ",2024,"shape2",0.440201013451241
"mu","disease mortality rate (case fatality ratio)","point",NA,"SWZ",2025,"mean",0.0112898637295603
"mu","disease mortality rate (case fatality ratio)","beta",NA,"SWZ",2025,"shape1",0.01
"mu","disease mortality rate (case fatality ratio)","beta",NA,"SWZ",2025,"shape2",0.0948087078441344
"mu","disease mortality rate (case fatality ratio)","point",NA,"SWZ",2026,"mean",0.0095762339984044
"mu","disease mortality rate (case fatality ratio)","beta",NA,"SWZ",2026,"shape1",0.01
"mu","disease mortality rate (case fatality ratio)","beta",NA,"SWZ",2026,"shape2",0.0100042804646626
"mu","disease mortality rate (case fatality ratio)","point",NA,"TCD",1970,"mean",0.301523083825298
"mu","disease mortality rate (case fatality ratio)","beta",NA,"TCD",1970,"shape1",1386.54980900949
"mu","disease mortality rate (case fatality ratio)","beta",NA,"TCD",1970,"shape2",3211.93662001913
"mu","disease mortality rate (case fatality ratio)","point",NA,"TCD",1971,"mean",0.293776939860724
"mu","disease mortality rate (case fatality ratio)","beta",NA,"TCD",1971,"shape1",2478.98265866962
"mu","disease mortality rate (case fatality ratio)","beta",NA,"TCD",1971,"shape2",5959.33336383669
"mu","disease mortality rate (case fatality ratio)","point",NA,"TCD",1972,"mean",0.284383157755788
"mu","disease mortality rate (case fatality ratio)","beta",NA,"TCD",1972,"shape1",1924.36854685274
"mu","disease mortality rate (case fatality ratio)","beta",NA,"TCD",1972,"shape2",4842.44761075275
"mu","disease mortality rate (case fatality ratio)","point",NA,"TCD",1973,"mean",0.272269584525119
"mu","disease mortality rate (case fatality ratio)","beta",NA,"TCD",1973,"shape1",1236.16823972285
"mu","disease mortality rate (case fatality ratio)","beta",NA,"TCD",1973,"shape2",3304.06801868598
"mu","disease mortality rate (case fatality ratio)","point",NA,"TCD",1974,"mean",0.257974124256199
"mu","disease mortality rate (case fatality ratio)","beta",NA,"TCD",1974,"shape1",995.618043616177
"mu","disease mortality rate (case fatality ratio)","beta",NA,"TCD",1974,"shape2",2863.7536917731
"mu","disease mortality rate (case fatality ratio)","point",NA,"TCD",1975,"mean",0.24348116714505
"mu","disease mortality rate (case fatality ratio)","beta",NA,"TCD",1975,"shape1",956.51728157513
"mu","disease mortality rate (case fatality ratio)","beta",NA,"TCD",1975,"shape2",2971.98894661007
"mu","disease mortality rate (case fatality ratio)","point",NA,"TCD",1976,"mean",0.230999913990809
"mu","disease mortality rate (case fatality ratio)","beta",NA,"TCD",1976,"shape1",958.977867987996
"mu","disease mortality rate (case fatality ratio)","beta",NA,"TCD",1976,"shape2",3192.4430196672
"mu","disease mortality rate (case fatality ratio)","point",NA,"TCD",1977,"mean",0.221637553880261
"mu","disease mortality rate (case fatality ratio)","beta",NA,"TCD",1977,"shape1",924.956521194754
"mu","disease mortality rate (case fatality ratio)","beta",NA,"TCD",1977,"shape2",3248.3277666045
"mu","disease mortality rate (case fatality ratio)","point",NA,"TCD",1978,"mean",0.214756581724399
"mu","disease mortality rate (case fatality ratio)","beta",NA,"TCD",1978,"shape1",882.484793803709
"mu","disease mortality rate (case fatality ratio)","beta",NA,"TCD",1978,"shape2",3226.74802559467
"mu","disease mortality rate (case fatality ratio)","point",NA,"TCD",1979,"mean",0.208255305252403
"mu","disease mortality rate (case fatality ratio)","beta",NA,"TCD",1979,"shape1",873.699215833144
"mu","disease mortality rate (case fatality ratio)","beta",NA,"TCD",1979,"shape2",3321.62831627573
"mu","disease mortality rate (case fatality ratio)","point",NA,"TCD",1980,"mean",0.199670862704452
"mu","disease mortality rate (case fatality ratio)","beta",NA,"TCD",1980,"shape1",898.141702972838
"mu","disease mortality rate (case fatality ratio)","beta",NA,"TCD",1980,"shape2",3599.9692923317
"mu","disease mortality rate (case fatality ratio)","point",NA,"TCD",1981,"mean",0.187668438594377
"mu","disease mortality rate (case fatality ratio)","beta",NA,"TCD",1981,"shape1",936.008731464014
"mu","disease mortality rate (case fatality ratio)","beta",NA,"TCD",1981,"shape2",4051.55731040563
"mu","disease mortality rate (case fatality ratio)","point",NA,"TCD",1982,"mean",0.172999875217772
"mu","disease mortality rate (case fatality ratio)","beta",NA,"TCD",1982,"shape1",972.651241727565
"mu","disease mortality rate (case fatality ratio)","beta",NA,"TCD",1982,"shape2",4649.61432640186
"mu","disease mortality rate (case fatality ratio)","point",NA,"TCD",1983,"mean",0.158119047392982
"mu","disease mortality rate (case fatality ratio)","beta",NA,"TCD",1983,"shape1",994.176148237039
"mu","disease mortality rate (case fatality ratio)","beta",NA,"TCD",1983,"shape2",5293.34053383707
"mu","disease mortality rate (case fatality ratio)","point",NA,"TCD",1984,"mean",0.145713416980099
"mu","disease mortality rate (case fatality ratio)","beta",NA,"TCD",1984,"shape1",986.275232267623
"mu","disease mortality rate (case fatality ratio)","beta",NA,"TCD",1984,"shape2",5782.32063699488
"mu","disease mortality rate (case fatality ratio)","point",NA,"TCD",1985,"mean",0.137292969995757
"mu","disease mortality rate (case fatality ratio)","beta",NA,"TCD",1985,"shape1",963.935442416583
"mu","disease mortality rate (case fatality ratio)","beta",NA,"TCD",1985,"shape2",6057.0754836809
"mu","disease mortality rate (case fatality ratio)","point",NA,"TCD",1986,"mean",0.132573064365657
"mu","disease mortality rate (case fatality ratio)","beta",NA,"TCD",1986,"shape1",970.702320440392
"mu","disease mortality rate (case fatality ratio)","beta",NA,"TCD",1986,"shape2",6351.31535400249
"mu","disease mortality rate (case fatality ratio)","point",NA,"TCD",1987,"mean",0.129564536053916
"mu","disease mortality rate (case fatality ratio)","beta",NA,"TCD",1987,"shape1",1039.91685856742
"mu","disease mortality rate (case fatality ratio)","beta",NA,"TCD",1987,"shape2",6986.32929056921
"mu","disease mortality rate (case fatality ratio)","point",NA,"TCD",1988,"mean",0.125263292693778
"mu","disease mortality rate (case fatality ratio)","beta",NA,"TCD",1988,"shape1",1176.31235021517
"mu","disease mortality rate (case fatality ratio)","beta",NA,"TCD",1988,"shape2",8214.4063904363
"mu","disease mortality rate (case fatality ratio)","point",NA,"TCD",1989,"mean",0.117082494175468
"mu","disease mortality rate (case fatality ratio)","beta",NA,"TCD",1989,"shape1",1358.94954012114
"mu","disease mortality rate (case fatality ratio)","beta",NA,"TCD",1989,"shape2",10247.8201114078
"mu","disease mortality rate (case fatality ratio)","point",NA,"TCD",1990,"mean",0.104528541916379
"mu","disease mortality rate (case fatality ratio)","beta",NA,"TCD",1990,"shape1",1561.31166394639
"mu","disease mortality rate (case fatality ratio)","beta",NA,"TCD",1990,"shape2",13375.3901719542
"mu","disease mortality rate (case fatality ratio)","point",NA,"TCD",1991,"mean",0.0896789867041849
"mu","disease mortality rate (case fatality ratio)","beta",NA,"TCD",1991,"shape1",1764.59871120507
"mu","disease mortality rate (case fatality ratio)","beta",NA,"TCD",1991,"shape2",17912.2372573566
"mu","disease mortality rate (case fatality ratio)","point",NA,"TCD",1992,"mean",0.0757657603990265
"mu","disease mortality rate (case fatality ratio)","beta",NA,"TCD",1992,"shape1",1935.53154148903
"mu","disease mortality rate (case fatality ratio)","beta",NA,"TCD",1992,"shape2",23610.7248584388
"mu","disease mortality rate (case fatality ratio)","point",NA,"TCD",1993,"mean",0.0652303541741572
"mu","disease mortality rate (case fatality ratio)","beta",NA,"TCD",1993,"shape1",2046.18862870064
"mu","disease mortality rate (case fatality ratio)","beta",NA,"TCD",1993,"shape2",29322.4687181163
"mu","disease mortality rate (case fatality ratio)","point",NA,"TCD",1994,"mean",0.058938008401449
"mu","disease mortality rate (case fatality ratio)","beta",NA,"TCD",1994,"shape1",2141.61130592127
"mu","disease mortality rate (case fatality ratio)","beta",NA,"TCD",1994,"shape2",34195.0645337839
"mu","disease mortality rate (case fatality ratio)","point",NA,"TCD",1995,"mean",0.0565100762265023
"mu","disease mortality rate (case fatality ratio)","beta",NA,"TCD",1995,"shape1",2297.3720912192
"mu","disease mortality rate (case fatality ratio)","beta",NA,"TCD",1995,"shape2",38356.8305683371
"mu","disease mortality rate (case fatality ratio)","point",NA,"TCD",1996,"mean",0.0567814320052832
"mu","disease mortality rate (case fatality ratio)","beta",NA,"TCD",1996,"shape1",2509.37210026833
"mu","disease mortality rate (case fatality ratio)","beta",NA,"TCD",1996,"shape2",41684.1610961971
"mu","disease mortality rate (case fatality ratio)","point",NA,"TCD",1997,"mean",0.0579909101335911
"mu","disease mortality rate (case fatality ratio)","beta",NA,"TCD",1997,"shape1",2661.26209810254
"mu","disease mortality rate (case fatality ratio)","beta",NA,"TCD",1997,"shape2",43229.759304595
"mu","disease mortality rate (case fatality ratio)","point",NA,"TCD",1998,"mean",0.0581101299573211
"mu","disease mortality rate (case fatality ratio)","beta",NA,"TCD",1998,"shape1",2632.45134281544
"mu","disease mortality rate (case fatality ratio)","beta",NA,"TCD",1998,"shape2",42668.6234396508
"mu","disease mortality rate (case fatality ratio)","point",NA,"TCD",1999,"mean",0.0556926847254761
"mu","disease mortality rate (case fatality ratio)","beta",NA,"TCD",1999,"shape1",2420.35684807255
"mu","disease mortality rate (case fatality ratio)","beta",NA,"TCD",1999,"shape2",41038.7951034472
"mu","disease mortality rate (case fatality ratio)","point",NA,"TCD",2000,"mean",0.0507330854076693
"mu","disease mortality rate (case fatality ratio)","beta",NA,"TCD",2000,"shape1",2111.80341064439
"mu","disease mortality rate (case fatality ratio)","beta",NA,"TCD",2000,"shape2",39513.960007347
"mu","disease mortality rate (case fatality ratio)","point",NA,"TCD",2001,"mean",0.0445598194531859
"mu","disease mortality rate (case fatality ratio)","beta",NA,"TCD",2001,"shape1",1811.33669718313
"mu","disease mortality rate (case fatality ratio)","beta",NA,"TCD",2001,"shape2",38838.2152850932
"mu","disease mortality rate (case fatality ratio)","point",NA,"TCD",2002,"mean",0.0388014268245245
"mu","disease mortality rate (case fatality ratio)","beta",NA,"TCD",2002,"shape1",1579.28947142982
"mu","disease mortality rate (case fatality ratio)","beta",NA,"TCD",2002,"shape2",39122.5506586252
"mu","disease mortality rate (case fatality ratio)","point",NA,"TCD",2003,"mean",0.0344879841365859
"mu","disease mortality rate (case fatality ratio)","beta",NA,"TCD",2003,"shape1",1409.27757659206
"mu","disease mortality rate (case fatality ratio)","beta",NA,"TCD",2003,"shape2",39453.5797887665
"mu","disease mortality rate (case fatality ratio)","point",NA,"TCD",2004,"mean",0.0318770771056386
"mu","disease mortality rate (case fatality ratio)","beta",NA,"TCD",2004,"shape1",1267.67900115363
"mu","disease mortality rate (case fatality ratio)","beta",NA,"TCD",2004,"shape2",38500.0511753813
"mu","disease mortality rate (case fatality ratio)","point",NA,"TCD",2005,"mean",0.0307018026918445
"mu","disease mortality rate (case fatality ratio)","beta",NA,"TCD",2005,"shape1",1145.64562637257
"mu","disease mortality rate (case fatality ratio)","beta",NA,"TCD",2005,"shape2",36169.6103496843
"mu","disease mortality rate (case fatality ratio)","point",NA,"TCD",2006,"mean",0.0304344581525132
"mu","disease mortality rate (case fatality ratio)","beta",NA,"TCD",2006,"shape1",1061.91013678071
"mu","disease mortality rate (case fatality ratio)","beta",NA,"TCD",2006,"shape2",33829.7948989806
"mu","disease mortality rate (case fatality ratio)","point",NA,"TCD",2007,"mean",0.0304866335437268
"mu","disease mortality rate (case fatality ratio)","beta",NA,"TCD",2007,"shape1",1027.14949241607
"mu","disease mortality rate (case fatality ratio)","beta",NA,"TCD",2007,"shape2",32664.6482898099
"mu","disease mortality rate (case fatality ratio)","point",NA,"TCD",2008,"mean",0.030411807615688
"mu","disease mortality rate (case fatality ratio)","beta",NA,"TCD",2008,"shape1",1028.97345457035
"mu","disease mortality rate (case fatality ratio)","beta",NA,"TCD",2008,"shape2",32805.6958808872
"mu","disease mortality rate (case fatality ratio)","point",NA,"TCD",2009,"mean",0.0300743187128863
"mu","disease mortality rate (case fatality ratio)","beta",NA,"TCD",2009,"shape1",1044.9189886542
"mu","disease mortality rate (case fatality ratio)","beta",NA,"TCD",2009,"shape2",33699.641599063
"mu","disease mortality rate (case fatality ratio)","point",NA,"TCD",2010,"mean",0.0296613505832874
"mu","disease mortality rate (case fatality ratio)","beta",NA,"TCD",2010,"shape1",1059.75059848392
"mu","disease mortality rate (case fatality ratio)","beta",NA,"TCD",2010,"shape2",34668.5819839521
"mu","disease mortality rate (case fatality ratio)","point",NA,"TCD",2011,"mean",0.0295225359770702
"mu","disease mortality rate (case fatality ratio)","beta",NA,"TCD",2011,"shape1",1060.15485060608
"mu","disease mortality rate (case fatality ratio)","beta",NA,"TCD",2011,"shape2",34849.8649196972
"mu","disease mortality rate (case fatality ratio)","point",NA,"TCD",2012,"mean",0.0299696551085621
"mu","disease mortality rate (case fatality ratio)","beta",NA,"TCD",2012,"shape1",1024.78887790253
"mu","disease mortality rate (case fatality ratio)","beta",NA,"TCD",2012,"shape2",33169.4277118557
"mu","disease mortality rate (case fatality ratio)","point",NA,"TCD",2013,"mean",0.031153962616214
"mu","disease mortality rate (case fatality ratio)","beta",NA,"TCD",2013,"shape1",953.171509694335
"mu","disease mortality rate (case fatality ratio)","beta",NA,"TCD",2013,"shape2",29642.3428213866
"mu","disease mortality rate (case fatality ratio)","point",NA,"TCD",2014,"mean",0.0330370878295298
"mu","disease mortality rate (case fatality ratio)","beta",NA,"TCD",2014,"shape1",880.593969504918
"mu","disease mortality rate (case fatality ratio)","beta",NA,"TCD",2014,"shape2",25774.1152484731
"mu","disease mortality rate (case fatality ratio)","point",NA,"TCD",2015,"mean",0.0354332195899055
"mu","disease mortality rate (case fatality ratio)","beta",NA,"TCD",2015,"shape1",832.000743195568
"mu","disease mortality rate (case fatality ratio)","beta",NA,"TCD",2015,"shape2",22648.8105639597
"mu","disease mortality rate (case fatality ratio)","point",NA,"TCD",2016,"mean",0.0381104451734388
"mu","disease mortality rate (case fatality ratio)","beta",NA,"TCD",2016,"shape1",792.621654814028
"mu","disease mortality rate (case fatality ratio)","beta",NA,"TCD",2016,"shape2",20005.394511275
"mu","disease mortality rate (case fatality ratio)","point",NA,"TCD",2017,"mean",0.0409151094204366
"mu","disease mortality rate (case fatality ratio)","beta",NA,"TCD",2017,"shape1",732.341308628337
"mu","disease mortality rate (case fatality ratio)","beta",NA,"TCD",2017,"shape2",17166.7018322057
"mu","disease mortality rate (case fatality ratio)","point",NA,"TCD",2018,"mean",0.0438375894902638
"mu","disease mortality rate (case fatality ratio)","beta",NA,"TCD",2018,"shape1",650.007542020075
"mu","disease mortality rate (case fatality ratio)","beta",NA,"TCD",2018,"shape2",14177.6221150449
"mu","disease mortality rate (case fatality ratio)","point",NA,"TCD",2019,"mean",0.04695528698125
"mu","disease mortality rate (case fatality ratio)","beta",NA,"TCD",2019,"shape1",567.096245883691
"mu","disease mortality rate (case fatality ratio)","beta",NA,"TCD",2019,"shape2",11510.2710186406
"mu","disease mortality rate (case fatality ratio)","point",NA,"TCD",2020,"mean",0.0502767527206462
"mu","disease mortality rate (case fatality ratio)","beta",NA,"TCD",2020,"shape1",491.876916433802
"mu","disease mortality rate (case fatality ratio)","beta",NA,"TCD",2020,"shape2",9291.5098342346
"mu","disease mortality rate (case fatality ratio)","point",NA,"TCD",2021,"mean",0.0535891426847105
"mu","disease mortality rate (case fatality ratio)","beta",NA,"TCD",2021,"shape1",421.525592989126
"mu","disease mortality rate (case fatality ratio)","beta",NA,"TCD",2021,"shape2",7444.35118487153
"mu","disease mortality rate (case fatality ratio)","point",NA,"TCD",2022,"mean",0.0564331387788002
"mu","disease mortality rate (case fatality ratio)","beta",NA,"TCD",2022,"shape1",358.72445223435
"mu","disease mortality rate (case fatality ratio)","beta",NA,"TCD",2022,"shape2",5997.90323137607
"mu","disease mortality rate (case fatality ratio)","point",NA,"TCD",2023,"mean",0.0582823247117523
"mu","disease mortality rate (case fatality ratio)","beta",NA,"TCD",2023,"shape1",308.464017625174
"mu","disease mortality rate (case fatality ratio)","beta",NA,"TCD",2023,"shape2",4984.11858182927
"mu","disease mortality rate (case fatality ratio)","point",NA,"TCD",2024,"mean",0.0588582610718179
"mu","disease mortality rate (case fatality ratio)","beta",NA,"TCD",2024,"shape1",268.666668290498
"mu","disease mortality rate (case fatality ratio)","beta",NA,"TCD",2024,"shape2",4295.97155577588
"mu","disease mortality rate (case fatality ratio)","point",NA,"TCD",2025,"mean",0.0583429926537943
"mu","disease mortality rate (case fatality ratio)","beta",NA,"TCD",2025,"shape1",232.591309333371
"mu","disease mortality rate (case fatality ratio)","beta",NA,"TCD",2025,"shape2",3754.02814149874
"mu","disease mortality rate (case fatality ratio)","point",NA,"TCD",2026,"mean",0.0572720880506915
"mu","disease mortality rate (case fatality ratio)","beta",NA,"TCD",2026,"shape1",197.148150623756
"mu","disease mortality rate (case fatality ratio)","beta",NA,"TCD",2026,"shape2",3245.15956564564
"mu","disease mortality rate (case fatality ratio)","point",NA,"TGO",1970,"mean",0.0728364306485838
"mu","disease mortality rate (case fatality ratio)","beta",NA,"TGO",1970,"shape1",32.983620393233
"mu","disease mortality rate (case fatality ratio)","beta",NA,"TGO",1970,"shape2",419.86147511083
"mu","disease mortality rate (case fatality ratio)","point",NA,"TGO",1971,"mean",0.074689582745621
"mu","disease mortality rate (case fatality ratio)","beta",NA,"TGO",1971,"shape1",38.4806795925116
"mu","disease mortality rate (case fatality ratio)","beta",NA,"TGO",1971,"shape2",476.727441512807
"mu","disease mortality rate (case fatality ratio)","point",NA,"TGO",1972,"mean",0.0759759611178933
"mu","disease mortality rate (case fatality ratio)","beta",NA,"TGO",1972,"shape1",44.1099657029978
"mu","disease mortality rate (case fatality ratio)","beta",NA,"TGO",1972,"shape2",536.467957287032
"mu","disease mortality rate (case fatality ratio)","point",NA,"TGO",1973,"mean",0.0762475547434484
"mu","disease mortality rate (case fatality ratio)","beta",NA,"TGO",1973,"shape1",50.045060268736
"mu","disease mortality rate (case fatality ratio)","beta",NA,"TGO",1973,"shape2",606.304647431708
"mu","disease mortality rate (case fatality ratio)","point",NA,"TGO",1974,"mean",0.0756010940437537
"mu","disease mortality rate (case fatality ratio)","beta",NA,"TGO",1974,"shape1",56.9906316010975
"mu","disease mortality rate (case fatality ratio)","beta",NA,"TGO",1974,"shape2",696.84279266277
"mu","disease mortality rate (case fatality ratio)","point",NA,"TGO",1975,"mean",0.0746974096883771
"mu","disease mortality rate (case fatality ratio)","beta",NA,"TGO",1975,"shape1",65.4463228149243
"mu","disease mortality rate (case fatality ratio)","beta",NA,"TGO",1975,"shape2",810.706184855068
"mu","disease mortality rate (case fatality ratio)","point",NA,"TGO",1976,"mean",0.0743629273785667
"mu","disease mortality rate (case fatality ratio)","beta",NA,"TGO",1976,"shape1",75.1007243865978
"mu","disease mortality rate (case fatality ratio)","beta",NA,"TGO",1976,"shape2",934.820845864061
"mu","disease mortality rate (case fatality ratio)","point",NA,"TGO",1977,"mean",0.0750971997838869
"mu","disease mortality rate (case fatality ratio)","beta",NA,"TGO",1977,"shape1",85.1452602040159
"mu","disease mortality rate (case fatality ratio)","beta",NA,"TGO",1977,"shape2",1048.65547336588
"mu","disease mortality rate (case fatality ratio)","point",NA,"TGO",1978,"mean",0.0767590482481347
"mu","disease mortality rate (case fatality ratio)","beta",NA,"TGO",1978,"shape1",95.1465780499622
"mu","disease mortality rate (case fatality ratio)","beta",NA,"TGO",1978,"shape2",1144.40211648813
"mu","disease mortality rate (case fatality ratio)","point",NA,"TGO",1979,"mean",0.0785449581671674
"mu","disease mortality rate (case fatality ratio)","beta",NA,"TGO",1979,"shape1",105.112432091758
"mu","disease mortality rate (case fatality ratio)","beta",NA,"TGO",1979,"shape2",1233.13300777526
"mu","disease mortality rate (case fatality ratio)","point",NA,"TGO",1980,"mean",0.0793369113619866
"mu","disease mortality rate (case fatality ratio)","beta",NA,"TGO",1980,"shape1",114.800027750583
"mu","disease mortality rate (case fatality ratio)","beta",NA,"TGO",1980,"shape2",1332.19388441207
"mu","disease mortality rate (case fatality ratio)","point",NA,"TGO",1981,"mean",0.078369479623519
"mu","disease mortality rate (case fatality ratio)","beta",NA,"TGO",1981,"shape1",123.66482533289
"mu","disease mortality rate (case fatality ratio)","beta",NA,"TGO",1981,"shape2",1454.30693008728
"mu","disease mortality rate (case fatality ratio)","point",NA,"TGO",1982,"mean",0.0758079811471211
"mu","disease mortality rate (case fatality ratio)","beta",NA,"TGO",1982,"shape1",131.399161948879
"mu","disease mortality rate (case fatality ratio)","beta",NA,"TGO",1982,"shape2",1601.91651221308
"mu","disease mortality rate (case fatality ratio)","point",NA,"TGO",1983,"mean",0.0727233499204561
"mu","disease mortality rate (case fatality ratio)","beta",NA,"TGO",1983,"shape1",137.969394931812
"mu","disease mortality rate (case fatality ratio)","beta",NA,"TGO",1983,"shape2",1759.21211668339
"mu","disease mortality rate (case fatality ratio)","point",NA,"TGO",1984,"mean",0.0704696621644809
"mu","disease mortality rate (case fatality ratio)","beta",NA,"TGO",1984,"shape1",143.504053106871
"mu","disease mortality rate (case fatality ratio)","beta",NA,"TGO",1984,"shape2",1892.8907400443
"mu","disease mortality rate (case fatality ratio)","point",NA,"TGO",1985,"mean",0.069979767857087
"mu","disease mortality rate (case fatality ratio)","beta",NA,"TGO",1985,"shape1",148.829879985022
"mu","disease mortality rate (case fatality ratio)","beta",NA,"TGO",1985,"shape2",1977.92596020243
"mu","disease mortality rate (case fatality ratio)","point",NA,"TGO",1986,"mean",0.0713362088508565
"mu","disease mortality rate (case fatality ratio)","beta",NA,"TGO",1986,"shape1",155.683935273069
"mu","disease mortality rate (case fatality ratio)","beta",NA,"TGO",1986,"shape2",2026.71316405357
"mu","disease mortality rate (case fatality ratio)","point",NA,"TGO",1987,"mean",0.0736076144291579
"mu","disease mortality rate (case fatality ratio)","beta",NA,"TGO",1987,"shape1",165.759882083575
"mu","disease mortality rate (case fatality ratio)","beta",NA,"TGO",1987,"shape2",2086.17945013194
"mu","disease mortality rate (case fatality ratio)","point",NA,"TGO",1988,"mean",0.0750153444410048
"mu","disease mortality rate (case fatality ratio)","beta",NA,"TGO",1988,"shape1",179.732979948873
"mu","disease mortality rate (case fatality ratio)","beta",NA,"TGO",1988,"shape2",2216.2165592847
"mu","disease mortality rate (case fatality ratio)","point",NA,"TGO",1989,"mean",0.0737122829429692
"mu","disease mortality rate (case fatality ratio)","beta",NA,"TGO",1989,"shape1",197.484603127462
"mu","disease mortality rate (case fatality ratio)","beta",NA,"TGO",1989,"shape2",2481.64288069033
"mu","disease mortality rate (case fatality ratio)","point",NA,"TGO",1990,"mean",0.0690052241892559
"mu","disease mortality rate (case fatality ratio)","beta",NA,"TGO",1990,"shape1",219.192190171447
"mu","disease mortality rate (case fatality ratio)","beta",NA,"TGO",1990,"shape2",2957.2657193092
"mu","disease mortality rate (case fatality ratio)","point",NA,"TGO",1991,"mean",0.0619831162632381
"mu","disease mortality rate (case fatality ratio)","beta",NA,"TGO",1991,"shape1",245.790228642706
"mu","disease mortality rate (case fatality ratio)","beta",NA,"TGO",1991,"shape2",3719.64815943142
"mu","disease mortality rate (case fatality ratio)","point",NA,"TGO",1992,"mean",0.0548007277272457
"mu","disease mortality rate (case fatality ratio)","beta",NA,"TGO",1992,"shape1",278.317036769948
"mu","disease mortality rate (case fatality ratio)","beta",NA,"TGO",1992,"shape2",4800.39356275325
"mu","disease mortality rate (case fatality ratio)","point",NA,"TGO",1993,"mean",0.0493659653691499
"mu","disease mortality rate (case fatality ratio)","beta",NA,"TGO",1993,"shape1",317.802286006118
"mu","disease mortality rate (case fatality ratio)","beta",NA,"TGO",1993,"shape2",6119.87767486671
"mu","disease mortality rate (case fatality ratio)","point",NA,"TGO",1994,"mean",0.0466433550731409
"mu","disease mortality rate (case fatality ratio)","beta",NA,"TGO",1994,"shape1",366.456732095453
"mu","disease mortality rate (case fatality ratio)","beta",NA,"TGO",1994,"shape2",7490.1121515283
"mu","disease mortality rate (case fatality ratio)","point",NA,"TGO",1995,"mean",0.046703647263296
"mu","disease mortality rate (case fatality ratio)","beta",NA,"TGO",1995,"shape1",427.270429121185
"mu","disease mortality rate (case fatality ratio)","beta",NA,"TGO",1995,"shape2",8721.27479503251
"mu","disease mortality rate (case fatality ratio)","point",NA,"TGO",1996,"mean",0.0489010936158246
"mu","disease mortality rate (case fatality ratio)","beta",NA,"TGO",1996,"shape1",499.06897609955
"mu","disease mortality rate (case fatality ratio)","beta",NA,"TGO",1996,"shape2",9706.6123123461
"mu","disease mortality rate (case fatality ratio)","point",NA,"TGO",1997,"mean",0.0518935440735504
"mu","disease mortality rate (case fatality ratio)","beta",NA,"TGO",1997,"shape1",569.631818241567
"mu","disease mortality rate (case fatality ratio)","beta",NA,"TGO",1997,"shape2",10407.2985188772
"mu","disease mortality rate (case fatality ratio)","point",NA,"TGO",1998,"mean",0.0538524986720636
"mu","disease mortality rate (case fatality ratio)","beta",NA,"TGO",1998,"shape1",615.751825071552
"mu","disease mortality rate (case fatality ratio)","beta",NA,"TGO",1998,"shape2",10818.2919102283
"mu","disease mortality rate (case fatality ratio)","point",NA,"TGO",1999,"mean",0.0532661798347627
"mu","disease mortality rate (case fatality ratio)","beta",NA,"TGO",1999,"shape1",616.904173712268
"mu","disease mortality rate (case fatality ratio)","beta",NA,"TGO",1999,"shape2",10964.6317206577
"mu","disease mortality rate (case fatality ratio)","point",NA,"TGO",2000,"mean",0.0499074627675619
"mu","disease mortality rate (case fatality ratio)","beta",NA,"TGO",2000,"shape1",573.224057519408
"mu","disease mortality rate (case fatality ratio)","beta",NA,"TGO",2000,"shape2",10912.5142616
"mu","disease mortality rate (case fatality ratio)","point",NA,"TGO",2001,"mean",0.0449329338964411
"mu","disease mortality rate (case fatality ratio)","beta",NA,"TGO",2001,"shape1",506.145295874136
"mu","disease mortality rate (case fatality ratio)","beta",NA,"TGO",2001,"shape2",10758.3160242051
"mu","disease mortality rate (case fatality ratio)","point",NA,"TGO",2002,"mean",0.0399645759261251
"mu","disease mortality rate (case fatality ratio)","beta",NA,"TGO",2002,"shape1",438.330079727181
"mu","disease mortality rate (case fatality ratio)","beta",NA,"TGO",2002,"shape2",10529.6351637284
"mu","disease mortality rate (case fatality ratio)","point",NA,"TGO",2003,"mean",0.0361449599259056
"mu","disease mortality rate (case fatality ratio)","beta",NA,"TGO",2003,"shape1",379.518688638474
"mu","disease mortality rate (case fatality ratio)","beta",NA,"TGO",2003,"shape2",10120.3875062074
"mu","disease mortality rate (case fatality ratio)","point",NA,"TGO",2004,"mean",0.0338572571402714
"mu","disease mortality rate (case fatality ratio)","beta",NA,"TGO",2004,"shape1",330.098648709995
"mu","disease mortality rate (case fatality ratio)","beta",NA,"TGO",2004,"shape2",9419.61755961687
"mu","disease mortality rate (case fatality ratio)","point",NA,"TGO",2005,"mean",0.0329082056557921
"mu","disease mortality rate (case fatality ratio)","beta",NA,"TGO",2005,"shape1",288.989900807991
"mu","disease mortality rate (case fatality ratio)","beta",NA,"TGO",2005,"shape2",8492.70740079273
"mu","disease mortality rate (case fatality ratio)","point",NA,"TGO",2006,"mean",0.032781029812265
"mu","disease mortality rate (case fatality ratio)","beta",NA,"TGO",2006,"shape1",255.893864272911
"mu","disease mortality rate (case fatality ratio)","beta",NA,"TGO",2006,"shape2",7550.26310329034
"mu","disease mortality rate (case fatality ratio)","point",NA,"TGO",2007,"mean",0.0328580679036744
"mu","disease mortality rate (case fatality ratio)","beta",NA,"TGO",2007,"shape1",229.775998378807
"mu","disease mortality rate (case fatality ratio)","beta",NA,"TGO",2007,"shape2",6763.2096833238
"mu","disease mortality rate (case fatality ratio)","point",NA,"TGO",2008,"mean",0.0326613909852016
"mu","disease mortality rate (case fatality ratio)","beta",NA,"TGO",2008,"shape1",208.532549619498
"mu","disease mortality rate (case fatality ratio)","beta",NA,"TGO",2008,"shape2",6176.14805733876
"mu","disease mortality rate (case fatality ratio)","point",NA,"TGO",2009,"mean",0.0320523973859534
"mu","disease mortality rate (case fatality ratio)","beta",NA,"TGO",2009,"shape1",190.305680989589
"mu","disease mortality rate (case fatality ratio)","beta",NA,"TGO",2009,"shape2",5747.02495603129
"mu","disease mortality rate (case fatality ratio)","point",NA,"TGO",2010,"mean",0.0312442973550364
"mu","disease mortality rate (case fatality ratio)","beta",NA,"TGO",2010,"shape1",174.103726753572
"mu","disease mortality rate (case fatality ratio)","beta",NA,"TGO",2010,"shape2",5398.23239510541
"mu","disease mortality rate (case fatality ratio)","point",NA,"TGO",2011,"mean",0.0306151601120735
"mu","disease mortality rate (case fatality ratio)","beta",NA,"TGO",2011,"shape1",159.078078157056
"mu","disease mortality rate (case fatality ratio)","beta",NA,"TGO",2011,"shape2",5036.97765288325
"mu","disease mortality rate (case fatality ratio)","point",NA,"TGO",2012,"mean",0.0304808579953449
"mu","disease mortality rate (case fatality ratio)","beta",NA,"TGO",2012,"shape1",144.168601503727
"mu","disease mortality rate (case fatality ratio)","beta",NA,"TGO",2012,"shape2",4585.63925120648
"mu","disease mortality rate (case fatality ratio)","point",NA,"TGO",2013,"mean",0.0309657300734786
"mu","disease mortality rate (case fatality ratio)","beta",NA,"TGO",2013,"shape1",128.868422564754
"mu","disease mortality rate (case fatality ratio)","beta",NA,"TGO",2013,"shape2",4032.77808985275
"mu","disease mortality rate (case fatality ratio)","point",NA,"TGO",2014,"mean",0.031987074432082
"mu","disease mortality rate (case fatality ratio)","beta",NA,"TGO",2014,"shape1",113.589194607803
"mu","disease mortality rate (case fatality ratio)","beta",NA,"TGO",2014,"shape2",3437.50751006228
"mu","disease mortality rate (case fatality ratio)","point",NA,"TGO",2015,"mean",0.0333198026667115
"mu","disease mortality rate (case fatality ratio)","beta",NA,"TGO",2015,"shape1",98.8863015017395
"mu","disease mortality rate (case fatality ratio)","beta",NA,"TGO",2015,"shape2",2868.9074303781
"mu","disease mortality rate (case fatality ratio)","point",NA,"TGO",2016,"mean",0.034713807936502
"mu","disease mortality rate (case fatality ratio)","beta",NA,"TGO",2016,"shape1",84.9592537533124
"mu","disease mortality rate (case fatality ratio)","beta",NA,"TGO",2016,"shape2",2362.46034102922
"mu","disease mortality rate (case fatality ratio)","point",NA,"TGO",2017,"mean",0.0360154592843912
"mu","disease mortality rate (case fatality ratio)","beta",NA,"TGO",2017,"shape1",72.031535979611
"mu","disease mortality rate (case fatality ratio)","beta",NA,"TGO",2017,"shape2",1927.98560695958
"mu","disease mortality rate (case fatality ratio)","point",NA,"TGO",2018,"mean",0.0372150782657273
"mu","disease mortality rate (case fatality ratio)","beta",NA,"TGO",2018,"shape1",60.5496914465225
"mu","disease mortality rate (case fatality ratio)","beta",NA,"TGO",2018,"shape2",1566.4707064196
"mu","disease mortality rate (case fatality ratio)","point",NA,"TGO",2019,"mean",0.03837886602437
"mu","disease mortality rate (case fatality ratio)","beta",NA,"TGO",2019,"shape1",50.8034889984564
"mu","disease mortality rate (case fatality ratio)","beta",NA,"TGO",2019,"shape2",1272.93257360946
"mu","disease mortality rate (case fatality ratio)","point",NA,"TGO",2020,"mean",0.0395115482979883
"mu","disease mortality rate (case fatality ratio)","beta",NA,"TGO",2020,"shape1",42.7000441927066
"mu","disease mortality rate (case fatality ratio)","beta",NA,"TGO",2020,"shape2",1037.99777788886
"mu","disease mortality rate (case fatality ratio)","point",NA,"TGO",2021,"mean",0.0404495757720799
"mu","disease mortality rate (case fatality ratio)","beta",NA,"TGO",2021,"shape1",35.9676004503479
"mu","disease mortality rate (case fatality ratio)","beta",NA,"TGO",2021,"shape2",853.228386499271
"mu","disease mortality rate (case fatality ratio)","point",NA,"TGO",2022,"mean",0.0408742124326393
"mu","disease mortality rate (case fatality ratio)","beta",NA,"TGO",2022,"shape1",30.382020422167
"mu","disease mortality rate (case fatality ratio)","beta",NA,"TGO",2022,"shape2",712.923320866954
"mu","disease mortality rate (case fatality ratio)","point",NA,"TGO",2023,"mean",0.0404714174941256
"mu","disease mortality rate (case fatality ratio)","beta",NA,"TGO",2023,"shape1",25.777078082544
"mu","disease mortality rate (case fatality ratio)","beta",NA,"TGO",2023,"shape2",611.143486567447
"mu","disease mortality rate (case fatality ratio)","point",NA,"TGO",2024,"mean",0.039151692945196
"mu","disease mortality rate (case fatality ratio)","beta",NA,"TGO",2024,"shape1",21.9794908688279
"mu","disease mortality rate (case fatality ratio)","beta",NA,"TGO",2024,"shape2",539.413624355959
"mu","disease mortality rate (case fatality ratio)","point",NA,"TGO",2025,"mean",0.0371502970777257
"mu","disease mortality rate (case fatality ratio)","beta",NA,"TGO",2025,"shape1",18.8183734636398
"mu","disease mortality rate (case fatality ratio)","beta",NA,"TGO",2025,"shape2",487.728678482353
"mu","disease mortality rate (case fatality ratio)","point",NA,"TGO",2026,"mean",0.0348950043288423
"mu","disease mortality rate (case fatality ratio)","beta",NA,"TGO",2026,"shape1",16.170371243457
"mu","disease mortality rate (case fatality ratio)","beta",NA,"TGO",2026,"shape2",447.230380654184
"mu","disease mortality rate (case fatality ratio)","point",NA,"TZA",1970,"mean",0.0491501476928696
"mu","disease mortality rate (case fatality ratio)","beta",NA,"TZA",1970,"shape1",125.201122677687
"mu","disease mortality rate (case fatality ratio)","beta",NA,"TZA",1970,"shape2",2422.11823554776
"mu","disease mortality rate (case fatality ratio)","point",NA,"TZA",1971,"mean",0.0547086366348737
"mu","disease mortality rate (case fatality ratio)","beta",NA,"TZA",1971,"shape1",157.34823819349
"mu","disease mortality rate (case fatality ratio)","beta",NA,"TZA",1971,"shape2",2718.76507538868
"mu","disease mortality rate (case fatality ratio)","point",NA,"TZA",1972,"mean",0.0603479579012433
"mu","disease mortality rate (case fatality ratio)","beta",NA,"TZA",1972,"shape1",186.359317569245
"mu","disease mortality rate (case fatality ratio)","beta",NA,"TZA",1972,"shape2",2901.72061173365
"mu","disease mortality rate (case fatality ratio)","point",NA,"TZA",1973,"mean",0.0655854766268232
"mu","disease mortality rate (case fatality ratio)","beta",NA,"TZA",1973,"shape1",217.211781630037
"mu","disease mortality rate (case fatality ratio)","beta",NA,"TZA",1973,"shape2",3094.67665467663
"mu","disease mortality rate (case fatality ratio)","point",NA,"TZA",1974,"mean",0.0703023230602912
"mu","disease mortality rate (case fatality ratio)","beta",NA,"TZA",1974,"shape1",268.890404501755
"mu","disease mortality rate (case fatality ratio)","beta",NA,"TZA",1974,"shape2",3555.88227436342
"mu","disease mortality rate (case fatality ratio)","point",NA,"TZA",1975,"mean",0.0749352000282484
"mu","disease mortality rate (case fatality ratio)","beta",NA,"TZA",1975,"shape1",370.411975514172
"mu","disease mortality rate (case fatality ratio)","beta",NA,"TZA",1975,"shape2",4572.68519877158
"mu","disease mortality rate (case fatality ratio)","point",NA,"TZA",1976,"mean",0.0802507325756829
"mu","disease mortality rate (case fatality ratio)","beta",NA,"TZA",1976,"shape1",563.888931471488
"mu","disease mortality rate (case fatality ratio)","beta",NA,"TZA",1976,"shape2",6462.70027679145
"mu","disease mortality rate (case fatality ratio)","point",NA,"TZA",1977,"mean",0.0868535444055976
"mu","disease mortality rate (case fatality ratio)","beta",NA,"TZA",1977,"shape1",897.8685570189
"mu","disease mortality rate (case fatality ratio)","beta",NA,"TZA",1977,"shape2",9439.86219609742
"mu","disease mortality rate (case fatality ratio)","point",NA,"TZA",1978,"mean",0.0946900748619246
"mu","disease mortality rate (case fatality ratio)","beta",NA,"TZA",1978,"shape1",1396.51637603644
"mu","disease mortality rate (case fatality ratio)","beta",NA,"TZA",1978,"shape2",13351.7703696738
"mu","disease mortality rate (case fatality ratio)","point",NA,"TZA",1979,"mean",0.102791159765273
"mu","disease mortality rate (case fatality ratio)","beta",NA,"TZA",1979,"shape1",2022.77110047992
"mu","disease mortality rate (case fatality ratio)","beta",NA,"TZA",1979,"shape2",17655.68281617
"mu","disease mortality rate (case fatality ratio)","point",NA,"TZA",1980,"mean",0.109530595689214
"mu","disease mortality rate (case fatality ratio)","beta",NA,"TZA",1980,"shape1",2603.92486438684
"mu","disease mortality rate (case fatality ratio)","beta",NA,"TZA",1980,"shape2",21169.5682678454
"mu","disease mortality rate (case fatality ratio)","point",NA,"TZA",1981,"mean",0.113501066655047
"mu","disease mortality rate (case fatality ratio)","beta",NA,"TZA",1981,"shape1",2930.09364321176
"mu","disease mortality rate (case fatality ratio)","beta",NA,"TZA",1981,"shape2",22885.466770127
"mu","disease mortality rate (case fatality ratio)","point",NA,"TZA",1982,"mean",0.114504742136877
"mu","disease mortality rate (case fatality ratio)","beta",NA,"TZA",1982,"shape1",3082.01610892854
"mu","disease mortality rate (case fatality ratio)","beta",NA,"TZA",1982,"shape2",23834.0403915469
"mu","disease mortality rate (case fatality ratio)","point",NA,"TZA",1983,"mean",0.11379749974357
"mu","disease mortality rate (case fatality ratio)","beta",NA,"TZA",1983,"shape1",3176.71709893672
"mu","disease mortality rate (case fatality ratio)","beta",NA,"TZA",1983,"shape2",24738.8092183822
"mu","disease mortality rate (case fatality ratio)","point",NA,"TZA",1984,"mean",0.113334072132297
"mu","disease mortality rate (case fatality ratio)","beta",NA,"TZA",1984,"shape1",3104.01318995897
"mu","disease mortality rate (case fatality ratio)","beta",NA,"TZA",1984,"shape2",24284.1599477325
"mu","disease mortality rate (case fatality ratio)","point",NA,"TZA",1985,"mean",0.11462953896521
"mu","disease mortality rate (case fatality ratio)","beta",NA,"TZA",1985,"shape1",2880.36184180199
"mu","disease mortality rate (case fatality ratio)","beta",NA,"TZA",1985,"shape2",22247.2088332941
"mu","disease mortality rate (case fatality ratio)","point",NA,"TZA",1986,"mean",0.117890187153427
"mu","disease mortality rate (case fatality ratio)","beta",NA,"TZA",1986,"shape1",2765.12378818483
"mu","disease mortality rate (case fatality ratio)","beta",NA,"TZA",1986,"shape2",20689.9563584452
"mu","disease mortality rate (case fatality ratio)","point",NA,"TZA",1987,"mean",0.121629419314068
"mu","disease mortality rate (case fatality ratio)","beta",NA,"TZA",1987,"shape1",2914.56559800881
"mu","disease mortality rate (case fatality ratio)","beta",NA,"TZA",1987,"shape2",21048.1040788307
"mu","disease mortality rate (case fatality ratio)","point",NA,"TZA",1988,"mean",0.122995585194137
"mu","disease mortality rate (case fatality ratio)","beta",NA,"TZA",1988,"shape1",3291.00323580097
"mu","disease mortality rate (case fatality ratio)","beta",NA,"TZA",1988,"shape2",23466.0810173162
"mu","disease mortality rate (case fatality ratio)","point",NA,"TZA",1989,"mean",0.119167377750589
"mu","disease mortality rate (case fatality ratio)","beta",NA,"TZA",1989,"shape1",3721.40907280423
"mu","disease mortality rate (case fatality ratio)","beta",NA,"TZA",1989,"shape2",27507.0121868541
"mu","disease mortality rate (case fatality ratio)","point",NA,"TZA",1990,"mean",0.10934004998642
"mu","disease mortality rate (case fatality ratio)","beta",NA,"TZA",1990,"shape1",4095.75440483002
"mu","disease mortality rate (case fatality ratio)","beta",NA,"TZA",1990,"shape2",33363.1127288388
"mu","disease mortality rate (case fatality ratio)","point",NA,"TZA",1991,"mean",0.0955972201520971
"mu","disease mortality rate (case fatality ratio)","beta",NA,"TZA",1991,"shape1",4448.5470191158
"mu","disease mortality rate (case fatality ratio)","beta",NA,"TZA",1991,"shape2",42085.7247101047
"mu","disease mortality rate (case fatality ratio)","point",NA,"TZA",1992,"mean",0.081591615900855
"mu","disease mortality rate (case fatality ratio)","beta",NA,"TZA",1992,"shape1",4698.50129878546
"mu","disease mortality rate (case fatality ratio)","beta",NA,"TZA",1992,"shape2",52887.0881874527
"mu","disease mortality rate (case fatality ratio)","point",NA,"TZA",1993,"mean",0.0703261423485856
"mu","disease mortality rate (case fatality ratio)","beta",NA,"TZA",1993,"shape1",4721.4210824626
"mu","disease mortality rate (case fatality ratio)","beta",NA,"TZA",1993,"shape2",62414.6527129679
"mu","disease mortality rate (case fatality ratio)","point",NA,"TZA",1994,"mean",0.0630454194487605
"mu","disease mortality rate (case fatality ratio)","beta",NA,"TZA",1994,"shape1",4735.12674026031
"mu","disease mortality rate (case fatality ratio)","beta",NA,"TZA",1994,"shape2",70371.4675478265
"mu","disease mortality rate (case fatality ratio)","point",NA,"TZA",1995,"mean",0.0594665573660018
"mu","disease mortality rate (case fatality ratio)","beta",NA,"TZA",1995,"shape1",5073.09530147491
"mu","disease mortality rate (case fatality ratio)","beta",NA,"TZA",1995,"shape2",80236.9600671465
"mu","disease mortality rate (case fatality ratio)","point",NA,"TZA",1996,"mean",0.0583264381624841
"mu","disease mortality rate (case fatality ratio)","beta",NA,"TZA",1996,"shape1",5770.44810694913
"mu","disease mortality rate (case fatality ratio)","beta",NA,"TZA",1996,"shape2",93163.2136893358
"mu","disease mortality rate (case fatality ratio)","point",NA,"TZA",1997,"mean",0.0577451547525588
"mu","disease mortality rate (case fatality ratio)","beta",NA,"TZA",1997,"shape1",6356.35887998287
"mu","disease mortality rate (case fatality ratio)","beta",NA,"TZA",1997,"shape2",103719.696976482
"mu","disease mortality rate (case fatality ratio)","point",NA,"TZA",1998,"mean",0.0557428170740813
"mu","disease mortality rate (case fatality ratio)","beta",NA,"TZA",1998,"shape1",6158.06266523193
"mu","disease mortality rate (case fatality ratio)","beta",NA,"TZA",1998,"shape2",104314.693977978
"mu","disease mortality rate (case fatality ratio)","point",NA,"TZA",1999,"mean",0.0511680004895053
"mu","disease mortality rate (case fatality ratio)","beta",NA,"TZA",1999,"shape1",5183.59270708175
"mu","disease mortality rate (case fatality ratio)","beta",NA,"TZA",1999,"shape2",96121.7672345271
"mu","disease mortality rate (case fatality ratio)","point",NA,"TZA",2000,"mean",0.044402037722759
"mu","disease mortality rate (case fatality ratio)","beta",NA,"TZA",2000,"shape1",4027.07136932263
"mu","disease mortality rate (case fatality ratio)","beta",NA,"TZA",2000,"shape2",86668.5718006415
"mu","disease mortality rate (case fatality ratio)","point",NA,"TZA",2001,"mean",0.0369727300046616
"mu","disease mortality rate (case fatality ratio)","beta",NA,"TZA",2001,"shape1",3141.17835242355
"mu","disease mortality rate (case fatality ratio)","beta",NA,"TZA",2001,"shape2",81818.1511866044
"mu","disease mortality rate (case fatality ratio)","point",NA,"TZA",2002,"mean",0.0304045076598646
"mu","disease mortality rate (case fatality ratio)","beta",NA,"TZA",2002,"shape1",2607.50219749025
"mu","disease mortality rate (case fatality ratio)","beta",NA,"TZA",2002,"shape2",83152.8800017675
"mu","disease mortality rate (case fatality ratio)","point",NA,"TZA",2003,"mean",0.0254515755086548
"mu","disease mortality rate (case fatality ratio)","beta",NA,"TZA",2003,"shape1",2305.11779399558
"mu","disease mortality rate (case fatality ratio)","beta",NA,"TZA",2003,"shape2",88263.6484975734
"mu","disease mortality rate (case fatality ratio)","point",NA,"TZA",2004,"mean",0.0221175725401217
"mu","disease mortality rate (case fatality ratio)","beta",NA,"TZA",2004,"shape1",2082.795867886
"mu","disease mortality rate (case fatality ratio)","beta",NA,"TZA",2004,"shape2",92086.4835187992
"mu","disease mortality rate (case fatality ratio)","point",NA,"TZA",2005,"mean",0.0200107561631555
"mu","disease mortality rate (case fatality ratio)","beta",NA,"TZA",2005,"shape1",1869.04800377293
"mu","disease mortality rate (case fatality ratio)","beta",NA,"TZA",2005,"shape2",91533.1197371086
"mu","disease mortality rate (case fatality ratio)","point",NA,"TZA",2006,"mean",0.018630179071003
"mu","disease mortality rate (case fatality ratio)","beta",NA,"TZA",2006,"shape1",1686.51274225834
"mu","disease mortality rate (case fatality ratio)","beta",NA,"TZA",2006,"shape2",88839.3343701465
"mu","disease mortality rate (case fatality ratio)","point",NA,"TZA",2007,"mean",0.0175318625098348
"mu","disease mortality rate (case fatality ratio)","beta",NA,"TZA",2007,"shape1",1556.50460422233
"mu","disease mortality rate (case fatality ratio)","beta",NA,"TZA",2007,"shape2",87224.9698882446
"mu","disease mortality rate (case fatality ratio)","point",NA,"TZA",2008,"mean",0.0164401848390544
"mu","disease mortality rate (case fatality ratio)","beta",NA,"TZA",2008,"shape1",1457.27314006522
"mu","disease mortality rate (case fatality ratio)","beta",NA,"TZA",2008,"shape2",87183.6487432094
"mu","disease mortality rate (case fatality ratio)","point",NA,"TZA",2009,"mean",0.0152988370209741
"mu","disease mortality rate (case fatality ratio)","beta",NA,"TZA",2009,"shape1",1369.05088738239
"mu","disease mortality rate (case fatality ratio)","beta",NA,"TZA",2009,"shape2",88118.2013465927
"mu","disease mortality rate (case fatality ratio)","point",NA,"TZA",2010,"mean",0.0142204587685668
"mu","disease mortality rate (case fatality ratio)","beta",NA,"TZA",2010,"shape1",1304.37542204914
"mu","disease mortality rate (case fatality ratio)","beta",NA,"TZA",2010,"shape2",90420.8947170805
"mu","disease mortality rate (case fatality ratio)","point",NA,"TZA",2011,"mean",0.0133666882700827
"mu","disease mortality rate (case fatality ratio)","beta",NA,"TZA",2011,"shape1",1273.66040532463
"mu","disease mortality rate (case fatality ratio)","beta",NA,"TZA",2011,"shape2",94012.5002045054
"mu","disease mortality rate (case fatality ratio)","point",NA,"TZA",2012,"mean",0.012846439495642
"mu","disease mortality rate (case fatality ratio)","beta",NA,"TZA",2012,"shape1",1254.85244420935
"mu","disease mortality rate (case fatality ratio)","beta",NA,"TZA",2012,"shape2",96426.0999033299
"mu","disease mortality rate (case fatality ratio)","point",NA,"TZA",2013,"mean",0.0126781892039101
"mu","disease mortality rate (case fatality ratio)","beta",NA,"TZA",2013,"shape1",1222.88783781587
"mu","disease mortality rate (case fatality ratio)","beta",NA,"TZA",2013,"shape2",95233.1452870653
"mu","disease mortality rate (case fatality ratio)","point",NA,"TZA",2014,"mean",0.0128010339179068
"mu","disease mortality rate (case fatality ratio)","beta",NA,"TZA",2014,"shape1",1190.60427115158
"mu","disease mortality rate (case fatality ratio)","beta",NA,"TZA",2014,"shape2",91817.8416705539
"mu","disease mortality rate (case fatality ratio)","point",NA,"TZA",2015,"mean",0.0131091608750865
"mu","disease mortality rate (case fatality ratio)","beta",NA,"TZA",2015,"shape1",1174.91528730309
"mu","disease mortality rate (case fatality ratio)","beta",NA,"TZA",2015,"shape2",88450.5991524482
"mu","disease mortality rate (case fatality ratio)","point",NA,"TZA",2016,"mean",0.0134978267229058
"mu","disease mortality rate (case fatality ratio)","beta",NA,"TZA",2016,"shape1",1141.26659230634
"mu","disease mortality rate (case fatality ratio)","beta",NA,"TZA",2016,"shape2",83410.6109606641
"mu","disease mortality rate (case fatality ratio)","point",NA,"TZA",2017,"mean",0.013905754354762
"mu","disease mortality rate (case fatality ratio)","beta",NA,"TZA",2017,"shape1",1039.72532289398
"mu","disease mortality rate (case fatality ratio)","beta",NA,"TZA",2017,"shape2",73729.7043943748
"mu","disease mortality rate (case fatality ratio)","point",NA,"TZA",2018,"mean",0.0143285077389457
"mu","disease mortality rate (case fatality ratio)","beta",NA,"TZA",2018,"shape1",896.890442157383
"mu","disease mortality rate (case fatality ratio)","beta",NA,"TZA",2018,"shape2",61697.9350971124
"mu","disease mortality rate (case fatality ratio)","point",NA,"TZA",2019,"mean",0.0147897171189547
"mu","disease mortality rate (case fatality ratio)","beta",NA,"TZA",2019,"shape1",771.257799001844
"mu","disease mortality rate (case fatality ratio)","beta",NA,"TZA",2019,"shape2",51376.9876879514
"mu","disease mortality rate (case fatality ratio)","point",NA,"TZA",2020,"mean",0.0152873671626131
"mu","disease mortality rate (case fatality ratio)","beta",NA,"TZA",2020,"shape1",672.704757866146
"mu","disease mortality rate (case fatality ratio)","beta",NA,"TZA",2020,"shape2",43331.2594768202
"mu","disease mortality rate (case fatality ratio)","point",NA,"TZA",2021,"mean",0.0157511764504208
"mu","disease mortality rate (case fatality ratio)","beta",NA,"TZA",2021,"shape1",583.459095487973
"mu","disease mortality rate (case fatality ratio)","beta",NA,"TZA",2021,"shape2",36458.7959592059
"mu","disease mortality rate (case fatality ratio)","point",NA,"TZA",2022,"mean",0.0160451947718025
"mu","disease mortality rate (case fatality ratio)","beta",NA,"TZA",2022,"shape1",499.290743918017
"mu","disease mortality rate (case fatality ratio)","beta",NA,"TZA",2022,"shape2",30618.4832076617
"mu","disease mortality rate (case fatality ratio)","point",NA,"TZA",2023,"mean",0.0160295649807485
"mu","disease mortality rate (case fatality ratio)","beta",NA,"TZA",2023,"shape1",427.941795892534
"mu","disease mortality rate (case fatality ratio)","beta",NA,"TZA",2023,"shape2",26269.089371609
"mu","disease mortality rate (case fatality ratio)","point",NA,"TZA",2024,"mean",0.0156511810892499
"mu","disease mortality rate (case fatality ratio)","beta",NA,"TZA",2024,"shape1",367.972526318742
"mu","disease mortality rate (case fatality ratio)","beta",NA,"TZA",2024,"shape2",23142.8746244747
"mu","disease mortality rate (case fatality ratio)","point",NA,"TZA",2025,"mean",0.0149905484204611
"mu","disease mortality rate (case fatality ratio)","beta",NA,"TZA",2025,"shape1",310.416412998791
"mu","disease mortality rate (case fatality ratio)","beta",NA,"TZA",2025,"shape2",20397.0590103216
"mu","disease mortality rate (case fatality ratio)","point",NA,"TZA",2026,"mean",0.0142134745021714
"mu","disease mortality rate (case fatality ratio)","beta",NA,"TZA",2026,"shape1",253.745888670156
"mu","disease mortality rate (case fatality ratio)","beta",NA,"TZA",2026,"shape2",17598.7425110798
"mu","disease mortality rate (case fatality ratio)","point",NA,"UGA",1970,"mean",0.0897130838588854
"mu","disease mortality rate (case fatality ratio)","beta",NA,"UGA",1970,"shape1",95.4636447835485
"mu","disease mortality rate (case fatality ratio)","beta",NA,"UGA",1970,"shape2",968.63582295639
"mu","disease mortality rate (case fatality ratio)","point",NA,"UGA",1971,"mean",0.0905526693522365
"mu","disease mortality rate (case fatality ratio)","beta",NA,"UGA",1971,"shape1",116.306047823813
"mu","disease mortality rate (case fatality ratio)","beta",NA,"UGA",1971,"shape2",1168.09615319138
"mu","disease mortality rate (case fatality ratio)","point",NA,"UGA",1972,"mean",0.0906839652822596
"mu","disease mortality rate (case fatality ratio)","beta",NA,"UGA",1972,"shape1",134.94309485088
"mu","disease mortality rate (case fatality ratio)","beta",NA,"UGA",1972,"shape2",1353.11595098883
"mu","disease mortality rate (case fatality ratio)","point",NA,"UGA",1973,"mean",0.0896194361292315
"mu","disease mortality rate (case fatality ratio)","beta",NA,"UGA",1973,"shape1",153.246499914031
"mu","disease mortality rate (case fatality ratio)","beta",NA,"UGA",1973,"shape2",1556.72297247864
"mu","disease mortality rate (case fatality ratio)","point",NA,"UGA",1974,"mean",0.087521207501048
"mu","disease mortality rate (case fatality ratio)","beta",NA,"UGA",1974,"shape1",178.943339036974
"mu","disease mortality rate (case fatality ratio)","beta",NA,"UGA",1974,"shape2",1865.62784715046
"mu","disease mortality rate (case fatality ratio)","point",NA,"UGA",1975,"mean",0.0851792691834317
"mu","disease mortality rate (case fatality ratio)","beta",NA,"UGA",1975,"shape1",219.643761856927
"mu","disease mortality rate (case fatality ratio)","beta",NA,"UGA",1975,"shape2",2358.96208863387
"mu","disease mortality rate (case fatality ratio)","point",NA,"UGA",1976,"mean",0.0835263752061868
"mu","disease mortality rate (case fatality ratio)","beta",NA,"UGA",1976,"shape1",277.182945521323
"mu","disease mortality rate (case fatality ratio)","beta",NA,"UGA",1976,"shape2",3041.3250687088
"mu","disease mortality rate (case fatality ratio)","point",NA,"UGA",1977,"mean",0.0830864536410674
"mu","disease mortality rate (case fatality ratio)","beta",NA,"UGA",1977,"shape1",344.224772905812
"mu","disease mortality rate (case fatality ratio)","beta",NA,"UGA",1977,"shape2",3798.74628700799
"mu","disease mortality rate (case fatality ratio)","point",NA,"UGA",1978,"mean",0.0836609372160222
"mu","disease mortality rate (case fatality ratio)","beta",NA,"UGA",1978,"shape1",409.904632181843
"mu","disease mortality rate (case fatality ratio)","beta",NA,"UGA",1978,"shape2",4489.68944149465
"mu","disease mortality rate (case fatality ratio)","point",NA,"UGA",1979,"mean",0.0843547042290444
"mu","disease mortality rate (case fatality ratio)","beta",NA,"UGA",1979,"shape1",467.085722616684
"mu","disease mortality rate (case fatality ratio)","beta",NA,"UGA",1979,"shape2",5070.07698674956
"mu","disease mortality rate (case fatality ratio)","point",NA,"UGA",1980,"mean",0.0839889845358778
"mu","disease mortality rate (case fatality ratio)","beta",NA,"UGA",1980,"shape1",508.103954796939
"mu","disease mortality rate (case fatality ratio)","beta",NA,"UGA",1980,"shape2",5541.54597971192
"mu","disease mortality rate (case fatality ratio)","point",NA,"UGA",1981,"mean",0.0818116207905789
"mu","disease mortality rate (case fatality ratio)","beta",NA,"UGA",1981,"shape1",527.01649232838
"mu","disease mortality rate (case fatality ratio)","beta",NA,"UGA",1981,"shape2",5914.8127641465
"mu","disease mortality rate (case fatality ratio)","point",NA,"UGA",1982,"mean",0.0780623088542512
"mu","disease mortality rate (case fatality ratio)","beta",NA,"UGA",1982,"shape1",527.998024417575
"mu","disease mortality rate (case fatality ratio)","beta",NA,"UGA",1982,"shape2",6235.80427873221
"mu","disease mortality rate (case fatality ratio)","point",NA,"UGA",1983,"mean",0.0738866964902744
"mu","disease mortality rate (case fatality ratio)","beta",NA,"UGA",1983,"shape1",518.375643322487
"mu","disease mortality rate (case fatality ratio)","beta",NA,"UGA",1983,"shape2",6497.44273733444
"mu","disease mortality rate (case fatality ratio)","point",NA,"UGA",1984,"mean",0.0706584079892704
"mu","disease mortality rate (case fatality ratio)","beta",NA,"UGA",1984,"shape1",502.222366482104
"mu","disease mortality rate (case fatality ratio)","beta",NA,"UGA",1984,"shape2",6605.52858310577
"mu","disease mortality rate (case fatality ratio)","point",NA,"UGA",1985,"mean",0.0692677035386522
"mu","disease mortality rate (case fatality ratio)","beta",NA,"UGA",1985,"shape1",486.917625864258
"mu","disease mortality rate (case fatality ratio)","beta",NA,"UGA",1985,"shape2",6542.58676058552
"mu","disease mortality rate (case fatality ratio)","point",NA,"UGA",1986,"mean",0.0697307399935334
"mu","disease mortality rate (case fatality ratio)","beta",NA,"UGA",1986,"shape1",484.228066936419
"mu","disease mortality rate (case fatality ratio)","beta",NA,"UGA",1986,"shape2",6460.02732145218
"mu","disease mortality rate (case fatality ratio)","point",NA,"UGA",1987,"mean",0.071082692109949
"mu","disease mortality rate (case fatality ratio)","beta",NA,"UGA",1987,"shape1",502.112674804938
"mu","disease mortality rate (case fatality ratio)","beta",NA,"UGA",1987,"shape2",6561.66980023528
"mu","disease mortality rate (case fatality ratio)","point",NA,"UGA",1988,"mean",0.0715907114791422
"mu","disease mortality rate (case fatality ratio)","beta",NA,"UGA",1988,"shape1",540.663585313274
"mu","disease mortality rate (case fatality ratio)","beta",NA,"UGA",1988,"shape2",7011.48353185563
"mu","disease mortality rate (case fatality ratio)","point",NA,"UGA",1989,"mean",0.069530450313411
"mu","disease mortality rate (case fatality ratio)","beta",NA,"UGA",1989,"shape1",595.959240717709
"mu","disease mortality rate (case fatality ratio)","beta",NA,"UGA",1989,"shape2",7975.23852991949
"mu","disease mortality rate (case fatality ratio)","point",NA,"UGA",1990,"mean",0.0643325336516299
"mu","disease mortality rate (case fatality ratio)","beta",NA,"UGA",1990,"shape1",667.759217448622
"mu","disease mortality rate (case fatality ratio)","beta",NA,"UGA",1990,"shape2",9712.04676166353
"mu","disease mortality rate (case fatality ratio)","point",NA,"UGA",1991,"mean",0.0571074807792689
"mu","disease mortality rate (case fatality ratio)","beta",NA,"UGA",1991,"shape1",761.74052678466
"mu","disease mortality rate (case fatality ratio)","beta",NA,"UGA",1991,"shape2",12576.9765097614
"mu","disease mortality rate (case fatality ratio)","point",NA,"UGA",1992,"mean",0.0498965525288591
"mu","disease mortality rate (case fatality ratio)","beta",NA,"UGA",1992,"shape1",883.530503230165
"mu","disease mortality rate (case fatality ratio)","beta",NA,"UGA",1992,"shape2",16823.714956647
"mu","disease mortality rate (case fatality ratio)","point",NA,"UGA",1993,"mean",0.0444255713471278
"mu","disease mortality rate (case fatality ratio)","beta",NA,"UGA",1993,"shape1",1039.56943680307
"mu","disease mortality rate (case fatality ratio)","beta",NA,"UGA",1993,"shape2",22360.6796827906
"mu","disease mortality rate (case fatality ratio)","point",NA,"UGA",1994,"mean",0.0414972942387083
"mu","disease mortality rate (case fatality ratio)","beta",NA,"UGA",1994,"shape1",1255.41184886475
"mu","disease mortality rate (case fatality ratio)","beta",NA,"UGA",1994,"shape2",28997.4485338662
"mu","disease mortality rate (case fatality ratio)","point",NA,"UGA",1995,"mean",0.0410885564904808
"mu","disease mortality rate (case fatality ratio)","beta",NA,"UGA",1995,"shape1",1591.25904989201
"mu","disease mortality rate (case fatality ratio)","beta",NA,"UGA",1995,"shape2",37136.2890999358
"mu","disease mortality rate (case fatality ratio)","point",NA,"UGA",1996,"mean",0.0425512939930777
"mu","disease mortality rate (case fatality ratio)","beta",NA,"UGA",1996,"shape1",2122.76370496605
"mu","disease mortality rate (case fatality ratio)","beta",NA,"UGA",1996,"shape2",47764.4078887201
"mu","disease mortality rate (case fatality ratio)","point",NA,"UGA",1997,"mean",0.0446608592304964
"mu","disease mortality rate (case fatality ratio)","beta",NA,"UGA",1997,"shape1",2836.67601875939
"mu","disease mortality rate (case fatality ratio)","beta",NA,"UGA",1997,"shape2",60679.2542081805
"mu","disease mortality rate (case fatality ratio)","point",NA,"UGA",1998,"mean",0.0458234856192274
"mu","disease mortality rate (case fatality ratio)","beta",NA,"UGA",1998,"shape1",3412.1902192807
"mu","disease mortality rate (case fatality ratio)","beta",NA,"UGA",1998,"shape2",71051.5956139157
"mu","disease mortality rate (case fatality ratio)","point",NA,"UGA",1999,"mean",0.0447810687445997
"mu","disease mortality rate (case fatality ratio)","beta",NA,"UGA",1999,"shape1",3353.02173003025
"mu","disease mortality rate (case fatality ratio)","beta",NA,"UGA",1999,"shape2",71522.8538135744
"mu","disease mortality rate (case fatality ratio)","point",NA,"UGA",2000,"mean",0.0414167421378527
"mu","disease mortality rate (case fatality ratio)","beta",NA,"UGA",2000,"shape1",2759.04546207218
"mu","disease mortality rate (case fatality ratio)","beta",NA,"UGA",2000,"shape2",63857.6249870155
"mu","disease mortality rate (case fatality ratio)","point",NA,"UGA",2001,"mean",0.03677681132748
"mu","disease mortality rate (case fatality ratio)","beta",NA,"UGA",2001,"shape1",2144.02849392448
"mu","disease mortality rate (case fatality ratio)","beta",NA,"UGA",2001,"shape2",56154.3507438219
"mu","disease mortality rate (case fatality ratio)","point",NA,"UGA",2002,"mean",0.0322405243315921
"mu","disease mortality rate (case fatality ratio)","beta",NA,"UGA",2002,"shape1",1721.98319647229
"mu","disease mortality rate (case fatality ratio)","beta",NA,"UGA",2002,"shape2",51688.537636309
"mu","disease mortality rate (case fatality ratio)","point",NA,"UGA",2003,"mean",0.028726802799015
"mu","disease mortality rate (case fatality ratio)","beta",NA,"UGA",2003,"shape1",1455.16734659545
"mu","disease mortality rate (case fatality ratio)","beta",NA,"UGA",2003,"shape2",49200.2208209087
"mu","disease mortality rate (case fatality ratio)","point",NA,"UGA",2004,"mean",0.0264988667640977
"mu","disease mortality rate (case fatality ratio)","beta",NA,"UGA",2004,"shape1",1264.22594213114
"mu","disease mortality rate (case fatality ratio)","beta",NA,"UGA",2004,"shape2",46444.4535793642
"mu","disease mortality rate (case fatality ratio)","point",NA,"UGA",2005,"mean",0.0253524654950877
"mu","disease mortality rate (case fatality ratio)","beta",NA,"UGA",2005,"shape1",1110.44701162532
"mu","disease mortality rate (case fatality ratio)","beta",NA,"UGA",2005,"shape2",42689.9088882961
"mu","disease mortality rate (case fatality ratio)","point",NA,"UGA",2006,"mean",0.0248445006633209
"mu","disease mortality rate (case fatality ratio)","beta",NA,"UGA",2006,"shape1",993.865783772927
"mu","disease mortality rate (case fatality ratio)","beta",NA,"UGA",2006,"shape2",39009.5859756829
"mu","disease mortality rate (case fatality ratio)","point",NA,"UGA",2007,"mean",0.0244805466205342
"mu","disease mortality rate (case fatality ratio)","beta",NA,"UGA",2007,"shape1",915.364693989722
"mu","disease mortality rate (case fatality ratio)","beta",NA,"UGA",2007,"shape2",36476.1489914897
"mu","disease mortality rate (case fatality ratio)","point",NA,"UGA",2008,"mean",0.0239001443768043
"mu","disease mortality rate (case fatality ratio)","beta",NA,"UGA",2008,"shape1",862.036076867622
"mu","disease mortality rate (case fatality ratio)","beta",NA,"UGA",2008,"shape2",35206.2011386469
"mu","disease mortality rate (case fatality ratio)","point",NA,"UGA",2009,"mean",0.0230144134358268
"mu","disease mortality rate (case fatality ratio)","beta",NA,"UGA",2009,"shape1",820.469871008672
"mu","disease mortality rate (case fatality ratio)","beta",NA,"UGA",2009,"shape2",34829.7922265444
"mu","disease mortality rate (case fatality ratio)","point",NA,"UGA",2010,"mean",0.0219932493639511
"mu","disease mortality rate (case fatality ratio)","beta",NA,"UGA",2010,"shape1",786.148985680886
"mu","disease mortality rate (case fatality ratio)","beta",NA,"UGA",2010,"shape2",34958.8640713463
"mu","disease mortality rate (case fatality ratio)","point",NA,"UGA",2011,"mean",0.0211101636607864
"mu","disease mortality rate (case fatality ratio)","beta",NA,"UGA",2011,"shape1",752.619302159425
"mu","disease mortality rate (case fatality ratio)","beta",NA,"UGA",2011,"shape2",34899.3687284908
"mu","disease mortality rate (case fatality ratio)","point",NA,"UGA",2012,"mean",0.02057465133135
"mu","disease mortality rate (case fatality ratio)","beta",NA,"UGA",2012,"shape1",703.780726699552
"mu","disease mortality rate (case fatality ratio)","beta",NA,"UGA",2012,"shape2",33502.4235664049
"mu","disease mortality rate (case fatality ratio)","point",NA,"UGA",2013,"mean",0.0204498906954196
"mu","disease mortality rate (case fatality ratio)","beta",NA,"UGA",2013,"shape1",631.975098668701
"mu","disease mortality rate (case fatality ratio)","beta",NA,"UGA",2013,"shape2",30271.6178877843
"mu","disease mortality rate (case fatality ratio)","point",NA,"UGA",2014,"mean",0.0206565568566955
"mu","disease mortality rate (case fatality ratio)","beta",NA,"UGA",2014,"shape1",550.163056187364
"mu","disease mortality rate (case fatality ratio)","beta",NA,"UGA",2014,"shape2",26083.6588340778
"mu","disease mortality rate (case fatality ratio)","point",NA,"UGA",2015,"mean",0.0210291853336879
"mu","disease mortality rate (case fatality ratio)","beta",NA,"UGA",2015,"shape1",470.786297366433
"mu","disease mortality rate (case fatality ratio)","beta",NA,"UGA",2015,"shape2",21916.4954682402
"mu","disease mortality rate (case fatality ratio)","point",NA,"UGA",2016,"mean",0.0213997310934111
"mu","disease mortality rate (case fatality ratio)","beta",NA,"UGA",2016,"shape1",393.578252865846
"mu","disease mortality rate (case fatality ratio)","beta",NA,"UGA",2016,"shape2",17998.1599959866
"mu","disease mortality rate (case fatality ratio)","point",NA,"UGA",2017,"mean",0.0216735630145112
"mu","disease mortality rate (case fatality ratio)","beta",NA,"UGA",2017,"shape1",318.387026193173
"mu","disease mortality rate (case fatality ratio)","beta",NA,"UGA",2017,"shape2",14371.7230392355
"mu","disease mortality rate (case fatality ratio)","point",NA,"UGA",2018,"mean",0.021850908519571
"mu","disease mortality rate (case fatality ratio)","beta",NA,"UGA",2018,"shape1",251.751739253468
"mu","disease mortality rate (case fatality ratio)","beta",NA,"UGA",2018,"shape2",11269.5879353868
"mu","disease mortality rate (case fatality ratio)","point",NA,"UGA",2019,"mean",0.0219768971241363
"mu","disease mortality rate (case fatality ratio)","beta",NA,"UGA",2019,"shape1",198.283439197534
"mu","disease mortality rate (case fatality ratio)","beta",NA,"UGA",2019,"shape2",8824.07481627105
"mu","disease mortality rate (case fatality ratio)","point",NA,"UGA",2020,"mean",0.0220580574778447
"mu","disease mortality rate (case fatality ratio)","beta",NA,"UGA",2020,"shape1",156.880367365035
"mu","disease mortality rate (case fatality ratio)","beta",NA,"UGA",2020,"shape2",6955.27660849772
"mu","disease mortality rate (case fatality ratio)","point",NA,"UGA",2021,"mean",0.0220073433654019
"mu","disease mortality rate (case fatality ratio)","beta",NA,"UGA",2021,"shape1",124.783393908581
"mu","disease mortality rate (case fatality ratio)","beta",NA,"UGA",2021,"shape2",5545.29644429462
"mu","disease mortality rate (case fatality ratio)","point",NA,"UGA",2022,"mean",0.0216627093276483
"mu","disease mortality rate (case fatality ratio)","beta",NA,"UGA",2022,"shape1",100.195686362522
"mu","disease mortality rate (case fatality ratio)","beta",NA,"UGA",2022,"shape2",4525.06539465295
"mu","disease mortality rate (case fatality ratio)","point",NA,"UGA",2023,"mean",0.0208818865107529
"mu","disease mortality rate (case fatality ratio)","beta",NA,"UGA",2023,"shape1",81.7453769796267
"mu","disease mortality rate (case fatality ratio)","beta",NA,"UGA",2023,"shape2",3832.90940948006
"mu","disease mortality rate (case fatality ratio)","point",NA,"UGA",2024,"mean",0.0196547383470266
"mu","disease mortality rate (case fatality ratio)","beta",NA,"UGA",2024,"shape1",67.8077613117057
"mu","disease mortality rate (case fatality ratio)","beta",NA,"UGA",2024,"shape2",3382.13698557238
"mu","disease mortality rate (case fatality ratio)","point",NA,"UGA",2025,"mean",0.018137221928991
"mu","disease mortality rate (case fatality ratio)","beta",NA,"UGA",2025,"shape1",56.8460067203505
"mu","disease mortality rate (case fatality ratio)","beta",NA,"UGA",2025,"shape2",3077.37195361053
"mu","disease mortality rate (case fatality ratio)","point",NA,"UGA",2026,"mean",0.0165639964025964
"mu","disease mortality rate (case fatality ratio)","beta",NA,"UGA",2026,"shape1",47.9076424145127
"mu","disease mortality rate (case fatality ratio)","beta",NA,"UGA",2026,"shape2",2844.36794435168
"mu","disease mortality rate (case fatality ratio)","point",NA,"ZAF",1970,"mean",0.35540687704519
"mu","disease mortality rate (case fatality ratio)","beta",NA,"ZAF",1970,"shape1",10.397588399885
"mu","disease mortality rate (case fatality ratio)","beta",NA,"ZAF",1970,"shape2",18.8578623846617
"mu","disease mortality rate (case fatality ratio)","point",NA,"ZAF",1971,"mean",0.289444373286354
"mu","disease mortality rate (case fatality ratio)","beta",NA,"ZAF",1971,"shape1",11.1689449886625
"mu","disease mortality rate (case fatality ratio)","beta",NA,"ZAF",1971,"shape2",27.418590370378
"mu","disease mortality rate (case fatality ratio)","point",NA,"ZAF",1972,"mean",0.229885313796006
"mu","disease mortality rate (case fatality ratio)","beta",NA,"ZAF",1972,"shape1",12.43932415614
"mu","disease mortality rate (case fatality ratio)","beta",NA,"ZAF",1972,"shape2",41.671675588621
"mu","disease mortality rate (case fatality ratio)","point",NA,"ZAF",1973,"mean",0.177538247854448
"mu","disease mortality rate (case fatality ratio)","beta",NA,"ZAF",1973,"shape1",14.4275764871374
"mu","disease mortality rate (case fatality ratio)","beta",NA,"ZAF",1973,"shape2",66.8370335982662
"mu","disease mortality rate (case fatality ratio)","point",NA,"ZAF",1974,"mean",0.133784045336857
"mu","disease mortality rate (case fatality ratio)","beta",NA,"ZAF",1974,"shape1",17.5539693369767
"mu","disease mortality rate (case fatality ratio)","beta",NA,"ZAF",1974,"shape2",113.657262112762
"mu","disease mortality rate (case fatality ratio)","point",NA,"ZAF",1975,"mean",0.0995097032563191
"mu","disease mortality rate (case fatality ratio)","beta",NA,"ZAF",1975,"shape1",22.5328764991342
"mu","disease mortality rate (case fatality ratio)","beta",NA,"ZAF",1975,"shape2",203.906111476677
"mu","disease mortality rate (case fatality ratio)","point",NA,"ZAF",1976,"mean",0.0741951985434879
"mu","disease mortality rate (case fatality ratio)","beta",NA,"ZAF",1976,"shape1",30.5544761204716
"mu","disease mortality rate (case fatality ratio)","beta",NA,"ZAF",1976,"shape2",381.257564554407
"mu","disease mortality rate (case fatality ratio)","point",NA,"ZAF",1977,"mean",0.0561062207927397
"mu","disease mortality rate (case fatality ratio)","beta",NA,"ZAF",1977,"shape1",43.7580719079006
"mu","disease mortality rate (case fatality ratio)","beta",NA,"ZAF",1977,"shape2",736.156727015127
"mu","disease mortality rate (case fatality ratio)","point",NA,"ZAF",1978,"mean",0.0431171260830367
"mu","disease mortality rate (case fatality ratio)","beta",NA,"ZAF",1978,"shape1",66.380429124346
"mu","disease mortality rate (case fatality ratio)","beta",NA,"ZAF",1978,"shape2",1473.15699265344
"mu","disease mortality rate (case fatality ratio)","point",NA,"ZAF",1979,"mean",0.0334071334219192
"mu","disease mortality rate (case fatality ratio)","beta",NA,"ZAF",1979,"shape1",107.085349987905
"mu","disease mortality rate (case fatality ratio)","beta",NA,"ZAF",1979,"shape2",3098.37824473178
"mu","disease mortality rate (case fatality ratio)","point",NA,"ZAF",1980,"mean",0.0257791577272046
"mu","disease mortality rate (case fatality ratio)","beta",NA,"ZAF",1980,"shape1",181.081157152187
"mu","disease mortality rate (case fatality ratio)","beta",NA,"ZAF",1980,"shape2",6843.24287501327
"mu","disease mortality rate (case fatality ratio)","point",NA,"ZAF",1981,"mean",0.0196573093280809
"mu","disease mortality rate (case fatality ratio)","beta",NA,"ZAF",1981,"shape1",294.545030002287
"mu","disease mortality rate (case fatality ratio)","beta",NA,"ZAF",1981,"shape2",14689.4502404757
"mu","disease mortality rate (case fatality ratio)","point",NA,"ZAF",1982,"mean",0.0148607206528269
"mu","disease mortality rate (case fatality ratio)","beta",NA,"ZAF",1982,"shape1",374.588761641984
"mu","disease mortality rate (case fatality ratio)","beta",NA,"ZAF",1982,"shape2",24832.0462591655
"mu","disease mortality rate (case fatality ratio)","point",NA,"ZAF",1983,"mean",0.0113105758557628
"mu","disease mortality rate (case fatality ratio)","beta",NA,"ZAF",1983,"shape1",329.353636556474
"mu","disease mortality rate (case fatality ratio)","beta",NA,"ZAF",1983,"shape2",28789.7328499788
"mu","disease mortality rate (case fatality ratio)","point",NA,"ZAF",1984,"mean",0.00885318172610939
"mu","disease mortality rate (case fatality ratio)","beta",NA,"ZAF",1984,"shape1",238.50736862172
"mu","disease mortality rate (case fatality ratio)","beta",NA,"ZAF",1984,"shape2",26701.7922886557
"mu","disease mortality rate (case fatality ratio)","point",NA,"ZAF",1985,"mean",0.00724726972258248
"mu","disease mortality rate (case fatality ratio)","beta",NA,"ZAF",1985,"shape1",171.574042920689
"mu","disease mortality rate (case fatality ratio)","beta",NA,"ZAF",1985,"shape2",23502.7266921637
"mu","disease mortality rate (case fatality ratio)","point",NA,"ZAF",1986,"mean",0.00622275524166267
"mu","disease mortality rate (case fatality ratio)","beta",NA,"ZAF",1986,"shape1",131.15575311342
"mu","disease mortality rate (case fatality ratio)","beta",NA,"ZAF",1986,"shape2",20945.6419064352
"mu","disease mortality rate (case fatality ratio)","point",NA,"ZAF",1987,"mean",0.0055259874742896
"mu","disease mortality rate (case fatality ratio)","beta",NA,"ZAF",1987,"shape1",107.431323509245
"mu","disease mortality rate (case fatality ratio)","beta",NA,"ZAF",1987,"shape2",19333.6774392383
"mu","disease mortality rate (case fatality ratio)","point",NA,"ZAF",1988,"mean",0.00494605818637356
"mu","disease mortality rate (case fatality ratio)","beta",NA,"ZAF",1988,"shape1",93.4887554587918
"mu","disease mortality rate (case fatality ratio)","beta",NA,"ZAF",1988,"shape2",18808.180399254
"mu","disease mortality rate (case fatality ratio)","point",NA,"ZAF",1989,"mean",0.0043488633275613
"mu","disease mortality rate (case fatality ratio)","beta",NA,"ZAF",1989,"shape1",85.6286485623791
"mu","disease mortality rate (case fatality ratio)","beta",NA,"ZAF",1989,"shape2",19604.2631950603
"mu","disease mortality rate (case fatality ratio)","point",NA,"ZAF",1990,"mean",0.00370896923836479
"mu","disease mortality rate (case fatality ratio)","beta",NA,"ZAF",1990,"shape1",82.0789689308014
"mu","disease mortality rate (case fatality ratio)","beta",NA,"ZAF",1990,"shape2",22047.7807456751
"mu","disease mortality rate (case fatality ratio)","point",NA,"ZAF",1991,"mean",0.0030931665543887
"mu","disease mortality rate (case fatality ratio)","beta",NA,"ZAF",1991,"shape1",82.0450746391718
"mu","disease mortality rate (case fatality ratio)","beta",NA,"ZAF",1991,"shape2",26442.5772489674
"mu","disease mortality rate (case fatality ratio)","point",NA,"ZAF",1992,"mean",0.00259236276455056
"mu","disease mortality rate (case fatality ratio)","beta",NA,"ZAF",1992,"shape1",85.2285583371031
"mu","disease mortality rate (case fatality ratio)","beta",NA,"ZAF",1992,"shape2",32791.5584031819
"mu","disease mortality rate (case fatality ratio)","point",NA,"ZAF",1993,"mean",0.00226319937610281
"mu","disease mortality rate (case fatality ratio)","beta",NA,"ZAF",1993,"shape1",91.7579764497719
"mu","disease mortality rate (case fatality ratio)","beta",NA,"ZAF",1993,"shape2",40451.7210553347
"mu","disease mortality rate (case fatality ratio)","point",NA,"ZAF",1994,"mean",0.00211911069341001
"mu","disease mortality rate (case fatality ratio)","beta",NA,"ZAF",1994,"shape1",102.35660411163
"mu","disease mortality rate (case fatality ratio)","beta",NA,"ZAF",1994,"shape2",48199.3222227365
"mu","disease mortality rate (case fatality ratio)","point",NA,"ZAF",1995,"mean",0.00214821294482935
"mu","disease mortality rate (case fatality ratio)","beta",NA,"ZAF",1995,"shape1",118.546389663167
"mu","disease mortality rate (case fatality ratio)","beta",NA,"ZAF",1995,"shape2",55065.1773414979
"mu","disease mortality rate (case fatality ratio)","point",NA,"ZAF",1996,"mean",0.00232240978215621
"mu","disease mortality rate (case fatality ratio)","beta",NA,"ZAF",1996,"shape1",142.869406806845
"mu","disease mortality rate (case fatality ratio)","beta",NA,"ZAF",1996,"shape2",61374.873028036
"mu","disease mortality rate (case fatality ratio)","point",NA,"ZAF",1997,"mean",0.00258843511988003
"mu","disease mortality rate (case fatality ratio)","beta",NA,"ZAF",1997,"shape1",179.298273898097
"mu","disease mortality rate (case fatality ratio)","beta",NA,"ZAF",1997,"shape2",69089.6868828199
"mu","disease mortality rate (case fatality ratio)","point",NA,"ZAF",1998,"mean",0.00286063601448813
"mu","disease mortality rate (case fatality ratio)","beta",NA,"ZAF",1998,"shape1",233.630560768238
"mu","disease mortality rate (case fatality ratio)","beta",NA,"ZAF",1998,"shape2",81437.2145187805
"mu","disease mortality rate (case fatality ratio)","point",NA,"ZAF",1999,"mean",0.00304646996115804
"mu","disease mortality rate (case fatality ratio)","beta",NA,"ZAF",1999,"shape1",311.683879139637
"mu","disease mortality rate (case fatality ratio)","beta",NA,"ZAF",1999,"shape2",101998.164277432
"mu","disease mortality rate (case fatality ratio)","point",NA,"ZAF",2000,"mean",0.00310192693585204
"mu","disease mortality rate (case fatality ratio)","beta",NA,"ZAF",2000,"shape1",408.887709131948
"mu","disease mortality rate (case fatality ratio)","beta",NA,"ZAF",2000,"shape2",131408.436679147
"mu","disease mortality rate (case fatality ratio)","point",NA,"ZAF",2001,"mean",0.00306233173156632
"mu","disease mortality rate (case fatality ratio)","beta",NA,"ZAF",2001,"shape1",490.010319257215
"mu","disease mortality rate (case fatality ratio)","beta",NA,"ZAF",2001,"shape2",159522.151069472
"mu","disease mortality rate (case fatality ratio)","point",NA,"ZAF",2002,"mean",0.00301393086949627
"mu","disease mortality rate (case fatality ratio)","beta",NA,"ZAF",2002,"shape1",501.495969200247
"mu","disease mortality rate (case fatality ratio)","beta",NA,"ZAF",2002,"shape2",165891.162295076
"mu","disease mortality rate (case fatality ratio)","point",NA,"ZAF",2003,"mean",0.00304264484485075
"mu","disease mortality rate (case fatality ratio)","beta",NA,"ZAF",2003,"shape1",440.361765661386
"mu","disease mortality rate (case fatality ratio)","beta",NA,"ZAF",2003,"shape2",144289.565030309
"mu","disease mortality rate (case fatality ratio)","point",NA,"ZAF",2004,"mean",0.00320540001779551
"mu","disease mortality rate (case fatality ratio)","beta",NA,"ZAF",2004,"shape1",354.707580196205
"mu","disease mortality rate (case fatality ratio)","beta",NA,"ZAF",2004,"shape2",110304.672911151
"mu","disease mortality rate (case fatality ratio)","point",NA,"ZAF",2005,"mean",0.00352478917801608
"mu","disease mortality rate (case fatality ratio)","beta",NA,"ZAF",2005,"shape1",280.354738345932
"mu","disease mortality rate (case fatality ratio)","beta",NA,"ZAF",2005,"shape2",79257.6613491094
"mu","disease mortality rate (case fatality ratio)","point",NA,"ZAF",2006,"mean",0.00398858685427533
"mu","disease mortality rate (case fatality ratio)","beta",NA,"ZAF",2006,"shape1",226.164439667508
"mu","disease mortality rate (case fatality ratio)","beta",NA,"ZAF",2006,"shape2",56476.7350910484
"mu","disease mortality rate (case fatality ratio)","point",NA,"ZAF",2007,"mean",0.00455182004834236
"mu","disease mortality rate (case fatality ratio)","beta",NA,"ZAF",2007,"shape1",188.725877812036
"mu","disease mortality rate (case fatality ratio)","beta",NA,"ZAF",2007,"shape2",41272.9039334905
"mu","disease mortality rate (case fatality ratio)","point",NA,"ZAF",2008,"mean",0.00515503064254548
"mu","disease mortality rate (case fatality ratio)","beta",NA,"ZAF",2008,"shape1",162.673508050983
"mu","disease mortality rate (case fatality ratio)","beta",NA,"ZAF",2008,"shape2",31393.5905242919
"mu","disease mortality rate (case fatality ratio)","point",NA,"ZAF",2009,"mean",0.00576158073157909
"mu","disease mortality rate (case fatality ratio)","beta",NA,"ZAF",2009,"shape1",144.181878100974
"mu","disease mortality rate (case fatality ratio)","beta",NA,"ZAF",2009,"shape2",24880.5265861433
"mu","disease mortality rate (case fatality ratio)","point",NA,"ZAF",2010,"mean",0.00638974456577907
"mu","disease mortality rate (case fatality ratio)","beta",NA,"ZAF",2010,"shape1",131.130618242059
"mu","disease mortality rate (case fatality ratio)","beta",NA,"ZAF",2010,"shape2",20390.9132431577
"mu","disease mortality rate (case fatality ratio)","point",NA,"ZAF",2011,"mean",0.00711301848661693
"mu","disease mortality rate (case fatality ratio)","beta",NA,"ZAF",2011,"shape1",122.183656178292
"mu","disease mortality rate (case fatality ratio)","beta",NA,"ZAF",2011,"shape2",17055.2855726982
"mu","disease mortality rate (case fatality ratio)","point",NA,"ZAF",2012,"mean",0.00803101672204171
"mu","disease mortality rate (case fatality ratio)","beta",NA,"ZAF",2012,"shape1",116.184013921876
"mu","disease mortality rate (case fatality ratio)","beta",NA,"ZAF",2012,"shape2",14350.7282019375
"mu","disease mortality rate (case fatality ratio)","point",NA,"ZAF",2013,"mean",0.0092321142807972
"mu","disease mortality rate (case fatality ratio)","beta",NA,"ZAF",2013,"shape1",112.214159925086
"mu","disease mortality rate (case fatality ratio)","beta",NA,"ZAF",2013,"shape2",12042.5487158435
"mu","disease mortality rate (case fatality ratio)","point",NA,"ZAF",2014,"mean",0.0107630945958224
"mu","disease mortality rate (case fatality ratio)","beta",NA,"ZAF",2014,"shape1",109.699845658699
"mu","disease mortality rate (case fatality ratio)","beta",NA,"ZAF",2014,"shape2",10082.5217948794
"mu","disease mortality rate (case fatality ratio)","point",NA,"ZAF",2015,"mean",0.0126156112547857
"mu","disease mortality rate (case fatality ratio)","beta",NA,"ZAF",2015,"shape1",107.995427374054
"mu","disease mortality rate (case fatality ratio)","beta",NA,"ZAF",2015,"shape2",8452.46392675246
"mu","disease mortality rate (case fatality ratio)","point",NA,"ZAF",2016,"mean",0.0147416480439611
"mu","disease mortality rate (case fatality ratio)","beta",NA,"ZAF",2016,"shape1",105.902333844991
"mu","disease mortality rate (case fatality ratio)","beta",NA,"ZAF",2016,"shape2",7077.98467316937
"mu","disease mortality rate (case fatality ratio)","point",NA,"ZAF",2017,"mean",0.0170981610626853
"mu","disease mortality rate (case fatality ratio)","beta",NA,"ZAF",2017,"shape1",102.057109037136
"mu","disease mortality rate (case fatality ratio)","beta",NA,"ZAF",2017,"shape2",5866.83677744422
"mu","disease mortality rate (case fatality ratio)","point",NA,"ZAF",2018,"mean",0.0196899799685801
"mu","disease mortality rate (case fatality ratio)","beta",NA,"ZAF",2018,"shape1",95.9450366991638
"mu","disease mortality rate (case fatality ratio)","beta",NA,"ZAF",2018,"shape2",4776.83984435536
"mu","disease mortality rate (case fatality ratio)","point",NA,"ZAF",2019,"mean",0.0225659851642625
"mu","disease mortality rate (case fatality ratio)","beta",NA,"ZAF",2019,"shape1",88.0237456033955
"mu","disease mortality rate (case fatality ratio)","beta",NA,"ZAF",2019,"shape2",3812.7031653935
"mu","disease mortality rate (case fatality ratio)","point",NA,"ZAF",2020,"mean",0.0257526607398302
"mu","disease mortality rate (case fatality ratio)","beta",NA,"ZAF",2020,"shape1",78.9121320247869
"mu","disease mortality rate (case fatality ratio)","beta",NA,"ZAF",2020,"shape2",2985.32005827227
"mu","disease mortality rate (case fatality ratio)","point",NA,"ZAF",2021,"mean",0.0291590081773395
"mu","disease mortality rate (case fatality ratio)","beta",NA,"ZAF",2021,"shape1",69.1366056100187
"mu","disease mortality rate (case fatality ratio)","beta",NA,"ZAF",2021,"shape2",2301.88387593528
"mu","disease mortality rate (case fatality ratio)","point",NA,"ZAF",2022,"mean",0.0325261461518088
"mu","disease mortality rate (case fatality ratio)","beta",NA,"ZAF",2022,"shape1",59.4061496913642
"mu","disease mortality rate (case fatality ratio)","beta",NA,"ZAF",2022,"shape2",1767.00603618823
"mu","disease mortality rate (case fatality ratio)","point",NA,"ZAF",2023,"mean",0.0354980750599844
"mu","disease mortality rate (case fatality ratio)","beta",NA,"ZAF",2023,"shape1",50.4331559758539
"mu","disease mortality rate (case fatality ratio)","beta",NA,"ZAF",2023,"shape2",1370.29616218104
"mu","disease mortality rate (case fatality ratio)","point",NA,"ZAF",2024,"mean",0.037814897851696
"mu","disease mortality rate (case fatality ratio)","beta",NA,"ZAF",2024,"shape1",42.5533097959815
"mu","disease mortality rate (case fatality ratio)","beta",NA,"ZAF",2024,"shape2",1082.75211778626
"mu","disease mortality rate (case fatality ratio)","point",NA,"ZAF",2025,"mean",0.0394954700523881
"mu","disease mortality rate (case fatality ratio)","beta",NA,"ZAF",2025,"shape1",35.7790898385984
"mu","disease mortality rate (case fatality ratio)","beta",NA,"ZAF",2025,"shape2",870.124543948766
"mu","disease mortality rate (case fatality ratio)","point",NA,"ZAF",2026,"mean",0.0408319167957653
"mu","disease mortality rate (case fatality ratio)","beta",NA,"ZAF",2026,"shape1",30.0595455583935
"mu","disease mortality rate (case fatality ratio)","beta",NA,"ZAF",2026,"shape2",706.118129096129
"mu","disease mortality rate (case fatality ratio)","point",NA,"ZMB",1970,"mean",0.0882797416705569
"mu","disease mortality rate (case fatality ratio)","beta",NA,"ZMB",1970,"shape1",22.4382508153627
"mu","disease mortality rate (case fatality ratio)","beta",NA,"ZMB",1970,"shape2",231.733888689734
"mu","disease mortality rate (case fatality ratio)","point",NA,"ZMB",1971,"mean",0.0930209348754605
"mu","disease mortality rate (case fatality ratio)","beta",NA,"ZMB",1971,"shape1",26.3590301514775
"mu","disease mortality rate (case fatality ratio)","beta",NA,"ZMB",1971,"shape2",257.00761399984
"mu","disease mortality rate (case fatality ratio)","point",NA,"ZMB",1972,"mean",0.0972135025606406
"mu","disease mortality rate (case fatality ratio)","beta",NA,"ZMB",1972,"shape1",30.8090798897116
"mu","disease mortality rate (case fatality ratio)","beta",NA,"ZMB",1972,"shape2",286.112737328974
"mu","disease mortality rate (case fatality ratio)","point",NA,"ZMB",1973,"mean",0.100213401116277
"mu","disease mortality rate (case fatality ratio)","beta",NA,"ZMB",1973,"shape1",36.0702534350445
"mu","disease mortality rate (case fatality ratio)","beta",NA,"ZMB",1973,"shape2",323.864176823365
"mu","disease mortality rate (case fatality ratio)","point",NA,"ZMB",1974,"mean",0.102024189292479
"mu","disease mortality rate (case fatality ratio)","beta",NA,"ZMB",1974,"shape1",42.831091390347
"mu","disease mortality rate (case fatality ratio)","beta",NA,"ZMB",1974,"shape2",376.982010653134
"mu","disease mortality rate (case fatality ratio)","point",NA,"ZMB",1975,"mean",0.103408032768081
"mu","disease mortality rate (case fatality ratio)","beta",NA,"ZMB",1975,"shape1",51.9784259552921
"mu","disease mortality rate (case fatality ratio)","beta",NA,"ZMB",1975,"shape2",450.675232217155
"mu","disease mortality rate (case fatality ratio)","point",NA,"ZMB",1976,"mean",0.105428211100224
"mu","disease mortality rate (case fatality ratio)","beta",NA,"ZMB",1976,"shape1",64.3446538583361
"mu","disease mortality rate (case fatality ratio)","beta",NA,"ZMB",1976,"shape2",545.972577050267
"mu","disease mortality rate (case fatality ratio)","point",NA,"ZMB",1977,"mean",0.108778194162703
"mu","disease mortality rate (case fatality ratio)","beta",NA,"ZMB",1977,"shape1",80.8034784124148
"mu","disease mortality rate (case fatality ratio)","beta",NA,"ZMB",1977,"shape2",662.024429647493
"mu","disease mortality rate (case fatality ratio)","point",NA,"ZMB",1978,"mean",0.113275789540567
"mu","disease mortality rate (case fatality ratio)","beta",NA,"ZMB",1978,"shape1",102.810322156136
"mu","disease mortality rate (case fatality ratio)","beta",NA,"ZMB",1978,"shape2",804.800408902305
"mu","disease mortality rate (case fatality ratio)","point",NA,"ZMB",1979,"mean",0.1177520900668
"mu","disease mortality rate (case fatality ratio)","beta",NA,"ZMB",1979,"shape1",132.818396877508
"mu","disease mortality rate (case fatality ratio)","beta",NA,"ZMB",1979,"shape2",995.130982213441
"mu","disease mortality rate (case fatality ratio)","point",NA,"ZMB",1980,"mean",0.120512451178832
"mu","disease mortality rate (case fatality ratio)","beta",NA,"ZMB",1980,"shape1",174.02110185477
"mu","disease mortality rate (case fatality ratio)","beta",NA,"ZMB",1980,"shape2",1269.98821131185
"mu","disease mortality rate (case fatality ratio)","point",NA,"ZMB",1981,"mean",0.12032172961168
"mu","disease mortality rate (case fatality ratio)","beta",NA,"ZMB",1981,"shape1",230.036809891284
"mu","disease mortality rate (case fatality ratio)","beta",NA,"ZMB",1981,"shape2",1681.81078932203
"mu","disease mortality rate (case fatality ratio)","point",NA,"ZMB",1982,"mean",0.117310361540859
"mu","disease mortality rate (case fatality ratio)","beta",NA,"ZMB",1982,"shape1",305.306179759462
"mu","disease mortality rate (case fatality ratio)","beta",NA,"ZMB",1982,"shape2",2297.24465845549
"mu","disease mortality rate (case fatality ratio)","point",NA,"ZMB",1983,"mean",0.113007648017686
"mu","disease mortality rate (case fatality ratio)","beta",NA,"ZMB",1983,"shape1",404.108363145192
"mu","disease mortality rate (case fatality ratio)","beta",NA,"ZMB",1983,"shape2",3171.82981656056
"mu","disease mortality rate (case fatality ratio)","point",NA,"ZMB",1984,"mean",0.109437017701822
"mu","disease mortality rate (case fatality ratio)","beta",NA,"ZMB",1984,"shape1",525.748949231704
"mu","disease mortality rate (case fatality ratio)","beta",NA,"ZMB",1984,"shape2",4278.37455735166
"mu","disease mortality rate (case fatality ratio)","point",NA,"ZMB",1985,"mean",0.108006360896569
"mu","disease mortality rate (case fatality ratio)","beta",NA,"ZMB",1985,"shape1",665.790613335509
"mu","disease mortality rate (case fatality ratio)","beta",NA,"ZMB",1985,"shape2",5498.57422414933
"mu","disease mortality rate (case fatality ratio)","point",NA,"ZMB",1986,"mean",0.108803050886151
"mu","disease mortality rate (case fatality ratio)","beta",NA,"ZMB",1986,"shape1",835.55545087209
"mu","disease mortality rate (case fatality ratio)","beta",NA,"ZMB",1986,"shape2",6843.96680578226
"mu","disease mortality rate (case fatality ratio)","point",NA,"ZMB",1987,"mean",0.110383748425865
"mu","disease mortality rate (case fatality ratio)","beta",NA,"ZMB",1987,"shape1",1074.98438885925
"mu","disease mortality rate (case fatality ratio)","beta",NA,"ZMB",1987,"shape2",8663.62663123327
"mu","disease mortality rate (case fatality ratio)","point",NA,"ZMB",1988,"mean",0.11016276121161
"mu","disease mortality rate (case fatality ratio)","beta",NA,"ZMB",1988,"shape1",1432.31153562454
"mu","disease mortality rate (case fatality ratio)","beta",NA,"ZMB",1988,"shape2",11569.4643809507
"mu","disease mortality rate (case fatality ratio)","point",NA,"ZMB",1989,"mean",0.105674152553977
"mu","disease mortality rate (case fatality ratio)","beta",NA,"ZMB",1989,"shape1",1919.00385583145
"mu","disease mortality rate (case fatality ratio)","beta",NA,"ZMB",1989,"shape2",16240.6294078585
"mu","disease mortality rate (case fatality ratio)","point",NA,"ZMB",1990,"mean",0.096283055711013
"mu","disease mortality rate (case fatality ratio)","beta",NA,"ZMB",1990,"shape1",2467.0813293138
"mu","disease mortality rate (case fatality ratio)","beta",NA,"ZMB",1990,"shape2",23156.1325487187
"mu","disease mortality rate (case fatality ratio)","point",NA,"ZMB",1991,"mean",0.0838636673895584
"mu","disease mortality rate (case fatality ratio)","beta",NA,"ZMB",1991,"shape1",2913.2120678056
"mu","disease mortality rate (case fatality ratio)","beta",NA,"ZMB",1991,"shape2",31824.2631522241
"mu","disease mortality rate (case fatality ratio)","point",NA,"ZMB",1992,"mean",0.0715743826596427
"mu","disease mortality rate (case fatality ratio)","beta",NA,"ZMB",1992,"shape1",3035.90897511827
"mu","disease mortality rate (case fatality ratio)","beta",NA,"ZMB",1992,"shape2",39380.2301839844
"mu","disease mortality rate (case fatality ratio)","point",NA,"ZMB",1993,"mean",0.0619452865829238
"mu","disease mortality rate (case fatality ratio)","beta",NA,"ZMB",1993,"shape1",2829.45837864531
"mu","disease mortality rate (case fatality ratio)","beta",NA,"ZMB",1993,"shape2",42847.2756349689
"mu","disease mortality rate (case fatality ratio)","point",NA,"ZMB",1994,"mean",0.055993207505935
"mu","disease mortality rate (case fatality ratio)","beta",NA,"ZMB",1994,"shape1",2577.56829349125
"mu","disease mortality rate (case fatality ratio)","beta",NA,"ZMB",1994,"shape2",43456.0205702658
"mu","disease mortality rate (case fatality ratio)","point",NA,"ZMB",1995,"mean",0.0534604045845672
"mu","disease mortality rate (case fatality ratio)","beta",NA,"ZMB",1995,"shape1",2473.83698728865
"mu","disease mortality rate (case fatality ratio)","beta",NA,"ZMB",1995,"shape2",43800.3542859064
"mu","disease mortality rate (case fatality ratio)","point",NA,"ZMB",1996,"mean",0.0532581837117484
"mu","disease mortality rate (case fatality ratio)","beta",NA,"ZMB",1996,"shape1",2519.26727310919
"mu","disease mortality rate (case fatality ratio)","beta",NA,"ZMB",1996,"shape2",44783.6465240329
"mu","disease mortality rate (case fatality ratio)","point",NA,"ZMB",1997,"mean",0.0537101649284005
"mu","disease mortality rate (case fatality ratio)","beta",NA,"ZMB",1997,"shape1",2619.51338826418
"mu","disease mortality rate (case fatality ratio)","beta",NA,"ZMB",1997,"shape2",46151.764669738
"mu","disease mortality rate (case fatality ratio)","point",NA,"ZMB",1998,"mean",0.0529445930896492
"mu","disease mortality rate (case fatality ratio)","beta",NA,"ZMB",1998,"shape1",2661.48414304057
"mu","disease mortality rate (case fatality ratio)","beta",NA,"ZMB",1998,"shape2",47607.7499321741
"mu","disease mortality rate (case fatality ratio)","point",NA,"ZMB",1999,"mean",0.0497381113071403
"mu","disease mortality rate (case fatality ratio)","beta",NA,"ZMB",1999,"shape1",2559.77773228882
"mu","disease mortality rate (case fatality ratio)","beta",NA,"ZMB",1999,"shape2",48905.3395593953
"mu","disease mortality rate (case fatality ratio)","point",NA,"ZMB",2000,"mean",0.0442662684509083
"mu","disease mortality rate (case fatality ratio)","beta",NA,"ZMB",2000,"shape1",2302.15471701472
"mu","disease mortality rate (case fatality ratio)","beta",NA,"ZMB",2000,"shape2",49704.8202907801
"mu","disease mortality rate (case fatality ratio)","point",NA,"ZMB",2001,"mean",0.0378781342467891
"mu","disease mortality rate (case fatality ratio)","beta",NA,"ZMB",2001,"shape1",1984.21150839281
"mu","disease mortality rate (case fatality ratio)","beta",NA,"ZMB",2001,"shape2",50399.8762469593
"mu","disease mortality rate (case fatality ratio)","point",NA,"ZMB",2002,"mean",0.0320632160196813
"mu","disease mortality rate (case fatality ratio)","beta",NA,"ZMB",2002,"shape1",1711.80978283712
"mu","disease mortality rate (case fatality ratio)","beta",NA,"ZMB",2002,"shape2",51676.7767453005
"mu","disease mortality rate (case fatality ratio)","point",NA,"ZMB",2003,"mean",0.0276620999027846
"mu","disease mortality rate (case fatality ratio)","beta",NA,"ZMB",2003,"shape1",1504.96480777288
"mu","disease mortality rate (case fatality ratio)","beta",NA,"ZMB",2003,"shape2",52900.333888346
"mu","disease mortality rate (case fatality ratio)","point",NA,"ZMB",2004,"mean",0.0247945632904762
"mu","disease mortality rate (case fatality ratio)","beta",NA,"ZMB",2004,"shape1",1332.77267202218
"mu","disease mortality rate (case fatality ratio)","beta",NA,"ZMB",2004,"shape2",52419.8446420365
"mu","disease mortality rate (case fatality ratio)","point",NA,"ZMB",2005,"mean",0.0231478892794456
"mu","disease mortality rate (case fatality ratio)","beta",NA,"ZMB",2005,"shape1",1181.85405610385
"mu","disease mortality rate (case fatality ratio)","beta",NA,"ZMB",2005,"shape2",49874.8121408131
"mu","disease mortality rate (case fatality ratio)","point",NA,"ZMB",2006,"mean",0.0222404613486184
"mu","disease mortality rate (case fatality ratio)","beta",NA,"ZMB",2006,"shape1",1065.28602059326
"mu","disease mortality rate (case fatality ratio)","beta",NA,"ZMB",2006,"shape2",46833.2716529613
"mu","disease mortality rate (case fatality ratio)","point",NA,"ZMB",2007,"mean",0.021596675025088
"mu","disease mortality rate (case fatality ratio)","beta",NA,"ZMB",2007,"shape1",987.366031109617
"mu","disease mortality rate (case fatality ratio)","beta",NA,"ZMB",2007,"shape2",44731.0619196112
"mu","disease mortality rate (case fatality ratio)","point",NA,"ZMB",2008,"mean",0.0208917066805581
"mu","disease mortality rate (case fatality ratio)","beta",NA,"ZMB",2008,"shape1",932.977809320269
"mu","disease mortality rate (case fatality ratio)","beta",NA,"ZMB",2008,"shape2",43724.829405085
"mu","disease mortality rate (case fatality ratio)","point",NA,"ZMB",2009,"mean",0.0200463217253379
"mu","disease mortality rate (case fatality ratio)","beta",NA,"ZMB",2009,"shape1",887.960821353291
"mu","disease mortality rate (case fatality ratio)","beta",NA,"ZMB",2009,"shape2",43407.4881652274
"mu","disease mortality rate (case fatality ratio)","point",NA,"ZMB",2010,"mean",0.0192006243301807
"mu","disease mortality rate (case fatality ratio)","beta",NA,"ZMB",2010,"shape1",853.799474921075
"mu","disease mortality rate (case fatality ratio)","beta",NA,"ZMB",2010,"shape2",43613.4772260257
"mu","disease mortality rate (case fatality ratio)","point",NA,"ZMB",2011,"mean",0.0185815093422698
"mu","disease mortality rate (case fatality ratio)","beta",NA,"ZMB",2011,"shape1",835.16172782622
"mu","disease mortality rate (case fatality ratio)","beta",NA,"ZMB",2011,"shape2",44110.6880652457
"mu","disease mortality rate (case fatality ratio)","point",NA,"ZMB",2012,"mean",0.018367580289104
"mu","disease mortality rate (case fatality ratio)","beta",NA,"ZMB",2012,"shape1",826.39068599011
"mu","disease mortality rate (case fatality ratio)","beta",NA,"ZMB",2012,"shape2",44165.4195025485
"mu","disease mortality rate (case fatality ratio)","point",NA,"ZMB",2013,"mean",0.0186228968312592
"mu","disease mortality rate (case fatality ratio)","beta",NA,"ZMB",2013,"shape1",822.848424047632
"mu","disease mortality rate (case fatality ratio)","beta",NA,"ZMB",2013,"shape2",43361.9221572108
"mu","disease mortality rate (case fatality ratio)","point",NA,"ZMB",2014,"mean",0.0192951369409262
"mu","disease mortality rate (case fatality ratio)","beta",NA,"ZMB",2014,"shape1",836.999652822369
"mu","disease mortality rate (case fatality ratio)","beta",NA,"ZMB",2014,"shape2",42541.7882451292
"mu","disease mortality rate (case fatality ratio)","point",NA,"ZMB",2015,"mean",0.0202532340484984
"mu","disease mortality rate (case fatality ratio)","beta",NA,"ZMB",2015,"shape1",885.911431363053
"mu","disease mortality rate (case fatality ratio)","beta",NA,"ZMB",2015,"shape2",42855.8154079976
"mu","disease mortality rate (case fatality ratio)","point",NA,"ZMB",2016,"mean",0.0213518405109241
"mu","disease mortality rate (case fatality ratio)","beta",NA,"ZMB",2016,"shape1",961.483088835732
"mu","disease mortality rate (case fatality ratio)","beta",NA,"ZMB",2016,"shape2",44068.971702348
"mu","disease mortality rate (case fatality ratio)","point",NA,"ZMB",2017,"mean",0.0225004422783689
"mu","disease mortality rate (case fatality ratio)","beta",NA,"ZMB",2017,"shape1",1022.65180813661
"mu","disease mortality rate (case fatality ratio)","beta",NA,"ZMB",2017,"shape2",44427.6462564375
"mu","disease mortality rate (case fatality ratio)","point",NA,"ZMB",2018,"mean",0.0236935635135754
"mu","disease mortality rate (case fatality ratio)","beta",NA,"ZMB",2018,"shape1",1047.04241509229
"mu","disease mortality rate (case fatality ratio)","beta",NA,"ZMB",2018,"shape2",43143.9639099958
"mu","disease mortality rate (case fatality ratio)","point",NA,"ZMB",2019,"mean",0.0249726302069389
"mu","disease mortality rate (case fatality ratio)","beta",NA,"ZMB",2019,"shape1",1064.58084227258
"mu","disease mortality rate (case fatality ratio)","beta",NA,"ZMB",2019,"shape2",41565.3237152687
"mu","disease mortality rate (case fatality ratio)","point",NA,"ZMB",2020,"mean",0.0263390801149349
"mu","disease mortality rate (case fatality ratio)","beta",NA,"ZMB",2020,"shape1",1091.21690984898
"mu","disease mortality rate (case fatality ratio)","beta",NA,"ZMB",2020,"shape2",40338.3586519122
"mu","disease mortality rate (case fatality ratio)","point",NA,"ZMB",2021,"mean",0.0276761345808007
"mu","disease mortality rate (case fatality ratio)","beta",NA,"ZMB",2021,"shape1",1086.98312726206
"mu","disease mortality rate (case fatality ratio)","beta",NA,"ZMB",2021,"shape2",38188.1231592971
"mu","disease mortality rate (case fatality ratio)","point",NA,"ZMB",2022,"mean",0.0287424305795248
"mu","disease mortality rate (case fatality ratio)","beta",NA,"ZMB",2022,"shape1",1021.698595492
"mu","disease mortality rate (case fatality ratio)","beta",NA,"ZMB",2022,"shape2",34525.0027408878
"mu","disease mortality rate (case fatality ratio)","point",NA,"ZMB",2023,"mean",0.0292722557033652
"mu","disease mortality rate (case fatality ratio)","beta",NA,"ZMB",2023,"shape1",924.525422089716
"mu","disease mortality rate (case fatality ratio)","beta",NA,"ZMB",2023,"shape2",30659.1499686465
"mu","disease mortality rate (case fatality ratio)","point",NA,"ZMB",2024,"mean",0.0291398364476902
"mu","disease mortality rate (case fatality ratio)","beta",NA,"ZMB",2024,"shape1",809.831836363848
"mu","disease mortality rate (case fatality ratio)","beta",NA,"ZMB",2024,"shape2",26981.3960868814
"mu","disease mortality rate (case fatality ratio)","point",NA,"ZMB",2025,"mean",0.0284600727352733
"mu","disease mortality rate (case fatality ratio)","beta",NA,"ZMB",2025,"shape1",660.180075720572
"mu","disease mortality rate (case fatality ratio)","beta",NA,"ZMB",2025,"shape2",22536.5306938323
"mu","disease mortality rate (case fatality ratio)","point",NA,"ZMB",2026,"mean",0.0275197108975879
"mu","disease mortality rate (case fatality ratio)","beta",NA,"ZMB",2026,"shape1",497.499733548999
"mu","disease mortality rate (case fatality ratio)","beta",NA,"ZMB",2026,"shape2",17580.4421242125
"mu","disease mortality rate (case fatality ratio)","point",NA,"ZWE",1970,"mean",0.0333071839310768
"mu","disease mortality rate (case fatality ratio)","beta",NA,"ZWE",1970,"shape1",15.7655982590947
"mu","disease mortality rate (case fatality ratio)","beta",NA,"ZWE",1970,"shape2",457.573675686092
"mu","disease mortality rate (case fatality ratio)","point",NA,"ZWE",1971,"mean",0.0357367688549211
"mu","disease mortality rate (case fatality ratio)","beta",NA,"ZWE",1971,"shape1",18.5361224953247
"mu","disease mortality rate (case fatality ratio)","beta",NA,"ZWE",1971,"shape2",500.148780736272
"mu","disease mortality rate (case fatality ratio)","point",NA,"ZWE",1972,"mean",0.0380193780744635
"mu","disease mortality rate (case fatality ratio)","beta",NA,"ZWE",1972,"shape1",21.6980515720815
"mu","disease mortality rate (case fatality ratio)","beta",NA,"ZWE",1972,"shape2",549.012272241853
"mu","disease mortality rate (case fatality ratio)","point",NA,"ZWE",1973,"mean",0.039880623925763
"mu","disease mortality rate (case fatality ratio)","beta",NA,"ZWE",1973,"shape1",25.3419014334189
"mu","disease mortality rate (case fatality ratio)","beta",NA,"ZWE",1973,"shape2",610.102054523548
"mu","disease mortality rate (case fatality ratio)","point",NA,"ZWE",1974,"mean",0.0413116380801386
"mu","disease mortality rate (case fatality ratio)","beta",NA,"ZWE",1974,"shape1",29.711087354469
"mu","disease mortality rate (case fatality ratio)","beta",NA,"ZWE",1974,"shape2",689.483036510428
"mu","disease mortality rate (case fatality ratio)","point",NA,"ZWE",1975,"mean",0.0426423200749604
"mu","disease mortality rate (case fatality ratio)","beta",NA,"ZWE",1975,"shape1",35.058041074611
"mu","disease mortality rate (case fatality ratio)","beta",NA,"ZWE",1975,"shape2",787.083929929379
"mu","disease mortality rate (case fatality ratio)","point",NA,"ZWE",1976,"mean",0.0443658509603691
"mu","disease mortality rate (case fatality ratio)","beta",NA,"ZWE",1976,"shape1",41.4986405818046
"mu","disease mortality rate (case fatality ratio)","beta",NA,"ZWE",1976,"shape2",893.874843381669
"mu","disease mortality rate (case fatality ratio)","point",NA,"ZWE",1977,"mean",0.0468513255027848
"mu","disease mortality rate (case fatality ratio)","beta",NA,"ZWE",1977,"shape1",49.1269749934321
"mu","disease mortality rate (case fatality ratio)","beta",NA,"ZWE",1977,"shape2",999.444745576394
"mu","disease mortality rate (case fatality ratio)","point",NA,"ZWE",1978,"mean",0.0500988753145348
"mu","disease mortality rate (case fatality ratio)","beta",NA,"ZWE",1978,"shape1",58.3219239805866
"mu","disease mortality rate (case fatality ratio)","beta",NA,"ZWE",1978,"shape2",1105.81446859161
"mu","disease mortality rate (case fatality ratio)","point",NA,"ZWE",1979,"mean",0.0536359821846667
"mu","disease mortality rate (case fatality ratio)","beta",NA,"ZWE",1979,"shape1",69.8450436643226
"mu","disease mortality rate (case fatality ratio)","beta",NA,"ZWE",1979,"shape2",1232.35994670667
"mu","disease mortality rate (case fatality ratio)","point",NA,"ZWE",1980,"mean",0.0566669954291419
"mu","disease mortality rate (case fatality ratio)","beta",NA,"ZWE",1980,"shape1",84.6403692255591
"mu","disease mortality rate (case fatality ratio)","beta",NA,"ZWE",1980,"shape2",1409.0045396773
"mu","disease mortality rate (case fatality ratio)","point",NA,"ZWE",1981,"mean",0.0585242822652991
"mu","disease mortality rate (case fatality ratio)","beta",NA,"ZWE",1981,"shape1",103.708375944912
"mu","disease mortality rate (case fatality ratio)","beta",NA,"ZWE",1981,"shape2",1668.34882716246
"mu","disease mortality rate (case fatality ratio)","point",NA,"ZWE",1982,"mean",0.0591746227798972
"mu","disease mortality rate (case fatality ratio)","beta",NA,"ZWE",1982,"shape1",128.131831377558
"mu","disease mortality rate (case fatality ratio)","beta",NA,"ZWE",1982,"shape2",2037.18541710158
"mu","disease mortality rate (case fatality ratio)","point",NA,"ZWE",1983,"mean",0.0593426282671181
"mu","disease mortality rate (case fatality ratio)","beta",NA,"ZWE",1983,"shape1",158.647994395386
"mu","disease mortality rate (case fatality ratio)","beta",NA,"ZWE",1983,"shape2",2514.77579939525
"mu","disease mortality rate (case fatality ratio)","point",NA,"ZWE",1984,"mean",0.0601299879713573
"mu","disease mortality rate (case fatality ratio)","beta",NA,"ZWE",1984,"shape1",194.611976706876
"mu","disease mortality rate (case fatality ratio)","beta",NA,"ZWE",1984,"shape2",3041.90915480538
"mu","disease mortality rate (case fatality ratio)","point",NA,"ZWE",1985,"mean",0.0624501577473131
"mu","disease mortality rate (case fatality ratio)","beta",NA,"ZWE",1985,"shape1",234.215406650994
"mu","disease mortality rate (case fatality ratio)","beta",NA,"ZWE",1985,"shape2",3516.22198373448
"mu","disease mortality rate (case fatality ratio)","point",NA,"ZWE",1986,"mean",0.066566896316126
"mu","disease mortality rate (case fatality ratio)","beta",NA,"ZWE",1986,"shape1",277.186316669098
"mu","disease mortality rate (case fatality ratio)","beta",NA,"ZWE",1986,"shape2",3886.84012903961
"mu","disease mortality rate (case fatality ratio)","point",NA,"ZWE",1987,"mean",0.0717752952582794
"mu","disease mortality rate (case fatality ratio)","beta",NA,"ZWE",1987,"shape1",325.952867328426
"mu","disease mortality rate (case fatality ratio)","beta",NA,"ZWE",1987,"shape2",4215.34321728541
"mu","disease mortality rate (case fatality ratio)","point",NA,"ZWE",1988,"mean",0.0763640716044747
"mu","disease mortality rate (case fatality ratio)","beta",NA,"ZWE",1988,"shape1",382.559965446863
"mu","disease mortality rate (case fatality ratio)","beta",NA,"ZWE",1988,"shape2",4627.12531467178
"mu","disease mortality rate (case fatality ratio)","point",NA,"ZWE",1989,"mean",0.0782617843636218
"mu","disease mortality rate (case fatality ratio)","beta",NA,"ZWE",1989,"shape1",446.468956963175
"mu","disease mortality rate (case fatality ratio)","beta",NA,"ZWE",1989,"shape2",5258.34547569504
"mu","disease mortality rate (case fatality ratio)","point",NA,"ZWE",1990,"mean",0.0763548994192441
"mu","disease mortality rate (case fatality ratio)","beta",NA,"ZWE",1990,"shape1",516.873100834528
"mu","disease mortality rate (case fatality ratio)","beta",NA,"ZWE",1990,"shape2",6252.47771706803
"mu","disease mortality rate (case fatality ratio)","point",NA,"ZWE",1991,"mean",0.0714271037219552
"mu","disease mortality rate (case fatality ratio)","beta",NA,"ZWE",1991,"shape1",593.548030049875
"mu","disease mortality rate (case fatality ratio)","beta",NA,"ZWE",1991,"shape2",7716.29514041359
"mu","disease mortality rate (case fatality ratio)","point",NA,"ZWE",1992,"mean",0.0656927735630553
"mu","disease mortality rate (case fatality ratio)","beta",NA,"ZWE",1992,"shape1",672.169650918062
"mu","disease mortality rate (case fatality ratio)","beta",NA,"ZWE",1992,"shape2",9559.8484914257
"mu","disease mortality rate (case fatality ratio)","point",NA,"ZWE",1993,"mean",0.0614414374227975
"mu","disease mortality rate (case fatality ratio)","beta",NA,"ZWE",1993,"shape1",745.706902846411
"mu","disease mortality rate (case fatality ratio)","beta",NA,"ZWE",1993,"shape2",11391.1657701507
"mu","disease mortality rate (case fatality ratio)","point",NA,"ZWE",1994,"mean",0.0601036926479854
"mu","disease mortality rate (case fatality ratio)","beta",NA,"ZWE",1994,"shape1",817.825102729885
"mu","disease mortality rate (case fatality ratio)","beta",NA,"ZWE",1994,"shape2",12789.0776797616
"mu","disease mortality rate (case fatality ratio)","point",NA,"ZWE",1995,"mean",0.0620855088434379
"mu","disease mortality rate (case fatality ratio)","beta",NA,"ZWE",1995,"shape1",906.639117939436
"mu","disease mortality rate (case fatality ratio)","beta",NA,"ZWE",1995,"shape2",13696.4322722899
"mu","disease mortality rate (case fatality ratio)","point",NA,"ZWE",1996,"mean",0.0667946253426074
"mu","disease mortality rate (case fatality ratio)","beta",NA,"ZWE",1996,"shape1",1031.5906107788
"mu","disease mortality rate (case fatality ratio)","beta",NA,"ZWE",1996,"shape2",14412.6252297547
"mu","disease mortality rate (case fatality ratio)","point",NA,"ZWE",1997,"mean",0.0725394721875836
"mu","disease mortality rate (case fatality ratio)","beta",NA,"ZWE",1997,"shape1",1205.02229695697
"mu","disease mortality rate (case fatality ratio)","beta",NA,"ZWE",1997,"shape2",15406.9306249066
"mu","disease mortality rate (case fatality ratio)","point",NA,"ZWE",1998,"mean",0.0767635512902402
"mu","disease mortality rate (case fatality ratio)","beta",NA,"ZWE",1998,"shape1",1433.07596620296
"mu","disease mortality rate (case fatality ratio)","beta",NA,"ZWE",1998,"shape2",17235.6273717204
"mu","disease mortality rate (case fatality ratio)","point",NA,"ZWE",1999,"mean",0.0771909661103633
"mu","disease mortality rate (case fatality ratio)","beta",NA,"ZWE",1999,"shape1",1705.65785686672
"mu","disease mortality rate (case fatality ratio)","beta",NA,"ZWE",1999,"shape2",20390.9415616205
"mu","disease mortality rate (case fatality ratio)","point",NA,"ZWE",2000,"mean",0.0733024506946789
"mu","disease mortality rate (case fatality ratio)","beta",NA,"ZWE",2000,"shape1",1973.00340188249
"mu","disease mortality rate (case fatality ratio)","beta",NA,"ZWE",2000,"shape2",24942.9234625615
"mu","disease mortality rate (case fatality ratio)","point",NA,"ZWE",2001,"mean",0.0666330077975403
"mu","disease mortality rate (case fatality ratio)","beta",NA,"ZWE",2001,"shape1",2177.90822605775
"mu","disease mortality rate (case fatality ratio)","beta",NA,"ZWE",2001,"shape2",30507.2173302607
"mu","disease mortality rate (case fatality ratio)","point",NA,"ZWE",2002,"mean",0.0595400483279315
"mu","disease mortality rate (case fatality ratio)","beta",NA,"ZWE",2002,"shape1",2344.70830933129
"mu","disease mortality rate (case fatality ratio)","beta",NA,"ZWE",2002,"shape2",37035.6478572817
"mu","disease mortality rate (case fatality ratio)","point",NA,"ZWE",2003,"mean",0.0537803297086506
"mu","disease mortality rate (case fatality ratio)","beta",NA,"ZWE",2003,"shape1",2550.80581457471
"mu","disease mortality rate (case fatality ratio)","beta",NA,"ZWE",2003,"shape2",44879.283000303
"mu","disease mortality rate (case fatality ratio)","point",NA,"ZWE",2004,"mean",0.049991424354084
"mu","disease mortality rate (case fatality ratio)","beta",NA,"ZWE",2004,"shape1",2828.1109120323
"mu","disease mortality rate (case fatality ratio)","beta",NA,"ZWE",2004,"shape2",53743.810143889
"mu","disease mortality rate (case fatality ratio)","point",NA,"ZWE",2005,"mean",0.047908220379987
"mu","disease mortality rate (case fatality ratio)","beta",NA,"ZWE",2005,"shape1",3192.99793357608
"mu","disease mortality rate (case fatality ratio)","beta",NA,"ZWE",2005,"shape2",63455.2287851504
"mu","disease mortality rate (case fatality ratio)","point",NA,"ZWE",2006,"mean",0.0467581400447939
"mu","disease mortality rate (case fatality ratio)","beta",NA,"ZWE",2006,"shape1",3770.42170669904
"mu","disease mortality rate (case fatality ratio)","beta",NA,"ZWE",2006,"shape2",76866.2696391715
"mu","disease mortality rate (case fatality ratio)","point",NA,"ZWE",2007,"mean",0.045643314524417
"mu","disease mortality rate (case fatality ratio)","beta",NA,"ZWE",2007,"shape1",4737.91324456983
"mu","disease mortality rate (case fatality ratio)","beta",NA,"ZWE",2007,"shape2",99065.0926049565
"mu","disease mortality rate (case fatality ratio)","point",NA,"ZWE",2008,"mean",0.0439252362943838
"mu","disease mortality rate (case fatality ratio)","beta",NA,"ZWE",2008,"shape1",5754.35676233729
"mu","disease mortality rate (case fatality ratio)","beta",NA,"ZWE",2008,"shape2",125249.076520799
"mu","disease mortality rate (case fatality ratio)","point",NA,"ZWE",2009,"mean",0.041489444101508
"mu","disease mortality rate (case fatality ratio)","beta",NA,"ZWE",2009,"shape1",5589.62288959979
"mu","disease mortality rate (case fatality ratio)","beta",NA,"ZWE",2009,"shape2",129134.353549425
"mu","disease mortality rate (case fatality ratio)","point",NA,"ZWE",2010,"mean",0.0386968781507333
"mu","disease mortality rate (case fatality ratio)","beta",NA,"ZWE",2010,"shape1",4406.13906796046
"mu","disease mortality rate (case fatality ratio)","beta",NA,"ZWE",2010,"shape2",109456.768704536
"mu","disease mortality rate (case fatality ratio)","point",NA,"ZWE",2011,"mean",0.0360666875072201
"mu","disease mortality rate (case fatality ratio)","beta",NA,"ZWE",2011,"shape1",3320.81609881472
"mu","disease mortality rate (case fatality ratio)","beta",NA,"ZWE",2011,"shape2",88753.5142136084
"mu","disease mortality rate (case fatality ratio)","point",NA,"ZWE",2012,"mean",0.033960468091832
"mu","disease mortality rate (case fatality ratio)","beta",NA,"ZWE",2012,"shape1",2560.45492468463
"mu","disease mortality rate (case fatality ratio)","beta",NA,"ZWE",2012,"shape2",72834.7050525259
"mu","disease mortality rate (case fatality ratio)","point",NA,"ZWE",2013,"mean",0.0324533894257063
"mu","disease mortality rate (case fatality ratio)","beta",NA,"ZWE",2013,"shape1",2069.82589934213
"mu","disease mortality rate (case fatality ratio)","beta",NA,"ZWE",2013,"shape2",61708.5940429097
"mu","disease mortality rate (case fatality ratio)","point",NA,"ZWE",2014,"mean",0.0313778082972117
"mu","disease mortality rate (case fatality ratio)","beta",NA,"ZWE",2014,"shape1",1823.81784408231
"mu","disease mortality rate (case fatality ratio)","beta",NA,"ZWE",2014,"shape2",56300.6319838676
"mu","disease mortality rate (case fatality ratio)","point",NA,"ZWE",2015,"mean",0.0304539981928615
"mu","disease mortality rate (case fatality ratio)","beta",NA,"ZWE",2015,"shape1",1776.84228407839
"mu","disease mortality rate (case fatality ratio)","beta",NA,"ZWE",2015,"shape2",56568.2811649301
"mu","disease mortality rate (case fatality ratio)","point",NA,"ZWE",2016,"mean",0.0294400193393774
"mu","disease mortality rate (case fatality ratio)","beta",NA,"ZWE",2016,"shape1",1809.42438427738
"mu","disease mortality rate (case fatality ratio)","beta",NA,"ZWE",2016,"shape2",59651.9613376128
"mu","disease mortality rate (case fatality ratio)","point",NA,"ZWE",2017,"mean",0.0282350216146644
"mu","disease mortality rate (case fatality ratio)","beta",NA,"ZWE",2017,"shape1",1743.36861535008
"mu","disease mortality rate (case fatality ratio)","beta",NA,"ZWE",2017,"shape2",60001.5324207669
"mu","disease mortality rate (case fatality ratio)","point",NA,"ZWE",2018,"mean",0.0268801496466037
"mu","disease mortality rate (case fatality ratio)","beta",NA,"ZWE",2018,"shape1",1553.42590197143
"mu","disease mortality rate (case fatality ratio)","beta",NA,"ZWE",2018,"shape2",56237.3945508347
"mu","disease mortality rate (case fatality ratio)","point",NA,"ZWE",2019,"mean",0.0254664346204834
"mu","disease mortality rate (case fatality ratio)","beta",NA,"ZWE",2019,"shape1",1367.30464402863
"mu","disease mortality rate (case fatality ratio)","beta",NA,"ZWE",2019,"shape2",52323.1575036984
"mu","disease mortality rate (case fatality ratio)","point",NA,"ZWE",2020,"mean",0.024027705106843
"mu","disease mortality rate (case fatality ratio)","beta",NA,"ZWE",2020,"shape1",1222.25165578515
"mu","disease mortality rate (case fatality ratio)","beta",NA,"ZWE",2020,"shape2",49646.1791972742
"mu","disease mortality rate (case fatality ratio)","point",NA,"ZWE",2021,"mean",0.0224971749770537
"mu","disease mortality rate (case fatality ratio)","beta",NA,"ZWE",2021,"shape1",1072.85121252148
"mu","disease mortality rate (case fatality ratio)","beta",NA,"ZWE",2021,"shape2",46615.4124746191
"mu","disease mortality rate (case fatality ratio)","point",NA,"ZWE",2022,"mean",0.0207544518870163
"mu","disease mortality rate (case fatality ratio)","beta",NA,"ZWE",2022,"shape1",910.77688012517
"mu","disease mortality rate (case fatality ratio)","beta",NA,"ZWE",2022,"shape2",42972.6696730907
"mu","disease mortality rate (case fatality ratio)","point",NA,"ZWE",2023,"mean",0.0187306328170844
"mu","disease mortality rate (case fatality ratio)","beta",NA,"ZWE",2023,"shape1",767.085660336308
"mu","disease mortality rate (case fatality ratio)","beta",NA,"ZWE",2023,"shape2",40186.4511383051
"mu","disease mortality rate (case fatality ratio)","point",NA,"ZWE",2024,"mean",0.0164923909201745
"mu","disease mortality rate (case fatality ratio)","beta",NA,"ZWE",2024,"shape1",642.337670207441
"mu","disease mortality rate (case fatality ratio)","beta",NA,"ZWE",2024,"shape2",38305.1789946865
"mu","disease mortality rate (case fatality ratio)","point",NA,"ZWE",2025,"mean",0.0142288169698267
"mu","disease mortality rate (case fatality ratio)","beta",NA,"ZWE",2025,"shape1",516.303529172415
"mu","disease mortality rate (case fatality ratio)","beta",NA,"ZWE",2025,"shape2",35769.4629029404
"mu","disease mortality rate (case fatality ratio)","point",NA,"ZWE",2026,"mean",0.0121447535184441
"mu","disease mortality rate (case fatality ratio)","beta",NA,"ZWE",2026,"shape1",394.555548690031
"mu","disease mortality rate (case fatality ratio)","beta",NA,"ZWE",2026,"shape2",32093.1806652087
