"day","iso_code","Country","fitted_values_fourier_precip","fitted_values_fourier_cases","inferred_from_neighbor"
1,"AGO","Angola",1.02146555792566,-0.475641013354005,NA
2,"AGO","Angola",1.02591844163709,-0.463064172190867,NA
3,"AGO","Angola",1.03003581458888,-0.450075344780581,NA
4,"AGO","Angola",1.03381672311763,-0.436672795932509,NA
5,"AGO","Angola",1.03726035029027,-0.422855245326223,NA
6,"AGO","Angola",1.04036601578653,-0.408621874115299,NA
7,"AGO","Angola",1.0431331756974,-0.393972330993179,NA
8,"AGO","Angola",1.04556142224028,-0.378906737712394,NA
9,"AGO","Angola",1.04765048339125,-0.363425694049107,NA
10,"AGO","Angola",1.04940022243531,-0.347530282205567,NA
11,"AGO","Angola",1.05081063743524,-0.33122207064374,NA
12,"AGO","Angola",1.05188186061996,-0.314503117344077,NA
13,"AGO","Angola",1.05261415769328,-0.29737597248401,NA
14,"AGO","Angola",1.05300792706407,-0.279843680531509,NA
15,"AGO","Angola",1.05306369899878,-0.261909781749696,NA
16,"AGO","Angola",1.05278213469761,-0.24357831310921,NA
17,"AGO","Angola",1.05216402529529,-0.224853808605739,NA
18,"AGO","Angola",1.05121029078792,-0.205741298980824,NA
19,"AGO","Angola",1.049921978887,-0.186246310844756,NA
20,"AGO","Angola",1.04830026380227,-0.166374865201108,NA
21,"AGO","Angola",1.04634644495444,-0.146133475373131,NA
22,"AGO","Angola",1.04406194561971,-0.125529144332985,NA
23,"AGO","Angola",1.04144831150729,-0.104569361435472,NA
24,"AGO","Angola",1.03850720927173,-0.083262098558641,NA
25,"AGO","Angola",1.03524042496164,-0.0616158056543675,NA
26,"AGO","Angola",1.03164986240655,-0.0396394057126866,NA
27,"AGO","Angola",1.02773754154362,-0.0173422891443808,NA
28,"AGO","Angola",1.02350559668609,0.00526569241299341,NA
29,"AGO","Angola",1.01895627473526,0.0281742328597593,NA
30,"AGO","Angola",1.0140919333379,0.051372578962893,NA
31,"AGO","Angola",1.00891503899108,0.0748495382416769,NA
32,"AGO","Angola",1.00342816509638,0.0985934874023288,NA
33,"AGO","Angola",0.997633989965411,0.122592381313038,NA
34,"AGO","Angola",0.991535294778912,0.1468337625102,NA
35,"AGO","Angola",0.985134961501228,0.171304771225988,NA
36,"AGO","Angola",0.978435970752507,0.195992155926788,NA
37,"AGO","Angola",0.971441399640643,0.220882284351394,NA
38,"AGO","Angola",0.964154419555166,0.245961155037275,NA
39,"AGO","Angola",0.956578293925253,0.271214409322608,NA
40,"AGO","Angola",0.948716375944084,0.296627343811228,NA
41,"AGO","Angola",0.940572106261751,0.322184923287067,NA
42,"AGO","Angola",0.93214901064897,0.347871794064105,NA
43,"AGO","Angola",0.923450697633846,0.37367229775735,NA
44,"AGO","Angola",0.914480856113962,0.399570485459818,NA
45,"AGO","Angola",0.905243252946044,0.425550132310031,NA
46,"AGO","Angola",0.895741730515498,0.451594752434029,NA
47,"AGO","Angola",0.885980204288081,0.477687614245478,NA
48,"AGO","Angola",0.875962660345997,0.503811756086981,NA
49,"AGO","Angola",0.86569315291068,0.529950002195306,NA
50,"AGO","Angola",0.855175801854546,0.556084978972829,NA
51,"AGO","Angola",0.844414790203969,0.582199131547115,NA
52,"AGO","Angola",0.833414361635735,0.608274740600216,NA
53,"AGO","Angola",0.822178817969215,0.634293939448909,NA
54,"AGO","Angola",0.810712516656486,0.660238731356795,NA
55,"AGO","Angola",0.799019868272595,0.686091007058886,NA
56,"AGO","Angola",0.787105334008173,0.711832562479032,NA
57,"AGO","Angola",0.774973423166543,0.737445116620318,NA
58,"AGO","Angola",0.762628690667483,0.762910329608289,NA
59,"AGO","Angola",0.750075734559746,0.78820982086672,NA
60,"AGO","Angola",0.737319193544426,0.813325187405428,NA
61,"AGO","Angola",0.724363744511228,0.838238022199493,NA
62,"AGO","Angola",0.711214100089656,0.862929932639121,NA
63,"AGO","Angola",0.69787500621711,0.88738255902928,NA
64,"AGO","Angola",0.68435123972584,0.911577593118164,NA
65,"AGO","Angola",0.670647605950662,0.935496796633468,NA
66,"AGO","Angola",0.656768936359298,0.959122019805472,NA
67,"AGO","Angola",0.642720086207181,0.982435219855859,NA
68,"AGO","Angola",0.628505932218479,1.00541847943128,NA
69,"AGO","Angola",0.614131370295087,1.02805402496069,NA
70,"AGO","Angola",0.59960131325526,1.05032424491552,NA
71,"AGO","Angola",0.584920688603518,1.07221170795189,NA
72,"AGO","Angola",0.570094436333401,1.09369918091426,NA
73,"AGO","Angola",0.555127506764608,1.11476964667975,NA
74,"AGO","Angola",0.540024858415972,1.13540632182299,NA
75,"AGO","Angola",0.524791455915707,1.15559267408114,NA
76,"AGO","Angola",0.509432267950248,1.17531243959921,NA
77,"AGO","Angola",0.493952265253021,1.19454963993577,NA
78,"AGO","Angola",0.478356418634347,1.21328859880983,NA
79,"AGO","Angola",0.462649697053654,1.2315139585694,NA
80,"AGO","Angola",0.446837065735132,1.24921069636311,NA
81,"AGO","Angola",0.430923484327848,1.26636413999602,NA
82,"AGO","Angola",0.414913905111321,1.28295998345179,NA
83,"AGO","Angola",0.39881327124747,1.29898430206297,NA
84,"AGO","Angola",0.382626515079785,1.31442356731224,NA
85,"AGO","Angola",0.366358556480496,1.32926466124744,NA
86,"AGO","Angola",0.350014301246473,1.3434948904938,NA
87,"AGO","Angola",0.333598639544499,1.35710199984727,NA
88,"AGO","Angola",0.317116444406485,1.37007418543317,NA
89,"AGO","Angola",0.300572570275155,1.38240010741504,NA
90,"AGO","Angola",0.283971851600642,1.39406890223905,NA
91,"AGO","Angola",0.267319101488351,1.40507019439967,NA
92,"AGO","Angola",0.250619110398423,1.41539410771312,NA
93,"AGO","Angola",0.233876644897018,1.4250312760855,NA
94,"AGO","Angola",0.217096446459581,1.43397285376306,NA
95,"AGO","Angola",0.200283230326207,1.44221052505282,NA
96,"AGO","Angola",0.183441684409121,1.44973651350213,NA
97,"AGO","Angola",0.166576468252241,1.45654359052659,NA
98,"AGO","Angola",0.149692212042721,1.46262508347621,NA
99,"AGO","Angola",0.132793515674294,1.46797488313042,NA
100,"AGO","Angola",0.115884947862192,1.47258745061319,NA
101,"AGO","Angola",0.0989710453093177,1.47645782372016,NA
102,"AGO","Angola",0.0820563119233184,1.47958162265026,NA
103,"AGO","Angola",0.0651452180841153,1.48195505513527,NA
104,"AGO","Angola",0.0482421999613997,1.48357492096098,NA
105,"AGO","Angola",0.0313516588815326,1.4844386158749,NA
106,"AGO","Angola",0.0144779607432294,1.48454413487557,NA
107,"AGO","Angola",-0.00237456451865077,1.48389007487969,NA
108,"AGO","Angola",-0.0192016234219491,1.48247563676377,NA
109,"AGO","Angola",-0.0359989593794819,1.48030062677774,NA
110,"AGO","Angola",-0.0527623530955998,1.47736545732874,NA
111,"AGO","Angola",-0.0694876229179337,1.47367114713401,NA
112,"AGO","Angola",-0.086170625145298,1.46921932074247,NA
113,"AGO","Angola",-0.102807254292752,1.46401220742534,NA
114,"AGO","Angola",-0.119393443314889,1.45805263943693,NA
115,"AGO","Angola",-0.135925163788468,1.45134404964734,NA
116,"AGO","Angola",-0.152398426055527,1.44389046854958,NA
117,"AGO","Angola",-0.168809279328211,1.43569652064436,NA
118,"AGO","Angola",-0.185153811756535,1.42676742020652,NA
119,"AGO","Angola",-0.201428150460371,1.41710896643767,NA
120,"AGO","Angola",-0.217628461527009,1.4067275380105,NA
121,"AGO","Angola",-0.233750949975624,1.39563008701062,NA
122,"AGO","Angola",-0.249791859690067,1.38382413228292,NA
123,"AGO","Angola",-0.265747473321418,1.37131775218966,NA
124,"AGO","Angola",-0.281614112161739,1.35811957678847,NA
125,"AGO","Angola",-0.29738813599055,1.34423877943897,NA
126,"AGO","Angola",-0.313065942895522,1.32968506784744,NA
127,"AGO","Angola",-0.328643969068951,1.31446867455964,NA
128,"AGO","Angola",-0.344118688581562,1.29860034691232,NA
129,"AGO","Angola",-0.359486613135249,1.2820913364548,NA
130,"AGO","Angola",-0.374744291796333,1.26495338785256,NA
131,"AGO","Angola",-0.38988831071098,1.24719872728523,NA
132,"AGO","Angola",-0.404915292804394,1.22884005035214,NA
133,"AGO","Angola",-0.419821897465451,1.2098905094989,NA
134,"AGO","Angola",-0.434604820218398,1.19036370097941,NA
135,"AGO","Angola",-0.449260792383312,1.17027365136779,NA
136,"AGO","Angola",-0.463786580726942,1.14963480363557,NA
137,"AGO","Angola",-0.478178987105645,1.12846200280969,NA
138,"AGO","Angola",-0.492434848102037,1.10677048122775,NA
139,"AGO","Angola",-0.506551034657052,1.08457584340682,NA
140,"AGO","Angola",-0.520524451699044,1.0618940505431,NA
141,"AGO","Angola",-0.5343520377716,1.03874140465986,NA
142,"AGO","Angola",-0.548030764661685,1.0151345324215,NA
143,"AGO","Angola",-0.56155763702975,0.991090368632004,NA
144,"AGO","Angola",-0.574929692043426,0.966626139436452,NA
145,"AGO","Angola",-0.588143999016378,0.941759345244419,NA
146,"AGO","Angola",-0.601197659053916,0.916507743394612,NA
147,"AGO","Angola",-0.6140878047069,0.89088933058023,NA
148,"AGO","Angola",-0.626811599635477,0.864922325054863,NA
149,"AGO","Angola",-0.639366238284165,0.838625148638966,NA
150,"AGO","Angola",-0.651748945569736,0.812016408547169,NA
151,"AGO","Angola",-0.663956976583376,0.785114879056885,NA
152,"AGO","Angola",-0.675987616308513,0.757939483038822,NA
153,"AGO","Angola",-0.687838179355713,0.730509273370189,NA
154,"AGO","Angola",-0.699506009715973,0.70284341425147,NA
155,"AGO","Angola",-0.710988480533743,0.674961162447762,NA
156,"AGO","Angola",-0.722282993900918,0.646881848475737,NA
157,"AGO","Angola",-0.733386980673052,0.618624857757338,NA
158,"AGO","Angola",-0.744297900308964,0.590209611761339,NA
159,"AGO","Angola",-0.755013240734882,0.561655549153901,NA
160,"AGO","Angola",-0.765530518234217,0.532982106979229,NA
161,"AGO","Angola",-0.77584727736401,0.504208701891383,NA
162,"AGO","Angola",-0.78596109089906,0.475354711458226,NA
163,"AGO","Angola",-0.795869559804654,0.446439455558382,NA
164,"AGO","Angola",-0.805570313238821,0.417482177891971,NA
165,"AGO","Angola",-0.815061008584925,0.388502027625713,NA
166,"AGO","Angola",-0.824339331515398,0.35951804119284,NA
167,"AGO","Angola",-0.833402996087327,0.330549124268077,NA
168,"AGO","Angola",-0.842249744870584,0.301614033937663,NA
169,"AGO","Angola",-0.850877349109093,0.27273136108424,NA
170,"AGO","Angola",-0.859283608915799,0.243919513006085,NA
171,"AGO","Angola",-0.867466353501832,0.215196696289921,NA
172,"AGO","Angola",-0.875423441440297,0.186580899956209,NA
173,"AGO","Angola",-0.883152760965064,0.158089878895503,NA
174,"AGO","Angola",-0.890652230304857,0.12974113761409,NA
175,"AGO","Angola",-0.89791979805291,0.101551914306753,NA
176,"AGO","Angola",-0.904953443572354,0.0735391652741153,NA
177,"AGO","Angola",-0.911751177437458,0.0457195497015913,NA
178,"AGO","Angola",-0.918311041910791,0.0181094148165483,NA
179,"AGO","Angola",-0.924631111456286,-0.00927521856020138,NA
180,"AGO","Angola",-0.930709493288133,-0.0364186700528864,NA
181,"AGO","Angola",-0.936544327955378,-0.0633056133440891,NA
182,"AGO","Angola",-0.942133789962002,-0.0899210893482155,NA
183,"AGO","Angola",-0.947476088422243,-0.116250518930989,NA
184,"AGO","Angola",-0.952569467750808,-0.14227971516138,NA
185,"AGO","Angola",-0.957412208387593,-0.167994895082935,NA
186,"AGO","Angola",-0.962002627556453,-0.19338269099205,NA
187,"AGO","Angola",-0.966339080057498,-0.218430161211331,NA
188,"AGO","Angola",-0.970419959092333,-0.243124800346748,NA
189,"AGO","Angola",-0.974243697121604,-0.267454549017966,NA
190,"AGO","Angola",-0.977808766754131,-0.291407803051805,NA
191,"AGO","Angola",-0.981113681666878,-0.314973422129442,NA
192,"AGO","Angola",-0.984156997554912,-0.338140737878648,NA
193,"AGO","Angola",-0.986937313110486,-0.360899561402944,NA
194,"AGO","Angola",-0.989453271030294,-0.383240190240301,NA
195,"AGO","Angola",-0.991703559049897,-0.405153414744636,NA
196,"AGO","Angola",-0.99368691100426,-0.426630523884061,NA
197,"AGO","Angola",-0.995402107913307,-0.447663310450529,NA
198,"AGO","Angola",-0.996847979091308,-0.468244075676219,NA
199,"AGO","Angola",-0.998023403278893,-0.488365633252701,NA
200,"AGO","Angola",-0.998927309796439,-0.50802131274964,NA
201,"AGO","Angola",-0.999558679717485,-0.527204962430477,NA
202,"AGO","Angola",-0.999916547060847,-0.545910951463279,NA
203,"AGO","Angola",-1,-0.564134171525636,NA
204,"AGO","Angola",-0.999808182088281,-0.581870037803203,NA
205,"AGO","Angola",-0.999340293498429,-0.599114489382195,NA
206,"AGO","Angola",-0.998595592274905,-0.615863989036885,NA
207,"AGO","Angola",-0.997573395597442,-0.632115522413822,NA
208,"AGO","Angola",-0.996273081054195,-0.647866596615235,NA
209,"AGO","Angola",-0.994694087922847,-0.663115238184773,NA
210,"AGO","Angola",-0.992835918458008,-0.677859990499443,NA
211,"AGO","Angola",-0.990698139183173,-0.69209991057231,NA
212,"AGO","Angola",-0.988280382185515,-0.70583456527119,NA
213,"AGO","Angola",-0.985582346411743,-0.719064026959291,NA
214,"AGO","Angola",-0.982603798963238,-0.731788868564389,NA
215,"AGO","Angola",-0.979344576388642,-0.744010158083847,NA
216,"AGO","Angola",-0.975804585972083,-0.755729452533383,NA
217,"AGO","Angola",-0.971983807015174,-0.766948791348212,NA
218,"AGO","Angola",-0.96788229211092,-0.777670689245764,NA
219,"AGO","Angola",-0.96350016840766,-0.787898128559848,NA
220,"AGO","Angola",-0.958837638861146,-0.797634551056733,NA
221,"AGO","Angola",-0.953894983472861,-0.806883849244233,NA
222,"AGO","Angola",-0.948672560512669,-0.815650357185442,NA
223,"AGO","Angola",-0.943170807723892,-0.823938840829382,NA
224,"AGO","Angola",-0.937390243508901,-0.831754487871356,NA
225,"AGO","Angola",-0.931331468093307,-0.83910289715636,NA
226,"AGO","Angola",-0.924995164666845,-0.845990067639427,NA
227,"AGO","Angola",-0.918382100499059,-0.85242238691729,NA
228,"AGO","Angola",-0.911493128027886,-0.858406619346264,NA
229,"AGO","Angola",-0.904329185919259,-0.863949893761675,NA
230,"AGO","Angola",-0.896891300095858,-0.869059690814695,NA
231,"AGO","Angola",-0.889180584733167,-0.873743829942805,NA
232,"AGO","Angola",-0.881198243220979,-0.878010455990581,NA
233,"AGO","Angola",-0.872945569088557,-0.881868025497876,NA
234,"AGO","Angola",-0.864423946891639,-0.885325292672843,NA
235,"AGO","Angola",-0.85563485305953,-0.888391295067629,NA
236,"AGO","Angola",-0.846579856700536,-0.89107533897486,NA
237,"AGO","Angola",-0.837260620364026,-0.893386984563407,NA
238,"AGO","Angola",-0.827678900757449,-0.895336030772166,NA
239,"AGO","Angola",-0.817836549416642,-0.896932499980883,NA
240,"AGO","Angola",-0.807735513327856,-0.898186622477292,NA
241,"AGO","Angola",-0.797377835499877,-0.899108820740059,NA
242,"AGO","Angola",-0.786765655484757,-0.899709693557223,NA
243,"AGO","Angola",-0.775901209845635,-0.9,NA
244,"AGO","Angola",-0.764786832570228,-0.899990643271981,NA
245,"AGO","Angola",-0.753424955428565,-0.899692654453855,NA
246,"AGO","Angola",-0.741818108273644,-0.899117176163933,NA
247,"AGO","Angola",-0.729968919283693,-0.898275446154784,NA
248,"AGO","Angola",-0.717880115144795,-0.897178780866391,NA
249,"AGO","Angola",-0.70555452117268,-0.895838558956228,NA
250,"AGO","Angola",-0.692995061372552,-0.894266204826704,NA
251,"AGO","Angola",-0.680204758435862,-0.892473172170364,NA
252,"AGO","Angola",-0.667186733673015,-0.890470927553226,NA
253,"AGO","Angola",-0.653944206881031,-0.88827093405654,NA
254,"AGO","Angola",-0.64048049614529,-0.885884634997202,NA
255,"AGO","Angola",-0.626799017574484,-0.883323437746876,NA
256,"AGO","Angola",-0.612903284968051,-0.880598697669816,NA
257,"AGO","Angola",-0.598796909415333,-0.877721702199161,NA
258,"AGO","Angola",-0.58448359882586,-0.8747036550713,NA
259,"AGO","Angola",-0.569967157390163,-0.871555660737714,NA
260,"AGO","Angola",-0.555251484970626,-0.868288708973443,NA
261,"AGO","Angola",-0.540340576421929,-0.864913659701092,NA
262,"AGO","Angola",-0.525238520840736,-0.86144122804899,NA
263,"AGO","Angola",-0.509949500744327,-0.857881969661827,NA
264,"AGO","Angola",-0.494477791177955,-0.854246266281775,NA
265,"AGO","Angola",-0.478827758750776,-0.850544311617733,NA
266,"AGO","Angola",-0.463003860600304,-0.846786097520011,NA
267,"AGO","Angola",-0.447010643285352,-0.84298140047732,NA
268,"AGO","Angola",-0.430852741607571,-0.839139768452595,NA
269,"AGO","Angola",-0.414534877361712,-0.835270508073707,NA
270,"AGO","Angola",-0.398061858014846,-0.831382672194687,NA
271,"AGO","Angola",-0.381438575314841,-0.827485047842621,NA
272,"AGO","Angola",-0.364670003828452,-0.823586144564905,NA
273,"AGO","Angola",-0.347761199409508,-0.819694183191022,NA
274,"AGO","Angola",-0.330717297597674,-0.815817085022514,NA
275,"AGO","Angola",-0.313543511948422,-0.811962461464267,NA
276,"AGO","Angola",-0.296245132294857,-0.808137604109705,NA
277,"AGO","Angola",-0.278827522942154,-0.804349475291885,NA
278,"AGO","Angola",-0.261296120795428,-0.800604699111954,NA
279,"AGO","Angola",-0.243656433421904,-0.796909552955796,NA
280,"AGO","Angola",-0.225914037048376,-0.793269959509131,NA
281,"AGO","Angola",-0.208074574494972,-0.789691479280664,NA
282,"AGO","Angola",-0.190143753046327,-0.786179303642309,NA
283,"AGO","Angola",-0.17212734226135,-0.782738248394828,NA
284,"AGO","Angola",-0.154031171722804,-0.779372747866602,NA
285,"AGO","Angola",-0.135861128728022,-0.776086849552581,NA
286,"AGO","Angola",-0.117623155922136,-0.772884209299804,NA
287,"AGO","Angola",-0.0993232488752457,-0.769768087045193,NA
288,"AGO","Angola",-0.0809674536050285,-0.766741343110659,NA
289,"AGO","Angola",-0.0625618640463778,-0.763806435059861,NA
290,"AGO","Angola",-0.0441126194696608,-0.760965415120267,NA
291,"AGO","Angola",-0.0256259018493145,-0.758219928173476,NA
292,"AGO","Angola",-0.0071079331844924,-0.75557121031606,NA
293,"AGO","Angola",0.011435027226412,-0.753020087992478,NA
294,"AGO","Angola",0.0299966855555409,-0.750566977700906,NA
295,"AGO","Angola",0.0485707162577081,-0.748211886272149,NA
296,"AGO","Angola",0.0671507649229814,-0.745954411721046,NA
297,"AGO","Angola",0.0857304511676599,-0.743793744669132,NA
298,"AGO","Angola",0.104303371561638,-0.741728670336567,NA
299,"AGO","Angola",0.122863102590024,-0.73975757110069,NA
300,"AGO","Angola",0.141403203646907,-0.737878429617808,NA
301,"AGO","Angola",0.159917220059061,-0.736088832504184,NA
302,"AGO","Angola",0.178398686137395,-0.734385974571468,NA
303,"AGO","Angola",0.19684112825388,-0.732766663611143,NA
304,"AGO","Angola",0.215238067941674,-0.731227325721894,NA
305,"AGO","Angola",0.233583025016107,-0.729764011173112,NA
306,"AGO","Angola",0.251869520714211,-0.728372400797119,NA
307,"AGO","Angola",0.270091080850386,-0.727047812902014,NA
308,"AGO","Angola",0.288241238985825,-0.725785210696431,NA
309,"AGO","Angola",0.306313539609255,-0.724579210216837,NA
310,"AGO","Angola",0.324301541326582,-0.723424088747411,NA
311,"AGO","Angola",0.342198820056947,-0.722313793721911,NA
312,"AGO","Angola",0.359998972232757,-0.721241952096347,NA
313,"AGO","Angola",0.377695618001163,-0.720201880180713,NA
314,"AGO","Angola",0.395282404424543,-0.719186593917437,NA
315,"AGO","Angola",0.412753008677435,-0.718188819593677,NA
316,"AGO","Angola",0.43010114123746,-0.717201004974039,NA
317,"AGO","Angola",0.447320549067697,-0.716215330839786,NA
318,"AGO","Angola",0.464405018788022,-0.715223722920087,NA
319,"AGO","Angola",0.4813483798329,-0.714217864200383,NA
320,"AGO","Angola",0.498144507593144,-0.713189207592458,NA
321,"AGO","Angola",0.514787326539128,-0.712128988950385,NA
322,"AGO","Angola",0.531270813323019,-0.711028240416046,NA
323,"AGO","Angola",0.547588999857527,-0.709877804077542,NA
324,"AGO","Angola",0.563735976368746,-0.708668345923411,NA
325,"AGO","Angola",0.579705894420662,-0.707390370075179,NA
326,"AGO","Angola",0.595492969908904,-0.706034233280464,NA
327,"AGO","Angola",0.611091486021388,-0.704590159648468,NA
328,"AGO","Angola",0.626495796163461,-0.703048255609434,NA
329,"AGO","Angola",0.64170032684525,-0.701398525079325,NA
330,"AGO","Angola",0.656699580528908,-0.699630884810741,NA
331,"AGO","Angola",0.671488138433498,-0.697735179910838,NA
332,"AGO","Angola",0.686060663295285,-0.6957011995068,NA
333,"AGO","Angola",0.700411902081262,-0.693518692539226,NA
334,"AGO","Angola",0.71453668865376,-0.691177383663611,NA
335,"AGO","Angola",0.72842994638402,-0.688666989239974,NA
336,"AGO","Angola",0.74208669071271,-0.685977233390544,NA
337,"AGO","Angola",0.755502031655324,-0.68309786410533,NA
338,"AGO","Angola",0.768671176250563,-0.680018669375322,NA
339,"AGO","Angola",0.781589430949719,-0.676729493333022,NA
340,"AGO","Angola",0.794252203945273,-0.673220252379976,NA
341,"AGO","Angola",0.806655007436854,-0.669480951280993,NA
342,"AGO","Angola",0.818793459832844,-0.665501699204723,NA
343,"AGO","Angola",0.830663287885925,-0.661272725690371,NA
344,"AGO","Angola",0.842260328760964,-0.656784396520342,NA
345,"AGO","Angola",0.853580532033653,-0.652027229478743,NA
346,"AGO","Angola",0.864619961618412,-0.646991909975778,NA
347,"AGO","Angola",0.875374797624127,-0.641669306518215,NA
348,"AGO","Angola",0.885841338136346,-0.636050486006282,NA
349,"AGO","Angola",0.896016000924648,-0.630126728837532,NA
350,"AGO","Angola",0.905895325073933,-0.623889543798437,NA
351,"AGO","Angola",0.915475972538506,-0.617330682724713,NA
352,"AGO","Angola",0.924754729617834,-0.610442154911648,NA
353,"AGO","Angola",0.93372850835299,-0.60321624125595,NA
354,"AGO","Angola",0.942394347842823,-0.595645508111016,NA
355,"AGO","Angola",0.950749415479007,-0.587722820837764,NA
356,"AGO","Angola",0.958791008099164,-0.579441357033583,NA
357,"AGO","Angola",0.966516553057353,-0.57079461942231,NA
358,"AGO","Angola",0.973923609211291,-0.561776448388522,NA
359,"AGO","Angola",0.981009867825743,-0.552381034139867,NA
360,"AGO","Angola",0.987773153391606,-0.542602928481563,NA
361,"AGO","Angola",0.994211424360269,-0.532437056187686,NA
362,"AGO","Angola",1.00032277379295,-0.521878725954276,NA
363,"AGO","Angola",1.00610542992474,-0.510923640919865,NA
364,"AGO","Angola",1.01155775664321,-0.499567908739439,NA
365,"AGO","Angola",1.01667825388146,-0.487808051198451,NA
1,"BDI","Burundi",0.390460055954979,-0.725768991038432,NA
2,"BDI","Burundi",0.385696720019338,-0.728348401309367,NA
3,"BDI","Burundi",0.381039396361575,-0.730416785681784,NA
4,"BDI","Burundi",0.376496447001823,-0.73197687767802,NA
5,"BDI","Burundi",0.372075930691393,-0.733031907343485,NA
6,"BDI","Burundi",0.36778559256906,-0.733585595913378,NA
7,"BDI","Burundi",0.363632854238965,-0.733642149929076,NA
8,"BDI","Burundi",0.35962480428213,-0.733206254811605,NA
9,"BDI","Burundi",0.355768189213017,-0.732283067900229,NA
10,"BDI","Burundi",0.352069404892065,-0.730878210964839,NA
11,"BDI","Burundi",0.348534488404535,-0.728997762201406,NA
12,"BDI","Burundi",0.345169110415455,-0.726648247720403,NA
13,"BDI","Burundi",0.341978568009887,-0.72383663253865,NA
14,"BDI","Burundi",0.3389677780271,-0.720570311085653,NA
15,"BDI","Burundi",0.336141270896698,-0.716857097236044,NA
16,"BDI","Burundi",0.333503184984085,-0.712705213880305,NA
17,"BDI","Burundi",0.331057261452061,-0.70812328204647,NA
18,"BDI","Burundi",0.328806839644713,-0.703120309586033,NA
19,"BDI","Burundi",0.326754852999113,-0.69770567943782,NA
20,"BDI","Burundi",0.324903825489725,-0.69188913748401,NA
21,"BDI","Burundi",0.32325586860974,-0.685680780013038,NA
22,"BDI","Burundi",0.321812678892937,-0.679091040804509,NA
23,"BDI","Burundi",0.320575535979,-0.672130677851713,NA
24,"BDI","Burundi",0.319545301224551,-0.664810759737768,NA
25,"BDI","Burundi",0.318722416861517,-0.657142651681758,NA
26,"BDI","Burundi",0.318106905703776,-0.649138001271697,NA
27,"BDI","Burundi",0.317698371402349,-0.640808723901428,NA
28,"BDI","Burundi",0.317495999248775,-0.632166987928956,NA
29,"BDI","Burundi",0.317498557525586,-0.623225199574032,NA
30,"BDI","Burundi",0.317704399402201,-0.613995987573055,NA
31,"BDI","Burundi",0.318111465373836,-0.60449218760971,NA
32,"BDI","Burundi",0.318717286240413,-0.594726826539934,NA
33,"BDI","Burundi",0.319518986621766,-0.58471310643011,NA
34,"BDI","Burundi",0.320513289004812,-0.574464388427525,NA
35,"BDI","Burundi",0.321696518317694,-0.563994176482386,NA
36,"BDI","Burundi",0.323064607025275,-0.553316100940791,NA
37,"BDI","Burundi",0.324613100739723,-0.542443902028238,NA
38,"BDI","Burundi",0.326337164339305,-0.53139141324334,NA
39,"BDI","Burundi",0.328231588587886,-0.520172544681536,NA
40,"BDI","Burundi",0.330290797247024,-0.508801266308639,NA
41,"BDI","Burundi",0.332508854671958,-0.497291591204114,NA
42,"BDI","Burundi",0.334879473882194,-0.485657558794012,NA
43,"BDI","Burundi",0.33739602509681,-0.473913218093476,NA
44,"BDI","Burundi",0.340051544724045,-0.462072610978711,NA
45,"BDI","Burundi",0.342838744794194,-0.450149755508276,NA
46,"BDI","Burundi",0.345750022824259,-0.438158629313466,NA
47,"BDI","Burundi",0.348777472102316,-0.426113153077479,NA
48,"BDI","Burundi",0.351912892379031,-0.414027174122924,NA
49,"BDI","Burundi",0.355147800953248,-0.401914450127105,NA
50,"BDI","Burundi",0.358473444138128,-0.389788632984339,NA
51,"BDI","Burundi",0.361880809093811,-0.377663252834389,NA
52,"BDI","Burundi",0.365360636012149,-0.365551702275877,NA
53,"BDI","Burundi",0.368903430638639,-0.353467220783307,NA
54,"BDI","Burundi",0.372499477116232,-0.341422879346101,NA
55,"BDI","Burundi",0.376138851135344,-0.329431565347724,NA
56,"BDI","Burundi",0.379811433373988,-0.317505967702748,NA
57,"BDI","Burundi",0.383506923211604,-0.305658562269311,NA
58,"BDI","Burundi",0.387214852699827,-0.293901597554153,NA
59,"BDI","Burundi",0.390924600773106,-0.282247080727017,NA
60,"BDI","Burundi",0.394625407681803,-0.270706763960827,NA
61,"BDI","Burundi",0.398306389630113,-0.259292131113676,NA
62,"BDI","Burundi",0.401956553600904,-0.248014384768216,NA
63,"BDI","Burundi",0.405564812349336,-0.236884433643621,NA
64,"BDI","Burundi",0.409119999546892,-0.225912880394852,NA
65,"BDI","Burundi",0.412610885057307,-0.215110009813439,NA
66,"BDI","Burundi",0.416026190325653,-0.204485777443571,NA
67,"BDI","Burundi",0.419354603861748,-0.194049798626721,NA
68,"BDI","Burundi",0.422584796798903,-0.183811337987553,NA
69,"BDI","Burundi",0.425705438508925,-0.173779299373312,NA
70,"BDI","Burundi",0.428705212254227,-0.163962216258339,NA
71,"BDI","Burundi",0.431572830857835,-0.154368242624809,NA
72,"BDI","Burundi",0.434297052372046,-0.145005144330201,NA
73,"BDI","Burundi",0.43686669572649,-0.135880290971428,NA
74,"BDI","Burundi",0.439270656336371,-0.127000648254947,NA
75,"BDI","Burundi",0.441497921651667,-0.118372770881577,NA
76,"BDI","Burundi",0.443537586628176,-0.110002795954104,NA
77,"BDI","Burundi",0.445378869101343,-0.101896436915149,NA
78,"BDI","Burundi",0.447011125043925,-0.0940589780221272,NA
79,"BDI","Burundi",0.448423863688671,-0.0864952693654602,NA
80,"BDI","Burundi",0.449606762497355,-0.0792097224355899,NA
81,"BDI","Burundi",0.450549681957675,-0.0722063062436374,NA
82,"BDI","Burundi",0.451242680189706,-0.0654885439999177,NA
83,"BDI","Burundi",0.451676027343844,-0.0590595103538315,NA
84,"BDI","Burundi",0.451840219772392,-0.0529218291979882,NA
85,"BDI","Burundi",0.451725993957213,-0.0470776720387314,NA
86,"BDI","Burundi",0.451324340176155,-0.0415287569345623,NA
87,"BDI","Burundi",0.450626515891254,-0.0362763480032688,NA
88,"BDI","Burundi",0.449624058842034,-0.0313212554978877,NA
89,"BDI","Burundi",0.448308799827598,-0.0266638364509444,NA
90,"BDI","Burundi",0.446672875161523,-0.0223039958857299,NA
91,"BDI","Burundi",0.44470873878399,-0.0182411885926958,NA
92,"BDI","Burundi",0.442409174015958,-0.0144744214683685,NA
93,"BDI","Burundi",0.439767304940627,-0.01100225641351,NA
94,"BDI","Burundi",0.436776607397848,-0.00782281378657877,NA
95,"BDI","Burundi",0.433430919577628,-0.00493377640788058,NA
96,"BDI","Burundi",0.429724452199305,-0.00233239410913648,NA
97,"BDI","Burundi",0.425651798263487,-1.54888225423859e-05,NA
98,"BDI","Burundi",0.421207942364345,0.00202053979725434,NA
99,"BDI","Burundi",0.416388269550351,0.00377970822547461,NA
100,"BDI","Burundi",0.411188573722106,0.00526644240166485,NA
101,"BDI","Burundi",0.405605065556423,0.00648557055475961,NA
102,"BDI","Burundi",0.399634379946425,0.00744231552782195,NA
103,"BDI","Burundi",0.393273582947944,0.00814228661213907,NA
104,"BDI","Burundi",0.38652017822312,0.0085914709009355,NA
105,"BDI","Burundi",0.37937211297269,0.0087962241735445,NA
106,"BDI","Burundi",0.371827783349044,0.00876326132143979,NA
107,"BDI","Burundi",0.36388603934276,0.00849964632807951,NA
108,"BDI","Burundi",0.355546189135931,0.00801278181504926,NA
109,"BDI","Burundi",0.34680800291625,0.00731039816751052,NA
110,"BDI","Burundi",0.337671716146431,0.00640054225246732,NA
111,"BDI","Burundi",0.328138032284225,0.00529156574384729,NA
112,"BDI","Burundi",0.318208124948885,0.00399211306887066,NA
113,"BDI","Burundi",0.307883639530665,0.00251110899062947,NA
114,"BDI","Burundi",0.297166694240517,0.00085774584223982,NA
115,"BDI","Burundi",0.286059880597878,-0.000958529571656368,NA
116,"BDI","Burundi",0.274566263355075,-0.00292802938986085,NA
117,"BDI","Burundi",0.262689379857543,-0.00504083840950493,NA
118,"BDI","Burundi",0.250433238839731,-0.00728682808393347,NA
119,"BDI","Burundi",0.237802318657247,-0.00965567078633221,NA
120,"BDI","Burundi",0.224801564956436,-0.0121368543215228,NA
121,"BDI","Burundi",0.211436387783282,-0.0147196966680543,NA
122,"BDI","Burundi",0.197712658134187,-0.0173933609324412,NA
123,"BDI","Burundi",0.183636703951811,-0.0201468704971447,NA
124,"BDI","Burundi",0.169215305569876,-0.0229691243436621,NA
125,"BDI","Burundi",0.154455690611438,-0.0258489125318765,NA
126,"BDI","Burundi",0.139365528345812,-0.0287749318166327,NA
127,"BDI","Burundi",0.123952923509971,-0.0317358013823412,NA
128,"BDI","Burundi",0.108226409600874,-0.0347200786762676,NA
129,"BDI","Burundi",0.0921949416458338,-0.0377162753210472,NA
130,"BDI","Burundi",0.0758678884586036,-0.0407128730868695,NA
131,"BDI","Burundi",0.0592550243895472,-0.0436983399037027,NA
132,"BDI","Burundi",0.0423665205788015,-0.0466611458938827,NA
133,"BDI","Burundi",0.0252129357219619,-0.0495897794053631,NA
134,"BDI","Burundi",0.0078052063584049,-0.052472763025922,NA
135,"BDI","Burundi",-0.00984536330707862,-0.0552986695586428,NA
136,"BDI","Burundi",-0.0277271120380949,-0.0580561379390328,NA
137,"BDI","Burundi",-0.045828032644128,-0.0607338890742105,NA
138,"BDI","Burundi",-0.064135783489364,-0.0633207415846858,NA
139,"BDI","Burundi",-0.082637700420032,-0.0658056274293727,NA
140,"BDI","Burundi",-0.10132080909692,-0.0681776073946121,NA
141,"BDI","Burundi",-0.12017183771925,-0.0704258864281453,NA
142,"BDI","Burundi",-0.139177230125613,-0.0725398287991615,NA
143,"BDI","Burundi",-0.158323159257211,-0.0745089730657519,NA
144,"BDI","Burundi",-0.177595540968233,-0.0763230468313291,NA
145,"BDI","Burundi",-0.196980048167755,-0.0779719812718267,NA
146,"BDI","Burundi",-0.216462125277148,-0.0794459254157616,NA
147,"BDI","Burundi",-0.236027002986629,-0.0807352601595405,NA
148,"BDI","Burundi",-0.255659713294183,-0.0818306120007066,NA
149,"BDI","Burundi",-0.275345104809779,-0.0827228664721576,NA
150,"BDI","Burundi",-0.295067858307451,-0.0834031812607243,NA
151,"BDI","Burundi",-0.314812502507532,-0.0838629989938755,NA
152,"BDI","Burundi",-0.334563430071035,-0.0840940596787117,NA
153,"BDI","Burundi",-0.354304913787929,-0.0840884127778215,NA
154,"BDI","Burundi",-0.374021122940784,-0.0838384289070152,NA
155,"BDI","Burundi",-0.393696139825095,-0.0833368111403934,NA
156,"BDI","Burundi",-0.413313976407351,-0.0825766059086843,NA
157,"BDI","Burundi",-0.432858591101762,-0.0815512134772633,NA
158,"BDI","Burundi",-0.452313905646412,-0.080254397990778,NA
159,"BDI","Burundi",-0.471663822059453,-0.0786802970718099,NA
160,"BDI","Burundi",-0.490892239655893,-0.0768234309615464,NA
161,"BDI","Burundi",-0.509983072105392,-0.0746787111909777,NA
162,"BDI","Burundi",-0.528920264511462,-0.0722414487716967,NA
163,"BDI","Burundi",-0.547687810492427,-0.0695073618959552,NA
164,"BDI","Burundi",-0.566269769244456,-0.0664725831362148,NA
165,"BDI","Burundi",-0.584650282567022,-0.0631336661350292,NA
166,"BDI","Burundi",-0.602813591831165,-0.0594875917767057,NA
167,"BDI","Burundi",-0.620744054870984,-0.0555317738328144,NA
168,"BDI","Burundi",-0.638426162778866,-0.0512640640742371,NA
169,"BDI","Burundi",-0.655844556585069,-0.0466827568430953,NA
170,"BDI","Burundi",-0.672984043802388,-0.0417865930785363,NA
171,"BDI","Burundi",-0.689829614816795,-0.0365747637910111,NA
172,"BDI","Burundi",-0.706366459105093,-0.0310469129803416,NA
173,"BDI","Burundi",-0.722579981260848,-0.0252031399935356,NA
174,"BDI","Burundi",-0.738455816810031,-0.0190440013189825,NA
175,"BDI","Burundi",-0.753979847798093,-0.0125705118143381,NA
176,"BDI","Burundi",-0.769138218130406,-0.00578414536607999,NA
177,"BDI","Burundi",-0.783917348648307,0.00131316502059478,NA
178,"BDI","Burundi",-0.798303951923272,0.00871902770218443,NA
179,"BDI","Burundi",-0.812285046752089,0.0164305934475771,NA
180,"BDI","Burundi",-0.825847972336189,0.0244445570583044,NA
181,"BDI","Burundi",-0.838980402128719,0.032757159556959,NA
182,"BDI","Burundi",-0.851670357333269,0.0413641909416916,NA
183,"BDI","Burundi",-0.863906220038593,0.0502609935040284,NA
184,"BDI","Burundi",-0.875676745974064,0.0594424657065711,NA
185,"BDI","Burundi",-0.88697107687106,0.0689030666164712,NA
186,"BDI","Burundi",-0.89777875241589,0.0786368208899003,NA
187,"BDI","Burundi",-0.908089721780401,0.088637324302082,NA
188,"BDI","Burundi",-0.917894354716819,0.0988977498167835,NA
189,"BDI","Burundi",-0.92718345220395,0.109410854188534,NA
190,"BDI","Burundi",-0.935948256632324,0.120168985090175,NA
191,"BDI","Burundi",-0.944180461516441,0.13116408875774,NA
192,"BDI","Burundi",-0.951872220722798,0.142387718144007,NA
193,"BDI","Burundi",-0.959016157202946,0.153831041571496,NA
194,"BDI","Burundi",-0.965605371221385,0.165484851875034,NA
195,"BDI","Burundi",-0.971633448068716,0.177339576023465,NA
196,"BDI","Burundi",-0.97709446525103,0.189385285209468,NA
197,"BDI","Burundi",-0.981982999147139,0.201611705395909,NA
198,"BDI","Burundi",-0.986294131125874,0.214008228306581,NA
199,"BDI","Burundi",-0.990023453116283,0.22656392284866,NA
200,"BDI","Burundi",-0.993167072624204,0.239267546953683,NA
201,"BDI","Burundi",-0.995721617189343,0.252107559823337,NA
202,"BDI","Burundi",-0.997684238277596,0.265072134565875,NA
203,"BDI","Burundi",-0.999052614604055,0.278149171208482,NA
204,"BDI","Burundi",-0.999824954882771,0.291326310070469,NA
205,"BDI","Burundi",-1,0.304590945481736,NA
206,"BDI","Burundi",-0.999577024608363,0.317930239830514,NA
207,"BDI","Burundi",-0.998555838139987,0.33133113792401,NA
208,"BDI","Burundi",-0.996936785237382,0.344780381645175,NA
209,"BDI","Burundi",-0.994720745601488,0.358264524888477,NA
210,"BDI","Burundi",-0.991909133256992,0.371769948757206,NA
211,"BDI","Burundi",-0.988503895235696,0.385282877004512,NA
212,"BDI","Burundi",-0.984507509679385,0.398789391700089,NA
213,"BDI","Burundi",-0.979922983364331,0.412275449104128,NA
214,"BDI","Burundi",-0.974753848650224,0.425726895729914,NA
215,"BDI","Burundi",-0.969004159856995,0.439129484576198,NA
216,"BDI","Burundi",-0.962678489073661,0.452468891510274,NA
217,"BDI","Burundi",-0.955781921403969,0.465730731782473,NA
218,"BDI","Burundi",-0.948320049654292,0.478900576652669,NA
219,"BDI","Burundi",-0.940298968469844,0.491963970109185,NA
220,"BDI","Burundi",-0.931725267925954,0.504906445660418,NA
221,"BDI","Burundi",-0.922606026581735,0.517713543179376,NA
222,"BDI","Burundi",-0.91294880400414,0.530370825781251,NA
223,"BDI","Burundi",-0.902761632770992,0.5428638967141,NA
224,"BDI","Burundi",-0.892053009962169,0.555178416242686,NA
225,"BDI","Burundi",-0.880831888148747,0.567300118505525,NA
226,"BDI","Burundi",-0.869107665890453,0.579214828325179,NA
227,"BDI","Burundi",-0.85689017775236,0.590908477951933,NA
228,"BDI","Burundi",-0.844189683852338,0.602367123721002,NA
229,"BDI","Burundi",-0.831016858951254,0.61357696260354,NA
230,"BDI","Burundi",-0.817382781098516,0.624524348631832,NA
231,"BDI","Burundi",-0.803298919846016,0.635195809179175,NA
232,"BDI","Burundi",-0.788777124044041,0.645578061075124,NA
233,"BDI","Burundi",-0.773829609233217,0.655658026536958,NA
234,"BDI","Burundi",-0.758468944646992,0.665422848898435,NA
235,"BDI","Burundi",-0.742708039839629,0.674859908117119,NA
236,"BDI","Burundi",-0.726560130955109,0.683956836041819,NA
237,"BDI","Burundi",-0.710038766652741,0.692701531421962,NA
238,"BDI","Burundi",-0.693157793705698,0.701082174640998,NA
239,"BDI","Burundi",-0.675931342289046,0.709087242156263,NA
240,"BDI","Burundi",-0.6583738109742,0.716705520628056,NA
241,"BDI","Burundi",-0.640499851447077,0.723926120721055,NA
242,"BDI","Burundi",-0.62232435296754,0.730738490561539,NA
243,"BDI","Burundi",-0.603862426587984,0.737132428834332,NA
244,"BDI","Burundi",-0.585129389149246,0.743098097503754,NA
245,"BDI","Burundi",-0.566140747072221,0.748626034143313,NA
246,"BDI","Burundi",-0.546912179963835,0.753707163859344,NA
247,"BDI","Burundi",-0.527459524056193,0.75833281079423,NA
248,"BDI","Burundi",-0.507798755497961,0.762494709195371,NA
249,"BDI","Burundi",-0.487945973517145,0.766185014036535,NA
250,"BDI","Burundi",-0.467917383474627,0.769396311178762,NA
251,"BDI","Burundi",-0.447729279827886,0.772121627058527,NA
252,"BDI","Burundi",-0.427398029024478,0.774354437891407,NA
253,"BDI","Burundi",-0.406940052344867,0.77608867838007,NA
254,"BDI","Burundi",-0.386371808714309,0.777318749915966,NA
255,"BDI","Burundi",-0.365709777503452,0.77803952826472,NA
256,"BDI","Burundi",-0.344970441337397,0.778246370725784,NA
257,"BDI","Burundi",-0.324170268932846,0.777935122757554,NA
258,"BDI","Burundi",-0.303325697983031,0.777102124059762,NA
259,"BDI","Burundi",-0.282453118109951,0.7757442141056,NA
260,"BDI","Burundi",-0.261568853903439,0.773858737116646,NA
261,"BDI","Burundi",-0.240689148066389,0.771443546474359,NA
262,"BDI","Burundi",-0.219830144685429,0.76849700856251,NA
263,"BDI","Burundi",-0.199007872646075,0.765018006035633,NA
264,"BDI","Burundi",-0.178238229211298,0.761005940509224,NA
265,"BDI","Burundi",-0.157536963782187,0.756460734668079,NA
266,"BDI","Burundi",-0.136919661859194,0.751382833789876,NA
267,"BDI","Burundi",-0.116401729222181,0.745773206681767,NA
268,"BDI","Burundi",-0.0959983763472473,0.739633346028425,NA
269,"BDI","Burundi",-0.0757246030779907,0.732965268150702,NA
270,"BDI","Burundi",-0.0555951835686022,0.725771512174731,NA
271,"BDI","Burundi",-0.0356246515158021,0.718055138611985,NA
272,"BDI","Burundi",-0.015827285696324,0.709819727351514,NA
273,"BDI","Burundi",0.00378290417372537,0.701069375066259,NA
274,"BDI","Burundi",0.0231921912417121,0.691808692036023,NA
275,"BDI","Burundi",0.0423871449679897,0.682042798390373,NA
276,"BDI","Burundi",0.0613546442069667,0.671777319775414,NA
277,"BDI","Burundi",0.0800818899050898,0.66101838244906,NA
278,"BDI","Burundi",0.0985564174015083,0.649772607810104,NA
279,"BDI","Burundi",0.116766108317716,0.63804710636701,NA
280,"BDI","Burundi",0.134699202022922,0.625849471153071,NA
281,"BDI","Burundi",0.152344306662417,0.613187770595175,NA
282,"BDI","Burundi",0.169690409736736,0.60007054084407,NA
283,"BDI","Burundi",0.186726888219936,0.58650677757468,NA
284,"BDI","Burundi",0.203443518205878,0.5725059272656,NA
285,"BDI","Burundi",0.219830484071935,0.558077877967533,NA
286,"BDI","Burundi",0.235878387150159,0.543232949571053,NA
287,"BDI","Burundi",0.251578253896491,0.527981883584603,NA
288,"BDI","Burundi",0.266921543549231,0.512335832434267,NA
289,"BDI","Burundi",0.281900155268551,0.496306348297412,NA
290,"BDI","Burundi",0.296506434749497,0.479905371482782,NA
291,"BDI","Burundi",0.310733180301499,0.463145218370256,NA
292,"BDI","Burundi",0.324573648388105,0.446038568923898,NA
293,"BDI","Burundi",0.338021558621231,0.428598453792502,NA
294,"BDI","Burundi",0.351071098204912,0.410838241012274,NA
295,"BDI","Burundi",0.363716925824167,0.392771622326794,NA
296,"BDI","Burundi",0.375954174975276,0.374412599139794,NA
297,"BDI","Burundi",0.387778456734381,0.355775468116801,NA
298,"BDI","Burundi",0.399185861962052,0.336874806452025,NA
299,"BDI","Burundi",0.41017296294206,0.317725456817309,NA
300,"BDI","Burundi",0.420736814453338,0.298342512010324,NA
301,"BDI","Burundi",0.430874954274708,0.278741299319539,NA
302,"BDI","Burundi",0.440585403122694,0.258937364623815,NA
303,"BDI","Burundi",0.449866664023351,0.238946456244826,NA
304,"BDI","Burundi",0.458717721119759,0.218784508570738,NA
305,"BDI","Burundi",0.467138037917451,0.198467625469899,NA
306,"BDI","Burundi",0.475127554970756,0.17801206351351,NA
307,"BDI","Burundi",0.48268668701365,0.157434215026475,NA
308,"BDI","Burundi",0.489816319539408,0.136750590985828,NA
309,"BDI","Burundi",0.496517804833952,0.115977803786336,NA
310,"BDI","Burundi",0.502792957468494,0.0951325498929813,NA
311,"BDI","Burundi",0.508644049257648,0.0742315924002196,NA
312,"BDI","Burundi",0.514073803689858,0.0532917435179632,NA
313,"BDI","Burundi",0.519085389837595,0.0323298470043759,NA
314,"BDI","Burundi",0.523682415755377,0.0113627605655715,NA
315,"BDI","Burundi",0.527868921374304,-0.00959266175759355,NA
316,"BDI","Burundi",0.531649370902334,-0.0305195871954862,NA
317,"BDI","Burundi",0.535028644740178,-0.0514012218282388,NA
318,"BDI","Burundi",0.538012030923187,-0.0722208281167491,NA
319,"BDI","Burundi",0.540605216100227,-0.0929617423660455,NA
320,"BDI","Burundi",0.542814276061026,-0.113607392101051,NA
321,"BDI","Burundi",0.544645665824043,-0.134141313334823,NA
322,"BDI","Burundi",0.546106209297406,-0.154547167709539,NA
323,"BDI","Burundi",0.547203088525977,-0.174808759490581,NA
324,"BDI","Burundi",0.547943832538055,-0.194910052394321,NA
325,"BDI","Burundi",0.548336305805756,-0.214835186230314,NA
326,"BDI","Burundi",0.548388696333484,-0.234568493338928,NA
327,"BDI","Burundi",0.548109503389402,-0.254094514805588,NA
328,"BDI","Burundi",0.547507524895197,-0.27339801643313,NA
329,"BDI","Burundi",0.546591844489834,-0.292464004454042,NA
330,"BDI","Burundi",0.545371818283379,-0.311277740964632,NA
331,"BDI","Burundi",0.543857061317317,-0.329824759063567,NA
332,"BDI","Burundi",0.542057433748151,-0.348090877677491,NA
333,"BDI","Burundi",0.539983026771363,-0.366062216056854,NA
334,"BDI","Burundi",0.537644148303135,-0.383725207925475,NA
335,"BDI","Burundi",0.535051308437493,-0.401066615267707,NA
336,"BDI","Burundi",0.532215204696811,-0.418073541737593,NA
337,"BDI","Burundi",0.529146707093813,-0.434733445674755,NA
338,"BDI","Burundi",0.525856843023479,-0.451034152712288,NA
339,"BDI","Burundi",0.522356782003388,-0.46696386796237,NA
340,"BDI","Burundi",0.518657820281252,-0.482511187765823,NA
341,"BDI","Burundi",0.514771365328527,-0.497665110992343,NA
342,"BDI","Burundi",0.510708920239081,-0.512415049878686,NA
343,"BDI","Burundi",0.506482068052055,-0.526750840392589,NA
344,"BDI","Burundi",0.502102456018089,-0.540662752110812,NA
345,"BDI","Burundi",0.497581779828155,-0.554141497600233,NA
346,"BDI","Burundi",0.492931767824277,-0.567178241291499,NA
347,"BDI","Burundi",0.488164165211412,-0.579764607835368,NA
348,"BDI","Burundi",0.483290718289784,-0.591892689932452,NA
349,"BDI","Burundi",0.47832315872688,-0.603555055627715,NA
350,"BDI","Burundi",0.473273187888307,-0.614744755061673,NA
351,"BDI","Burundi",0.468152461246584,-0.625455326670941,NA
352,"BDI","Burundi",0.462972572886882,-0.635680802831333,NA
353,"BDI","Burundi",0.457745040128546,-0.645415714937483,NA
354,"BDI","Burundi",0.452481288281138,-0.654655097913491,NA
355,"BDI","Burundi",0.447192635553511,-0.663394494149892,NA
356,"BDI","Burundi",0.441890278134292,-0.671629956862824,NA
357,"BDI","Burundi",0.436585275461875,-0.679358052871987,NA
358,"BDI","Burundi",0.431288535701828,-0.686575864794678,NA
359,"BDI","Burundi",0.426010801449343,-0.693280992653848,NA
360,"BDI","Burundi",0.420762635674079,-0.699471554898818,NA
361,"BDI","Burundi",0.415554407924452,-0.705146188837992,NA
362,"BDI","Burundi",0.410396280808092,-0.710304050483594,NA
363,"BDI","Burundi",0.405298196764869,-0.714944813809117,NA
364,"BDI","Burundi",0.400269865148502,-0.719068669420897,NA
365,"BDI","Burundi",0.395320749632396,-0.722676322645894,NA
1,"BEN","Benin",-0.989463427628041,-0.381780039591339,NA
2,"BEN","Benin",-0.986350941002112,-0.407351353532425,NA
3,"BEN","Benin",-0.9828688510207,-0.43237381761975,NA
4,"BEN","Benin",-0.979028443479436,-0.456832912320498,NA
5,"BEN","Benin",-0.974841189845172,-0.480714800895282,NA
6,"BEN","Benin",-0.970318731609532,-0.504006341307522,NA
7,"BEN","Benin",-0.965472864512362,-0.526695097306315,NA
8,"BEN","Benin",-0.960315522654401,-0.54876934867101,NA
9,"BEN","Benin",-0.95485876251853,-0.570218100606657,NA
10,"BEN","Benin",-0.949114746919114,-0.591031092280546,NA
11,"BEN","Benin",-0.943095728898956,-0.611198804491031,NA
12,"BEN","Benin",-0.936814035593474,-0.630712466460906,NA
13,"BEN","Benin",-0.930282052081672,-0.649564061748583,NA
14,"BEN","Benin",-0.92351220524353,-0.667746333271416,NA
15,"BEN","Benin",-0.916516947643368,-0.685252787436543,NA
16,"BEN","Benin",-0.909308741458681,-0.702077697375651,NA
17,"BEN","Benin",-0.901900042473916,-0.718216105281193,NA
18,"BEN","Benin",-0.894303284158492,-0.733663823842563,NA
19,"BEN","Benin",-0.886530861848303,-0.748417436781884,NA
20,"BEN","Benin",-0.87859511704976,-0.762474298490043,NA
21,"BEN","Benin",-0.870508321885269,-0.775832532764759,NA
22,"BEN","Benin",-0.862282663698876,-0.788491030653436,NA
23,"BEN","Benin",-0.853930229840548,-0.800449447404693,NA
24,"BEN","Benin",-0.845462992647372,-0.811708198533458,NA
25,"BEN","Benin",-0.836892794639673,-0.822268455005575,NA
26,"BEN","Benin",-0.828231333949774,-0.832132137548925,NA
27,"BEN","Benin",-0.81949015000083,-0.84130191009907,NA
28,"BEN","Benin",-0.810680609452844,-0.849781172388451,NA
29,"BEN","Benin",-0.801813892432636,-0.857574051689193,NA
30,"BEN","Benin",-0.792900979064171,-0.864685393720555,NA
31,"BEN","Benin",-0.783952636315271,-0.87112075273304,NA
32,"BEN","Benin",-0.774979405176355,-0.876886380782157,NA
33,"BEN","Benin",-0.765991588186404,-0.881989216205781,NA
34,"BEN","Benin",-0.756999237320939,-0.886436871319971,NA
35,"BEN","Benin",-0.74801214225634,-0.890237619349067,NA
36,"BEN","Benin",-0.739039819024358,-0.893400380606713,NA
37,"BEN","Benin",-0.730091499070183,-0.895934707945421,NA
38,"BEN","Benin",-0.721176118726959,-0.89785077149306,NA
39,"BEN","Benin",-0.712302309119071,-0.899159342695555,NA
40,"BEN","Benin",-0.703478386506043,-0.89987177768585,NA
41,"BEN","Benin",-0.694712343078315,-0.9,NA
42,"BEN","Benin",-0.686011838215608,-0.899556482662005,NA
43,"BEN","Benin",-0.677384190218039,-0.898554229659744,NA
44,"BEN","Benin",-0.668836368519523,-0.897006756835065,NA
45,"BEN","Benin",-0.66037498639245,-0.894928072211788,NA
46,"BEN","Benin",-0.65200629415198,-0.89233265578601,NA
47,"BEN","Benin",-0.643736172867715,-0.889235438803728,NA
48,"BEN","Benin",-0.635570128589856,-0.885651782551413,NA
49,"BEN","Benin",-0.62751328709635,-0.881597456685695,NA
50,"BEN","Benin",-0.619570389166854,-0.87708861712888,NA
51,"BEN","Benin",-0.611745786388744,-0.872141783557505,NA
52,"BEN","Benin",-0.604043437499691,-0.86677381651161,NA
53,"BEN","Benin",-0.596466905270712,-0.861001894152835,NA
54,"BEN","Benin",-0.58901935393292,-0.85484348869986,NA
55,"BEN","Benin",-0.581703547150524,-0.848316342570058,NA
56,"BEN","Benin",-0.57452184654199,-0.841438444256577,NA
57,"BEN","Benin",-0.567476210750563,-0.834228003970366,NA
58,"BEN","Benin",-0.560568195064709,-0.82670342907689,NA
59,"BEN","Benin",-0.553798951588356,-0.818883299357558,NA
60,"BEN","Benin",-0.547169229960119,-0.810786342126034,NA
61,"BEN","Benin",-0.54067937862005,-0.802431407229772,NA
62,"BEN","Benin",-0.534329346621783,-0.793837441967242,NA
63,"BEN","Benin",-0.528118685987241,-0.785023465951374,NA
64,"BEN","Benin",-0.522046554600454,-0.776008545949823,NA
65,"BEN","Benin",-0.516111719636362,-0.766811770732633,NA
66,"BEN","Benin",-0.510312561519791,-0.757452225957884,NA
67,"BEN","Benin",-0.50464707840921,-0.747948969125808,NA
68,"BEN","Benin",-0.499112891199158,-0.738321004631796,NA
69,"BEN","Benin",-0.493707249034651,-0.72858725894854,NA
70,"BEN","Benin",-0.488427035330243,-0.718766555967428,NA
71,"BEN","Benin",-0.483268774285764,-0.708877592529063,NA
72,"BEN","Benin",-0.478228637890199,-0.698938914172541,NA
73,"BEN","Benin",-0.473302453404549,-0.68896889113287,NA
74,"BEN","Benin",-0.468485711313917,-0.67898569461556,NA
75,"BEN","Benin",-0.463773573738526,-0.669007273377087,NA
76,"BEN","Benin",-0.45916088329277,-0.659051330639546,NA
77,"BEN","Benin",-0.454642172380887,-0.649135301367394,NA
78,"BEN","Benin",-0.450211672917294,-0.639276329933725,NA
79,"BEN","Benin",-0.445863326459085,-0.629491248203045,NA
80,"BEN","Benin",-0.441590794737731,-0.619796554056997,NA
81,"BEN","Benin",-0.437387470576492,-0.610208390388936,NA
82,"BEN","Benin",-0.433246489179592,-0.600742524592684,NA
83,"BEN","Benin",-0.429160739778759,-0.591414328570182,NA
84,"BEN","Benin",-0.425122877622289,-0.582238759282119,NA
85,"BEN","Benin",-0.42112533629135,-0.573230339864957,NA
86,"BEN","Benin",-0.417160340327886,-0.564403141337067,NA
87,"BEN","Benin",-0.413219918158047,-0.555770764915993,NA
88,"BEN","Benin",-0.409295915294745,-0.547346324968084,NA
89,"BEN","Benin",-0.405380007802566,-0.539142432610987,NA
90,"BEN","Benin",-0.401463716007954,-0.531171179988686,NA
91,"BEN","Benin",-0.397538418437289,-0.52344412523795,NA
92,"BEN","Benin",-0.393595365965171,-0.515972278164229,NA
93,"BEN","Benin",-0.38962569615499,-0.508766086644144,NA
94,"BEN","Benin",-0.385620447773605,-0.501835423770861,NA
95,"BEN","Benin",-0.381570575461738,-0.495189575757716,NA
96,"BEN","Benin",-0.377466964541496,-0.488837230614556,NA
97,"BEN","Benin",-0.37330044594227,-0.482786467610295,NA
98,"BEN","Benin",-0.369061811226079,-0.477044747534259,NA
99,"BEN","Benin",-0.36474182769334,-0.471618903767904,NA
100,"BEN","Benin",-0.360331253549907,-0.466515134177516,NA
101,"BEN","Benin",-0.35582085311615,-0.461738993837503,NA
102,"BEN","Benin",-0.351201412058795,-0.457295388592883,NA
103,"BEN","Benin",-0.346463752626196,-0.453188569468558,NA
104,"BEN","Benin",-0.341598748867705,-0.449422127931927,NA
105,"BEN","Benin",-0.336597341817818,-0.44599899201437,NA
106,"BEN","Benin",-0.3314505546258,-0.442921423296084,NA
107,"BEN","Benin",-0.326149507611571,-0.440191014757713,NA
108,"BEN","Benin",-0.320685433228673,-0.437808689501156,NA
109,"BEN","Benin",-0.315049690915298,-0.435774700340892,NA
110,"BEN","Benin",-0.309233781814437,-0.434088630266102,NA
111,"BEN","Benin",-0.303229363344377,-0.432749393772817,NA
112,"BEN","Benin",-0.297028263600953,-0.431755239064261,NA
113,"BEN","Benin",-0.290622495573136,-0.431103751116515,NA
114,"BEN","Benin",-0.284004271153781,-0.430791855605566,NA
115,"BEN","Benin",-0.277166014927564,-0.430815823690786,NA
116,"BEN","Benin",-0.270100377718436,-0.43117127764882,NA
117,"BEN","Benin",-0.262800249879166,-0.431853197350855,NA
118,"BEN","Benin",-0.255258774305881,-0.432855927575207,NA
119,"BEN","Benin",-0.247469359160807,-0.434173186146152,NA
120,"BEN","Benin",-0.239425690286773,-0.43579807288894,NA
121,"BEN","Benin",-0.231121743297403,-0.437723079389923,NA
122,"BEN","Benin",-0.222551795327304,-0.439940099549754,NA
123,"BEN","Benin",-0.21371043642695,-0.442440440916681,NA
124,"BEN","Benin",-0.204592580587394,-0.445214836785971,NA
125,"BEN","Benin",-0.195193476380382,-0.448253459050593,NA
126,"BEN","Benin",-0.185508717199872,-0.451545931787397,NA
127,"BEN","Benin",-0.175534251091482,-0.455081345562085,NA
128,"BEN","Benin",-0.165266390156823,-0.45884827243544,NA
129,"BEN","Benin",-0.154701819520227,-0.462834781652414,NA
130,"BEN","Benin",-0.143837605845874,-0.467028455994834,NA
131,"BEN","Benin",-0.132671205393865,-0.4714164087777,NA
132,"BEN","Benin",-0.121200471604336,-0.475985301468251,NA
133,"BEN","Benin",-0.109423662199262,-0.480721361906217,NA
134,"BEN","Benin",-0.0973394457922043,-0.485610403102963,NA
135,"BEN","Benin",-0.084946907996798,-0.490637842596487,NA
136,"BEN","Benin",-0.0722455570254092,-0.495788722338605,NA
137,"BEN","Benin",-0.0592353287699861,-0.50104772908996,NA
138,"BEN","Benin",-0.0459165913577499,-0.50639921529791,NA
139,"BEN","Benin",-0.0322901491749975,-0.511827220431725,NA
140,"BEN","Benin",-0.0183572463529282,-0.517315492748993,NA
141,"BEN","Benin",-0.00411956971004003,-0.522847511466591,NA
142,"BEN","Benin",0.0104207488536888,-0.528406509309076,NA
143,"BEN","Benin",0.0252611305149841,-0.533975495406891,NA
144,"BEN","Benin",0.0403985482412928,-0.539537278516369,NA
145,"BEN","Benin",0.0558295260634557,-0.545074490533073,NA
146,"BEN","Benin",0.0715501389091633,-0.550569610269694,NA
147,"BEN","Benin",0.0875560129986732,-0.556004987469377,NA
148,"BEN","Benin",0.103842326803573,-0.561362867025043,NA
149,"BEN","Benin",0.120403812568712,-0.566625413375036,NA
150,"BEN","Benin",0.137234758396734,-0.571774735045175,NA
151,"BEN","Benin",0.154329010893976,-0.576792909307132,NA
152,"BEN","Benin",0.171679978375819,-0.58166200692287,NA
153,"BEN","Benin",0.189280634628898,-0.586364116944788,NA
154,"BEN","Benin",0.207123523226925,-0.590881371541122,NA
155,"BEN","Benin",0.225200762396182,-0.595195970816118,NA
156,"BEN","Benin",0.243504050426109,-0.599290207594478,NA
157,"BEN","Benin",0.262024671619729,-0.603146492139603,NA
158,"BEN","Benin",0.280753502778017,-0.606747376775254,NA
159,"BEN","Benin",0.29968102021166,-0.610075580380301,NA
160,"BEN","Benin",0.318797307273031,-0.613114012726424,NA
161,"BEN","Benin",0.338092062400562,-0.615845798628768,NA
162,"BEN","Benin",0.357554607667075,-0.618254301879765,NA
163,"BEN","Benin",0.377173897823029,-0.620323148936614,NA
164,"BEN","Benin",0.396938529825034,-0.622036252333143,NA
165,"BEN","Benin",0.416836752839401,-0.623377833787135,NA
166,"BEN","Benin",0.436856478709898,-0.624332446974529,NA
167,"BEN","Benin",0.45698529287834,-0.6248849999423,NA
168,"BEN","Benin",0.477210465746088,-0.625020777132226,NA
169,"BEN","Benin",0.49751896446396,-0.624725460988226,NA
170,"BEN","Benin",0.517897465137588,-0.623985153120428,NA
171,"BEN","Benin",0.538332365434685,-0.622786394999624,NA
172,"BEN","Benin",0.558809797580251,-0.621116188156345,NA
173,"BEN","Benin",0.579315641725227,-0.618962013859366,NA
174,"BEN","Benin",0.599835539673656,-0.616311852249028,NA
175,"BEN","Benin",0.620354908952996,-0.613154200901449,NA
176,"BEN","Benin",0.640858957211757,-0.609478092800335,NA
177,"BEN","Benin",0.661332696928266,-0.6052731136938,NA
178,"BEN","Benin",0.681760960413963,-0.600529418814337,NA
179,"BEN","Benin",0.70212841509426,-0.595237748940832,NA
180,"BEN","Benin",0.722419579049656,-0.589389445782265,NA
181,"BEN","Benin",0.742618836799465,-0.58297646666358,NA
182,"BEN","Benin",0.762710455310205,-0.575991398494996,NA
183,"BEN","Benin",0.78267860021043,-0.568427471006878,NA
184,"BEN","Benin",0.802507352193495,-0.560278569233189,NA
185,"BEN","Benin",0.822180723589517,-0.551539245227387,NA
186,"BEN","Benin",0.841682675087574,-0.542204728995555,NA
187,"BEN","Benin",0.86099713258898,-0.532270938632497,NA
188,"BEN","Benin",0.880108004172304,-0.521734489647442,NA
189,"BEN","Benin",0.898999197150636,-0.510592703466982,NA
190,"BEN","Benin",0.917654635201494,-0.498843615103833,NA
191,"BEN","Benin",0.936058275549632,-0.486485979980993,NA
192,"BEN","Benin",0.954194126182944,-0.473519279901893,NA
193,"BEN","Benin",0.972046263081597,-0.459943728158112,NA
194,"BEN","Benin",0.98959884744048,-0.445760273767285,NA
195,"BEN","Benin",1.00683614286504,-0.430970604834847,NA
196,"BEN","Benin",1.02374253252059,-0.415577151034301,NA
197,"BEN","Benin",1.04030253621526,-0.399583085201735,NA
198,"BEN","Benin",1.05650082739665,-0.38299232404138,NA
199,"BEN","Benin",1.07232225004259,-0.365809527940053,NA
200,"BEN","Benin",1.08775183542621,-0.348040099889373,NA
201,"BEN","Benin",1.10277481873599,-0.329690183515709,NA
202,"BEN","Benin",1.11737665553119,-0.310766660218908,NA
203,"BEN","Benin",1.1315430380137,-0.291277145421841,NA
204,"BEN","Benin",1.14525991109716,-0.271229983933944,NA
205,"BEN","Benin",1.15851348825461,-0.250634244432933,NA
206,"BEN","Benin",1.17129026712617,-0.229499713069934,NA
207,"BEN","Benin",1.18357704486837,-0.207836886204325,NA
208,"BEN","Benin",1.19536093322724,-0.185656962275616,NA
209,"BEN","Benin",1.20662937331739,-0.162971832820716,NA
210,"BEN","Benin",1.21737015008979,-0.139794072645973,NA
211,"BEN","Benin",1.22757140647108,-0.116136929164355,NA
212,"BEN","Benin",1.23722165715793,-0.0920143109091714,NA
213,"BEN","Benin",1.24630980205009,-0.06744077523669,NA
214,"BEN","Benin",1.25482513930621,-0.0424315152309785,NA
215,"BEN","Benin",1.26275737800707,-0.0170023458252701,NA
216,"BEN","Benin",1.27009665041125,0.00883031084492836,NA
217,"BEN","Benin",1.27683352378853,0.0350494408408389,NA
218,"BEN","Benin",1.28295901181714,0.0616374545544786,NA
219,"BEN","Benin",1.28846458553122,0.088576203559862,NA
220,"BEN","Benin",1.29334218380531,0.115846998162547,NA
221,"BEN","Benin",1.29758422336358,0.143430625627913,NA
222,"BEN","Benin",1.30118360830156,0.17130736906771,NA
223,"BEN","Benin",1.30413373910906,0.19945702696366,NA
224,"BEN","Benin",1.30642852118341,0.227858933306097,NA
225,"BEN","Benin",1.30806237282258,0.256491978324926,NA
226,"BEN","Benin",1.30903023268875,0.285334629789421,NA
227,"BEN","Benin",1.30932756673288,0.314364954852735,NA
228,"BEN","Benin",1.30895037457215,0.34356064241632,NA
229,"BEN","Benin",1.30789519531216,0.372899025988817,NA
230,"BEN","Benin",1.30615911280678,0.4023571070134,NA
231,"BEN","Benin",1.30373976034906,0.431911578636956,NA
232,"BEN","Benin",1.3006353247873,0.461538849893992,NA
233,"BEN","Benin",1.29684455006086,0.491215070277589,NA
234,"BEN","Benin",1.29236674015143,0.520916154669312,NA
235,"BEN","Benin",1.28720176144542,0.55061780859952,NA
236,"BEN","Benin",1.28135004450458,0.580295553809083,NA
237,"BEN","Benin",1.274812585242,0.609924754083204,NA
238,"BEN","Benin",1.26759094550184,0.639480641327641,NA
239,"BEN","Benin",1.25968725304129,0.668938341857371,NA
240,"BEN","Benin",1.25110420091458,0.698272902867419,NA
241,"BEN","Benin",1.24184504625888,0.727459319055411,NA
242,"BEN","Benin",1.2319136084832,0.756472559365124,NA
243,"BEN","Benin",1.22131426686163,0.785287593820246,NA
244,"BEN","Benin",1.21005195753331,0.813879420417331,NA
245,"BEN","Benin",1.19813216991191,0.842223092046942,NA
246,"BEN","Benin",1.18556094250828,0.870293743411837,NA
247,"BEN","Benin",1.1723448581705,0.898066617911126,NA
248,"BEN","Benin",1.1584910387463,0.925517094459247,NA
249,"BEN","Benin",1.14400713917334,0.952620714208785,NA
250,"BEN","Benin",1.12890134100374,0.979353207146128,NA
251,"BEN","Benin",1.11318234536974,1.0056905185292,NA
252,"BEN","Benin",1.09685936539787,1.03160883513659,NA
253,"BEN","Benin",1.07994211808009,1.05708461129766,NA
254,"BEN","Benin",1.06244081561047,1.08209459467343,NA
255,"BEN","Benin",1.04436615619698,1.10661585175827,NA
256,"BEN","Benin",1.0257293143583,1.13062579307286,NA
257,"BEN","Benin",1.0065419307164,1.15410219801911,NA
258,"BEN","Benin",0.98681610129595,1.17702323936811,NA
259,"BEN","Benin",0.966564366342454,1.1993675073527,NA
260,"BEN","Benin",0.945799698671313,1.22111403333664,NA
261,"BEN","Benin",0.924535491560747,1.24224231303268,NA
262,"BEN","Benin",0.902785546201943,1.2627323292428,NA
263,"BEN","Benin",0.880564058720294,1.28256457409374,NA
264,"BEN","Benin",0.857885606782133,1.3017200707423,NA
265,"BEN","Benin",0.834765135801808,1.32018039452479,NA
266,"BEN","Benin",0.811217944764431,1.33792769352611,NA
267,"BEN","Benin",0.787259671680018,1.35494470854452,NA
268,"BEN","Benin",0.762906278685243,1.37121479242858,NA
269,"BEN","Benin",0.738174036809349,1.38672192876391,NA
270,"BEN","Benin",0.713079510421208,1.40145074988776,NA
271,"BEN","Benin",0.687639541374828,1.4153865542104,NA
272,"BEN","Benin",0.661871232871006,1.42851532282308,NA
273,"BEN","Benin",0.635791933053109,1.44082373537305,NA
274,"BEN","Benin",0.609419218355277,1.45229918518712,NA
275,"BEN","Benin",0.582770876621625,1.46292979362601,NA
276,"BEN","Benin",0.555864890015301,1.47270442365255,NA
277,"BEN","Benin",0.528719417736429,1.48161269259804,NA
278,"BEN","Benin",0.501352778568284,1.48964498411145,NA
279,"BEN","Benin",0.473783433271123,1.49679245927772,NA
280,"BEN","Benin",0.446029966843363,1.50304706689183,NA
281,"BEN","Benin",0.418111070669884,1.5084015528766,NA
282,"BEN","Benin",0.390045524577375,1.51284946883318,NA
283,"BEN","Benin",0.361852178816769,1.51638517971397,NA
284,"BEN","Benin",0.333549935992822,1.51900387060891,NA
285,"BEN","Benin",0.305157732961031,1.5207015526372,NA
286,"BEN","Benin",0.276694522712043,1.52147506793716,NA
287,"BEN","Benin",0.248179256263765,1.52132209374847,NA
288,"BEN","Benin",0.219630864581312,1.52024114558171,NA
289,"BEN","Benin",0.191068240544979,1.51823157947141,NA
290,"BEN","Benin",0.162510220986232,1.5152935933097,NA
291,"BEN","Benin",0.133975568811773,1.51142822725891,NA
292,"BEN","Benin",0.105482955235473,1.50663736324235,NA
293,"BEN","Benin",0.0770509421379746,1.50092372351373,NA
294,"BEN","Benin",0.0486979645734833,1.49429086830664,NA
295,"BEN","Benin",0.0204423134431995,1.48674319256662,NA
296,"BEN","Benin",-0.00769788164547519,1.47828592176941,NA
297,"BEN","Benin",-0.0357046693149172,1.46892510683004,NA
298,"BEN","Benin",-0.0635602931297867,1.45866761810851,NA
299,"BEN","Benin",-0.0912472080675509,1.44752113851868,NA
300,"BEN","Benin",-0.118748096728907,1.43549415574833,NA
301,"BEN","Benin",-0.146045885270206,1.42259595359914,NA
302,"BEN","Benin",-0.173123759040391,1.40883660245639,NA
303,"BEN","Benin",-0.199965177905259,1.39422694889936,NA
304,"BEN","Benin",-0.226553891242257,1.37877860446416,NA
305,"BEN","Benin",-0.252873952589398,1.36250393357196,NA
306,"BEN","Benin",-0.278909733932317,1.34541604063624,NA
307,"BEN","Benin",-0.304645939613881,1.32752875636408,NA
308,"BEN","Benin",-0.330067619851253,1.30885662326688,NA
309,"BEN","Benin",-0.355160183845737,1.28941488039741,NA
310,"BEN","Benin",-0.379909412471258,1.26921944733045,NA
311,"BEN","Benin",-0.404301470527764,1.24828690740561,NA
312,"BEN","Benin",-0.428322918546438,1.22663449025135,NA
313,"BEN","Benin",-0.451960724134044,1.2042800536105,NA
314,"BEN","Benin",-0.475202272844358,1.18124206448797,NA
315,"BEN","Benin",-0.49803537856512,1.15753957964235,NA
316,"BEN","Benin",-0.520448293409581,1.13319222544394,NA
317,"BEN","Benin",-0.542429717102246,1.10822017712213,NA
318,"BEN","Benin",-0.563968805849047,1.08264413742623,NA
319,"BEN","Benin",-0.585055180682767,1.05648531472411,NA
320,"BEN","Benin",-0.605678935275166,1.02976540056386,NA
321,"BEN","Benin",-0.625830643207866,1.00250654672428,NA
322,"BEN","Benin",-0.645501364694727,0.974731341780663,NA
323,"BEN","Benin",-0.664682652749033,0.94646278721264,NA
324,"BEN","Benin",-0.683366558789529,0.917724273081666,NA
325,"BEN","Benin",-0.701545637679924,0.888539553306106,NA
326,"BEN","Benin",-0.719212952197234,0.858932720562288,NA
327,"BEN","Benin",-0.736362076924924,0.828928180840375,NA
328,"BEN","Benin",-0.752987101567529,0.798550627684337,NA
329,"BEN","Benin",-0.769082633684111,0.767825016145544,NA
330,"BEN","Benin",-0.784643800838557,0.73677653647996,NA
331,"BEN","Benin",-0.799666252165443,0.705430587619097,NA
332,"BEN","Benin",-0.814146159350849,0.673812750445214,NA
333,"BEN","Benin",-0.828080217028195,0.641948760901426,NA
334,"BEN","Benin",-0.841465642589877,0.60986448296755,NA
335,"BEN","Benin",-0.854300175416104,0.577585881532751,NA
336,"BEN","Benin",-0.8665820755231,0.545138995196012,NA
337,"BEN","Benin",-0.878310121633433,0.512549909025685,NA
338,"BEN","Benin",-0.889483608671965,0.479844727309267,NA
339,"BEN","Benin",-0.90010234469154,0.447049546324669,NA
340,"BEN","Benin",-0.910166647233237,0.414190427164101,NA
341,"BEN","Benin",-0.919677339126623,0.381293368641716,NA
342,"BEN","Benin",-0.928635743736134,0.348384280315951,NA
343,"BEN","Benin",-0.937043679660327,0.31548895565745,NA
344,"BEN","Benin",-0.944903454891405,0.282633045393184,NA
345,"BEN","Benin",-0.952217860443008,0.24984203105721,NA
346,"BEN","Benin",-0.95899016345492,0.217141198778273,NA
347,"BEN","Benin",-0.96522409978392,0.184555613334084,NA
348,"BEN","Benin",-0.970923866090598,0.152110092501893,NA
349,"BEN","Benin",-0.976094111432562,0.119829181734487,NA
350,"BEN","Benin",-0.980739928375011,0.0877371291904993,NA
351,"BEN","Benin",-0.984866843630204,0.0558578611472932,NA
352,"BEN","Benin",-0.988480808237915,0.0242149578244652,NA
353,"BEN","Benin",-0.99158818729948,-0.00716837035476767,NA
354,"BEN","Benin",-0.99419574927854,-0.0382693060372562,NA
355,"BEN","Benin",-0.996310654882119,-0.0690654477224874,NA
356,"BEN","Benin",-0.997940445536119,-0.0995348320282093,NA
357,"BEN","Benin",-0.999093031469789,-0.129655955414011,NA
358,"BEN","Benin",-0.999776679424176,-0.159407795338419,NA
359,"BEN","Benin",-1,-0.188769830825667,NA
360,"BEN","Benin",-0.999771934660775,-0.2177220624191,NA
361,"BEN","Benin",-0.999101742407421,-0.246245031498822,NA
362,"BEN","Benin",-0.997998986140966,-0.274319838942017,NA
363,"BEN","Benin",-0.996473518730287,-0.301928163105107,NA
364,"BEN","Benin",-0.994535468802173,-0.329052277107773,NA
365,"BEN","Benin",-0.992195226271308,-0.355675065399646,NA
1,"BFA","Burkina Faso",-0.841275691338301,-0.432075432390864,NA
2,"BFA","Burkina Faso",-0.830268856624581,-0.423273339824774,NA
3,"BFA","Burkina Faso",-0.819105630906328,-0.414769675915422,NA
4,"BFA","Burkina Faso",-0.807809060933838,-0.406580873110645,NA
5,"BFA","Burkina Faso",-0.796402103339782,-0.398722751718156,NA
6,"BFA","Burkina Faso",-0.784907594595851,-0.391210499343345,NA
7,"BFA","Burkina Faso",-0.773348221186184,-0.384058651148309,NA
8,"BFA","Burkina Faso",-0.761746490033758,-0.37728107095602,NA
9,"BFA","Burkina Faso",-0.750124699215579,-0.370890933222519,NA
10,"BFA","Burkina Faso",-0.738504909002161,-0.364900705898984,NA
11,"BFA","Burkina Faso",-0.726908913256359,-0.359322134204419,NA
12,"BFA","Burkina Faso",-0.715358211226199,-0.35416622532865,NA
13,"BFA","Burkina Faso",-0.703873979765817,-0.34944323408414,NA
14,"BFA","Burkina Faso",-0.692477046018131,-0.345162649524039,NA
15,"BFA","Burkina Faso",-0.681187860592273,-0.341333182542669,NA
16,"BFA","Burkina Faso",-0.670026471268198,-0.337962754473502,NA
17,"BFA","Burkina Faso",-0.65901249726026,-0.335058486698457,NA
18,"BFA","Burkina Faso",-0.648165104070829,-0.332626691281117,NA
19,"BFA","Burkina Faso",-0.637502978964321,-0.330672862635266,NA
20,"BFA","Burkina Faso",-0.627044307091241,-0.329201670238844,NA
21,"BFA","Burkina Faso",-0.616806748291057,-0.328216952402211,NA
22,"BFA","Burkina Faso",-0.606807414601877,-0.327721711098291,NA
23,"BFA","Burkina Faso",-0.597062848504048,-0.327718107860926,NA
24,"BFA","Burkina Faso",-0.587589001923908,-0.328207460756448,NA
25,"BFA","Burkina Faso",-0.578401216022972,-0.3291902424322,NA
26,"BFA","Burkina Faso",-0.569514201796912,-0.33066607924444,NA
27,"BFA","Burkina Faso",-0.560942021507665,-0.332633751466752,NA
28,"BFA","Burkina Faso",-0.552698070971033,-0.335091194578777,NA
29,"BFA","Burkina Faso",-0.544795062721059,-0.338035501633796,NA
30,"BFA","Burkina Faso",-0.537245010071426,-0.341462926702379,NA
31,"BFA","Burkina Faso",-0.53005921209303,-0.345368889388013,NA
32,"BFA","Burkina Faso",-0.523248239525752,-0.349747980409338,NA
33,"BFA","Burkina Faso",-0.516821921641353,-0.354593968242335,NA
34,"BFA","Burkina Faso",-0.510789334073217,-0.359899806814518,NA
35,"BFA","Burkina Faso",-0.505158787627543,-0.365657644241918,NA
36,"BFA","Burkina Faso",-0.49993781808936,-0.371858832598401,NA
37,"BFA","Burkina Faso",-0.495133177035562,-0.378493938705591,NA
38,"BFA","Burkina Faso",-0.490750823665911,-0.385552755930457,NA
39,"BFA","Burkina Faso",-0.486795917661753,-0.393024316976396,NA
40,"BFA","Burkina Faso",-0.483272813080931,-0.400896907652446,NA
41,"BFA","Burkina Faso",-0.480185053296117,-0.409158081604086,NA
42,"BFA","Burkina Faso",-0.477535366982559,-0.417794675987908,NA
43,"BFA","Burkina Faso",-0.475325665159901,-0.426792828071308,NA
44,"BFA","Burkina Faso",-0.473557039291552,-0.436137992737234,NA
45,"BFA","Burkina Faso",-0.472229760443698,-0.445814960872919,NA
46,"BFA","Burkina Faso",-0.471343279504857,-0.455807878620465,NA
47,"BFA","Burkina Faso",-0.470896228465542,-0.466100267466103,NA
48,"BFA","Burkina Faso",-0.47088642275632,-0.476675045143932,NA
49,"BFA","Burkina Faso",-0.471310864641305,-0.487514547328949,NA
50,"BFA","Burkina Faso",-0.472165747662806,-0.498600550093246,NA
51,"BFA","Burkina Faso",-0.473446462131606,-0.509914293098291,NA
52,"BFA","Burkina Faso",-0.475147601656077,-0.521436503495344,NA
53,"BFA","Burkina Faso",-0.477262970702066,-0.533147420505181,NA
54,"BFA","Burkina Faso",-0.47978559317427,-0.545026820647494,NA
55,"BFA","Burkina Faso",-0.482707722008537,-0.557054043589505,NA
56,"BFA","Burkina Faso",-0.48602084976336,-0.569208018582619,NA
57,"BFA","Burkina Faso",-0.489715720197563,-0.581467291455208,NA
58,"BFA","Burkina Faso",-0.493782340820047,-0.593810052128918,NA
59,"BFA","Burkina Faso",-0.49820999639622,-0.606214162625284,NA
60,"BFA","Burkina Faso",-0.502987263394643,-0.618657185528816,NA
61,"BFA","Burkina Faso",-0.508102025356223,-0.631116412872156,NA
62,"BFA","Burkina Faso",-0.513541489167219,-0.6435688954084,NA
63,"BFA","Burkina Faso",-0.519292202216193,-0.655991472235192,NA
64,"BFA","Burkina Faso",-0.525340070413983,-0.668360800734752,NA
65,"BFA","Burkina Faso",-0.53167037705473,-0.680653386793627,NA
66,"BFA","Burkina Faso",-0.538267802494967,-0.69284561526559,NA
67,"BFA","Burkina Faso",-0.54511644462677,-0.70491378064079,NA
68,"BFA","Burkina Faso",-0.552199840120038,-0.716834117884039,NA
69,"BFA","Burkina Faso",-0.559500986408005,-0.728582833404848,NA
70,"BFA","Burkina Faso",-0.567002364389197,-0.740136136121691,NA
71,"BFA","Burkina Faso",-0.57468596181817,-0.751470268582819,NA
72,"BFA","Burkina Faso",-0.582533297356531,-0.762561538105885,NA
73,"BFA","Burkina Faso",-0.590525445254936,-0.773386347898585,NA
74,"BFA","Burkina Faso",-0.59864306063598,-0.783921228122525,NA
75,"BFA","Burkina Faso",-0.606866405347183,-0.794142866862586,NA
76,"BFA","Burkina Faso",-0.615175374352556,-0.80402814096415,NA
77,"BFA","Burkina Faso",-0.623549522630574,-0.813554146700675,NA
78,"BFA","Burkina Faso",-0.63196809254578,-0.82269823023432,NA
79,"BFA","Burkina Faso",-0.640410041660636,-0.831438017832531,NA
80,"BFA","Burkina Faso",-0.648854070953722,-0.839751445803775,NA
81,"BFA","Burkina Faso",-0.657278653409848,-0.847616790115925,NA
82,"BFA","Burkina Faso",-0.665662062947218,-0.855012695661181,NA
83,"BFA","Burkina Faso",-0.673982403646347,-0.861918205131778,NA
84,"BFA","Burkina Faso",-0.682217639245048,-0.868312787471223,NA
85,"BFA","Burkina Faso",-0.690345622863503,-0.87417636586625,NA
86,"BFA","Burkina Faso",-0.698344126923089,-0.879489345245246,NA
87,"BFA","Burkina Faso",-0.706190873222438,-0.884232639249456,NA
88,"BFA","Burkina Faso",-0.713863563133967,-0.88838769664389,NA
89,"BFA","Burkina Faso",-0.721339907883969,-0.891936527135506,NA
90,"BFA","Burkina Faso",-0.728597658879223,-0.894861726566934,NA
91,"BFA","Burkina Faso",-0.735614638043052,-0.897146501454736,NA
92,"BFA","Burkina Faso",-0.742368768123659,-0.898774692841962,NA
93,"BFA","Burkina Faso",-0.74883810293766,-0.899730799435552,NA
94,"BFA","Burkina Faso",-0.755000857511748,-0.9,NA
95,"BFA","Burkina Faso",-0.760835438085535,-0.89956817497952,NA
96,"BFA","Burkina Faso",-0.766320471938787,-0.898421927321914,NA
97,"BFA","Burkina Faso",-0.771434837006433,-0.896548602478227,NA
98,"BFA","Burkina Faso",-0.776157691244986,-0.893936307553283,NA
99,"BFA","Burkina Faso",-0.780468501714284,-0.890573929583154,NA
100,"BFA","Burkina Faso",-0.78434707333879,-0.88645115291668,NA
101,"BFA","Burkina Faso",-0.787773577313043,-0.881558475679181,NA
102,"BFA","Burkina Faso",-0.790728579116278,-0.875887225297594,NA
103,"BFA","Burkina Faso",-0.793193066101678,-0.869429573067369,NA
104,"BFA","Burkina Faso",-0.795148474626186,-0.862178547742598,NA
105,"BFA","Burkina Faso",-0.796576716687394,-0.854128048131984,NA
106,"BFA","Burkina Faso",-0.797460206034542,-0.845272854684432,NA
107,"BFA","Burkina Faso",-0.797781883721305,-0.835608640049261,NA
108,"BFA","Burkina Faso",-0.797525243068679,-0.825131978597196,NA
109,"BFA","Burkina Faso",-0.796674354006988,-0.813840354889588,NA
110,"BFA","Burkina Faso",-0.795213886766735,-0.801732171084478,NA
111,"BFA","Burkina Faso",-0.793129134888793,-0.788806753269458,NA
112,"BFA","Burkina Faso",-0.790406037525239,-0.775064356712475,NA
113,"BFA","Burkina Faso",-0.787031201002946,-0.760506170023051,NA
114,"BFA","Burkina Faso",-0.78299191962293,-0.745134318217665,NA
115,"BFA","Burkina Faso",-0.778276195669342,-0.72895186468433,NA
116,"BFA","Burkina Faso",-0.772872758602919,-0.711962812042716,NA
117,"BFA","Burkina Faso",-0.766771083414677,-0.694172101897465,NA
118,"BFA","Burkina Faso",-0.75996140811661,-0.675585613483656,NA
119,"BFA","Burkina Faso",-0.752434750347178,-0.656210161204697,NA
120,"BFA","Burkina Faso",-0.744182923070419,-0.636053491064223,NA
121,"BFA","Burkina Faso",-0.735198549348558,-0.61512427599489,NA
122,"BFA","Burkina Faso",-0.72547507616914,-0.593432110088277,NA
123,"BFA","Burkina Faso",-0.715006787308758,-0.570987501731378,NA
124,"BFA","Burkina Faso",-0.703788815216629,-0.547801865656506,NA
125,"BFA","Burkina Faso",-0.691817151902441,-0.52388751391268,NA
126,"BFA","Burkina Faso",-0.679088658814015,-0.499257645767873,NA
127,"BFA","Burkina Faso",-0.665601075691581,-0.473926336552745,NA
128,"BFA","Burkina Faso",-0.651353028386645,-0.447908525457768,NA
129,"BFA","Burkina Faso",-0.636344035634655,-0.421220002296866,NA
130,"BFA","Burkina Faso",-0.620574514771919,-0.393877393251944,NA
131,"BFA","Burkina Faso",-0.604045786388464,-0.365898145613867,NA
132,"BFA","Burkina Faso",-0.586760077909815,-0.337300511536675,NA
133,"BFA","Burkina Faso",-0.568720526101906,-0.308103530822956,NA
134,"BFA","Burkina Faso",-0.549931178494635,-0.278327012759482,NA
135,"BFA","Burkina Faso",-0.530396993720857,-0.247991517023328,NA
136,"BFA","Burkina Faso",-0.51012384076889,-0.21711833367981,NA
137,"BFA","Burkina Faso",-0.489118497147887,-0.185729462294648,NA
138,"BFA","Burkina Faso",-0.467388645966759,-0.153847590183824,NA
139,"BFA","Burkina Faso",-0.444942871928558,-0.121496069825635,NA
140,"BFA","Burkina Faso",-0.421790656243603,-0.0886988954604437,NA
141,"BFA","Burkina Faso",-0.397942370465813,-0.0554806789045711,NA
142,"BFA","Burkina Faso",-0.373409269258111,-0.0218666246057664,NA
143,"BFA","Burkina Faso",-0.348203482093923,0.0121174960314582,NA
144,"BFA","Burkina Faso",-0.322338003903146,0.0464453710214245,NA
145,"BFA","Burkina Faso",-0.295826684672163,0.0810901748438095,NA
146,"BFA","Burkina Faso",-0.268684218008768,0.116024596130244,NA
147,"BFA","Burkina Faso",-0.24092612868406,0.151220865959402,NA
148,"BFA","Burkina Faso",-0.212568759164619,0.18665078672825,NA
149,"BFA","Burkina Faso",-0.183629255149446,0.22228576156644,NA
150,"BFA","Burkina Faso",-0.15412555012737,0.258096824260158,NA
151,"BFA","Burkina Faso",-0.124076348971781,0.294054669651157,NA
152,"BFA","Burkina Faso",-0.0935011105906785,0.330129684476092,NA
153,"BFA","Burkina Faso",-0.0624200296511824,0.366291978610778,NA
154,"BFA","Burkina Faso",-0.0308540173987536,0.402511416683464,NA
155,"BFA","Burkina Faso",0.00117531840756838,0.4387576500208,NA
156,"BFA","Burkina Faso",0.0336456944215131,0.475000148889745,NA
157,"BFA","Burkina Faso",0.066534173474104,0.511208234998303,NA
158,"BFA","Burkina Faso",0.0998171871519448,0.547351114217671,NA
159,"BFA","Burkina Faso",0.133470559163863,0.58339790948808,NA
160,"BFA","Burkina Faso",0.167469529469586,0.619317693870407,NA
161,"BFA","Burkina Faso",0.201788779143172,0.655079523705426,NA
162,"BFA","Burkina Faso",0.236402455943078,0.690652471842436,NA
163,"BFA","Burkina Faso",0.271284200559852,0.726005660898904,NA
164,"BFA","Burkina Faso",0.306407173511667,0.761108296512713,NA
165,"BFA","Burkina Faso",0.341744082657083,0.795929700548594,NA
166,"BFA","Burkina Faso",0.37726721129372,0.830439344220355,NA
167,"BFA","Burkina Faso",0.412948446810787,0.864606881090617,NA
168,"BFA","Burkina Faso",0.44875930986277,0.898402179909894,NA
169,"BFA","Burkina Faso",0.484670984030898,0.931795357257002,NA
170,"BFA","Burkina Faso",0.520654345938485,0.964756809943046,NA
171,"BFA","Burkina Faso",0.556679995785611,0.997257247141459,NA
172,"BFA","Burkina Faso",0.592718288268174,1.02926772220689,NA
173,"BFA","Burkina Faso",0.628739363845791,1.0607596641461,NA
174,"BFA","Burkina Faso",0.664713180322668,1.09170490870436,NA
175,"BFA","Burkina Faso",0.700609544705115,1.12207572903142,NA
176,"BFA","Burkina Faso",0.736398145299077,1.15184486589144,NA
177,"BFA","Burkina Faso",0.772048584010715,1.18098555738182,NA
178,"BFA","Burkina Faso",0.807530408812836,1.20947156812663,NA
179,"BFA","Burkina Faso",0.842813146339764,1.23727721791059,NA
180,"BFA","Burkina Faso",0.877866334573022,1.26437740972058,NA
181,"BFA","Burkina Faso",0.912659555580132,1.29074765716202,NA
182,"BFA","Burkina Faso",0.947162468268718,1.31636411121836,NA
183,"BFA","Burkina Faso",0.981344841118073,1.34120358632265,NA
184,"BFA","Burkina Faso",1.01517658485034,1.36524358571093,NA
185,"BFA","Burkina Faso",1.04862778500352,1.38846232602803,NA
186,"BFA","Burkina Faso",1.0816687343687,1.41083876115719,NA
187,"BFA","Burkina Faso",1.11426996525374,1.43235260524588,NA
188,"BFA","Burkina Faso",1.14640228153634,1.4529843549011,NA
189,"BFA","Burkina Faso",1.1780367904691,1.47271531052841,NA
190,"BFA","Burkina Faso",1.20914493419986,1.49152759678986,NA
191,"BFA","Burkina Faso",1.23969852097068,1.50940418215716,NA
192,"BFA","Burkina Faso",1.26966975595931,1.52632889753737,NA
193,"BFA","Burkina Faso",1.29903127172739,1.54228645394947,NA
194,"BFA","Burkina Faso",1.32775615823995,1.55726245923132,NA
195,"BFA","Burkina Faso",1.35581799242139,1.57124343375769,NA
196,"BFA","Burkina Faso",1.38319086721367,1.58421682515097,NA
197,"BFA","Burkina Faso",1.40984942010276,1.5961710219677,NA
198,"BFA","Burkina Faso",1.4357688610804,1.60709536634488,NA
199,"BFA","Burkina Faso",1.46092500000852,1.61698016559147,NA
200,"BFA","Burkina Faso",1.48529427335449,1.62581670271175,NA
201,"BFA","Burkina Faso",1.50885377026615,1.6335972458481,NA
202,"BFA","Burkina Faso",1.5315812579562,1.64031505663258,NA
203,"BFA","Burkina Faso",1.55345520636645,1.64596439743739,NA
204,"BFA","Burkina Faso",1.57445481208309,1.65054053751599,NA
205,"BFA","Burkina Faso",1.5945600214753,1.65403975802778,NA
206,"BFA","Burkina Faso",1.61375155303003,1.65645935594045,NA
207,"BFA","Burkina Faso",1.63201091885696,1.6577976468057,NA
208,"BFA","Burkina Faso",1.64932044533868,1.65805396640497,NA
209,"BFA","Burkina Faso",1.66566329290178,1.65722867126354,NA
210,"BFA","Burkina Faso",1.68102347488592,1.65532313803227,NA
211,"BFA","Burkina Faso",1.69538587548879,1.65233976173791,NA
212,"BFA","Burkina Faso",1.70873626676599,1.64828195290408,NA
213,"BFA","Burkina Faso",1.7210613246659,1.64315413354622,NA
214,"BFA","Burkina Faso",1.73234864408094,1.63696173204543,NA
215,"BFA","Burkina Faso",1.74258675289737,1.62971117690709,NA
216,"BFA","Burkina Faso",1.75176512502736,1.62140988941165,NA
217,"BFA","Burkina Faso",1.75987419240802,1.61206627516628,NA
218,"BFA","Burkina Faso",1.76690535595318,1.6016897145672,NA
219,"BFA","Burkina Faso",1.77285099544524,1.59029055218388,NA
220,"BFA","Burkina Faso",1.77770447835532,1.57788008507763,NA
221,"BFA","Burkina Faso",1.78146016758139,1.56447055006817,NA
222,"BFA","Burkina Faso",1.78411342809517,1.55007510996306,NA
223,"BFA","Burkina Faso",1.78566063249006,1.53470783876616,NA
224,"BFA","Burkina Faso",1.78609916542338,1.51838370588244,NA
225,"BFA","Burkina Faso",1.78542742694767,1.50111855933743,NA
226,"BFA","Burkina Faso",1.78364483472703,1.48292910803112,NA
227,"BFA","Burkina Faso",1.78075182513577,1.46383290304689,NA
228,"BFA","Burkina Faso",1.77674985323798,1.44384831803736,NA
229,"BFA","Burkina Faso",1.77164139164783,1.42299452871006,NA
230,"BFA","Burkina Faso",1.76542992827186,1.40129149143681,NA
231,"BFA","Burkina Faso",1.75811996293562,1.37875992101177,NA
232,"BFA","Burkina Faso",1.7497170028986,1.35542126758422,NA
233,"BFA","Burkina Faso",1.74022755726234,1.33129769279275,NA
234,"BFA","Burkina Faso",1.72965913027823,1.30641204512896,NA
235,"BFA","Burkina Faso",1.71802021356243,1.28078783455907,NA
236,"BFA","Burkina Faso",1.70532027722707,1.25444920643334,NA
237,"BFA","Burkina Faso",1.69156975993765,1.22742091471343,NA
238,"BFA","Burkina Faso",1.67678005790815,1.19972829454903,NA
239,"BFA","Burkina Faso",1.6609635128465,1.17139723423571,NA
240,"BFA","Burkina Faso",1.64413339886424,1.14245414658645,NA
241,"BFA","Burkina Faso",1.62630390836542,1.11292593975047,NA
242,"BFA","Burkina Faso",1.60749013693101,1.08283998751305,NA
243,"BFA","Burkina Faso",1.58770806721619,1.05222409911098,NA
244,"BFA","Burkina Faso",1.56697455187914,1.02110648859888,NA
245,"BFA","Burkina Faso",1.54530729556093,0.98951574380172,NA
246,"BFA","Burkina Faso",1.52272483593737,0.957480794889963,NA
247,"BFA","Burkina Faso",1.49924652386459,0.925030882613545,NA
248,"BFA","Burkina Faso",1.47489250264133,0.892195526231819,NA
249,"BFA","Burkina Faso",1.4496836864118,0.859004491176568,NA
250,"BFA","Burkina Faso",1.4236417377341,0.825487756485706,NA
251,"BFA","Burkina Faso",1.39678904434002,0.791675482045405,NA
252,"BFA","Burkina Faso",1.36914869511314,0.757597975678712,NA
253,"BFA","Burkina Faso",1.34074445531279,0.72328566011874,NA
254,"BFA","Burkina Faso",1.31160074107267,0.688769039904818,NA
255,"BFA","Burkina Faso",1.28174259320339,0.654078668239868,NA
256,"BFA","Burkina Faso",1.25119565032931,0.619245113847471,NA
257,"BFA","Burkina Faso",1.21998612139057,0.584298927866922,NA
258,"BFA","Burkina Faso",1.18814075754209,0.549270610824667,NA
259,"BFA","Burkina Faso",1.15568682348197,0.514190579720238,NA
260,"BFA","Burkina Faso",1.12265206824242,0.47908913526481,NA
261,"BFA","Burkina Faso",1.08906469547679,0.443996429310183,NA
262,"BFA","Burkina Faso",1.05495333327712,0.408942432505842,NA
263,"BFA","Burkina Faso",1.02034700355692,0.373956902221381,NA
264,"BFA","Burkina Faso",0.985275091034511,0.339069350771333,NA
265,"BFA","Burkina Faso",0.949767311852742,0.304309013978983,NA
266,"BFA","Burkina Faso",0.913853681871164,0.269704820115428,NA
267,"BFA","Burkina Faso",0.877564484667252,0.235285359249577,NA
268,"BFA","Burkina Faso",0.840930239283562,0.201078853044388,NA
269,"BFA","Burkina Faso",0.803981667757894,0.167113125034009,NA
270,"BFA","Burkina Faso",0.766749662473937,0.133415571415981,NA
271,"BFA","Burkina Faso",0.729265253369908,0.100013132391983,NA
272,"BFA","Burkina Faso",0.691559575042947,0.0669322640899472,NA
273,"BFA","Burkina Faso",0.653663833787116,0.0341989110997201,NA
274,"BFA","Burkina Faso",0.615609274602877,0.00183847965362406,NA
275,"BFA","Burkina Faso",0.577427148215961,-0.0301241885174422,NA
276,"BFA","Burkina Faso",0.53914867814357,-0.0616648416225354,NA
277,"BFA","Burkina Faso",0.500805027845647,-0.0927598425149101,NA
278,"BFA","Burkina Faso",0.462427267998993,-0.123386192633842,NA
279,"BFA","Burkina Faso",0.424046343931715,-0.1535215551569,NA
280,"BFA","Burkina Faso",0.385693043255361,-0.183144277336435,NA
281,"BFA","Burkina Faso",0.347397963731843,-0.212233411995009,NA
282,"BFA","Burkina Faso",0.3091914814119,-0.240768738155577,NA
283,"BFA","Burkina Faso",0.271103719081607,-0.268730780783159,NA
284,"BFA","Burkina Faso",0.233164515052971,-0.296100829615898,NA
285,"BFA","Burkina Faso",0.195403392334284,-0.322860957064424,NA
286,"BFA","Burkina Faso",0.157849528215449,-0.348994035159572,NA
287,"BFA","Burkina Faso",0.120531724302934,-0.374483751529665,NA
288,"BFA","Burkina Faso",0.083478377038522,-0.399314624389688,NA
289,"BFA","Burkina Faso",0.0467174487354351,-0.423472016525867,NA
290,"BFA","Burkina Faso",0.0102764391647188,-0.446942148260411,NA
291,"BFA","Burkina Faso",-0.0258176422757697,-0.469712109382293,NA
292,"BFA","Burkina Faso",-0.0615383037782639,-0.491769870031289,NA
293,"BFA","Burkina Faso",-0.0968595976969814,-0.513104290523644,NA
294,"BFA","Burkina Faso",-0.131756146445006,-0.533705130109062,NA
295,"BFA","Burkina Faso",-0.166203167686838,-0.553563054649924,NA
296,"BFA","Burkina Faso",-0.20017649879828,-0.572669643215001,NA
297,"BFA","Burkina Faso",-0.233652620566041,-0.591017393581124,NA
298,"BFA","Burkina Faso",-0.266608680100508,-0.60859972663765,NA
299,"BFA","Burkina Faso",-0.299022512935938,-0.625410989689815,NA
300,"BFA","Burkina Faso",-0.330872664293406,-0.641446458658405,NA
301,"BFA","Burkina Faso",-0.362138409482747,-0.656702339174458,NA
302,"BFA","Burkina Faso",-0.392799773420838,-0.671175766569045,NA
303,"BFA","Burkina Faso",-0.422837549244555,-0.684864804759467,NA
304,"BFA","Burkina Faso",-0.45223331599786,-0.69776844403454,NA
305,"BFA","Burkina Faso",-0.480969455373553,-0.709886597742909,NA
306,"BFA","Burkina Faso",-0.509029167491359,-0.721220097889666,NA
307,"BFA","Burkina Faso",-0.536396485695157,-0.731770689647827,NA
308,"BFA","Burkina Faso",-0.563056290353339,-0.7415410247925,NA
309,"BFA","Burkina Faso",-0.588994321647441,-0.750534654066854,NA
310,"BFA","Burkina Faso",-0.614197191335438,-0.758756018490287,NA
311,"BFA","Burkina Faso",-0.638652393477252,-0.7662104396204,NA
312,"BFA","Burkina Faso",-0.662348314111317,-0.772904108781665,NA
313,"BFA","Burkina Faso",-0.685274239872221,-0.778844075274856,NA
314,"BFA","Burkina Faso",-0.707420365540781,-0.784038233582558,NA
315,"BFA","Burkina Faso",-0.728777800519075,-0.78849530958721,NA
316,"BFA","Burkina Faso",-0.749338574224334,-0.792224845819354,NA
317,"BFA","Burkina Faso",-0.769095640396789,-0.795237185754854,NA
318,"BFA","Burkina Faso",-0.788042880317905,-0.797543457181019,NA
319,"BFA","Burkina Faso",-0.806175104936704,-0.799155554652627,NA
320,"BFA","Burkina Faso",-0.823488055903184,-0.800086121059943,NA
321,"BFA","Burkina Faso",-0.839978405509109,-0.800348528331851,NA
322,"BFA","Burkina Faso",-0.855643755537772,-0.799956857298261,NA
323,"BFA","Burkina Faso",-0.870482635025593,-0.798925876736918,NA
324,"BFA","Burkina Faso",-0.884494496939711,-0.797271021630714,NA
325,"BFA","Burkina Faso",-0.897679713777009,-0.795008370662533,NA
326,"BFA","Burkina Faso",-0.910039572091289,-0.792154622975544,NA
327,"BFA","Burkina Faso",-0.921576265956575,-0.788727074227727,NA
328,"BFA","Burkina Faso",-0.932292889375757,-0.784743591970242,NA
329,"BFA","Burkina Faso",-0.942193427645089,-0.78022259038005,NA
330,"BFA","Burkina Faso",-0.951282747686205,-0.775183004377939,NA
331,"BFA","Burkina Faso",-0.959566587358616,-0.76964426316383,NA
332,"BFA","Burkina Faso",-0.967051543766786,-0.763626263201931,NA
333,"BFA","Burkina Faso",-0.973745060577103,-0.757149340688934,NA
334,"BFA","Burkina Faso",-0.979655414361223,-0.750234243539044,NA
335,"BFA","Burkina Faso",-0.984791699983402,-0.742902102920228,NA
336,"BFA","Burkina Faso",-0.989163815050553,-0.735174404376542,NA
337,"BFA","Burkina Faso",-0.992782443444882,-0.72707295857192,NA
338,"BFA","Burkina Faso",-0.995659037960016,-0.718619871691193,NA
339,"BFA","Burkina Faso",-0.997805802062592,-0.709837515534568,NA
340,"BFA","Burkina Faso",-0.999235670802322,-0.700748497342073,NA
341,"BFA","Burkina Faso",-0.999962290894509,-0.691375629384847,NA
342,"BFA","Burkina Faso",-1,-0.681741898360354,NA
343,"BFA","Burkina Faso",-0.999363805228457,-0.671870434628887,NA
344,"BFA","Burkina Faso",-0.998069360891785,-0.661784481328835,NA
345,"BFA","Burkina Faso",-0.996132945535381,-0.651507363408365,NA
346,"BFA","Burkina Faso",-0.993571438275755,-0.641062456611231,NA
347,"BFA","Burkina Faso",-0.990402294473844,-0.630473156454455,NA
348,"BFA","Burkina Faso",-0.98664352077415,-0.619762847235657,NA
349,"BFA","Burkina Faso",-0.982313649540533,-0.608954871107701,NA
350,"BFA","Burkina Faso",-0.977431712720223,-0.598072497258297,NA
351,"BFA","Burkina Faso",-0.972017215168259,-0.587138891231977,NA
352,"BFA","Burkina Faso",-0.966090107465191,-0.576177084431778,NA
353,"BFA","Burkina Faso",-0.959670758261461,-0.565209943837625,NA
354,"BFA","Burkina Faso",-0.952779926182443,-0.554260141978234,NA
355,"BFA","Burkina Faso",-0.945438731328592,-0.543350127192964,NA
356,"BFA","Burkina Faso",-0.937668626405652,-0.53250209421971,NA
357,"BFA","Burkina Faso",-0.92949136752027,-0.521737955144563,NA
358,"BFA","Burkina Faso",-0.920928984676743,-0.51107931074843,NA
359,"BFA","Burkina Faso",-0.912003752010979,-0.500547422285416,NA
360,"BFA","Burkina Faso",-0.902738157798024,-0.490163183727158,NA
361,"BFA","Burkina Faso",-0.893154874269773,-0.479947094506787,NA
362,"BFA","Burkina Faso",-0.883276727279674,-0.469919232795549,NA
363,"BFA","Burkina Faso",-0.87312666585142,-0.460099229344477,NA
364,"BFA","Burkina Faso",-0.862727731648713,-0.45050624192283,NA
365,"BFA","Burkina Faso",-0.852103028403272,-0.441158930384246,NA
1,"BWA","Botswana",1.72936592027829,1.36769131694429,"Zambia"
2,"BWA","Botswana",1.74983389786193,1.39019535693429,"Zambia"
3,"BWA","Botswana",1.769363340502,1.41186234948865,"Zambia"
4,"BWA","Botswana",1.78793786040264,1.43267294082503,"Zambia"
5,"BWA","Botswana",1.80554186310501,1.45260855009079,"Zambia"
6,"BWA","Botswana",1.82216056406741,1.47165138958224,"Zambia"
7,"BWA","Botswana",1.83778000438635,1.48978448409605,"Zambia"
8,"BWA","Botswana",1.85238706564046,1.50699168939058,"Zambia"
9,"BWA","Botswana",1.86596948384015,1.52325770973548,"Zambia"
10,"BWA","Botswana",1.87851586246697,1.53856811452951,"Zambia"
11,"BWA","Botswana",1.89001568458763,1.55290935396712,"Zambia"
12,"BWA","Botswana",1.90045932402873,1.56626877373576,"Zambia"
13,"BWA","Botswana",1.90983805559946,1.57863462872683,"Zambia"
14,"BWA","Botswana",1.91814406435027,1.5899960957445,"Zambia"
15,"BWA","Botswana",1.92537045385712,1.60034328519757,"Zambia"
16,"BWA","Botswana",1.93151125352157,1.60966725176099,"Zambia"
17,"BWA","Botswana",1.93656142487843,1.61796000399456,"Zambia"
18,"BWA","Botswana",1.94051686690373,1.6252145129079,"Zambia"
19,"BWA","Botswana",1.94337442031683,1.63142471946156,"Zambia"
20,"BWA","Botswana",1.94513187087181,1.63658554099587,"Zambia"
21,"BWA","Botswana",1.94578795163433,1.64069287657994,"Zambia"
22,"BWA","Botswana",1.94534234424143,1.64374361127483,"Zambia"
23,"BWA","Botswana",1.94379567914277,1.64573561930589,"Zambia"
24,"BWA","Botswana",1.9411495348231,1.6466677661407,"Zambia"
25,"BWA","Botswana",1.93740643600686,1.64653990947032,"Zambia"
26,"BWA","Botswana",1.93256985084714,1.64535289909277,"Zambia"
27,"BWA","Botswana",1.92664418710206,1.64310857569891,"Zambia"
28,"BWA","Botswana",1.91963478730323,1.63980976856234,"Zambia"
29,"BWA","Botswana",1.91154792292177,1.63546029213592,"Zambia"
30,"BWA","Botswana",1.90239078753866,1.63006494155918,"Zambia"
31,"BWA","Botswana",1.89217148902748,1.62362948708173,"Zambia"
32,"BWA","Botswana",1.88089904075836,1.61616066740938,"Zambia"
33,"BWA","Botswana",1.86858335183355,1.60766618198072,"Zambia"
34,"BWA","Botswana",1.85523521636571,1.59815468218332,"Zambia"
35,"BWA","Botswana",1.84086630181156,1.58763576151977,"Zambia"
36,"BWA","Botswana",1.82548913637412,1.57611994473519,"Zambia"
37,"BWA","Botswana",1.80911709548829,1.56361867591878,"Zambia"
38,"BWA","Botswana",1.79176438740535,1.55014430559359,"Zambia"
39,"BWA","Botswana",1.77344603789301,1.5357100768094,"Zambia"
40,"BWA","Botswana",1.75417787406869,1.52033011025506,"Zambia"
41,"BWA","Botswana",1.73397650738472,1.50401938840769,"Zambia"
42,"BWA","Botswana",1.71285931578516,1.48679373873734,"Zambia"
43,"BWA","Botswana",1.6908444250547,1.46866981598654,"Zambia"
44,"BWA","Botswana",1.66795068938131,1.44966508354565,"Zambia"
45,"BWA","Botswana",1.64419767115503,1.42979779394558,"Zambia"
46,"BWA","Botswana",1.61960562002616,1.40908696849078,"Zambia"
47,"BWA","Botswana",1.59419545124704,1.3875523760562,"Zambia"
48,"BWA","Botswana",1.56798872332243,1.36521451107292,"Zambia"
49,"BWA","Botswana",1.54100761499421,1.34209457072818,"Zambia"
50,"BWA","Botswana",1.51327490158688,1.31821443140641,"Zambia"
51,"BWA","Botswana",1.48481393074127,1.2935966243986,"Zambia"
52,"BWA","Botswana",1.45564859756425,1.2682643109085,"Zambia"
53,"BWA","Botswana",1.42580331922315,1.24224125638455,"Zambia"
54,"BWA","Botswana",1.39530300901405,1.21555180420762,"Zambia"
55,"BWA","Botswana",1.36417304993397,1.1882208487651,"Zambia"
56,"BWA","Botswana",1.33243926778709,1.16027380794269,"Zambia"
57,"BWA","Botswana",1.30012790385616,1.13173659506592,"Zambia"
58,"BWA","Botswana",1.26726558717042,1.10263559032403,"Zambia"
59,"BWA","Botswana",1.2338793064019,1.07299761170947,"Zambia"
60,"BWA","Botswana",1.19999638142242,1.04284988550677,"Zambia"
61,"BWA","Botswana",1.16564443455386,1.01222001636511,"Zambia"
62,"BWA","Botswana",1.13085136154489,0.981135956989318,"Zambia"
63,"BWA","Botswana",1.09564530230717,0.949625977484654,"Zambia"
64,"BWA","Botswana",1.0600546114449,0.917718634390743,"Zambia"
65,"BWA","Botswana",1.02410782861126,0.885442739440808,"Zambia"
66,"BWA","Botswana",0.987833648725718,0.852827328082363,"Zambia"
67,"BWA","Botswana",0.951260892086541,0.819901627795904,"Zambia"
68,"BWA","Botswana",0.914418474412352,0.78669502624834,"Zambia"
69,"BWA","Botswana",0.877335376847294,0.753237039318077,"Zambia"
70,"BWA","Botswana",0.84004061596393,0.719557279028798,"Zambia"
71,"BWA","Botswana",0.802563213798187,0.685685421429109,"Zambia"
72,"BWA","Botswana",0.764932167950541,0.651651174455194,"Zambia"
73,"BWA","Botswana",0.727176421787553,0.61748424581371,"Zambia"
74,"BWA","Botswana",0.689324834777706,0.583214310922043,"Zambia"
75,"BWA","Botswana",0.651406152995337,0.548870980943005,"Zambia"
76,"BWA","Botswana",0.613448979826225,0.514483770950895,"Zambia"
77,"BWA","Botswana",0.575481746908133,0.480082068265702,"Zambia"
78,"BWA","Botswana",0.537532685339328,0.445695100991982,"Zambia"
79,"BWA","Botswana",0.499629797187724,0.411351906798706,"Zambia"
80,"BWA","Botswana",0.461800827332963,0.377081301976074,"Zambia"
81,"BWA","Botswana",0.42407323567331,0.342911850804925,"Zambia"
82,"BWA","Botswana",0.386474169728791,0.308871835274012,"Zambia"
83,"BWA","Botswana",0.349030437671522,0.274989225179977,"Zambia"
84,"BWA","Botswana",0.311768481813658,0.241291648644392,"Zambia"
85,"BWA","Botswana",0.274714352582799,0.207806363081696,"Zambia"
86,"BWA","Botswana",0.237893683014162,0.174560226651384,"Zambia"
87,"BWA","Botswana",0.201331663788129,0.141579670227131,"Zambia"
88,"BWA","Botswana",0.165053018841162,0.108890669914959,"Zambia"
89,"BWA","Botswana",0.129081981577369,0.0765187201518825,"Zambia"
90,"BWA","Botswana",0.093442271707293,0.0444888074157637,"Zambia"
91,"BWA","Botswana",0.0581570727396998,0.0128253845763643,"Zambia"
92,"BWA","Botswana",0.0232490101514113,-0.018447654083167,"Zambia"
93,"BWA","Botswana",-0.0112598697406364,-0.0493069971459655,"Zambia"
94,"BWA","Botswana",-0.0453481201817456,-0.0797299396146951,"Zambia"
95,"BWA","Botswana",-0.0789949136337404,-0.109694405711659,"Zambia"
96,"BWA","Botswana",-0.112180060659594,-0.139178970899977,"Zambia"
97,"BWA","Botswana",-0.144884028017736,-0.168162883100946,"Zambia"
98,"BWA","Botswana",-0.177087955946316,-0.196626083083687,"Zambia"
99,"BWA","Botswana",-0.208773674618698,-0.224549224004154,"Zambia"
100,"BWA","Botswana",-0.239923719752403,-0.251913690071596,"Zambia"
101,"BWA","Botswana",-0.270521347354774,-0.278701614321623,"Zambia"
102,"BWA","Botswana",-0.300550547589643,-0.304895895476073,"Zambia"
103,"BWA","Botswana",-0.329996057750348,-0.330480213870986,"Zambia"
104,"BWA","Botswana",-0.358843374325479,-0.355439046435085,"Zambia"
105,"BWA","Botswana",-0.387078764144868,-0.379757680702304,"Zambia"
106,"BWA","Botswana",-0.414689274594377,-0.403422227843068,"Zambia"
107,"BWA","Botswana",-0.441662742889195,-0.426419634700167,"Zambia"
108,"BWA","Botswana",-0.467987804396436,-0.448737694816287,"Zambia"
109,"BWA","Botswana",-0.493653899998994,-0.470365058441436,"Zambia"
110,"BWA","Botswana",-0.518651282493727,-0.491291241509721,"Zambia"
111,"BWA","Botswana",-0.542971022018204,-0.51150663357618,"Zambia"
112,"BWA","Botswana",-0.566605010501397,-0.531002504705572,"Zambia"
113,"BWA","Botswana",-0.589545965134865,-0.549771011306311,"Zambia"
114,"BWA","Botswana",-0.611787430862121,-0.567805200903956,"Zambia"
115,"BWA","Botswana",-0.633323781885072,-0.58509901584994,"Zambia"
116,"BWA","Botswana",-0.654150222187545,-0.601647295962499,"Zambia"
117,"BWA","Botswana",-0.674262785077127,-0.617445780097994,"Zambia"
118,"BWA","Botswana",-0.693658331747646,-0.632491106652129,"Zambia"
119,"BWA","Botswana",-0.712334548865851,-0.646780812991808,"Zambia"
120,"BWA","Botswana",-0.730289945186944,-0.66031333381966,"Zambia"
121,"BWA","Botswana",-0.747523847204809,-0.673087998474512,"Zambia"
122,"BWA","Botswana",-0.764036393843884,-0.68510502717237,"Zambia"
123,"BWA","Botswana",-0.779828530200804,-0.696365526193703,"Zambia"
124,"BWA","Botswana",-0.794902000345012,-0.706871482024087,"Zambia"
125,"BWA","Botswana",-0.809259339188691,-0.716625754456498,"Zambia"
126,"BWA","Botswana",-0.822903863437438,-0.725632068664785,"Zambia"
127,"BWA","Botswana",-0.835839661634202,-0.733895006259047,"Zambia"
128,"BWA","Botswana",-0.84807158331007,-0.74141999533487,"Zambia"
129,"BWA","Botswana",-0.85960522725654,-0.748213299529552,"Zambia"
130,"BWA","Botswana",-0.870446928934945,-0.754282006099622,"Zambia"
131,"BWA","Botswana",-0.880603747039731,-0.75963401303512,"Zambia"
132,"BWA","Botswana",-0.890083449233249,-0.764278015227237,"Zambia"
133,"BWA","Botswana",-0.898894497070736,-0.768223489707035,"Zambia"
134,"BWA","Botswana",-0.907046030135081,-0.771480679974059,"Zambia"
135,"BWA","Botswana",-0.91454784940191,-0.774060579434739,"Zambia"
136,"BWA","Botswana",-0.921410399856424,-0.775974913971513,"Zambia"
137,"BWA","Botswana",-0.927644752384308,-0.777236123664633,"Zambia"
138,"BWA","Botswana",-0.933262584959863,-0.777857343689626,"Zambia"
139,"BWA","Botswana",-0.938276163155347,-0.777852384414327,"Zambia"
140,"BWA","Botswana",-0.942698319996302,-0.777235710720371,"Zambia"
141,"BWA","Botswana",-0.946542435188404,-0.77602242057492,"Zambia"
142,"BWA","Botswana",-0.949822413742091,-0.7742282228793,"Zambia"
143,"BWA","Botswana",-0.952552664021967,-0.771869414622053,"Zambia"
144,"BWA","Botswana",-0.954748075248584,-0.768962857364741,"Zambia"
145,"BWA","Botswana",-0.956423994480903,-0.765525953089624,"Zambia"
146,"BWA","Botswana",-0.95759620310829,-0.761576619439047,"Zambia"
147,"BWA","Botswana",-0.958280892881486,-0.757133264377138,"Zambia"
148,"BWA","Botswana",-0.958494641512523,-0.752214760305045,"Zambia"
149,"BWA","Botswana",-0.958254387874048,-0.7468404176616,"Zambia"
150,"BWA","Botswana",-0.957577406828975,-0.741029958041892,"Zambia"
151,"BWA","Botswana",-0.956481283721804,-0.734803486866796,"Zambia"
152,"BWA","Botswana",-0.954983888563337,-0.728181465637023,"Zambia"
153,"BWA","Botswana",-0.953103349940852,-0.721184683805731,"Zambia"
154,"BWA","Botswana",-0.95085802868613,-0.713834230304182,"Zambia"
155,"BWA","Botswana",-0.948266491333947,-0.706151464755342,"Zambia"
156,"BWA","Botswana",-0.945347483403947,-0.698157988410639,"Zambia"
157,"BWA","Botswana",-0.942119902538917,-0.689875614845473,"Zambia"
158,"BWA","Botswana",-0.938602771532712,-0.681326340449264,"Zambia"
159,"BWA","Botswana",-0.934815211281123,-0.672532314746133,"Zambia"
160,"BWA","Botswana",-0.930776413689105,-0.663515810582439,"Zambia"
161,"BWA","Botswana",-0.926505614567777,-0.654299194217569,"Zambia"
162,"BWA","Botswana",-0.922022066554599,-0.644904895354476,"Zambia"
163,"BWA","Botswana",-0.917345012090116,-0.635355377146491,"Zambia"
164,"BWA","Botswana",-0.91249365648451,-0.62567310621699,"Zambia"
165,"BWA","Botswana",-0.907487141107131,-0.615880522728432,"Zambia"
166,"BWA","Botswana",-0.902344516731971,-0.606000010537214,"Zambia"
167,"BWA","Botswana",-0.897084717071841,-0.596053867470697,"Zambia"
168,"BWA","Botswana",-0.89172653253379,-0.586064275762561,"Zambia"
169,"BWA","Botswana",-0.886288584227979,-0.57605327268246,"Zambia"
170,"BWA","Botswana",-0.880789298261924,-0.566042721395713,"Zambia"
171,"BWA","Botswana",-0.875246880351654,-0.556054282088446,"Zambia"
172,"BWA","Botswana",-0.86967929078093,-0.546109383393296,"Zambia"
173,"BWA","Botswana",-0.864104219739212,-0.536229194150396,"Zambia"
174,"BWA","Botswana",-0.858539063068635,-0.526434595537969,"Zambia"
175,"BWA","Botswana",-0.853000898449674,-0.516746153606354,"Zambia"
176,"BWA","Botswana",-0.847506462054704,-0.50718409224886,"Zambia"
177,"BWA","Botswana",-0.842072125698027,-0.497768266642233,"Zambia"
178,"BWA","Botswana",-0.836713874510348,-0.488518137189016,"Zambia"
179,"BWA","Botswana",-0.831447285165013,-0.479452743993401,"Zambia"
180,"BWA","Botswana",-0.826287504682681,-0.470590681901582,"Zambia"
181,"BWA","Botswana",-0.821249229840326,-0.461950076136877,"Zambia"
182,"BWA","Botswana",-0.816346687209787,-0.453548558559205,"Zambia"
183,"BWA","Botswana",-0.811593613850255,-0.445403244577708,"Zambia"
184,"BWA","Botswana",-0.807003238678315,-0.437530710744541,"Zambia"
185,"BWA","Botswana",-0.802588264538319,-0.429946973057013,"Zambia"
186,"BWA","Botswana",-0.798360850995011,-0.422667465994392,"Zambia"
187,"BWA","Botswana",-0.79433259786942,-0.415707022314829,"Zambia"
188,"BWA","Botswana",-0.790514529538159,-0.409079853636884,"Zambia"
189,"BWA","Botswana",-0.786917080015317,-0.402799531829241,"Zambia"
190,"BWA","Botswana",-0.783550078835159,-0.396878971231166,"Zambia"
191,"BWA","Botswana",-0.780422737752897,-0.391330411725308,"Zambia"
192,"BWA","Botswana",-0.77754363827978,-0.386165402683363,"Zambia"
193,"BWA","Botswana",-0.774920720067735,-0.381394787804104,"Zambia"
194,"BWA","Botswana",-0.772561270157755,-0.377028690862173,"Zambia"
195,"BWA","Botswana",-0.770471913105165,-0.373076502384944,"Zambia"
196,"BWA","Botswana",-0.768658601993853,-0.36954686727364,"Zambia"
197,"BWA","Botswana",-0.767126610350435,-0.36644767338375,"Zambia"
198,"BWA","Botswana",-0.765880524968256,-0.363786041078617,"Zambia"
199,"BWA","Botswana",-0.764924239649999,-0.361568313768913,"Zambia"
200,"BWA","Botswana",-0.764260949876564,-0.359800049449515,"Zambia"
201,"BWA","Botswana",-0.763893148408742,-0.358486013244088,"Zambia"
202,"BWA","Botswana",-0.763822621827092,-0.357630170966475,"Zambia"
203,"BWA","Botswana",-0.764050448014255,-0.357235683706752,"Zambia"
204,"BWA","Botswana",-0.764576994582817,-0.357304903448578,"Zambia"
205,"BWA","Botswana",-0.765401918250676,-0.357839369723236,"Zambia"
206,"BWA","Botswana",-0.766524165164692,-0.358839807304468,"Zambia"
207,"BWA","Botswana",-0.767941972172283,-0.360306124947008,"Zambia"
208,"BWA","Botswana",-0.769652869039438,-0.362237415170412,"Zambia"
209,"BWA","Botswana",-0.771653681612479,-0.364631955088531,"Zambia"
210,"BWA","Botswana",-0.773940535919775,-0.367487208283739,"Zambia"
211,"BWA","Botswana",-0.776508863208417,-0.370799827723722,"Zambia"
212,"BWA","Botswana",-0.779353405909779,-0.37456565971741,"Zambia"
213,"BWA","Botswana",-0.782468224526711,-0.378779748905361,"Zambia"
214,"BWA","Botswana",-0.785846705434022,-0.383436344278665,"Zambia"
215,"BWA","Botswana",-0.789481569582778,-0.388528906219195,"Zambia"
216,"BWA","Botswana",-0.793364882097832,-0.394050114552783,"Zambia"
217,"BWA","Botswana",-0.79748806275694,-0.399991877605702,"Zambia"
218,"BWA","Botswana",-0.801841897338712,-0.406345342253591,"Zambia"
219,"BWA","Botswana",-0.80641654982561,-0.413100904950793,"Zambia"
220,"BWA","Botswana",-0.811201575447132,-0.420248223726864,"Zambia"
221,"BWA","Botswana",-0.816185934547339,-0.427776231135859,"Zambia"
222,"BWA","Botswana",-0.821358007259823,-0.435673148142833,"Zambia"
223,"BWA","Botswana",-0.826705608972267,-0.443926498930889,"Zambia"
224,"BWA","Botswana",-0.832216006561762,-0.452523126610951,"Zambia"
225,"BWA","Botswana",-0.837875935381106,-0.461449209815383,"Zambia"
226,"BWA","Botswana",-0.843671616975397,-0.470690280155493,"Zambia"
227,"BWA","Botswana",-0.849588777507322,-0.480231240521896,"Zambia"
228,"BWA","Botswana",-0.855612666868692,-0.490056384205726,"Zambia"
229,"BWA","Botswana",-0.861728078454919,-0.500149414817657,"Zambia"
230,"BWA","Botswana",-0.867919369578315,-0.51049346698074,"Zambia"
231,"BWA","Botswana",-0.874170482495315,-0.521071127772126,"Zambia"
232,"BWA","Botswana",-0.880464966021972,-0.531864458887832,"Zambia"
233,"BWA","Botswana",-0.886785997711319,-0.542855019503829,"Zambia"
234,"BWA","Botswana",-0.893116406565547,-0.554023889805871,"Zambia"
235,"BWA","Botswana",-0.899438696255233,-0.565351695159699,"Zambia"
236,"BWA","Botswana",-0.905735068817266,-0.576818630892445,"Zambia"
237,"BWA","Botswana",-0.911987448802501,-0.588404487655331,"Zambia"
238,"BWA","Botswana",-0.918177507843616,-0.600088677337034,"Zambia"
239,"BWA","Botswana",-0.924286689613114,-0.611850259496438,"Zambia"
240,"BWA","Botswana",-0.930296235140959,-0.623667968282833,"Zambia"
241,"BWA","Botswana",-0.936187208460813,-0.635520239811033,"Zambia"
242,"BWA","Botswana",-0.9419405225535,-0.647385239958323,"Zambia"
243,"BWA","Botswana",-0.947536965555909,-0.659240892549643,"Zambia"
244,"BWA","Botswana",-0.952957227203179,-0.671064907896892,"Zambia"
245,"BWA","Botswana",-0.958181925471784,-0.682834811657844,"Zambia"
246,"BWA","Botswana",-0.963191633390789,-0.694527973979749,"Zambia"
247,"BWA","Botswana",-0.96796690598839,-0.706121638892325,"Zambia"
248,"BWA","Botswana",-0.972488307340615,-0.717592953914544,"Zambia"
249,"BWA","Botswana",-0.976736437688968,-0.728918999839353,"Zambia"
250,"BWA","Botswana",-0.980691960593639,-0.740076820660213,"Zambia"
251,"BWA","Botswana",-0.984335630088892,-0.751043453603176,"Zambia"
252,"BWA","Botswana",-0.987648317807164,-0.761795959228075,"Zambia"
253,"BWA","Botswana",-0.990611040038474,-0.772311451562283,"Zambia"
254,"BWA","Botswana",-0.993204984691755,-0.782567128230462,"Zambia"
255,"BWA","Botswana",-0.995411538124835,-0.792540300543701,"Zambia"
256,"BWA","Botswana",-0.997212311809931,-0.802208423511474,"Zambia"
257,"BWA","Botswana",-0.998589168801683,-0.811549125739916,"Zambia"
258,"BWA","Botswana",-0.999524249974968,-0.820540239180052,"Zambia"
259,"BWA","Botswana",-1,-0.829159828689753,"Zambia"
260,"BWA","Botswana",-0.999999193022509,-0.837386221373409,"Zambia"
261,"BWA","Botswana",-0.999504958017103,-0.845198035663565,"Zambia"
262,"BWA","Botswana",-0.998500803782314,-0.852574210109031,"Zambia"
263,"BWA","Botswana",-0.996970643546223,-0.85949403183434,"Zambia"
264,"BWA","Botswana",-0.994898819151992,-0.865937164635774,"Zambia"
265,"BWA","Botswana",-0.992270124793133,-0.871883676679623,"Zambia"
266,"BWA","Botswana",-0.989069830268837,-0.877314067768762,"Zambia"
267,"BWA","Botswana",-0.985283703730262,-0.88220929614418,"Zambia"
268,"BWA","Botswana",-0.980898033889247,-0.886550804788569,"Zambia"
269,"BWA","Botswana",-0.975899651661547,-0.890320547199718,"Zambia"
270,"BWA","Botswana",-0.970275951217342,-0.893501012602027,"Zambia"
271,"BWA","Botswana",-0.96401491041246,-0.896075250565147,"Zambia"
272,"BWA","Botswana",-0.95710511057447,-0.898026894999397,"Zambia"
273,"BWA","Botswana",-0.949535755618547,-0.899340187498389,"Zambia"
274,"BWA","Botswana",-0.941296690468814,-0.9,"Zambia"
275,"BWA","Botswana",-0.932378418761645,-0.899991856737678,"Zambia"
276,"BWA","Botswana",-0.922772119808281,-0.899301955454852,"Zambia"
277,"BWA","Botswana",-0.912469664794948,-0.897917187856112,"Zambia"
278,"BWA","Botswana",-0.901463632199595,-0.895825159269708,"Zambia"
279,"BWA","Botswana",-0.889747322405248,-0.893014207496831,"Zambia"
280,"BWA","Botswana",-0.87731477149094,-0.889473420824121,"Zambia"
281,"BWA","Botswana",-0.864160764182154,-0.885192655176792,"Zambia"
282,"BWA","Botswana",-0.850280845943662,-0.880162550390806,"Zambia"
283,"BWA","Botswana",-0.835671334198698,-0.874374545583554,"Zambia"
284,"BWA","Botswana",-0.820329328659395,-0.86782089360354,"Zambia"
285,"BWA","Botswana",-0.804252720754473,-0.860494674540694,"Zambia"
286,"BWA","Botswana",-0.787440202141251,-0.852389808279999,"Zambia"
287,"BWA","Botswana",-0.769891272290079,-0.84350106608227,"Zambia"
288,"BWA","Botswana",-0.751606245130436,-0.833824081177063,"Zambia"
289,"BWA","Botswana",-0.732586254749028,-0.823355358353863,"Zambia"
290,"BWA","Botswana",-0.712833260131304,-0.81209228253886,"Zambia"
291,"BWA","Botswana",-0.692350048939011,-0.800033126345853,"Zambia"
292,"BWA","Botswana",-0.671140240317455,-0.78717705659099,"Zambia"
293,"BWA","Botswana",-0.649208286727375,-0.773524139762333,"Zambia"
294,"BWA","Botswana",-0.626559474797409,-0.759075346436392,"Zambia"
295,"BWA","Botswana",-0.603199925194356,-0.743832554635112,"Zambia"
296,"BWA","Botswana",-0.579136591509534,-0.72779855211795,"Zambia"
297,"BWA","Botswana",-0.554377258160777,-0.710977037605028,"Zambia"
298,"BWA","Botswana",-0.528930537310694,-0.693372620928539,"Zambia"
299,"BWA","Botswana",-0.502805864803064,-0.674990822110906,"Zambia"
300,"BWA","Botswana",-0.476013495120316,-0.655838069369424,"Zambia"
301,"BWA","Botswana",-0.448564495366303,-0.635921696048419,"Zambia"
302,"BWA","Botswana",-0.420470738279631,-0.615249936481187,"Zambia"
303,"BWA","Botswana",-0.391744894284055,-0.5938319207853,"Zambia"
304,"BWA","Botswana",-0.362400422583504,-0.571677668596067,"Zambia"
305,"BWA","Botswana",-0.332451561310526,-0.548798081744253,"Zambia"
306,"BWA","Botswana",-0.301913316737975,-0.525204935885364,"Zambia"
307,"BWA","Botswana",-0.270801451564959,-0.500910871089091,"Zambia"
308,"BWA","Botswana",-0.239132472289102,-0.475929381398694,"Zambia"
309,"BWA","Botswana",-0.206923615678339,-0.450274803371392,"Zambia"
310,"BWA","Botswana",-0.17419283435642,-0.423962303611946,"Zambia"
311,"BWA","Botswana",-0.140958781517498,-0.397007865312932,"Zambia"
312,"BWA","Botswana",-0.107240794786087,-0.36942827381625,"Zambia"
313,"BWA","Botswana",-0.0730588792397841,-0.341241101211712,"Zambia"
314,"BWA","Botswana",-0.0384336896130902,-0.312464689989578,"Zambia"
315,"BWA","Botswana",-0.00338651170170056,-0.283118135765129,"Zambia"
316,"BWA","Botswana",0.0320607570124724,-0.253221269094393,"Zambia"
317,"BWA","Botswana",0.0678856274942892,-0.222794636401294,"Zambia"
318,"BWA","Botswana",0.104065040024273,-0.191859480037474,"Zambia"
319,"BWA","Botswana",0.140575385780342,-0.160437717497173,"Zambia"
320,"BWA","Botswana",0.177392529108563,-0.128551919810422,"Zambia"
321,"BWA","Botswana",0.214491830458163,-0.0962252891389497,"Zambia"
322,"BWA","Botswana",0.251848169955358,-0.0634816355999824,"Zambia"
323,"BWA","Botswana",0.289435971589664,-0.0303453533442042,"Zambia"
324,"BWA","Botswana",0.327229227985742,0.00315860408511526,"Zambia"
325,"BWA","Botswana",0.365201525733006,0.0370047490838262,"Zambia"
326,"BWA","Botswana",0.403326071244635,0.0711670859807139,"Zambia"
327,"BWA","Botswana",0.44157571711695,0.105619137663851,"Zambia"
328,"BWA","Botswana",0.479922988959492,0.140333972809151,"Zambia"
329,"BWA","Botswana",0.518340112665621,0.175284233680122,"Zambia"
330,"BWA","Botswana",0.556799042092846,0.21044216446704,"Zambia"
331,"BWA","Botswana",0.59527148712167,0.245779640133232,"Zambia"
332,"BWA","Botswana",0.63372894206119,0.281268195735402,"Zambia"
333,"BWA","Botswana",0.672142714369327,0.316879056184503,"Zambia"
334,"BWA","Botswana",0.710483953655171,0.352583166413049,"Zambia"
335,"BWA","Botswana",0.748723680930478,0.388351221914227,"Zambia"
336,"BWA","Botswana",0.7868328180772,0.424153699617851,"Zambia"
337,"BWA","Botswana",0.824782217497503,0.459960889067634,"Zambia"
338,"BWA","Botswana",0.862542691912604,0.495742923864013,"Zambia"
339,"BWA","Botswana",0.900085044276476,0.531469813336322,"Zambia"
340,"BWA","Botswana",0.93738009777039,0.567111474407944,"Zambia"
341,"BWA","Botswana",0.974398725844085,0.602637763617699,"Zambia"
342,"BWA","Botswana",1.01111188226932,0.638018509260653,"Zambia"
343,"BWA","Botswana",1.04749063117152,0.673223543611262,"Zambia"
344,"BWA","Botswana",1.08350617700515,0.70822273519176,"Zambia"
345,"BWA","Botswana",1.11912989443876,0.742986021048547,"Zambia"
346,"BWA","Botswana",1.15433335811526,0.77748343899933,"Zambia"
347,"BWA","Botswana",1.18908837225365,0.811685159813857,"Zambia"
348,"BWA","Botswana",1.22336700005819,0.845561519291014,"Zambia"
349,"BWA","Botswana",1.25714159290133,0.879083050195309,"Zambia"
350,"BWA","Botswana",1.29038481924708,0.91222051401578,"Zambia"
351,"BWA","Botswana",1.32306969328162,0.94494493251071,"Zambia"
352,"BWA","Botswana",1.35516960321826,0.977227619001557,"Zambia"
353,"BWA","Botswana",1.38665833924444,1.00904020938008,"Zambia"
354,"BWA","Botswana",1.41751012107862,1.04035469279263,"Zambia"
355,"BWA","Botswana",1.4476996251054,1.0711434419662,"Zambia"
356,"BWA","Botswana",1.47720201105788,1.10137924314118,"Zambia"
357,"BWA","Botswana",1.50599294821642,1.13103532557608,"Zambia"
358,"BWA","Botswana",1.53404864109388,1.16008539059007,"Zambia"
359,"BWA","Botswana",1.56134585457772,1.18850364010983,"Zambia"
360,"BWA","Botswana",1.58786193850015,1.21626480468751,"Zambia"
361,"BWA","Botswana",1.61357485160801,1.24334417095748,"Zambia"
362,"BWA","Botswana",1.63846318490489,1.2697176084999,"Zambia"
363,"BWA","Botswana",1.66250618433864,1.2953615960802,"Zambia"
364,"BWA","Botswana",1.68568377280808,1.32025324723387,"Zambia"
365,"BWA","Botswana",1.7079765714638,1.34437033516712,"Zambia"
1,"CAF","Central African Republic",-0.994816674081612,-0.462965545337975,NA
2,"CAF","Central African Republic",-0.996760577936866,-0.446389802426549,NA
3,"CAF","Central African Republic",-0.998244873940861,-0.429894400642783,NA
4,"CAF","Central African Republic",-0.999275390706661,-0.41350659576621,NA
5,"CAF","Central African Republic",-0.999858278546888,-0.39725333319051,NA
6,"CAF","Central African Republic",-1,-0.381161213758765,NA
7,"CAF","Central African Republic",-0.999707320051199,-0.365256460061918,NA
8,"CAF","Central African Republic",-0.998987296060195,-0.349564883241031,NA
9,"CAF","Central African Republic",-0.997847267408376,-0.334111850333304,NA
10,"CAF","Central African Republic",-0.996294844878241,-0.318922252201185,NA
11,"CAF","Central African Republic",-0.994337899778246,-0.304020472083155,NA
12,"CAF","Central African Republic",-0.991984552826519,-0.28943035480406,NA
13,"CAF","Central African Republic",-0.989243162807126,-0.275175176682025,NA
14,"CAF","Central African Republic",-0.986122315012863,-0.261277616168168,NA
15,"CAF","Central African Republic",-0.982630809488748,-0.247759725254438,NA
16,"CAF","Central African Republic",-0.978777649090619,-0.234642901683967,NA
17,"CAF","Central African Republic",-0.974572027373435,-0.221947861997362,NA
18,"CAF","Central African Republic",-0.970023316324074,-0.209694615447368,NA
19,"CAF","Central African Republic",-0.965141053953556,-0.197902438813245,NA
20,"CAF","Central African Republic",-0.959934931763798,-0.186589852145179,NA
21,"CAF","Central African Republic",-0.954414782104105,-0.175774595467864,NA
22,"CAF","Central African Republic",-0.948590565432743,-0.165473606471275,NA
23,"CAF","Central African Republic",-0.942472357498989,-0.155702999215463,NA
24,"CAF","Central African Republic",-0.936070336461173,-0.146478043874952,NA
25,"CAF","Central African Republic",-0.929394769956247,-0.137813147547107,NA
26,"CAF","Central African Republic",-0.922456002136464,-0.129721836147532,NA
27,"CAF","Central African Republic",-0.915264440688762,-0.122216737414268,NA
28,"CAF","Central African Republic",-0.907830543852466,-0.115309565041209,NA
29,"CAF","Central African Republic",-0.900164807450872,-0.10901110395982,NA
30,"CAF","Central African Republic",-0.892277751952254,-0.103331196786845,NA
31,"CAF","Central African Republic",-0.884179909575787,-0.0982787314542876,NA
32,"CAF","Central African Republic",-0.875881811457785,-0.0938616300365477,NA
33,"CAF","Central African Republic",-0.867393974893574,-0.0900868387881308,NA
34,"CAF","Central African Republic",-0.858726890670196,-0.0869603194039199,NA
35,"CAF","Central African Republic",-0.849891010505026,-0.0844870415125112,NA
36,"CAF","Central African Republic",-0.840896734605223,-0.0826709764116412,NA
37,"CAF","Central African Republic",-0.83175439936277,-0.0815150920532456,NA
38,"CAF","Central African Republic",-0.822474265199696,-0.0810213492841798,NA
39,"CAF","Central African Republic",-0.813066504577837,-0.0811906993471332,NA
40,"CAF","Central African Republic",-0.803541190187314,-0.0820230826447432,NA
41,"CAF","Central African Republic",-0.793908283327643,-0.083517428768417,NA
42,"CAF","Central African Republic",-0.784177622495162,-0.0856716577918294,NA
43,"CAF","Central African Republic",-0.774358912190173,-0.0884826828275614,NA
44,"CAF","Central African Republic",-0.764461711956941,-0.0919464138438211,NA
45,"CAF","Central African Republic",-0.754495425669361,-0.0960577627366754,NA
46,"CAF","Central African Republic",-0.744469291074832,-0.100810649651718,NA
47,"CAF","Central African Republic",-0.734392369608504,-0.106198010547588,NA
48,"CAF","Central African Republic",-0.724273536489759,-0.11221180599228,NA
49,"CAF","Central African Republic",-0.714121471112403,-0.118843031181679,NA
50,"CAF","Central African Republic",-0.703944647739714,-0.126081727168316,NA
51,"CAF","Central African Republic",-0.693751326515042,-0.133916993286865,NA
52,"CAF","Central African Republic",-0.683549544798351,-0.142337000761467,NA
53,"CAF","Central African Republic",-0.673347108838595,-0.151329007478553,NA
54,"CAF","Central African Republic",-0.66315158579147,-0.16087937390744,NA
55,"CAF","Central African Republic",-0.652970296091615,-0.170973580149571,NA
56,"CAF","Central African Republic",-0.642810306187912,-0.181596244095958,NA
57,"CAF","Central African Republic",-0.632678421650058,-0.192731140670994,NA
58,"CAF","Central African Republic",-0.622581180654176,-0.204361222139552,NA
59,"CAF","Central African Republic",-0.612524847854681,-0.216468639452976,NA
60,"CAF","Central African Republic",-0.602515408649228,-0.229034764608317,NA
61,"CAF","Central African Republic",-0.592558563843002,-0.242040213993973,NA
62,"CAF","Central African Republic",-0.582659724718179,-0.255464872693679,NA
63,"CAF","Central African Republic",-0.572824008513842,-0.269287919719643,NA
64,"CAF","Central African Republic",-0.56305623432116,-0.283487854144521,NA
65,"CAF","Central African Republic",-0.553360919398114,-0.298042522100821,NA
66,"CAF","Central African Republic",-0.543742275907525,-0.312929144615288,NA
67,"CAF","Central African Republic",-0.534204208081646,-0.328124346244811,NA
68,"CAF","Central African Republic",-0.524750309816031,-0.343604184479434,NA
69,"CAF","Central African Republic",-0.515383862694872,-0.359344179877109,NA
70,"CAF","Central African Republic",-0.506107834449478,-0.375319346893966,NA
71,"CAF","Central African Republic",-0.496924877851013,-0.391504225373015,NA
72,"CAF","Central African Republic",-0.487837330038106,-0.4078729126534,NA
73,"CAF","Central African Republic",-0.478847212279383,-0.424399096261589,NA
74,"CAF","Central African Republic",-0.469956230170465,-0.441056087145144,NA
75,"CAF","Central African Republic",-0.461165774264421,-0.457816853409101,NA
76,"CAF","Central African Republic",-0.452476921134151,-0.47465405451433,NA
77,"CAF","Central African Republic",-0.443890434864623,-0.491540075896714,NA
78,"CAF","Central African Republic",-0.435406768972395,-0.508447063965455,NA
79,"CAF","Central African Republic",-0.427026068749293,-0.525346961438365,NA
80,"CAF","Central African Republic",-0.41874817402662,-0.542211542971558,NA
81,"CAF","Central African Republic",-0.41057262235575,-0.559012451040619,NA
82,"CAF","Central African Republic",-0.402498652600453,-0.575721232030014,NA
83,"CAF","Central African Republic",-0.394525208935783,-0.592309372487209,NA
84,"CAF","Central African Republic",-0.386650945247885,-0.608748335497808,NA
85,"CAF","Central African Republic",-0.37887422992856,-0.625009597137804,NA
86,"CAF","Central African Republic",-0.371193151057967,-0.641064682958992,NA
87,"CAF","Central African Republic",-0.36360552196835,-0.656885204463478,NA
88,"CAF","Central African Republic",-0.356108887181228,-0.672442895523263,NA
89,"CAF","Central African Republic",-0.348700528710009,-0.687709648700921,NA
90,"CAF","Central African Republic",-0.341377472719558,-0.702657551427465,NA
91,"CAF","Central African Republic",-0.334136496533809,-0.717258921993705,NA
92,"CAF","Central African Republic",-0.32697413598208,-0.731486345311548,NA
93,"CAF","Central African Republic",-0.319886693074345,-0.745312708402005,NA
94,"CAF","Central African Republic",-0.312870243995295,-0.758711235566945,NA
95,"CAF","Central African Republic",-0.305920647406666,-0.771655523202012,NA
96,"CAF","Central African Republic",-0.299033553046884,-0.784119574208535,NA
97,"CAF","Central African Republic",-0.292204410616766,-0.79607783196272,NA
98,"CAF","Central African Republic",-0.285428478939628,-0.807505213800924,NA
99,"CAF","Central African Republic",-0.278700835383823,-0.818377143980395,NA
100,"CAF","Central African Republic",-0.272016385535432,-0.828669586075425,NA
101,"CAF","Central African Republic",-0.265369873108482,-0.838359074769584,NA
102,"CAF","Central African Republic",-0.258755890079819,-0.847422747005346,NA
103,"CAF","Central African Republic",-0.252168887035461,-0.855838372453229,NA
104,"CAF","Central African Republic",-0.245603183714993,-0.863584383263308,NA
105,"CAF","Central African Republic",-0.239052979740343,-0.870639903062854,NA
106,"CAF","Central African Republic",-0.232512365515033,-0.876984775164702,NA
107,"CAF","Central African Republic",-0.225975333279796,-0.882599589951889,NA
108,"CAF","Central African Republic",-0.219435788310254,-0.887465711405073,NA
109,"CAF","Central African Republic",-0.212887560242183,-0.891565302740252,NA
110,"CAF","Central African Republic",-0.206324414509716,-0.89488135112533,NA
111,"CAF","Central African Republic",-0.199740063881714,-0.897397691445198,NA
112,"CAF","Central African Republic",-0.193128180081407,-0.899099029086082,NA
113,"CAF","Central African Republic",-0.186482405474278,-0.899970961711078,NA
114,"CAF","Central African Republic",-0.179796364809129,-0.9,NA
115,"CAF","Central African Republic",-0.173063676997129,-0.89917358732785,NA
116,"CAF","Central African Republic",-0.166277966913673,-0.897480118357516,NA
117,"CAF","Central African Republic",-0.159432877207766,-0.894908956523547,NA
118,"CAF","Central African Republic",-0.152522080103715,-0.891450450385187,NA
119,"CAF","Central African Republic",-0.145539289179845,-0.887095948828167,NA
120,"CAF","Central African Republic",-0.138478271109037,-0.881837815096131,NA
121,"CAF","Central African Republic",-0.131332857345874,-0.875669439633951,NA
122,"CAF","Central African Republic",-0.124096955745302,-0.868585251726564,NA
123,"CAF","Central African Republic",-0.116764562097731,-0.860580729918435,NA
124,"CAF","Central African Republic",-0.109329771565638,-0.851652411200152,NA
125,"CAF","Central African Republic",-0.10178679000684,-0.841797898950127,NA
126,"CAF","Central African Republic",-0.0941299451697326,-0.831015869620867,NA
127,"CAF","Central African Republic",-0.0863536977459344,-0.81930607816074,NA
128,"CAF","Central African Republic",-0.0784526522659702,-0.806669362163668,NA
129,"CAF","Central African Republic",-0.0704215678237833,-0.793107644740698,NA
130,"CAF","Central African Republic",-0.0622553686160898,-0.778623936108883,NA
131,"CAF","Central African Republic",-0.0539491542827997,-0.763222333894458,NA
132,"CAF","Central African Republic",-0.0454982100349671,-0.746908022148808,NA
133,"CAF","Central African Republic",-0.0368980165569859,-0.729687269077225,NA
134,"CAF","Central African Republic",-0.0281442596700183,-0.711567423482028,NA
135,"CAF","Central African Republic",-0.0192328397439233,-0.692556909923081,NA
136,"CAF","Central African Republic",-0.0101598808452621,-0.672665222600341,NA
137,"CAF","Central African Republic",-0.000921739609258437,-0.651902917964485,NA
138,"CAF","Central African Republic",0.00848498617605935,-0.630281606063285,NA
139,"CAF","Central African Republic",0.0180634492849796,-0.607813940632803,NA
140,"CAF","Central African Republic",0.0278165450795658,-0.584513607944034,NA
141,"CAF","Central African Republic",0.0377469038561666,-0.560395314417057,NA
142,"CAF","Central African Republic",0.0478568835232913,-0.535474773016255,NA
143,"CAF","Central African Republic",0.0581485626207804,-0.509768688441585,NA
144,"CAF","Central African Republic",0.0686237336897821,-0.483294741132322,NA
145,"CAF","Central African Republic",0.0792838970026318,-0.456071570101103,NA
146,"CAF","Central African Republic",0.0901302546612881,-0.428118754617506,NA
147,"CAF","Central African Republic",0.101163705072547,-0.399456794761744,NA
148,"CAF","Central African Republic",0.112384837807792,-0.370107090870408,NA
149,"CAF","Central African Republic",0.123793928854592,-0.340091921897516,NA
150,"CAF","Central African Republic",0.135390936266949,-0.309434422715411,NA
151,"CAF","Central African Republic",0.147175496220583,-0.2781585603813,NA
152,"CAF","Central African Republic",0.159146919479065,-0.246289109396494,NA
153,"CAF","Central African Republic",0.171304188276207,-0.213851625986564,NA
154,"CAF","Central African Republic",0.183645953619536,-0.180872421431828,NA
155,"CAF","Central African Republic",0.196170533019224,-0.147378534478699,NA
156,"CAF","Central African Republic",0.208875908646303,-0.113397702863532,NA
157,"CAF","Central African Republic",0.221759725923486,-0.0789583339816617,NA
158,"CAF","Central African Republic",0.234819292551399,-0.0440894747353399,NA
159,"CAF","Central African Republic",0.248051577972475,-0.00882078059526858,NA
160,"CAF","Central African Republic",0.261453213274275,0.026817516088638,NA
161,"CAF","Central African Republic",0.275020491533414,0.0627946384907241,NA
162,"CAF","Central African Republic",0.288749368600794,0.099079298389912,NA
163,"CAF","Central African Republic",0.302635464328267,0.135639729888669,NA
164,"CAF","Central African Republic",0.316674064236329,0.172443723731655,NA
165,"CAF","Central African Republic",0.33086012162192,0.20945866218436,NA
166,"CAF","Central African Republic",0.345188260104868,0.246651554431377,NA
167,"CAF","Central African Republic",0.359652776610951,0.283989072453311,NA
168,"CAF","Central African Republic",0.374247644789086,0.321437587340777,NA
169,"CAF","Central African Republic",0.388966518859546,0.358963206003365,NA
170,"CAF","Central African Republic",0.403802737889648,0.396531808231027,NA
171,"CAF","Central African Republic",0.418749330492789,0.434109084064854,NA
172,"CAF","Central African Republic",0.433799019946216,0.471660571433886,NA
173,"CAF","Central African Republic",0.4489442297224,0.509151694014222,NA
174,"CAF","Central African Republic",0.464177089428357,0.546547799266466,NA
175,"CAF","Central African Republic",0.479489441146805,0.583814196607278,NA
176,"CAF","Central African Republic",0.494872846172497,0.620916195670664,NA
177,"CAF","Central African Republic",0.510318592136642,0.657819144614498,NA
178,"CAF","Central African Republic",0.525817700511798,0.694488468427694,NA
179,"CAF","Central African Republic",0.541360934489202,0.730889707193483,NA
180,"CAF","Central African Republic",0.556938807219999,0.766988554264197,NA
181,"CAF","Central African Republic",0.57254159041142,0.802750894303155,NA
182,"CAF","Central African Republic",0.588159323268492,0.838142841149301,NA
183,"CAF","Central African Republic",0.603781821771464,0.873130775460506,NA
184,"CAF","Central African Republic",0.619398688278688,0.907681382091654,NA
185,"CAF","Central African Republic",0.634999321444317,0.941761687163934,NA
186,"CAF","Central African Republic",0.650572926439766,0.975339094782137,NA
187,"CAF","Central African Republic",0.66610852546753,1.00838142335714,NA
188,"CAF","Central African Republic",0.681594968555562,1.04085694149116,NA
189,"CAF","Central African Republic",0.697020944620082,1.07273440338406,NA
190,"CAF","Central African Republic",0.712374992784333,1.10398308371916,NA
191,"CAF","Central African Republic",0.727645513940503,1.1345728119881,NA
192,"CAF","Central African Republic",0.742820782541697,1.1644740062145,NA
193,"CAF","Central African Republic",0.75788895861056,1.19365770603713,NA
194,"CAF","Central African Republic",0.772838099950893,1.22209560511402,NA
195,"CAF","Central African Republic",0.787656174548314,1.24976008280951,NA
196,"CAF","Central African Republic",0.80233107314579,1.2766242351274,NA
197,"CAF","Central African Republic",0.816850621979643,1.30266190485403,NA
198,"CAF","Central African Republic",0.831202595661397,1.32784771087599,NA
199,"CAF","Central African Republic",0.845374730190677,1.35215707663836,NA
200,"CAF","Central African Republic",0.859354736084157,1.37556625771009,NA
201,"CAF","Central African Republic",0.87313031160543,1.39805236842441,NA
202,"CAF","Central African Republic",0.886689156080492,1.41959340756312,NA
203,"CAF","Central African Republic",0.900018983283467,1.44016828305468,NA
204,"CAF","Central African Republic",0.913107534877026,1.4597568356574,NA
205,"CAF","Central African Republic",0.925942593891928,1.47833986159976,NA
206,"CAF","Central African Republic",0.93851199823001,1.49589913415179,NA
207,"CAF","Central African Republic",0.950803654174903,1.51241742410192,NA
208,"CAF","Central African Republic",0.962805549894749,1.52787851911561,NA
209,"CAF","Central African Republic",0.974505768921137,1.542267241953,NA
210,"CAF","Central African Republic",0.985892503588531,1.55556946752442,NA
211,"CAF","Central African Republic",0.996954068418443,1.5677721387636,NA
212,"CAF","Central African Republic",1.00767891343269,1.57886328130031,NA
213,"CAF","Central African Republic",1.01805563738009,1.58883201691499,NA
214,"CAF","Central African Republic",1.0280730008611,1.59766857575989,NA
215,"CAF","Central African Republic",1.03771993933487,1.60536430733224,NA
216,"CAF","Central African Republic",1.04698557599352,1.61191169018679,NA
217,"CAF","Central African Republic",1.05585923448835,1.61730434037618,NA
218,"CAF","Central African Republic",1.06433045149295,1.62153701860951,NA
219,"CAF","Central African Republic",1.07238898908839,1.62460563612053,NA
220,"CAF","Central African Republic",1.08002484695585,1.62650725923867,NA
221,"CAF","Central African Republic",1.08722827436213,1.62724011265773,NA
222,"CAF","Central African Republic",1.0939897819238,1.62680358139809,NA
223,"CAF","Central African Republic",1.10030015313614,1.62519821146049,NA
224,"CAF","Central African Republic",1.10615045565287,1.6224257091704,NA
225,"CAF","Central African Republic",1.11153205230343,1.6184889392139,NA
226,"CAF","Central African Republic",1.11643661183451,1.61339192136725,NA
227,"CAF","Central African Republic",1.12085611936291,1.60713982592415,NA
228,"CAF","Central African Republic",1.12478288652732,1.59973896782588,NA
229,"CAF","Central African Republic",1.12820956132662,1.59119679950137,NA
230,"CAF","Central African Republic",1.13112913763293,1.58152190242539,NA
231,"CAF","Central African Republic",1.13353496436792,1.570723977405,NA
232,"CAF","Central African Republic",1.13542075433112,1.55881383360537,NA
233,"CAF","Central African Republic",1.13678059266963,1.54580337632807,NA
234,"CAF","Central African Republic",1.1376089449788,1.53170559355593,NA
235,"CAF","Central African Republic",1.13790066502398,1.51653454128037,NA
236,"CAF","Central African Republic",1.13765100207386,1.50030532762832,NA
237,"CAF","Central African Republic",1.13685560783634,1.48303409580724,NA
238,"CAF","Central African Republic",1.13551054298824,1.46473800588842,NA
239,"CAF","Central African Republic",1.13361228329089,1.44543521544956,NA
240,"CAF","Central African Republic",1.13115772528371,1.42514485909959,NA
241,"CAF","Central African Republic",1.12814419154872,1.4038870269095,NA
242,"CAF","Central African Republic",1.12456943553926,1.38168274177443,NA
243,"CAF","Central African Republic",1.1204316459666,1.35855393573361,NA
244,"CAF","Central African Republic",1.11572945073889,1.33452342527575,NA
245,"CAF","Central African Republic",1.11046192044713,1.30961488565874,NA
246,"CAF","Central African Republic",1.10462857139348,1.28385282427385,NA
247,"CAF","Central African Republic",1.0982293681579,1.25726255308539,NA
248,"CAF","Central African Republic",1.0912647256992,1.22987016017816,NA
249,"CAF","Central African Republic",1.08373551098776,1.20170248044591,NA
250,"CAF","Central African Republic",1.07564304416703,1.17278706545514,NA
251,"CAF","Central African Republic",1.06698909924196,1.14315215251937,NA
252,"CAF","Central African Republic",1.05777590429289,1.11282663302011,NA
253,"CAF","Central African Republic",1.04800614121385,1.08184002001143,NA
254,"CAF","Central African Republic",1.03768294497493,1.05022241514614,NA
255,"CAF","Central African Republic",1.02680990240893,1.01800447496203,NA
256,"CAF","Central African Republic",1.0153910505229,0.985217376567767,NA
257,"CAF","Central African Republic",1.00343087433582,0.951892782768251,NA
258,"CAF","Central African Republic",0.990934304244273,0.918062806670396,NA
259,"CAF","Central African Republic",0.977906712918371,0.883759975810493,NA
260,"CAF","Central African Republic",0.964353911730833,0.849017195845111,NA
261,"CAF","Central African Republic",0.950282146722602,0.813867713847839,NA
262,"CAF","Central African Republic",0.935698094108959,0.778345081254751,NA
263,"CAF","Central African Republic",0.920608855330574,0.742483116501771,NA
264,"CAF","Central African Republic",0.905021951654499,0.706315867397524,NA
265,"CAF","Central African Republic",0.888945318330597,0.669877573275539,NA
266,"CAF","Central African Republic",0.87238729830943,0.633202626969929,NA
267,"CAF","Central African Republic",0.855356635528121,0.596325536658833,NA
268,"CAF","Central African Republic",0.837862467771214,0.559280887620103,NA
269,"CAF","Central African Republic",0.819914319114023,0.522103303943741,NA
270,"CAF","Central African Republic",0.80152209195648,0.484827410245697,NA
271,"CAF","Central African Republic",0.782696058655913,0.447487793427569,NA
272,"CAF","Central African Republic",0.763446852767694,0.410118964526693,NA
273,"CAF","Central African Republic",0.74378545990311,0.372755320701031,NA
274,"CAF","Central African Republic",0.723723208214286,0.335431107393011,NA
275,"CAF","Central African Republic",0.703271758516367,0.298180380716321,NA
276,"CAF","Central African Republic",0.68244309405766,0.261036970109362,NA
277,"CAF","Central African Republic",0.661249509948747,0.224034441298694,NA
278,"CAF","Central African Republic",0.639703602262064,0.187206059615511,NA
279,"CAF","Central African Republic",0.617818256813747,0.150584753707663,NA
280,"CAF","Central African Republic",0.595606637639956,0.114203079689321,NA
281,"CAF","Central African Republic",0.573082175180228,0.0780931857698536,NA
282,"CAF","Central African Republic",0.55025855418072,0.0422867774028291,NA
283,"CAF","Central African Republic",0.527149701330582,0.006815082995557,NA
284,"CAF","Central African Republic",0.503769772644933,-0.0282911797812256,NA
285,"CAF","Central African Republic",0.480133140608267,-0.0630018370445498,NA
286,"CAF","Central African Republic",0.456254381092361,-0.0972872910731028,NA
287,"CAF","Central African Republic",0.43214826006301,-0.131118551966473,NA
288,"CAF","Central African Republic",0.407829720090166,-0.164467268553226,NA
289,"CAF","Central African Republic",0.383313866676291,-0.197305758512191,NA
290,"CAF","Central African Republic",0.358615954417918,-0.22960703767232,NA
291,"CAF","Central African Republic",0.33375137301563,-0.261344848457392,NA
292,"CAF","Central African Republic",0.308735633147805,-0.292493687442951,NA
293,"CAF","Central African Republic",0.28358435222368,-0.32302883199381,NA
294,"CAF","Central African Republic",0.258313240031367,-0.352926365951676,NA
295,"CAF","Central African Republic",0.232938084296617,-0.382163204343464,NA
296,"CAF","Central African Republic",0.207474736168192,-0.410717117082158,NA
297,"CAF","Central African Republic",0.181939095645832,-0.438566751633138,NA
298,"CAF","Central African Republic",0.156347096966798,-0.465691654620273,NA
299,"CAF","Central African Republic",0.130714693967108,-0.492072292347205,NA
300,"CAF","Central African Republic",0.105057845433501,-0.517690070210667,NA
301,"CAF","Central African Republic",0.0793925004622868,-0.542527350983866,NA
302,"CAF","Central African Republic",0.0537345838411057,-0.566567471949445,NA
303,"CAF","Central African Republic",0.0280999814697159,-0.589794760862769,NA
304,"CAF","Central African Republic",0.00250452583576,-0.612194550727793,NA
305,"CAF","Central African Republic",-0.0230360184385042,-0.633753193369083,NA
306,"CAF","Central African Republic",-0.0485059689626933,-0.654458071785061,NA
307,"CAF","Central African Republic",-0.0738897398422345,-0.674297611268953,NA
308,"CAF","Central African Republic",-0.099171855824144,-0.6932612892854,NA
309,"CAF","Central African Republic",-0.124336966309137,-0.711339644092159,NA
310,"CAF","Central African Republic",-0.149369859214785,-0.728524282097825,NA
311,"CAF","Central African Republic",-0.174255474674524,-0.744807883947984,NA
312,"CAF","Central African Republic",-0.198978918557614,-0.760184209333748,NA
313,"CAF","Central African Republic",-0.223525475795255,-0.774648100518093,NA
314,"CAF","Central African Republic",-0.247880623498397,-0.788195484576988,NA
315,"CAF","Central African Republic",-0.272030043852932,-0.800823374353796,NA
316,"CAF","Central African Republic",-0.295959636778309,-0.812529868126969,NA
317,"CAF","Central African Republic",-0.319655532335806,-0.82331414799257,NA
318,"CAF","Central African Republic",-0.343104102873057,-0.833176476964696,NA
319,"CAF","Central African Republic",-0.366291974891689,-0.84211819479838,NA
320,"CAF","Central African Republic",-0.389206040625305,-0.850141712541068,NA
321,"CAF","Central African Republic",-0.411833469315312,-0.857250505820271,NA
322,"CAF","Central African Republic",-0.434161718172542,-0.863449106876497,NA
323,"CAF","Central African Republic",-0.456178543012885,-0.868743095352037,NA
324,"CAF","Central African Republic",-0.477872008555626,-0.873139087847665,NA
325,"CAF","Central African Republic",-0.499230498373485,-0.876644726260763,NA
326,"CAF","Central African Republic",-0.520242724483853,-0.879268664919823,NA
327,"CAF","Central African Republic",-0.540897736571065,-0.881020556531707,NA
328,"CAF","Central African Republic",-0.561184930830015,-0.881911036959439,NA
329,"CAF","Central African Republic",-0.581094058421877,-0.881951708849698,NA
330,"CAF","Central African Republic",-0.600615233533096,-0.881155124130528,NA
331,"CAF","Central African Republic",-0.619738941029345,-0.879534765401114,NA
332,"CAF","Central African Republic",-0.638456043696545,-0.877105026236809,NA
333,"CAF","Central African Republic",-0.65675778906159,-0.873881190433828,NA
334,"CAF","Central African Republic",-0.674635815785872,-0.86987941021932,NA
335,"CAF","Central African Republic",-0.692082159625193,-0.865116683453732,NA
336,"CAF","Central African Republic",-0.7090892589502,-0.859610829853564,NA
337,"CAF","Central African Republic",-0.725649959821926,-0.853380466263762,NA
338,"CAF","Central African Republic",-0.741757520617615,-0.846444981010151,NA
339,"CAF","Central African Republic",-0.757405616202447,-0.838824507363342,NA
340,"CAF","Central African Republic",-0.77258834164338,-0.830539896146624,NA
341,"CAF","Central African Republic",-0.78730021546182,-0.821612687521367,NA
342,"CAF","Central African Republic",-0.801536182422367,-0.812065081984387,NA
343,"CAF","Central African Republic",-0.815291615855442,-0.801919910612706,NA
344,"CAF","Central African Republic",-0.828562319512117,-0.791200604591964,NA
345,"CAF","Central African Republic",-0.841344528950042,-0.779931164065633,NA
346,"CAF","Central African Republic",-0.853634912449862,-0.768136126342941,NA
347,"CAF","Central African Republic",-0.865430571462128,-0.75584053350418,NA
348,"CAF","Central African Republic",-0.876729040585162,-0.74306989944278,NA
349,"CAF","Central African Republic",-0.887528287074978,-0.729850176384169,NA
350,"CAF","Central African Republic",-0.897826709888796,-0.716207720922081,NA
351,"CAF","Central African Republic",-0.907623138264344,-0.702169259613488,NA
352,"CAF","Central African Republic",-0.916916829837541,-0.687761854173914,NA
353,"CAF","Central African Republic",-0.925707468301838,-0.673012866315245,NA
354,"CAF","Central African Republic",-0.933995160612872,-0.6579499222687,NA
355,"CAF","Central African Republic",-0.941780433742752,-0.64260087703585,NA
356,"CAF","Central African Republic",-0.949064230988693,-0.626993778410972,NA
357,"CAF","Central African Republic",-0.95584790784132,-0.611156830818273,NA
358,"CAF","Central African Republic",-0.96213322741841,-0.59511835900767,NA
359,"CAF","Central African Republic",-0.967922355470372,-0.578906771653044,NA
360,"CAF","Central African Republic",-0.973217854964242,-0.562550524896924,NA
361,"CAF","Central African Republic",-0.978022680253451,-0.546078085885653,NA
362,"CAF","Central African Republic",-0.982340170841115,-0.529517896339043,NA
363,"CAF","Central African Republic",-0.986174044745041,-0.512898336198524,NA
364,"CAF","Central African Republic",-0.989528391473102,-0.496247687397618,NA
365,"CAF","Central African Republic",-0.992407664618095,-0.479594097798478,NA
1,"CIV","Côte d’Ivoire",-0.958103306780889,0.188565955337278,NA
2,"CIV","Côte d’Ivoire",-0.961341260920992,0.200946196768544,NA
3,"CIV","Côte d’Ivoire",-0.964068263518576,0.212619662618337,NA
4,"CIV","Côte d’Ivoire",-0.966285537741509,0.223570855599005,NA
5,"CIV","Côte d’Ivoire",-0.96799472334982,0.233785273812666,NA
6,"CIV","Côte d’Ivoire",-0.969197873487646,0.243249428390005,NA
7,"CIV","Côte d’Ivoire",-0.969897451041196,0.251950859887,NA
8,"CIV","Côte d’Ivoire",-0.970096324567393,0.259878153420031,NA
9,"CIV","Côte d’Ivoire",-0.969797763798347,0.267020952521318,NA
10,"CIV","Côte d’Ivoire",-0.96900543472735,0.273369971698168,NA
11,"CIV","Côte d’Ivoire",-0.967723394282477,0.278917007681071,NA
12,"CIV","Côte d’Ivoire",-0.965956084594438,0.283654949347237,NA
13,"CIV","Côte d’Ivoire",-0.96370832686572,0.287577786307741,NA
14,"CIV","Côte d’Ivoire",-0.960985314848562,0.290680616148079,NA
15,"CIV","Côte d’Ivoire",-0.957792607939716,0.292959650313487,NA
16,"CIV","Côte d’Ivoire",-0.95413612390041,0.294412218632052,NA
17,"CIV","Côte d’Ivoire",-0.950022131210347,0.295036772470226,NA
18,"CIV","Côte d’Ivoire",-0.94545724106498,0.294832886517018,NA
19,"CIV","Côte d’Ivoire",-0.94044839902573,0.293801259194754,NA
20,"CIV","Côte d’Ivoire",-0.935002876333184,0.29194371169596,NA
21,"CIV","Côte d’Ivoire",-0.929128260893709,0.289263185647533,NA
22,"CIV","Côte d’Ivoire",-0.922832447950289,0.285763739405032,NA
23,"CIV","Côte d’Ivoire",-0.916123630448722,0.281450542981544,NA
24,"CIV","Côte d’Ivoire",-0.909010289110698,0.27632987161721,NA
25,"CIV","Côte d’Ivoire",-0.901501182225575,0.270409097997128,NA
26,"CIV","Côte d’Ivoire",-0.893605335173002,0.263696683126945,NA
27,"CIV","Côte d’Ivoire",-0.885332029688835,0.256202165877087,NA
28,"CIV","Côte d’Ivoire",-0.876690792887081,0.247936151208129,NA
29,"CIV","Côte d’Ivoire",-0.867691386050866,0.238910297091407,NA
30,"CIV","Côte d’Ivoire",-0.858343793205708,0.229137300140521,NA
31,"CIV","Côte d’Ivoire",-0.848658209488563,0.218630879970925,NA
32,"CIV","Côte d’Ivoire",-0.838645029326409,0.207405762306321,NA
33,"CIV","Côte d’Ivoire",-0.82831483443826,0.195477660852052,NA
34,"CIV","Côte d’Ivoire",-0.81767838167477,0.182863257957195,NA
35,"CIV","Côte d’Ivoire",-0.806746590709705,0.169580184088472,NA
36,"CIV","Côte d’Ivoire",-0.795530531597748,0.155646996140537,NA
37,"CIV","Côte d’Ivoire",-0.784041412213232,0.141083154608578,NA
38,"CIV","Côte d’Ivoire",-0.77229056558453,0.125908999650535,NA
39,"CIV","Côte d’Ivoire",-0.760289437138924,0.110145726067567,NA
40,"CIV","Côte d’Ivoire",-0.748049571872869,0.093815357232691,NA
41,"CIV","Côte d’Ivoire",-0.735582601462643,0.0769407179987728,NA
42,"CIV","Côte d’Ivoire",-0.722900231330426,0.0595454066182698,NA
43,"CIV","Côte d’Ivoire",-0.710014227680881,0.0416537657083197,NA
44,"CIV","Côte d’Ivoire",-0.69693640452333,0.0232908522958943,NA
45,"CIV","Côte d’Ivoire",-0.683678610694624,0.00448240697885272,NA
46,"CIV","Côte d’Ivoire",-0.670252716897791,-0.0147451777602172,NA
47,"CIV","Côte d’Ivoire",-0.656670602771475,-0.0343648900494696,NA
48,"CIV","Côte d’Ivoire",-0.642944144005196,-0.054349131893705,NA
49,"CIV","Côte d’Ivoire",-0.629085199515306,-0.074669753170915,NA
50,"CIV","Côte d’Ivoire",-0.615105598696503,-0.0952980863187886,NA
51,"CIV","Côte d’Ivoire",-0.6010171287636,-0.116204981669684,NA
52,"CIV","Côte d’Ivoire",-0.586831522198168,-0.137360843391776,NA
53,"CIV","Côte d’Ivoire",-0.572560444314496,-0.158735665993378,NA
54,"CIV","Côte d’Ivoire",-0.558215480959177,-0.180299071346746,NA
55,"CIV","Côte d’Ivoire",-0.543808126358442,-0.202020346187047,NA
56,"CIV","Côte d’Ivoire",-0.529349771127188,-0.223868480041612,NA
57,"CIV","Côte d’Ivoire",-0.514851690453412,-0.24581220354407,NA
58,"CIV","Côte d’Ivoire",-0.500325032471563,-0.267820027087475,NA
59,"CIV","Côte d’Ivoire",-0.485780806838085,-0.28986027977016,NA
60,"CIV","Côte d’Ivoire",-0.471229873522152,-0.311901148587672,NA
61,"CIV","Côte d’Ivoire",-0.45668293182433,-0.333910717823838,NA
62,"CIV","Côte d’Ivoire",-0.442150509635639,-0.355857008593792,NA
63,"CIV","Côte d’Ivoire",-0.427642952949155,-0.377708018491578,NA
64,"CIV","Côte d’Ivoire",-0.413170415635998,-0.399431761294822,NA
65,"CIV","Côte d’Ivoire",-0.398742849497218,-0.420996306678888,NA
66,"CIV","Côte d’Ivoire",-0.38436999460276,-0.442369819892924,NA
67,"CIV","Côte d’Ivoire",-0.370061369928309,-0.463520601350216,NA
68,"CIV","Côte d’Ivoire",-0.355826264300486,-0.484417126085391,NA
69,"CIV","Côte d’Ivoire",-0.34167372766045,-0.505028083031128,NA
70,"CIV","Côte d’Ivoire",-0.327612562655594,-0.525322414067283,NA
71,"CIV","Côte d’Ivoire",-0.313651316568622,-0.545269352795549,NA
72,"CIV","Côte d’Ivoire",-0.29979827359285,-0.564838462993126,NA
73,"CIV","Côte d’Ivoire",-0.286061447462198,-0.583999676699237,NA
74,"CIV","Côte d’Ivoire",-0.272448574443872,-0.602723331888744,NA
75,"CIV","Côte d’Ivoire",-0.258967106701297,-0.620980209687618,NA
76,"CIV","Côte d’Ivoire",-0.24562420603443,-0.638741571085545,NA
77,"CIV","Côte d’Ivoire",-0.232426738004095,-0.655979193101531,NA
78,"CIV","Côte d’Ivoire",-0.219381266446548,-0.67266540435903,NA
79,"CIV","Côte d’Ivoire",-0.206494048383965,-0.688773120027792,NA
80,"CIV","Côte d’Ivoire",-0.19377102933611,-0.704275876090385,NA
81,"CIV","Côte d’Ivoire",-0.181217839037918,-0.719147862892149,NA
82,"CIV","Côte d’Ivoire",-0.168839787567249,-0.733363957934141,NA
83,"CIV","Côte d’Ivoire",-0.156641861886584,-0.746899757869591,NA
84,"CIV","Côte d’Ivoire",-0.144628722801909,-0.759731609665252,NA
85,"CIV","Côte d’Ivoire",-0.132804702341544,-0.771836640890082,NA
86,"CIV","Côte d’Ivoire",-0.121173801557177,-0.783192789094656,NA
87,"CIV","Côte d’Ivoire",-0.109739688748811,-0.793778830245847,NA
88,"CIV","Côte d’Ivoire",-0.098505698114882,-0.80357440618238,NA
89,"CIV","Côte d’Ivoire",-0.0874748288282341,-0.81256005105804,NA
90,"CIV","Côte d’Ivoire",-0.0766497445381606,-0.820717216740506,NA
91,"CIV","Côte d’Ivoire",-0.0660327732981937,-0.828028297135031,NA
92,"CIV","Côte d’Ivoire",-0.0556259079188164,-0.834476651403423,NA
93,"CIV","Côte d’Ivoire",-0.0454308067437516,-0.840046626050134,NA
94,"CIV","Côte d’Ivoire",-0.0354487948479838,-0.844723575848568,NA
95,"CIV","Côte d’Ivoire",-0.0256808656551517,-0.848493883582099,NA
96,"CIV","Côte d’Ivoire",-0.0161276829714527,-0.851344978575712,NA
97,"CIV","Côte d’Ivoire",-0.00678958343269628,-0.853265353995577,NA
98,"CIV","Côte d’Ivoire",0.00233342063935101,-0.854244582895352,NA
99,"CIV","Côte d’Ivoire",0.0112416379756821,-0.854273332989474,NA
100,"CIV","Côte d’Ivoire",0.0199356946986589,-0.853343380135226,NA
101,"CIV","Côte d’Ivoire",0.0284165302658359,-0.851447620506872,NA
102,"CIV","Côte d’Ivoire",0.036685393024781,-0.848580081446716,NA
103,"CIV","Côte d’Ivoire",0.0447438353851571,-0.844735930979508,NA
104,"CIV","Côte d’Ivoire",0.0525937086147706,-0.839911485978188,NA
105,"CIV","Côte d’Ivoire",0.0602371572667574,-0.834104218970579,NA
106,"CIV","Côte d’Ivoire",0.0676766132455096,-0.827312763578235,NA
107,"CIV","Côte d’Ivoire",0.0749147895193819,-0.819536918580267,NA
108,"CIV","Côte d’Ivoire",0.0819546734886378,-0.810777650596615,NA
109,"CIV","Côte d’Ivoire",0.0887995200175101,-0.801037095386858,NA
110,"CIV","Côte d’Ivoire",0.095452844139647,-0.790318557762295,NA
111,"CIV","Côte d’Ivoire",0.101918413446609,-0.778626510110687,NA
112,"CIV","Côte d’Ivoire",0.108200240169462,-0.765966589534669,NA
113,"CIV","Côte d’Ivoire",0.114302572963865,-0.752345593606518,NA
114,"CIV","Côte d’Ivoire",0.120229888409428,-0.737771474743575,NA
115,"CIV","Côte d’Ivoire",0.125986882234429,-0.72225333321027,NA
116,"CIV","Côte d’Ivoire",0.131578460277327,-0.705801408754332,NA
117,"CIV","Côte d’Ivoire",0.137009729196805,-0.688427070886358,NA
118,"CIV","Côte d’Ivoire",0.142285986942394,-0.670142807813575,NA
119,"CIV","Côte d’Ivoire",0.147412712997992,-0.650962214040174,NA
120,"CIV","Côte d’Ivoire",0.152395558410878,-0.630899976648211,NA
121,"CIV","Côte d’Ivoire",0.157240335619062,-0.609971860274618,NA
122,"CIV","Côte d’Ivoire",0.161953008090074,-0.588194690801441,NA
123,"CIV","Côte d’Ivoire",0.166539679784476,-0.565586337777898,NA
124,"CIV","Côte d’Ivoire",0.171006584457632,-0.542165695594435,NA
125,"CIV","Côte d’Ivoire",0.175360074813437,-0.517952663430346,NA
126,"CIV","Côte d’Ivoire",0.179606611523884,-0.492968123998077,NA
127,"CIV","Côte d’Ivoire",0.183752752128498,-0.467233921108675,NA
128,"CIV","Côte d’Ivoire",0.18780513982783,-0.440772836084312,NA
129,"CIV","Côte d’Ivoire",0.191770492185296,-0.41360856304515,NA
130,"CIV","Côte d’Ivoire",0.195655589751776,-0.385765683099154,NA
131,"CIV","Côte d’Ivoire",0.199467264627456,-0.357269637464775,NA
132,"CIV","Côte d’Ivoire",0.203212388975493,-0.328146699557696,NA
133,"CIV","Côte d’Ivoire",0.206897863502104,-0.29842394607404,NA
134,"CIV","Côte d’Ivoire",0.210530605917743,-0.268129227103678,NA
135,"CIV","Côte d’Ivoire",0.214117539394042,-0.237291135308384,NA
136,"CIV","Côte d’Ivoire",0.217665581031164,-0.205938974200741,NA
137,"CIV","Côte d’Ivoire",0.22118163035026,-0.174102725560729,NA
138,"CIV","Côte d’Ivoire",0.22467255782561,-0.14181301602799,NA
139,"CIV","Côte d’Ivoire",0.228145193471045,-0.109101082908731,NA
140,"CIV","Côte d’Ivoire",0.23160631549513,-0.0759987392371819,NA
141,"CIV","Côte d’Ivoire",0.235062639039521,-0.0425383381323557,NA
142,"CIV","Côte d’Ivoire",0.238520805014805,-0.00875273649180563,NA
143,"CIV","Côte d’Ivoire",0.241987369047995,0.0253247419352466,NA
144,"CIV","Côte d’Ivoire",0.245468790555727,0.0596603440522098,NA
145,"CIV","Côte d’Ivoire",0.248971421957053,0.0942199254530132,NA
146,"CIV","Côte d’Ivoire",0.252501498039524,0.128968988949067,NA
147,"CIV","Côte d’Ivoire",0.256065125492109,0.16387272354022,NA
148,"CIV","Côte d’Ivoire",0.259668272618242,0.198896043784086,NA
149,"CIV","Côte d’Ivoire",0.263316759242123,0.234003629517649,NA
150,"CIV","Côte d’Ivoire",0.267016246821103,0.269159965884604,NA
151,"CIV","Côte d’Ivoire",0.270772228776773,0.304329383621552,NA
152,"CIV","Côte d’Ivoire",0.274590021057088,0.339476099555828,NA
153,"CIV","Côte d’Ivoire",0.278474752941588,0.374564257267495,NA
154,"CIV","Côte d’Ivoire",0.282431358101452,0.409557967867827,NA
155,"CIV","Côte d’Ivoire",0.286464565925855,0.444421350846461,NA
156,"CIV","Côte d’Ivoire",0.290578893125718,0.47911857493931,NA
157,"CIV","Côte d’Ivoire",0.294778635625649,0.513613898969283,NA
158,"CIV","Côte d’Ivoire",0.299067860754495,0.547871712611893,NA
159,"CIV","Côte d’Ivoire",0.30345039974456,0.581856577037917,NA
160,"CIV","Côte d’Ivoire",0.307929840549186,0.615533265385392,NA
161,"CIV","Côte d’Ivoire",0.312509520987977,0.648866803013441,NA
162,"CIV","Côte d’Ivoire",0.317192522228576,0.68182250749065,NA
163,"CIV","Côte d’Ivoire",0.321981662613469,0.714366028271061,NA
164,"CIV","Côte d’Ivoire",0.32687949183988,0.746463386011151,NA
165,"CIV","Côte d’Ivoire",0.331888285500407,0.77808101148163,NA
166,"CIV","Côte d’Ivoire",0.337010039991559,0.809185784028346,NA
167,"CIV","Côte d’Ivoire",0.342246467796973,0.839745069537085,NA
168,"CIV","Côte d’Ivoire",0.347598993151572,0.869726757857682,NA
169,"CIV","Côte d’Ivoire",0.353068748092503,0.899099299643432,NA
170,"CIV","Côte d’Ivoire",0.35865656890219,0.927831742562515,NA
171,"CIV","Côte d’Ivoire",0.36436299294839,0.955893766838867,NA
172,"CIV","Côte d’Ivoire",0.370188255925631,0.983255720080702,NA
173,"CIV","Côte d’Ivoire",0.376132289501929,1.00988865135575,NA
174,"CIV","Côte d’Ivoire",0.38219471937419,1.03576434447313,NA
175,"CIV","Côte d’Ivoire",0.388374863735206,1.06085535043272,NA
176,"CIV","Côte d’Ivoire",0.394671732154639,1.08513501900387,NA
177,"CIV","Côte d’Ivoire",0.401084024875901,1.10857752939626,NA
178,"CIV","Côte d’Ivoire",0.407610132530304,1.13115791998696,NA
179,"CIV","Côte d’Ivoire",0.414248136269382,1.15285211706853,NA
180,"CIV","Côte d’Ivoire",0.420995808315731,1.17363696258448,NA
181,"CIV","Côte d’Ivoire",0.427850612932242,1.19349024081938,NA
182,"CIV","Côte d’Ivoire",0.434809707809063,1.21239070401229,NA
183,"CIV","Côte d’Ivoire",0.441869945867131,1.23031809686325,NA
184,"CIV","Côte d’Ivoire",0.449027877476603,1.24725317990408,NA
185,"CIV","Côte d’Ivoire",0.456279753087994,1.26317775170593,NA
186,"CIV","Côte d’Ivoire",0.463621526273345,1.27807466989747,NA
187,"CIV","Côte d’Ivoire",0.471048857174231,1.29192787096896,NA
188,"CIV","Côte d’Ivoire",0.478557116352917,1.30472238883886,NA
189,"CIV","Côte d’Ivoire",0.486141389042488,1.31644437216114,NA
190,"CIV","Côte d’Ivoire",0.49379647979127,1.32708110035286,NA
191,"CIV","Côte d’Ivoire",0.501516917496406,1.33662099832327,NA
192,"CIV","Côte d’Ivoire",0.509296960820933,1.34505364988689,NA
193,"CIV","Côte d’Ivoire",0.517130603988274,1.35236980984487,NA
194,"CIV","Côte d’Ivoire",0.525011582947565,1.35856141472042,NA
195,"CIV","Côte d’Ivoire",0.5329333819028,1.36362159213558,NA
196,"CIV","Côte d’Ivoire",0.540889240198311,1.36754466881827,NA
197,"CIV","Côte d’Ivoire",0.548872159552682,1.37032617723024,NA
198,"CIV","Côte d’Ivoire",0.556874911632749,1.37196286080802,NA
199,"CIV","Côte d’Ivoire",0.564890045958915,1.37245267781074,NA
200,"CIV","Côte d’Ivoire",0.572909898132626,1.3717948037702,NA
201,"CIV","Côte d’Ivoire",0.580926598376414,1.3699896325403,NA
202,"CIV","Côte d’Ivoire",0.588932080376557,1.36703877594459,NA
203,"CIV","Côte d’Ivoire",0.596918090418027,1.36294506202231,NA
204,"CIV","Côte d’Ivoire",0.604876196801002,1.3577125318749,NA
205,"CIV","Côte d’Ivoire",0.612797799527921,1.35134643511677,NA
206,"CIV","Côte d’Ivoire",0.62067414024966,1.34385322393556,NA
207,"CIV","Côte d’Ivoire",0.628496312459141,1.33524054576884,NA
208,"CIV","Côte d’Ivoire",0.63625527192033,1.3255172346059,NA
209,"CIV","Côte d’Ivoire",0.643941847320307,1.31469330092479,NA
210,"CIV","Côte d’Ivoire",0.651546751131806,1.30277992027645,NA
211,"CIV","Côte d’Ivoire",0.659060590673349,1.28978942052923,NA
212,"CIV","Côte d’Ivoire",0.66647387935385,1.27573526778888,NA
213,"CIV","Côte d’Ivoire",0.673777048088332,1.26063205101056,NA
214,"CIV","Côte d’Ivoire",0.68096045687117,1.24449546532077,NA
215,"CIV","Côte d’Ivoire",0.688014406493085,1.22734229406899,NA
216,"CIV","Côte d’Ivoire",0.6949291503879,1.20919038962995,NA
217,"CIV","Côte d’Ivoire",0.701694906594932,1.19005865297918,NA
218,"CIV","Côte d’Ivoire",0.708301869822705,1.16996701206579,NA
219,"CIV","Côte d’Ivoire",0.71474022359955,1.14893639900788,NA
220,"CIV","Côte d’Ivoire",0.721000152496544,1.12698872613736,NA
221,"CIV","Côte d’Ivoire",0.727071854408116,1.10414686092231,NA
222,"CIV","Côte d’Ivoire",0.732945552875575,1.08043459979644,NA
223,"CIV","Côte d’Ivoire",0.73861150943875,1.05587664092623,NA
224,"CIV","Côte d’Ivoire",0.744060036000872,1.03049855594785,NA
225,"CIV","Côte d’Ivoire",0.749281507191803,1.004326760707,NA
226,"CIV","Côte d’Ivoire",0.754266372714687,0.977388485036102,NA
227,"CIV","Côte d’Ivoire",0.759005169661135,0.949711741604292,NA
228,"CIV","Côte d’Ivoire",0.763488534780024,0.921325293876797,NA
229,"CIV","Côte d’Ivoire",0.767707216685079,0.892258623221355,NA
230,"CIV","Côte d’Ivoire",0.771652087986428,0.862541895200294,NA
231,"CIV","Côte d’Ivoire",0.775314157331416,0.832205925087862,NA
232,"CIV","Côte d’Ivoire",0.778684581340036,0.801282142653279,NA
233,"CIV","Côte d’Ivoire",0.781754676420452,0.769802556250904,NA
234,"CIV","Côte d’Ivoire",0.784515930450228,0.737799716259637,NA
235,"CIV","Côte d’Ivoire",0.786960014308987,0.705306677914505,NA
236,"CIV","Côte d’Ivoire",0.78907879324842,0.672356963574068,NA
237,"CIV","Côte d’Ivoire",0.790864338085715,0.638984524467915,NA
238,"CIV","Côte d’Ivoire",0.792308936206691,0.605223701969177,NA
239,"CIV","Côte d’Ivoire",0.793405102365103,0.571109188437484,NA
240,"CIV","Côte d’Ivoire",0.794145589264841,0.536675987678343,NA
241,"CIV","Côte d’Ivoire",0.794523397911977,0.501959375065295,NA
242,"CIV","Côte d’Ivoire",0.794531787723852,0.4669948573717,NA
243,"CIV","Côte d’Ivoire",0.7941642863827,0.431818132359184,NA
244,"CIV","Côte d’Ivoire",0.793414699421568,0.396465048170243,NA
245,"CIV","Côte d’Ivoire",0.792277119530613,0.360971562572544,NA
246,"CIV","Côte d’Ivoire",0.790745935572155,0.325373702102787,NA
247,"CIV","Côte d’Ivoire",0.788815841293204,0.28970752115796,NA
248,"CIV","Côte d’Ivoire",0.786481843724538,0.254009061082002,NA
249,"CIV","Côte d’Ivoire",0.783739271255731,0.218314309295774,NA
250,"CIV","Côte d’Ivoire",0.780583781375942,0.182659158518283,NA
251,"CIV","Côte d’Ivoire",0.777011368070617,0.147079366126871,NA
252,"CIV","Côte d’Ivoire",0.773018368864698,0.111610513704051,NA
253,"CIV","Côte d’Ivoire",0.768601471503273,0.0762879668182728,NA
254,"CIV","Côte d’Ivoire",0.763757720261097,0.0411468350857967,NA
255,"CIV","Côte d’Ivoire",0.75848452187277,0.00622193256035508,NA
256,"CIV","Côte d’Ivoire",0.752779651075836,-0.0284522615029946,NA
257,"CIV","Côte d’Ivoire",0.746641255759502,-0.0628416414639702,NA
258,"CIV","Côte d’Ivoire",0.740067861712127,-0.0969125136476694,NA
259,"CIV","Côte d’Ivoire",0.733058376961099,-0.130631634184893,NA
260,"CIV","Côte d’Ivoire",0.725612095699192,-0.163966246297907,NA
261,"CIV","Côte d’Ivoire",0.717728701791962,-0.196884116988123,NA
262,"CIV","Côte d’Ivoire",0.709408271861239,-0.229353573082819,NA
263,"CIV","Côte d’Ivoire",0.700651277940261,-0.261343536598826,NA
264,"CIV","Côte d’Ivoire",0.691458589696479,-0.292823559381917,NA
265,"CIV","Côte d’Ivoire",0.681831476218581,-0.323763856981492,NA
266,"CIV","Côte d’Ivoire",0.671771607364785,-0.35413534172105,NA
267,"CIV","Côte d’Ivoire",0.661281054669952,-0.383909654925947,NA
268,"CIV","Côte d’Ivoire",0.65036229180959,-0.413059198270871,NA
269,"CIV","Côte d’Ivoire",0.639018194619333,-0.441557164210589,NA
270,"CIV","Côte d’Ivoire",0.627252040669005,-0.46937756545854,NA
271,"CIV","Côte d’Ivoire",0.615067508390877,-0.49649526347904,NA
272,"CIV","Côte d’Ivoire",0.602468675762269,-0.522885995960014,NA
273,"CIV","Côte d’Ivoire",0.589460018543152,-0.548526403234357,NA
274,"CIV","Côte d’Ivoire",0.576046408069925,-0.573394053619331,NA
275,"CIV","Côte d’Ivoire",0.562233108607076,-0.597467467644647,NA
276,"CIV","Côte d’Ivoire",0.548025774258925,-0.620726141141213,NA
277,"CIV","Côte d’Ivoire",0.533430445444181,-0.643150567163897,NA
278,"CIV","Côte d’Ivoire",0.518453544936559,-0.664722256723006,NA
279,"CIV","Côte d’Ivoire",0.503101873475192,-0.685423758300646,NA
280,"CIV","Côte d’Ivoire",0.487382604949074,-0.705238676129525,NA
281,"CIV","Côte d’Ivoire",0.471303281160319,-0.724151687213233,NA
282,"CIV","Côte d’Ivoire",0.454871806171424,-0.74214855706859,NA
283,"CIV","Côte d’Ivoire",0.438096440242304,-0.759216154172054,NA
284,"CIV","Côte d’Ivoire",0.420985793363285,-0.775342463093851,NA
285,"CIV","Côte d’Ivoire",0.403548818390727,-0.790516596304932,NA
286,"CIV","Côte d’Ivoire",0.385794803792459,-0.804728804643506,NA
287,"CIV","Côte d’Ivoire",0.367733366010582,-0.817970486429471,NA
288,"CIV","Côte d’Ivoire",0.349374441449722,-0.830234195216645,NA
289,"CIV","Côte d’Ivoire",0.330728278099235,-0.84151364617435,NA
290,"CIV","Côte d’Ivoire",0.311805426798241,-0.851803721091501,NA
291,"CIV","Côte d’Ivoire",0.292616732152888,-0.861100471998,NA
292,"CIV","Côte d’Ivoire",0.273173323115546,-0.869401123399853,NA
293,"CIV","Côte d’Ivoire",0.253486603236109,-0.876704073126109,NA
294,"CIV","Côte d’Ivoire",0.233568240595931,-0.883008891787318,NA
295,"CIV","Côte d’Ivoire",0.213430157435307,-0.888316320846881,NA
296,"CIV","Côte d’Ivoire",0.193084519485751,-0.892628269308313,NA
297,"CIV","Côte d’Ivoire",0.172543725018722,-0.89594780902304,NA
298,"CIV","Côte d’Ivoire",0.151820393622719,-0.898279168625041,NA
299,"CIV","Côte d’Ivoire",0.130927354721032,-0.899627726100211,NA
300,"CIV","Côte d’Ivoire",0.109877635842723,-0.9,NA
301,"CIV","Côte d’Ivoire",0.0886844506597174,-0.899403639310434,NA
302,"CIV","Côte d’Ivoire",0.0673611868031378,-0.897847411989242,NA
303,"CIV","Côte d’Ivoire",0.04592139347231,-0.895341192185397,NA
304,"CIV","Côte d’Ivoire",0.0243787688500717,-0.891895946156909,NA
305,"CIV","Côte d’Ivoire",0.00274714733830096,-0.887523716904281,NA
306,"CIV","Côte d’Ivoire",-0.018959513372266,-0.882237607538528,NA
307,"CIV","Côte d’Ivoire",-0.0407271453836078,-0.876051763404184,NA
308,"CIV","Côte d’Ivoire",-0.0625415838089201,-0.868981352979168,NA
309,"CIV","Côte d’Ivoire",-0.0843885801133806,-0.86104254757485,NA
310,"CIV","Côte d’Ivoire",-0.106253815562422,-0.852252499861053,NA
311,"CIV","Côte d’Ivoire",-0.128122914762551,-0.842629321242138,NA
312,"CIV","Côte d’Ivoire",-0.149981459279726,-0.832192058111655,NA
313,"CIV","Côte d’Ivoire",-0.17181500132012,-0.820960667014392,NA
314,"CIV","Côte d’Ivoire",-0.193609077458108,-0.808955988745911,NA
315,"CIV","Côte d’Ivoire",-0.215349222396181,-0.796199721420964,NA
316,"CIV","Côte d’Ivoire",-0.237020982741496,-0.782714392543333,NA
317,"CIV","Côte d’Ivoire",-0.258609930783734,-0.768523330110885,NA
318,"CIV","Côte d’Ivoire",-0.280101678258925,-0.753650632790717,NA
319,"CIV","Côte d’Ivoire",-0.301481890083907,-0.7381211392004,NA
320,"CIV","Côte d’Ivoire",-0.32273629804615,-0.721960396332352,NA
321,"CIV","Côte d’Ivoire",-0.343850714433658,-0.705194627159418,NA
322,"CIV","Côte d’Ivoire",-0.36481104558982,-0.687850697460655,NA
323,"CIV","Côte d’Ivoire",-0.385603305378048,-0.669956081907281,NA
324,"CIV","Côte d’Ivoire",-0.406213628541269,-0.651538829449578,NA
325,"CIV","Côte d’Ivoire",-0.42662828394133,-0.632627528046402,NA
326,"CIV","Côte d’Ivoire",-0.446833687663615,-0.61325126877968,NA
327,"CIV","Côte d’Ivoire",-0.466816415972271,-0.593439609397034,NA
328,"CIV","Côte d’Ivoire",-0.486563218101594,-0.573222537326329,NA
329,"CIV","Côte d’Ivoire",-0.506061028869382,-0.552630432206543,NA
330,"CIV","Côte d’Ivoire",-0.525296981098183,-0.53169402797996,NA
331,"CIV","Côte d’Ivoire",-0.544258417830657,-0.510444374591155,NA
332,"CIV","Côte d’Ivoire",-0.56293290432544,-0.488912799338747,NA
333,"CIV","Côte d’Ivoire",-0.581308239820207,-0.467130867926252,NA
334,"CIV","Côte d’Ivoire",-0.599372469048882,-0.445130345258739,NA
335,"CIV","Côte d’Ivoire",-0.617113893500173,-0.422943156032304,NA
336,"CIV","Côte d’Ivoire",-0.634521082405008,-0.400601345163568,NA
337,"CIV","Côte d’Ivoire",-0.651582883440655,-0.378137038106631,NA
338,"CIV","Côte d’Ivoire",-0.668288433139715,-0.355582401105003,NA
339,"CIV","Côte d’Ivoire",-0.68462716699246,-0.332969601426137,NA
340,"CIV","Côte d’Ivoire",-0.700588829231383,-0.310330767626152,NA
341,"CIV","Côte d’Ivoire",-0.716163482287157,-0.287697949892356,NA
342,"CIV","Côte d’Ivoire",-0.731341515905617,-0.265103080510995,NA
343,"CIV","Côte d’Ivoire",-0.746113655915719,-0.242577934507579,NA
344,"CIV","Côte d’Ivoire",-0.760470972638894,-0.220154090506856,NA
345,"CIV","Côte d’Ivoire",-0.774404888930571,-0.197862891859272,NA
346,"CIV","Côte d’Ivoire",-0.787907187845098,-0.175735408080425,NA
347,"CIV","Côte d’Ivoire",-0.800970019915726,-0.153802396649613,NA
348,"CIV","Côte d’Ivoire",-0.813585910041741,-0.132094265213186,NA
349,"CIV","Côte d’Ivoire",-0.825747763975316,-0.110641034237871,NA
350,"CIV","Côte d’Ivoire",-0.837448874401076,-0.0894723001587514,NA
351,"CIV","Côte d’Ivoire",-0.848682926601889,-0.0686171990659105,NA
352,"CIV","Côte d’Ivoire",-0.859444003704802,-0.0481043709732066,NA
353,"CIV","Côte d’Ivoire",-0.869726591501629,-0.0279619247118015,NA
354,"CIV","Côte d’Ivoire",-0.879525582839051,-0.00821740349048844,NA
355,"CIV","Côte d’Ivoire",-0.888836281573739,0.0111022488361146,NA
356,"CIV","Côte d’Ivoire",-0.897654406088373,0.029970720751151,NA
357,"CIV","Côte d’Ivoire",-0.905976092365025,0.0483623652715018,NA
358,"CIV","Côte d’Ivoire",-0.913797896612863,0.0662522313177075,NA
359,"CIV","Côte d’Ivoire",-0.921116797447613,0.083616094220344,NA
360,"CIV","Côte d’Ivoire",-0.927930197620787,0.100430485326444,NA
361,"CIV","Côte d’Ivoire",-0.934235925297163,0.116672720670587,NA
362,"CIV","Côte d’Ivoire",-0.940032234879535,0.13232092867644,NA
363,"CIV","Côte d’Ivoire",-0.945317807380278,0.147354076855664,NA
364,"CIV","Côte d’Ivoire",-0.950091750339796,0.16175199747232,NA
365,"CIV","Côte d’Ivoire",-0.954353597292422,0.175495412142139,NA
1,"CMR","Cameroon",-0.951629806511303,-0.876715782238232,NA
2,"CMR","Cameroon",-0.958478801103616,-0.875486853768742,NA
3,"CMR","Cameroon",-0.964807926160241,-0.873689259382237,NA
4,"CMR","Cameroon",-0.97061542213308,-0.871324021599471,NA
5,"CMR","Cameroon",-0.975899963437559,-0.86839269707672,NA
6,"CMR","Cameroon",-0.98066065837692,-0.864897375130234,NA
7,"CMR","Cameroon",-0.984897048607356,-0.860840675670356,NA
8,"CMR","Cameroon",-0.9886091081451,-0.856225746547631,NA
9,"CMR","Cameroon",-0.991797241917101,-0.851056260313907,NA
10,"CMR","Cameroon",-0.994462283857442,-0.845336410402147,NA
11,"CMR","Cameroon",-0.996605494552177,-0.839070906729289,NA
12,"CMR","Cameroon",-0.998228558435785,-0.832264970727228,NA
13,"CMR","Cameroon",-0.999333580542955,-0.824924329807597,NA
14,"CMR","Cameroon",-0.999923082819906,-0.81705521126674,NA
15,"CMR","Cameroon",-1,-0.808664335637876,NA
16,"CMR","Cameroon",-0.999567675048833,-0.799758909498132,NA
17,"CMR","Cameroon",-0.998629854184558,-0.790346617738726,NA
18,"CMR","Cameroon",-0.997190681479614,-0.78043561530723,NA
19,"CMR","Cameroon",-0.995254693050569,-0.77003451843145,NA
20,"CMR","Cameroon",-0.992826810843203,-0.759152395335053,NA
21,"CMR","Cameroon",-0.989912336020467,-0.747798756455675,NA
22,"CMR","Cameroon",-0.986516941961378,-0.735983544176816,NA
23,"CMR","Cameroon",-0.982646666879356,-0.7237171220854,NA
24,"CMR","Cameroon",-0.978307906068949,-0.71101026376741,NA
25,"CMR","Cameroon",-0.973507403790319,-0.697874141154572,NA
26,"CMR","Cameroon",-0.968252244801257,-0.684320312435559,NA
27,"CMR","Cameroon",-0.962549845546904,-0.670360709545708,NA
28,"CMR","Cameroon",-0.956407945017757,-0.656007625249725,NA
29,"CMR","Cameroon",-0.949834595286873,-0.641273699832311,NA
30,"CMR","Cameroon",-0.942838151737603,-0.626171907412133,NA
31,"CMR","Cameroon",-0.935427262993475,-0.610715541894959,NA
32,"CMR","Cameroon",-0.927610860562246,-0.594918202582215,NA
33,"CMR","Cameroon",-0.919398148206384,-0.578793779451622,NA
34,"CMR","Cameroon",-0.910798591052642,-0.56235643812694,NA
35,"CMR","Cameroon",-0.901821904453573,-0.545620604554206,NA
36,"CMR","Cameroon",-0.892478042614216,-0.528600949402198,NA
37,"CMR","Cameroon",-0.882777186997342,-0.511312372205166,NA
38,"CMR","Cameroon",-0.872729734520983,-0.493769985266176,NA
39,"CMR","Cameroon",-0.862346285562125,-0.475989097339676,NA
40,"CMR","Cameroon",-0.8516376317807,-0.457985197112148,NA
41,"CMR","Cameroon",-0.840614743778194,-0.439773936499962,NA
42,"CMR","Cameroon",-0.829288758605356,-0.421371113783708,NA
43,"CMR","Cameroon",-0.817670967133673,-0.402792656598521,NA
44,"CMR","Cameroon",-0.805772801305399,-0.384054604800041,NA
45,"CMR","Cameroon",-0.793605821277073,-0.365173093225794,NA
46,"CMR","Cameroon",-0.781181702471544,-0.346164334371909,NA
47,"CMR","Cameroon",-0.768512222553648,-0.327044601005163,NA
48,"CMR","Cameroon",-0.755609248344702,-0.307830208730427,NA
49,"CMR","Cameroon",-0.742484722691093,-0.288537498533614,NA
50,"CMR","Cameroon",-0.729150651302237,-0.269182819320274,NA
51,"CMR","Cameroon",-0.715619089573206,-0.249782510469961,NA
52,"CMR","Cameroon",-0.701902129407345,-0.230352884426474,NA
53,"CMR","Cameroon",-0.688011886054158,-0.21091020934403,NA
54,"CMR","Cameroon",-0.673960484977717,-0.19147069180935,NA
55,"CMR","Cameroon",-0.659760048770794,-0.172050459659539,NA
56,"CMR","Cameroon",-0.645422684129848,-0.15266554491553,NA
57,"CMR","Cameroon",-0.630960468905901,-0.133331866850704,NA
58,"CMR","Cameroon",-0.616385439246244,-0.114065215214147,NA
59,"CMR","Cameroon",-0.601709576841765,-0.094881233627809,NA
60,"CMR","Cameroon",-0.586944796294588,-0.0757954031766028,NA
61,"CMR","Cameroon",-0.572102932620509,-0.0568230262102833,NA
62,"CMR","Cameroon",-0.557195728900572,-0.0379792103756492,NA
63,"CMR","Cameroon",-0.542234824095919,-0.0192788528973562,NA
64,"CMR","Cameroon",-0.527231741039845,-0.000736625125327055,NA
65,"CMR","Cameroon",-0.512197874620755,0.0176330426335858,NA
66,"CMR","Cameroon",-0.497144480169492,0.0358159759823609,NA
67,"CMR","Cameroon",-0.482082662064226,0.0537982709820359,NA
68,"CMR","Cameroon",-0.467023362565851,0.0715663083648295,NA
69,"CMR","Cameroon",-0.45197735089651,0.0891067673959784,NA
70,"CMR","Cameroon",-0.4369552125736,0.106406639368543,NA
71,"CMR","Cameroon",-0.421967339011278,0.123453240715859,NA
72,"CMR","Cameroon",-0.407023917401139,0.140234225726783,NA
73,"CMR","Cameroon",-0.392134920883433,0.156737598849349,NA
74,"CMR","Cameroon",-0.377310099019781,0.172951726568936,NA
75,"CMR","Cameroon",-0.362558968578018,0.188865348847576,NA
76,"CMR","Cameroon",-0.347890804639387,0.20446759011152,NA
77,"CMR","Cameroon",-0.333314632037917,0.219747969774764,NA
78,"CMR","Cameroon",-0.318839217141404,0.234696412286734,NA
79,"CMR","Cameroon",-0.304473059983013,0.249303256692958,NA
80,"CMR","Cameroon",-0.290224386752074,0.263559265698062,NA
81,"CMR","Cameroon",-0.276101142652206,0.277455634221099,NA
82,"CMR","Cameroon",-0.262110985134477,0.290983997433733,NA
83,"CMR","Cameroon",-0.24826127751281,0.304136438272506,NA
84,"CMR","Cameroon",-0.234559082968435,0.316905494416958,NA
85,"CMR","Cameroon",-0.221011158949655,0.329284164726079,NA
86,"CMR","Cameroon",-0.207623951972763,0.34126591512614,NA
87,"CMR","Cameroon",-0.194403592829425,0.352844683943672,NA
88,"CMR","Cameroon",-0.181355892205376,0.364014886677966,NA
89,"CMR","Cameroon",-0.168486336714765,0.374771420208161,NA
90,"CMR","Cameroon",-0.155800085353969,0.385109666430643,NA
91,"CMR","Cameroon",-0.14330196637823,0.395025495323171,NA
92,"CMR","Cameroon",-0.130996474603904,0.404515267432793,NA
93,"CMR","Cameroon",-0.118887769138639,0.413575835785328,NA
94,"CMR","Cameroon",-0.106979671541263,0.422204547214871,NA
95,"CMR","Cameroon",-0.0952756644126427,0.430399243112435,NA
96,"CMR","Cameroon",-0.0837788904182599,0.438158259593575,NA
97,"CMR","Cameroon",-0.0724921517427404,0.445480427085489,NA
98,"CMR","Cameroon",-0.0614179099760247,0.452365069334793,NA
99,"CMR","Cameroon",-0.0505582864303744,0.45881200183787,NA
100,"CMR","Cameroon",-0.0399150628868787,0.464821529696318,NA
101,"CMR","Cameroon",-0.0294896827696078,0.470394444900783,NA
102,"CMR","Cameroon",-0.0192832527450516,0.475532023047058,NA
103,"CMR","Cameroon",-0.00929654474396147,0.480236019489058,NA
104,"CMR","Cameroon",0.000470001597781657,0.484508664933911,NA
105,"CMR","Cameroon",0.0100162760831667,0.488352660485072,NA
106,"CMR","Cameroon",0.0193424946873011,0.49177117214004,NA
107,"CMR","Cameroon",0.0284491958847891,0.494767824749852,NA
108,"CMR","Cameroon",0.0373372365766035,0.497346695448214,NA
109,"CMR","Cameroon",0.0460077876222968,0.499512306558722,NA
110,"CMR","Cameroon",0.0544623289838709,0.501269617989248,NA
111,"CMR","Cameroon",0.0627026444880862,0.502624019123176,NA
112,"CMR","Cameroon",0.0707308162144529,0.503581320217754,NA
113,"CMR","Cameroon",0.0785492185165904,0.504147743320417,NA
114,"CMR","Cameroon",0.0861605116850809,0.50432991271449,NA
115,"CMR","Cameroon",0.0935676352603743,0.504134844906256,NA
116,"CMR","Cameroon",0.100773801004713,0.503569938165884,NA
117,"CMR","Cameroon",0.107782485542463,0.502642961635244,NA
118,"CMR","Cameroon",0.114597422678618,0.501362044016168,NA
119,"CMR","Cameroon",0.121222595405644,0.499735661853171,NA
120,"CMR","Cameroon",0.127662227609189,0.497772627425129,NA
121,"CMR","Cameroon",0.133920775483555,0.495482076260905,NA
122,"CMR","Cameroon",0.140002918668155,0.492873454294294,NA
123,"CMR","Cameroon",0.145913551116535,0.48995650467412,NA
124,"CMR","Cameroon",0.151657771709829,0.486741254245718,NA
125,"CMR","Cameroon",0.157240874626861,0.483237999720391,NA
126,"CMR","Cameroon",0.162668339483331,0.47945729354982,NA
127,"CMR","Cameroon",0.167945821252879,0.47540992952274,NA
128,"CMR","Cameroon",0.173079139982998,0.471106928101508,NA
129,"CMR","Cameroon",0.178074270319064,0.466559521516496,NA
130,"CMR","Cameroon",0.182937330849963,0.461779138636536,NA
131,"CMR","Cameroon",0.187674573288983,0.456777389633866,NA
132,"CMR","Cameroon",0.192292371503876,0.451566050462297,NA
133,"CMR","Cameroon",0.196797210410119,0.446157047167516,NA
134,"CMR","Cameroon",0.201195674741613,0.440562440048629,NA
135,"CMR","Cameroon",0.205494437713172,0.434794407690227,NA
136,"CMR","Cameroon",0.209700249589276,0.428865230884398,NA
137,"CMR","Cameroon",0.213819926173697,0.422787276462212,NA
138,"CMR","Cameroon",0.217860337234664,0.416572981054344,NA
139,"CMR","Cameroon",0.221828394880338,0.410234834800529,NA
140,"CMR","Cameroon",0.225731041899389,0.403785365027634,NA
141,"CMR","Cameroon",0.229575240081536,0.39723711991612,NA
142,"CMR","Cameroon",0.233367958532906,0.390602652174721,NA
143,"CMR","Cameroon",0.237116162001078,0.383894502743092,NA
144,"CMR","Cameroon",0.240826799224673,0.377125184542181,NA
145,"CMR","Cameroon",0.244506791322283,0.370307166291986,NA
146,"CMR","Cameroon",0.248163020235524,0.363452856416282,NA
147,"CMR","Cameroon",0.251802317240888,0.356574587053772,NA
148,"CMR","Cameroon",0.255431451544996,0.349684598195019,NA
149,"CMR","Cameroon",0.259057118977773,0.342795021964292,NA
150,"CMR","Cameroon",0.262685930797878,0.335917867065349,NA
151,"CMR","Cameroon",0.266324402624665,0.329065003409917,NA
152,"CMR","Cameroon",0.269978943510721,0.322248146947436,NA
153,"CMR","Cameroon",0.273655845168894,0.315478844714369,NA
154,"CMR","Cameroon",0.277361271367523,0.308768460121117,NA
155,"CMR","Cameroon",0.281101247507358,0.302128158494272,NA
156,"CMR","Cameroon",0.284881650393468,0.295568892891652,NA
157,"CMR","Cameroon",0.288708198215154,0.289101390207195,NA
158,"CMR","Cameroon",0.29258644074666,0.282736137582468,NA
159,"CMR","Cameroon",0.296521749781188,0.276483369141136,NA
160,"CMR","Cameroon",0.300519309810439,0.270353053062385,NA
161,"CMR","Cameroon",0.304584108961607,0.264354879008832,NA
162,"CMR","Cameroon",0.308720930203421,0.25849824592406,NA
163,"CMR","Cameroon",0.312934342832527,0.252792250214456,NA
164,"CMR","Cameroon",0.317228694251133,0.247245674329549,NA
165,"CMR","Cameroon",0.321608102046491,0.241866975754581,NA
166,"CMR","Cameroon",0.326076446382436,0.236664276428526,NA
167,"CMR","Cameroon",0.330637362712797,0.231645352600277,NA
168,"CMR","Cameroon",0.335294234826116,0.226817625135161,NA
169,"CMR","Cameroon",0.340050188230706,0.222188150283426,NA
170,"CMR","Cameroon",0.344908083888654,0.217763610921759,NA
171,"CMR","Cameroon",0.349870512306954,0.213550308278345,NA
172,"CMR","Cameroon",0.354939787993534,0.209554154151364,NA
173,"CMR","Cameroon",0.360117944285452,0.205780663630258,NA
174,"CMR","Cameroon",0.365406728556147,0.202234948328461,NA
175,"CMR","Cameroon",0.370807597808095,0.198921710135694,NA
176,"CMR","Cameroon",0.376321714656812,0.195845235497274,NA
177,"CMR","Cameroon",0.381949943711633,0.193009390227266,NA
178,"CMR","Cameroon",0.387692848358216,0.190417614861663,NA
179,"CMR","Cameroon",0.393550687947243,0.18807292055711,NA
180,"CMR","Cameroon",0.399523415393278,0.185977885540044,NA
181,"CMR","Cameroon",0.405610675187253,0.184134652110459,NA
182,"CMR","Cameroon",0.411811801825542,0.182544924203821,NA
183,"CMR","Cameroon",0.418125818658068,0.181209965513996,NA
184,"CMR","Cameroon",0.424551437157403,0.180130598179372,NA
185,"CMR","Cameroon",0.431087056610256,0.179307202033689,NA
186,"CMR","Cameroon",0.437730764232291,0.178739714422374,NA
187,"CMR","Cameroon",0.444480335706647,0.178427630584544,NA
188,"CMR","Cameroon",0.451333236146035,0.178370004600123,NA
189,"CMR","Cameroon",0.458286621477777,0.178565450900844,NA
190,"CMR","Cameroon",0.465337340250621,0.179012146343233,NA
191,"CMR","Cameroon",0.47248193586165,0.179707832840995,NA
192,"CMR","Cameroon",0.479716649201094,0.180649820553531,NA
193,"CMR","Cameroon",0.48703742171235,0.181834991626671,NA
194,"CMR","Cameroon",0.494439898863984,0.183259804481005,NA
195,"CMR","Cameroon",0.501919434029996,0.18492029864258,NA
196,"CMR","Cameroon",0.509471092774151,0.18681210011002,NA
197,"CMR","Cameroon",0.517089657533624,0.188930427251538,NA
198,"CMR","Cameroon",0.524769632696789,0.191270097224614,NA
199,"CMR","Cameroon",0.532505250069433,0.193825532910528,NA
200,"CMR","Cameroon",0.540290474723253,0.196590770355277,NA
201,"CMR","Cameroon",0.548119011219966,0.199559466707831,NA
202,"CMR","Cameroon",0.555984310203966,0.202724908646036,NA
203,"CMR","Cameroon",0.563879575355939,0.206080021279935,NA
204,"CMR","Cameroon",0.571797770699457,0.209617377521654,NA
205,"CMR","Cameroon",0.579731628252102,0.213329207910466,NA
206,"CMR","Cameroon",0.587673656012257,0.217207410881089,NA
207,"CMR","Cameroon",0.59561614627229,0.221243563462716,NA
208,"CMR","Cameroon",0.603551184248436,0.225428932395799,NA
209,"CMR","Cameroon",0.611470657017307,0.229754485653046,NA
210,"CMR","Cameroon",0.619366262748565,0.234210904350653,NA
211,"CMR","Cameroon",0.627229520222938,0.238788595035281,NA
212,"CMR","Cameroon",0.635051778624374,0.243477702331862,NA
213,"CMR","Cameroon",0.642824227594828,0.248268121936842,NA
214,"CMR","Cameroon",0.650537907539807,0.253149513941105,NA
215,"CMR","Cameroon",0.658183720172505,0.258111316466355,NA
216,"CMR","Cameroon",0.665752439284057,0.263142759598409,NA
217,"CMR","Cameroon",0.67323472172714,0.268232879600456,NA
218,"CMR","Cameroon",0.680621118599905,0.273370533389012,NA
219,"CMR","Cameroon",0.687902086616934,0.278544413254972,NA
220,"CMR","Cameroon",0.69506799965371,0.283743061811866,NA
221,"CMR","Cameroon",0.702109160450838,0.288954887153138,NA
222,"CMR","Cameroon",0.70901581246406,0.29416817820003,NA
223,"CMR","Cameroon",0.715778151845921,0.299371120221379,NA
224,"CMR","Cameroon",0.722386339544745,0.30455181050648,NA
225,"CMR","Cameroon",0.72883051350646,0.309698274171915,NA
226,"CMR","Cameroon",0.735100800964629,0.314798480083124,NA
227,"CMR","Cameroon",0.741187330803965,0.319840356871337,NA
228,"CMR","Cameroon",0.747080245982459,0.324811809026359,NA
229,"CMR","Cameroon",0.752769715997194,0.329700733045601,NA
230,"CMR","Cameroon",0.75824594937885,0.334495033619693,NA
231,"CMR","Cameroon",0.763499206199811,0.339182639834936,NA
232,"CMR","Cameroon",0.768519810580821,0.343751521372846,NA
233,"CMR","Cameroon",0.773298163181042,0.348189704687026,NA
234,"CMR","Cameroon",0.777824753656439,0.352485289137623,NA
235,"CMR","Cameroon",0.78209017307139,0.356626463063681,NA
236,"CMR","Cameroon",0.786085126248471,0.360601519773738,NA
237,"CMR","Cameroon",0.789800444041437,0.364398873435151,NA
238,"CMR","Cameroon",0.793227095516467,0.368007074842697,NA
239,"CMR","Cameroon",0.796356200026855,0.371414827047172,NA
240,"CMR","Cameroon",0.79917903916643,0.374611000824847,NA
241,"CMR","Cameroon",0.801687068587105,0.377584649968836,NA
242,"CMR","Cameroon",0.80387192966612,0.380325026383625,NA
243,"CMR","Cameroon",0.805725461008694,0.382821594964245,NA
244,"CMR","Cameroon",0.807239709771965,0.385064048241825,NA
245,"CMR","Cameroon",0.808406942796336,0.387042320777517,NA
246,"CMR","Cameroon",0.809219657530494,0.388746603287096,NA
247,"CMR","Cameroon",0.809670592736663,0.390167356478846,NA
248,"CMR","Cameroon",0.809752738962847,0.391295324587665,NA
249,"CMR","Cameroon",0.809459348769106,0.392121548588703,NA
250,"CMR","Cameroon",0.808783946695175,0.392637379074189,NA
251,"CMR","Cameroon",0.807720338957025,0.392834488777539,NA
252,"CMR","Cameroon",0.806262622860281,0.392704884729204,NA
253,"CMR","Cameroon",0.804405195918722,0.392240920029195,NA
254,"CMR","Cameroon",0.802142764666425,0.391435305221631,NA
255,"CMR","Cameroon",0.799470353152471,0.390281119257163,NA
256,"CMR","Cameroon",0.79638331110748,0.388771820029578,NA
257,"CMR","Cameroon",0.792877321771633,0.38690125447341,NA
258,"CMR","Cameroon",0.788948409374203,0.384663668209895,NA
259,"CMR","Cameroon",0.784592946255043,0.382053714729147,NA
260,"CMR","Cameroon",0.779807659618874,0.379066464096953,NA
261,"CMR","Cameroon",0.774589637913633,0.375697411175188,NA
262,"CMR","Cameroon",0.768936336824588,0.37194248334539,NA
263,"CMR","Cameroon",0.762845584876361,0.367798047725638,NA
264,"CMR","Cameroon",0.756315588635452,0.363260917871466,NA
265,"CMR","Cameroon",0.749344937506314,0.358328359952177,NA
266,"CMR","Cameroon",0.741932608114518,0.352998098394499,NA
267,"CMR","Cameroon",0.734077968270993,0.347268320986213,NA
268,"CMR","Cameroon",0.725780780511834,0.341137683432967,NA
269,"CMR","Cameroon",0.71704120520866,0.334605313362172,NA
270,"CMR","Cameroon",0.707859803244995,0.327670813768517,NA
271,"CMR","Cameroon",0.698237538254638,0.320334265896315,NA
272,"CMR","Cameroon",0.688175778418534,0.312596231554523,NA
273,"CMR","Cameroon",0.677676297817124,0.304457754861015,NA
274,"CMR","Cameroon",0.666741277335697,0.295920363413294,NA
275,"CMR","Cameroon",0.655373305120779,0.286986068883553,NA
276,"CMR","Cameroon",0.643575376586125,0.277657367036683,NA
277,"CMR","Cameroon",0.63135089396738,0.26793723717046,NA
278,"CMR","Cameroon",0.618703665425031,0.257829140977904,NA
279,"CMR","Cameroon",0.605637903695781,0.247337020832414,NA
280,"CMR","Cameroon",0.592158224292993,0.236465297497024,NA
281,"CMR","Cameroon",0.578269643257415,0.225218867259792,NA
282,"CMR","Cameroon",0.563977574459873,0.21360309849799,NA
283,"CMR","Cameroon",0.549287826458185,0.2016238276745,NA
284,"CMR","Cameroon",0.534206598911035,0.189287354770425,NA
285,"CMR","Cameroon",0.518740478552091,0.176600438158664,NA
286,"CMR","Cameroon",0.502896434728158,0.163570288923813,NA
287,"CMR","Cameroon",0.486681814505647,0.150204564634444,NA
288,"CMR","Cameroon",0.470104337350172,0.136511362574447,NA
289,"CMR","Cameroon",0.453172089384586,0.122499212440787,NA
290,"CMR","Cameroon",0.43589351723123,0.108177068515632,NA
291,"CMR","Cameroon",0.418277421444701,0.0935543013214734,NA
292,"CMR","Cameroon",0.400332949541882,0.078640688768443,NA
293,"CMR","Cameroon",0.382069588636486,0.0634464068036586,NA
294,"CMR","Cameroon",0.363497157685798,0.0479820195730083,NA
295,"CMR","Cameroon",0.344625799357795,0.0322584691063948,NA
296,"CMR","Cameroon",0.325465971527197,0.0162870645379787,NA
297,"CMR","Cameroon",0.306028438409552,7.94708735878599e-05,NA
298,"CMR","Cameroon",0.286324261342752,-0.0163523026820751,NA
299,"CMR","Cameroon",0.266364789225906,-0.0329959148251988,NA
300,"CMR","Cameroon",0.246161648625818,-0.0498387046659225,NA
301,"CMR","Cameroon",0.225726733561761,-0.066867704640457,NA
302,"CMR","Cameroon",0.205072194979589,-0.084069653807612,NA
303,"CMR","Cameroon",0.184210429926608,-0.101431011514557,NA
304,"CMR","Cameroon",0.163154070438969,-0.118937971416254,NA
305,"CMR","Cameroon",0.141915972153708,-0.136576475832525,NA
306,"CMR","Cameroon",0.120509202657849,-0.154332230426344,NA
307,"CMR","Cameroon",0.0989470295873297,-0.172190719186545,NA
308,"CMR","Cameroon",0.0772429084887858,-0.190137219697769,NA
309,"CMR","Cameroon",0.0554104704575273,-0.208156818680111,NA
310,"CMR","Cameroon",0.0334635095652727,-0.226234427780642,NA
311,"CMR","Cameroon",0.0114159700915143,-0.24435479959862,NA
312,"CMR","Cameroon",-0.0107180664274506,-0.262502543925973,NA
313,"CMR","Cameroon",-0.0329243943174969,-0.280662144184319,NA
314,"CMR","Cameroon",-0.0551886970392008,-0.298817974039615,NA
315,"CMR","Cameroon",-0.077496560599212,-0.316954314175225,NA
316,"CMR","Cameroon",-0.0998334870856595,-0.335055369204083,NA
317,"CMR","Cameroon",-0.122184908312576,-0.353105284700391,NA
318,"CMR","Cameroon",-0.14453619955824,-0.371088164331192,NA
319,"CMR","Cameroon",-0.166872693382163,-0.388988087067962,NA
320,"CMR","Cameroon",-0.189179693505446,-0.406789124458364,NA
321,"CMR","Cameroon",-0.211442488739017,-0.424475357938105,NA
322,"CMR","Cameroon",-0.233646366944355,-0.442030896162901,NA
323,"CMR","Cameroon",-0.255776629011114,-0.459439892340406,NA
324,"CMR","Cameroon",-0.277818602836162,-0.476686561542059,NA
325,"CMR","Cameroon",-0.299757657288441,-0.493755197974733,NA
326,"CMR","Cameroon",-0.321579216144147,-0.510630192192151,NA
327,"CMR","Cameroon",-0.343268771976708,-0.527296048226098,NA
328,"CMR","Cameroon",-0.364811899986093,-0.543737400617508,NA
329,"CMR","Cameroon",-0.386194271752077,-0.559939031327655,NA
330,"CMR","Cameroon",-0.407401668896139,-0.57588588650978,NA
331,"CMR","Cameroon",-0.428419996636787,-0.591563093121662,NA
332,"CMR","Cameroon",-0.449235297223227,-0.60695597535979,NA
333,"CMR","Cameroon",-0.46983376323241,-0.622050070896025,NA
334,"CMR","Cameroon",-0.490201750714687,-0.63683114689786,NA
335,"CMR","Cameroon",-0.510325792173406,-0.651285215813597,NA
336,"CMR","Cameroon",-0.530192609364048,-0.665398550904074,NA
337,"CMR","Cameroon",-0.549789125898647,-0.679157701502836,NA
338,"CMR","Cameroon",-0.569102479641508,-0.69254950798697,NA
339,"CMR","Cameroon",-0.588120034882409,-0.705561116441135,NA
340,"CMR","Cameroon",-0.60682939427383,-0.718179992997697,NA
341,"CMR","Cameroon",-0.625218410518892,-0.730393937836227,NA
342,"CMR","Cameroon",-0.643275197797109,-0.742191098826038,NA
343,"CMR","Cameroon",-0.660988142915243,-0.753559984795813,NA
344,"CMR","Cameroon",-0.678345916170942,-0.764489478414845,NA
345,"CMR","Cameroon",-0.695337481917141,-0.77496884867084,NA
346,"CMR","Cameroon",-0.711952108815539,-0.784987762929682,NA
347,"CMR","Cameroon",-0.728179379767867,-0.794536298563093,NA
348,"CMR","Cameroon",-0.74400920151396,-0.803604954130554,NA
349,"CMR","Cameroon",-0.759431813886126,-0.81218466010245,NA
350,"CMR","Cameroon",-0.774437798709576,-0.820266789111832,NA
351,"CMR","Cameroon",-0.789018088339246,-0.827843165722858,NA
352,"CMR","Cameroon",-0.803163973823569,-0.834906075704415,NA
353,"CMR","Cameroon",-0.816867112686388,-0.841448274798086,NA
354,"CMR","Cameroon",-0.830119536318452,-0.847462996970169,NA
355,"CMR","Cameroon",-0.842913656970537,-0.852943962138078,NA
356,"CMR","Cameroon",-0.855242274340603,-0.857885383362038,NA
357,"CMR","Cameroon",-0.867098581747882,-0.862281973493635,NA
358,"CMR","Cameroon",-0.878476171887312,-0.866128951273415,NA
359,"CMR","Cameroon",-0.88936904215815,-0.869422046870325,NA
360,"CMR","Cameroon",-0.899771599561139,-0.872157506856498,NA
361,"CMR","Cameroon",-0.909678665159074,-0.874332098611502,NA
362,"CMR","Cameroon",-0.919085478096121,-0.875943114150831,NA
363,"CMR","Cameroon",-0.927987699171766,-0.876988373374127,NA
364,"CMR","Cameroon",-0.93638141396575,-0.877466226729254,NA
365,"CMR","Cameroon",-0.944263135510908,-0.877375557289045,NA
1,"COD","Democratic Republic of Congo",0.201622762727451,-0.052411480441692,NA
2,"COD","Democratic Republic of Congo",0.195092201974694,-0.052800937329248,NA
3,"COD","Democratic Republic of Congo",0.188746492377502,-0.0531026819393899,NA
4,"COD","Democratic Republic of Congo",0.182592115559625,-0.0533180149138469,NA
5,"COD","Democratic Republic of Congo",0.176635203393704,-0.0534483462652666,NA
6,"COD","Democratic Republic of Congo",0.170881531078197,-0.0534951932126285,NA
7,"COD","Democratic Republic of Congo",0.165336510673371,-0.0534601778876809,NA
8,"COD","Democratic Republic of Congo",0.160005185103916,-0.0533450249152679,NA
9,"COD","Democratic Republic of Congo",0.154892222635164,-0.0531515588705598,NA
10,"COD","Democratic Republic of Congo",0.150001911829315,-0.0528817016163506,NA
11,"COD","Democratic Republic of Congo",0.145338156987525,-0.0525374695237246,NA
12,"COD","Democratic Republic of Congo",0.140904474083076,-0.0521209705795358,NA
13,"COD","Democratic Republic of Congo",0.136703987190304,-0.0516344013842778,NA
14,"COD","Democratic Republic of Congo",0.13273942541333,-0.0510800440440497,NA
15,"COD","Democratic Republic of Congo",0.129013120318045,-0.0504602629604537,NA
16,"COD","Democratic Republic of Congo",0.125527003870204,-0.0497775015223765,NA
17,"COD","Democratic Republic of Congo",0.122282606881859,-0.0490342787037268,NA
18,"COD","Democratic Republic of Congo",0.119281057967749,-0.0482331855713102,NA
19,"COD","Democratic Republic of Congo",0.116523083012674,-0.0473768817071321,NA
20,"COD","Democratic Republic of Congo",0.114009005150219,-0.0464680915495165,NA
21,"COD","Democratic Republic of Congo",0.111738745252628,-0.0455096006575302,NA
22,"COD","Democratic Republic of Congo",0.109711822930979,-0.0445042519032882,NA
23,"COD","Democratic Republic of Congo",0.107927358044202,-0.0434549415968028,NA
24,"COD","Democratic Republic of Congo",0.106384072714883,-0.0423646155481212,NA
25,"COD","Democratic Republic of Congo",0.105080293849168,-0.0412362650715657,NA
26,"COD","Democratic Republic of Congo",0.104013956157487,-0.0400729229369643,NA
27,"COD","Democratic Republic of Congo",0.103182605672206,-0.0388776592728176,NA
28,"COD","Democratic Republic of Congo",0.102583403757734,-0.0376535774264073,NA
29,"COD","Democratic Republic of Congo",0.102213131607982,-0.0364038097859016,NA
30,"COD","Democratic Republic of Congo",0.102068195225533,-0.0351315135695561,NA
31,"COD","Democratic Republic of Congo",0.102144630876258,-0.0338398665871501,NA
32,"COD","Democratic Republic of Congo",0.102438111012571,-0.0325320629788278,NA
33,"COD","Democratic Republic of Congo",0.102943950657934,-0.0312113089365416,NA
34,"COD","Democratic Republic of Congo",0.103657114244674,-0.0298808184133151,NA
35,"COD","Democratic Republic of Congo",0.104572222896623,-0.0285438088255553,NA
36,"COD","Democratic Republic of Congo",0.105683562147573,-0.027203496753654,NA
37,"COD","Democratic Republic of Congo",0.106985090085984,-0.0258630936461169,NA
38,"COD","Democratic Republic of Congo",0.108470445915898,-0.0245258015324554,NA
39,"COD","Democratic Republic of Congo",0.110132958923484,-0.023194808750065,NA
40,"COD","Democratic Republic of Congo",0.111965657838183,-0.0218732856902963,NA
41,"COD","Democratic Republic of Congo",0.113961280576909,-0.0205643805689009,NA
42,"COD","Democratic Republic of Congo",0.116112284359328,-0.0192712152260053,NA
43,"COD","Democratic Republic of Congo",0.118410856181776,-0.0179968809607295,NA
44,"COD","Democratic Republic of Congo",0.120848923636948,-0.0167444344055243,NA
45,"COD","Democratic Republic of Congo",0.123418166066073,-0.0155168934452554,NA
46,"COD","Democratic Republic of Congo",0.126110026029891,-0.0143172331860053,NA
47,"COD","Democratic Republic of Congo",0.128915721084352,-0.013148381978506,NA
48,"COD","Democratic Republic of Congo",0.131826255846602,-0.012013217501049,NA
49,"COD","Democratic Republic of Congo",0.134832434336461,-0.0109145629066478,NA
50,"COD","Democratic Republic of Congo",0.13792487257828,-0.00985518303914935,NA
51,"COD","Democratic Republic of Congo",0.141094011447715,-0.00883778072290974,NA
52,"COD","Democratic Republic of Congo",0.144330129747698,-0.00786499313055978,NA
53,"COD","Democratic Republic of Congo",0.147623357497585,-0.00693938823329223,NA
54,"COD","Democratic Republic of Congo",0.150963689419207,-0.00606346133800383,NA
55,"COD","Democratic Republic of Congo",0.154340998603311,-0.00523963171552026,NA
56,"COD","Democratic Republic of Congo",0.157745050339652,-0.00447023932402326,NA
57,"COD","Democratic Republic of Congo",0.161165516093812,-0.00375754163168442,NA
58,"COD","Democratic Republic of Congo",0.164591987613633,-0.00310371054239118,NA
59,"COD","Democratic Republic of Congo",0.168013991147977,-0.00251082942832701,NA
60,"COD","Democratic Republic of Congo",0.17142100176043,-0.00198089027303898,NA
61,"COD","Democratic Republic of Congo",0.174802457720395,-0.00151579092849393,NA
62,"COD","Democratic Republic of Congo",0.178147774953968,-0.00111733248948718,NA
63,"COD","Democratic Republic of Congo",0.181446361536888,-0.000787216788627185,NA
64,"COD","Democratic Republic of Congo",0.184687632211812,-0.000527044014975026,NA
65,"COD","Democratic Republic of Congo",0.187861022912124,-0.000338310459268531,NA
66,"COD","Democratic Republic of Congo",0.190956005274474,-0.000222406388510326,NA
67,"COD","Democratic Republic of Congo",0.193962101122272,-0.000180614052542421,NA
68,"COD","Democratic Republic of Congo",0.196868896902353,-0.000214105825072811,NA
69,"COD","Democratic Republic of Congo",0.19966605805713,-0.00032394248145768,NA
70,"COD","Democratic Republic of Congo",0.202343343314579,-0.00051107161537918,NA
71,"COD","Democratic Republic of Congo",0.204890618878529,-0.000776326196391661,NA
72,"COD","Democratic Republic of Congo",0.207297872501821,-0.00112042327014082,NA
73,"COD","Democratic Republic of Congo",0.20955522742505,-0.00154396280288868,NA
74,"COD","Democratic Republic of Congo",0.211652956163758,-0.00204742667180482,NA
75,"COD","Democratic Republic of Congo",0.213581494127113,-0.00263117780230846,NA
76,"COD","Democratic Republic of Congo",0.215331453051318,-0.00329545945357085,NA
77,"COD","Democratic Republic of Congo",0.216893634231217,-0.00404039465310847,NA
78,"COD","Democratic Republic of Congo",0.21825904153377,-0.00486598578121966,NA
79,"COD","Democratic Republic of Congo",0.219418894177369,-0.00577211430583701,NA
80,"COD","Democratic Republic of Congo",0.220364639261211,-0.00675854066818746,NA
81,"COD","Democratic Republic of Congo",0.221087964029256,-0.00782490431947123,NA
82,"COD","Democratic Republic of Congo",0.22158080785359,-0.00897072390858925,NA
83,"COD","Democratic Republic of Congo",0.221835373922383,-0.0101953976207677,NA
84,"COD","Democratic Republic of Congo",0.221844140617929,-0.0114982036667468,NA
85,"COD","Democratic Republic of Congo",0.221599872570676,-0.0128783009220212,NA
86,"COD","Democratic Republic of Congo",0.221095631375487,-0.0143347297154371,NA
87,"COD","Democratic Republic of Congo",0.220324785956821,-0.0158664127662745,NA
88,"COD","Democratic Republic of Congo",0.219281022569884,-0.0174721562687628,NA
89,"COD","Democratic Republic of Congo",0.217958354425301,-0.0191506511228006,NA
90,"COD","Democratic Republic of Congo",0.216351130925225,-0.0209004743094774,NA
91,"COD","Democratic Republic of Congo",0.214454046499337,-0.0227200904098171,NA
92,"COD","Democratic Republic of Congo",0.212262149029613,-0.0246078532649947,NA
93,"COD","Democratic Republic of Congo",0.209770847853237,-0.0265620077761043,NA
94,"COD","Democratic Republic of Congo",0.206975921333559,-0.0285806918413917,NA
95,"COD","Democratic Republic of Congo",0.203873523989478,-0.0306619384286963,NA
96,"COD","Democratic Republic of Congo",0.200460193174177,-0.0328036777806874,NA
97,"COD","Democratic Republic of Congo",0.196732855294666,-0.0350037397503179,NA
98,"COD","Democratic Republic of Congo",0.192688831564133,-0.0372598562637615,NA
99,"COD","Democratic Republic of Congo",0.18832584327966,-0.0395696639079488,NA
100,"COD","Democratic Republic of Congo",0.183642016618432,-0.0419307066396629,NA
101,"COD","Democratic Republic of Congo",0.178635886946118,-0.0443404386130129,NA
102,"COD","Democratic Republic of Congo",0.173306402631722,-0.0467962271219574,NA
103,"COD","Democratic Republic of Congo",0.167652928363743,-0.0492953556544143,NA
104,"COD","Democratic Republic of Congo",0.161675247963118,-0.0518350270543552,NA
105,"COD","Democratic Republic of Congo",0.155373566688996,-0.0544123667881542,NA
106,"COD","Democratic Republic of Congo",0.148748513034002,-0.0570244263113355,NA
107,"COD","Democratic Republic of Congo",0.141801140006261,-0.0596681865317394,NA
108,"COD","Democratic Republic of Congo",0.134532925896068,-0.0623405613650134,NA
109,"COD","Democratic Republic of Congo",0.126945774525682,-0.0650384013782195,NA
110,"COD","Democratic Republic of Congo",0.119042014981378,-0.0677584975172447,NA
111,"COD","Democratic Republic of Congo",0.110824400827458,-0.0704975849135983,NA
112,"COD","Democratic Republic of Congo",0.102296108802595,-0.0732523467660824,NA
113,"COD","Democratic Republic of Congo",0.0934607369994567,-0.0760194182927324,NA
114,"COD","Democratic Republic of Congo",0.084322302529189,-0.0787953907483374,NA
115,"COD","Democratic Republic of Congo",0.0748852386729713,-0.0815768155027689,NA
116,"COD","Democratic Republic of Congo",0.0651543915234375,-0.0843602081752746,NA
117,"COD","Democratic Republic of Congo",0.0551350161193874,-0.087142052819823,NA
118,"COD","Democratic Republic of Congo",0.0448327720778142,-0.0899188061565199,NA
119,"COD","Democratic Republic of Congo",0.0342537187278721,-0.0926869018440662,NA
120,"COD","Democratic Republic of Congo",0.0234043097520045,-0.095442754788168,NA
121,"COD","Democratic Republic of Congo",0.0122913873400471,-0.0981827654807716,NA
122,"COD","Democratic Republic of Congo",0.000922175862697688,-0.100903324364951,NA
123,"COD","Democratic Republic of Congo",-0.0106957249286783,-0.103600816220248,NA
124,"COD","Democratic Republic of Congo",-0.0225543471683655,-0.106271624563234,NA
125,"COD","Democratic Republic of Congo",-0.0346453626006458,-0.108912136058044,NA
126,"COD","Democratic Republic of Congo",-0.046960090753531,-0.111518744931618,NA
127,"COD","Democratic Republic of Congo",-0.0594895075526907,-0.114087857388382,NA
128,"COD","Democratic Republic of Congo",-0.0722242543658717,-0.116615896019082,NA
129,"COD","Democratic Republic of Congo",-0.0851546474675675,-0.11909930419852,NA
130,"COD","Democratic Republic of Congo",-0.0982706879132117,-0.121534550466919,NA
131,"COD","Democratic Republic of Congo",-0.111562071811662,-0.123918132889676,NA
132,"COD","Democratic Republic of Congo",-0.125018200984269,-0.126246583390292,NA
133,"COD","Democratic Republic of Congo",-0.138628193998362,-0.128516472051283,NA
134,"COD","Democratic Republic of Congo",-0.152380897562514,-0.130724411377922,NA
135,"COD","Democratic Republic of Congo",-0.166264898270543,-0.132867060519691,NA
136,"COD","Democratic Republic of Congo",-0.180268534680751,-0.134941129444395,NA
137,"COD","Democratic Republic of Congo",-0.194379909716527,-0.136943383059911,NA
138,"COD","Democratic Republic of Congo",-0.208586903374032,-0.138870645278629,NA
139,"COD","Democratic Republic of Congo",-0.222877185722309,-0.140719803019696,NA
140,"COD","Democratic Republic of Congo",-0.23723823018083,-0.142487810144258,NA
141,"COD","Democratic Republic of Congo",-0.251657327059138,-0.144171691318951,NA
142,"COD","Democratic Republic of Congo",-0.266121597342901,-0.14576854580299,NA
143,"COD","Democratic Republic of Congo",-0.280618006710454,-0.147275551154299,NA
144,"COD","Democratic Republic of Congo",-0.295133379763552,-0.148689966850199,NA
145,"COD","Democratic Republic of Congo",-0.309654414455856,-0.150009137818289,NA
146,"COD","Democratic Republic of Congo",-0.324167696702379,-0.151230497873243,NA
147,"COD","Democratic Republic of Congo",-0.33865971515294,-0.152351573055378,NA
148,"COD","Democratic Republic of Congo",-0.353116876112434,-0.153369984866928,NA
149,"COD","Democratic Republic of Congo",-0.367525518590574,-0.154283453402117,NA
150,"COD","Democratic Republic of Congo",-0.381871929463565,-0.155089800367221,NA
151,"COD","Democratic Republic of Congo",-0.396142358730063,-0.15578695198694,NA
152,"COD","Democratic Republic of Congo",-0.410323034843615,-0.156372941793553,NA
153,"COD","Democratic Republic of Congo",-0.424400180103714,-0.156845913295434,NA
154,"COD","Democratic Republic of Congo",-0.438360026087482,-0.15720412252169,NA
155,"COD","Democratic Republic of Congo",-0.452188829103978,-0.157445940439775,NA
156,"COD","Democratic Republic of Congo",-0.465872885653053,-0.157569855243134,NA
157,"COD","Democratic Republic of Congo",-0.479398547870688,-0.157574474506048,NA
158,"COD","Democratic Republic of Congo",-0.492752238942739,-0.157458527203022,NA
159,"COD","Democratic Republic of Congo",-0.505920468469047,-0.157220865590212,NA
160,"COD","Democratic Republic of Congo",-0.518889847759928,-0.156860466946552,NA
161,"COD","Democratic Republic of Congo",-0.531647105047097,-0.156376435172402,NA
162,"COD","Democratic Republic of Congo",-0.544179100591222,-0.155768002243711,NA
163,"COD","Democratic Republic of Congo",-0.55647284166836,-0.155034529519848,NA
164,"COD","Democratic Republic of Congo",-0.568515497417703,-0.154175508903447,NA
165,"COD","Democratic Republic of Congo",-0.5802944135332,-0.153190563850759,NA
166,"COD","Democratic Republic of Congo",-0.591797126781781,-0.152079450231191,NA
167,"COD","Democratic Republic of Congo",-0.603011379331136,-0.150842057034912,NA
168,"COD","Democratic Republic of Congo",-0.613925132870188,-0.149478406927532,NA
169,"COD","Democratic Republic of Congo",-0.624526582505648,-0.147988656651097,NA
170,"COD","Democratic Republic of Congo",-0.634804170418294,-0.146373097270789,NA
171,"COD","Democratic Republic of Congo",-0.644746599262879,-0.144632154266904,NA
172,"COD","Democratic Republic of Congo",-0.654342845295898,-0.142766387471878,NA
173,"COD","Democratic Republic of Congo",-0.663582171215693,-0.140776490852308,NA
174,"COD","Democratic Republic of Congo",-0.67245413869979,-0.138663292136076,NA
175,"COD","Democratic Republic of Congo",-0.680948620624629,-0.136427752284914,NA
176,"COD","Democratic Republic of Congo",-0.689055812953268,-0.134070964812867,NA
177,"COD","Democratic Republic of Congo",-0.696766246277,-0.131594154951356,NA
178,"COD","Democratic Republic of Congo",-0.704070796997224,-0.128998678661675,NA
179,"COD","Democratic Republic of Congo",-0.710960698134343,-0.126286021495963,NA
180,"COD","Democratic Republic of Congo",-0.717427549750856,-0.123457797307858,NA
181,"COD","Democratic Republic of Congo",-0.723463328976307,-0.12051574681423,NA
182,"COD","Democratic Republic of Congo",-0.729060399622168,-0.117461736009538,NA
183,"COD","Democratic Republic of Congo",-0.734211521375241,-0.114297754434579,NA
184,"COD","Democratic Republic of Congo",-0.738909858558639,-0.111025913301502,NA
185,"COD","Democratic Republic of Congo",-0.743148988449902,-0.107648443477205,NA
186,"COD","Democratic Republic of Congo",-0.746922909146338,-0.104167693327321,NA
187,"COD","Democratic Republic of Congo",-0.750226046968177,-0.100586126423241,NA
188,"COD","Democratic Republic of Congo",-0.75305326339069,-0.0969063191147209,NA
189,"COD","Democratic Republic of Congo",-0.755399861496956,-0.0931309579708125,NA
190,"COD","Democratic Republic of Congo",-0.757261591943519,-0.0892628370920058,NA
191,"COD","Democratic Republic of Congo",-0.758634658431755,-0.0853048552966198,NA
192,"COD","Democratic Republic of Congo",-0.759515722678317,-0.0812600131846282,NA
193,"COD","Democratic Republic of Congo",-0.759901908878658,-0.0771314100822532,NA
194,"COD","Democratic Republic of Congo",-0.759790807658154,-0.0729222408707998,NA
195,"COD","Democratic Republic of Congo",-0.75918047950602,-0.0686357927033392,NA
196,"COD","Democratic Republic of Congo",-0.758069457687749,-0.064275441612986,NA
197,"COD","Democratic Republic of Congo",-0.756456750632458,-0.0598446490166371,NA
198,"COD","Democratic Republic of Congo",-0.754341843792106,-0.0553469581181675,NA
199,"COD","Democratic Republic of Congo",-0.751724700970199,-0.0507859902151976,NA
200,"COD","Democratic Republic of Congo",-0.74860576511816,-0.0461654409136551,NA
201,"COD","Democratic Republic of Congo",-0.744985958598237,-0.0414890762544728,NA
202,"COD","Democratic Republic of Congo",-0.740866682912371,-0.0367607287568602,NA
203,"COD","Democratic Republic of Congo",-0.736249817897115,-0.0319842933826868,NA
204,"COD","Democratic Republic of Congo",-0.731137720385316,-0.027163723426614,NA
205,"COD","Democratic Republic of Congo",-0.725533222335852,-0.0223030263366926,NA
206,"COD","Democratic Republic of Congo",-0.719439628433406,-0.017406259470232,NA
207,"COD","Democratic Republic of Congo",-0.712860713160801,-0.0124775257898202,NA
208,"COD","Democratic Republic of Congo",-0.705800717347102,-0.00752096950444558,NA
209,"COD","Democratic Republic of Congo",-0.698264344195253,-0.00254077166073983,NA
210,"COD","Democratic Republic of Congo",-0.690256754793662,0.00245885431058535,NA
211,"COD","Democratic Republic of Congo",-0.681783563116712,0.00747366708797559,NA
212,"COD","Democratic Republic of Congo",-0.672850830519816,0.0124994019867685,NA
213,"COD","Democratic Republic of Congo",-0.663465059735177,0.0175317755162083,NA
214,"COD","Democratic Republic of Congo",-0.653633188375037,0.0225664899604855,NA
215,"COD","Democratic Republic of Congo",-0.643362581949743,0.0275992379785205,NA
216,"COD","Democratic Republic of Congo",-0.632661026408552,0.0326257072171847,NA
217,"COD","Democratic Republic of Congo",-0.621536720211625,0.0376415849326377,NA
218,"COD","Democratic Republic of Congo",-0.609998265942226,0.0426425626144485,NA
219,"COD","Democratic Republic of Congo",-0.598054661468681,0.0476243406071651,NA
220,"COD","Democratic Republic of Congo",-0.585715290666159,0.0525826327239959,NA
221,"COD","Democratic Republic of Congo",-0.572989913708861,0.057513170847284,NA
222,"COD","Democratic Republic of Congo",-0.559888656943717,0.062411709510456,NA
223,"COD","Democratic Republic of Congo",-0.546422002357146,0.0672740304561622,NA
224,"COD","Democratic Republic of Congo",-0.532600776646944,0.0720959471653433,NA
225,"COD","Democratic Republic of Congo",-0.518436139911803,0.0768733093519956,NA
226,"COD","Democratic Republic of Congo",-0.503939573971411,0.0816020074184469,NA
227,"COD","Democratic Republic of Congo",-0.489122870330527,0.0862779768659986,NA
228,"COD","Democratic Republic of Congo",-0.473998117800818,0.0908972026558443,NA
229,"COD","Democratic Republic of Congo",-0.458577689794672,0.0954557235152303,NA
230,"COD","Democratic Republic of Congo",-0.442874231305544,0.0999496361838891,NA
231,"COD","Democratic Republic of Congo",-0.426900645589805,0.104375099595846,NA
232,"COD","Democratic Republic of Congo",-0.410670080565352,0.108728338991773,NA
233,"COD","Democratic Republic of Congo",-0.394195914942632,0.11300564995715,NA
234,"COD","Democratic Republic of Congo",-0.377491744103982,0.117203402381572,NA
235,"COD","Democratic Republic of Congo",-0.360571365747526,0.121318044334638,NA
236,"COD","Democratic Republic of Congo",-0.343448765312109,0.125346105853957,NA
237,"COD","Democratic Republic of Congo",-0.32613810120002,0.129284202640907,NA
238,"COD","Democratic Republic of Congo",-0.3086536898145,0.133129039659886,NA
239,"COD","Democratic Republic of Congo",-0.291009990429191,0.136877414636912,NA
240,"COD","Democratic Republic of Congo",-0.273221589906972,0.140526221453553,NA
241,"COD","Democratic Republic of Congo",-0.255303187285678,0.144072453432276,NA
242,"COD","Democratic Republic of Congo",-0.237269578248481,0.147513206509432,NA
243,"COD","Democratic Republic of Congo",-0.21913563949671,0.15084568229226,NA
244,"COD","Democratic Republic of Congo",-0.20091631304314,0.154067190996358,NA
245,"COD","Democratic Republic of Congo",-0.18262659044372,0.157175154260299,NA
246,"COD","Democratic Republic of Congo",-0.164281496985921,0.160167107834121,NA
247,"COD","Democratic Republic of Congo",-0.14589607585181,0.163040704138654,NA
248,"COD","Democratic Republic of Congo",-0.127485372274074,0.165793714692728,NA
249,"COD","Democratic Republic of Congo",-0.109064417703159,0.16842403240551,NA
250,"COD","Democratic Republic of Congo",-0.0906482140037166,0.170929673731339,NA
251,"COD","Democratic Republic of Congo",-0.0722517176984685,0.173308780684624,NA
252,"COD","Democratic Republic of Congo",-0.0538898242775998,0.175559622712509,NA
253,"COD","Democratic Republic of Congo",-0.0355773525916238,0.177680598423175,NA
254,"COD","Democratic Republic of Congo",-0.0173290293456637,0.17967023716784,NA
255,"COD","Democratic Republic of Congo",0.00084052628712683,0.181527200474669,NA
256,"COD","Democratic Republic of Congo",0.0189168179153464,0.183250283332988,NA
257,"COD","Democratic Republic of Congo",0.0368854870249021,0.184838415326362,NA
258,"COD","Democratic Republic of Congo",0.0547323279030376,0.186290661613294,NA
259,"COD","Democratic Republic of Congo",0.0724433023737946,0.187606223754461,NA
260,"COD","Democratic Republic of Congo",0.0900045543280373,0.188784440385586,NA
261,"COD","Democratic Republic of Congo",0.10740242403147,0.189824787735241,NA
262,"COD","Democratic Republic of Congo",0.124623462194294,0.190726879987032,NA
263,"COD","Democratic Republic of Congo",0.141654443786473,0.191490469485826,NA
264,"COD","Democratic Republic of Congo",0.15848238158285,0.192115446787841,NA
265,"COD","Democratic Republic of Congo",0.175094539422711,0.192601840554617,NA
266,"COD","Democratic Republic of Congo",0.191478445168687,0.192949817291063,NA
267,"COD","Democratic Republic of Congo",0.20762190335029,0.193159680927951,NA
268,"COD","Democratic Republic of Congo",0.223513007477718,0.193231872249432,NA
269,"COD","Democratic Republic of Congo",0.239140152011988,0.193166968166298,NA
270,"COD","Democratic Republic of Congo",0.25449204397781,0.192965680835927,NA
271,"COD","Democratic Republic of Congo",0.269557714206107,0.192628856629996,NA
272,"COD","Democratic Republic of Congo",0.284326528193488,0.192157474951262,NA
273,"COD","Democratic Republic of Congo",0.2987881965664,0.191552646900847,NA
274,"COD","Democratic Republic of Congo",0.312932785138247,0.190815613797669,NA
275,"COD","Democratic Republic of Congo",0.326750724548149,0.189947745551819,NA
276,"COD","Democratic Republic of Congo",0.340232819470559,0.188950538893858,NA
277,"COD","Democratic Republic of Congo",0.353370257385472,0.187825615462175,NA
278,"COD","Democratic Republic of Congo",0.366154616899433,0.186574719750715,NA
279,"COD","Democratic Republic of Congo",0.378577875608135,0.185199716919552,NA
280,"COD","Democratic Republic of Congo",0.390632417491914,0.183702590470928,NA
281,"COD","Democratic Republic of Congo",0.402311039835975,0.18208543979356,NA
282,"COD","Democratic Republic of Congo",0.413606959667816,0.180350477578139,NA
283,"COD","Democratic Republic of Congo",0.424513819704803,0.178500027107129,NA
284,"COD","Democratic Republic of Congo",0.435025693805484,0.176536519422098,NA
285,"COD","Democratic Republic of Congo",0.445137091918802,0.174462490371957,NA
286,"COD","Democratic Republic of Congo",0.454842964525945,0.172280577545633,NA
287,"COD","Democratic Republic of Congo",0.464138706570188,0.169993517092828,NA
288,"COD","Democratic Republic of Congo",0.473020160870677,0.167604140436643,NA
289,"COD","Democratic Republic of Congo",0.481483621016709,0.165115370881986,NA
290,"COD","Democratic Republic of Congo",0.489525833739693,0.162530220123783,NA
291,"COD","Democratic Republic of Congo",0.49714400076056,0.159851784659152,NA
292,"COD","Democratic Republic of Congo",0.504335780111051,0.157083242107778,NA
293,"COD","Democratic Republic of Congo",0.511099286927889,0.154227847444879,NA
294,"COD","Democratic Republic of Congo",0.517433093719489,0.1512889291512,NA
295,"COD","Democratic Republic of Congo",0.52333623010547,0.148269885284622,NA
296,"COD","Democratic Republic of Congo",0.528808182029869,0.145174179478014,NA
297,"COD","Democratic Republic of Congo",0.533848890449533,0.142005336868083,NA
298,"COD","Democratic Republic of Congo",0.538458749499853,0.138766939960022,NA
299,"COD","Democratic Republic of Congo",0.542638604140543,0.135462624432856,NA
300,"COD","Democratic Republic of Congo",0.546389747284836,0.13209607489043,NA
301,"COD","Democratic Republic of Congo",0.549713916416042,0.12867102056308,NA
302,"COD","Democratic Republic of Congo",0.552613289696026,0.125191230965022,NA
303,"COD","Democratic Republic of Congo",0.555090481570778,0.12166051151263,NA
304,"COD","Democratic Republic of Congo",0.557148537878792,0.118082699108733,NA
305,"COD","Democratic Republic of Congo",0.558790930468608,0.114461657698154,NA
306,"COD","Democratic Republic of Congo",0.560021551332409,0.110801273799726,NA
307,"COD","Democratic Republic of Congo",0.560844706263151,0.107105452020046,NA
308,"COD","Democratic Republic of Congo",0.561265108043244,0.10337811055425,NA
309,"COD","Democratic Republic of Congo",0.561287869173385,0.0996231766790947,NA
310,"COD","Democratic Republic of Congo",0.560918494150637,0.0958445822436673,NA
311,"COD","Democratic Republic of Congo",0.560162871305412,0.0920462591629997,NA
312,"COD","Democratic Republic of Congo",0.559027264207516,0.0882321349199003,NA
313,"COD","Democratic Republic of Congo",0.55751830265192,0.0844061280802808,NA
314,"COD","Democratic Republic of Congo",0.55564297323541,0.0805721438272409,NA
315,"COD","Democratic Republic of Congo",0.55340860953575,0.0767340695191554,NA
316,"COD","Democratic Republic of Congo",0.550822881905454,0.0728957702769688,NA
317,"COD","Democratic Republic of Congo",0.547893786892718,0.0690610846058726,NA
318,"COD","Democratic Republic of Congo",0.544629636302471,0.0652338200564924,NA
319,"COD","Democratic Republic of Congo",0.541039045910976,0.0614177489306674,NA
320,"COD","Democratic Republic of Congo",0.537130923847748,0.0576166040368429,NA
321,"COD","Democratic Republic of Congo",0.532914458658999,0.0538340745000449,NA
322,"COD","Democratic Republic of Congo",0.528399107067152,0.0500738016313276,NA
323,"COD","Democratic Republic of Congo",0.52359458144134,0.0463393748615229,NA
324,"COD","Democratic Republic of Congo",0.518510836994126,0.0426343277440328,NA
325,"COD","Democratic Republic of Congo",0.513158058720006,0.0389621340313306,NA
326,"COD","Democratic Republic of Congo",0.507546648091546,0.0353262038297382,NA
327,"COD","Democratic Republic of Congo",0.501687209529281,0.0317298798369588,NA
328,"COD","Democratic Republic of Congo",0.495590536661787,0.0281764336667426,NA
329,"COD","Democratic Republic of Congo",0.489267598392533,0.024669062264952,NA
330,"COD","Democratic Republic of Congo",0.482729524790382,0.0212108844211941,NA
331,"COD","Democratic Republic of Congo",0.475987592820785,0.017804937380058,NA
332,"COD","Democratic Republic of Congo",0.469053211934903,0.0144541735558883,NA
333,"COD","Democratic Republic of Congo",0.46193790953404,0.0111614573548929,NA
334,"COD","Democratic Republic of Congo",0.454653316326919,0.00792956210825373,NA
335,"COD","Democratic Republic of Congo",0.447211151597447,0.00476116711978414,NA
336,"COD","Democratic Republic of Congo",0.439623208400712,0.00165885483152657,NA
337,"COD","Democratic Republic of Congo",0.431901338705018,-0.00137489188944615,NA
338,"COD","Democratic Republic of Congo",0.424057438497843,-0.0043376923399177,NA
339,"COD","Democratic Republic of Congo",0.416103432873614,-0.00722727044213522,NA
340,"COD","Democratic Republic of Congo",0.408051261121216,-0.0100414570753302,NA
341,"COD","Democratic Republic of Congo",0.399912861829143,-0.0127781922744937,NA
342,"COD","Democratic Republic of Congo",0.391700158026159,-0.0154355272939154,NA
343,"COD","Democratic Republic of Congo",0.383425042375298,-0.0180116265331467,NA
344,"COD","Democratic Republic of Congo",0.375099362438947,-0.020504769323225,NA
345,"COD","Democratic Republic of Congo",0.366734906032657,-0.0229133515711538,NA
346,"COD","Democratic Republic of Congo",0.358343386685244,-0.0252358872608058,NA
347,"COD","Democratic Republic of Congo",0.349936429222551,-0.0274710098085937,NA
348,"COD","Democratic Republic of Congo",0.341525555492139,-0.0296174732724151,NA
349,"COD","Democratic Republic of Congo",0.333122170245956,-0.0316741534125678,NA
350,"COD","Democratic Republic of Congo",0.324737547197873,-0.0336400486034937,NA
351,"COD","Democratic Republic of Congo",0.316382815272712,-0.0355142805954036,NA
352,"COD","Democratic Republic of Congo",0.308068945063203,-0.0372960951249974,NA
353,"COD","Democratic Republic of Congo",0.299806735511007,-0.0389848623746927,NA
354,"COD","Democratic Republic of Congo",0.291606800827701,-0.0405800772799368,NA
355,"COD","Democratic Republic of Congo",0.2834795576713,-0.0420813596843764,NA
356,"COD","Democratic Republic of Congo",0.275435212593574,-0.0434884543428278,NA
357,"COD","Democratic Republic of Congo",0.267483749773137,-0.0448012307721764,NA
358,"COD","Democratic Republic of Congo",0.259634919048849,-0.0460196829505196,NA
359,"COD","Democratic Republic of Congo",0.251898224267792,-0.047143928865041,NA
360,"COD","Democratic Republic of Congo",0.244282911961634,-0.0481742099092896,NA
361,"COD","Democratic Republic of Congo",0.236797960364837,-0.0491108901307155,NA
362,"COD","Democratic Republic of Congo",0.229452068787717,-0.0499544553294919,NA
363,"COD","Democratic Republic of Congo",0.222253647356955,-0.05070551200983,NA
364,"COD","Democratic Republic of Congo",0.215210807135702,-0.051364786185171,NA
365,"COD","Democratic Republic of Congo",0.208331350634959,-0.0519331220388115,NA
1,"COG","Congo",-0.0573937498757315,-0.427016551329463,NA
2,"COG","Congo",-0.0679334260849978,-0.411782928306151,NA
3,"COG","Congo",-0.0781242108181002,-0.396719443742914,NA
4,"COG","Congo",-0.0879556132700273,-0.381851239211645,NA
5,"COG","Congo",-0.0974176476306266,-0.367203027645118,NA
6,"COG","Congo",-0.106500844425996,-0.352799061945987,NA
7,"COG","Congo",-0.115196261224632,-0.338663104200079,NA
8,"COG","Congo",-0.123495492695808,-0.324818395531055,NA
9,"COG","Congo",-0.131390680008407,-0.311287626632765,NA
10,"COG","Congo",-0.138874519559252,-0.29809290901479,NA
11,"COG","Congo",-0.145940271020749,-0.285255746995799,NA
12,"COG","Congo",-0.152581764698495,-0.272797010478455,NA
13,"COG","Congo",-0.158793408190316,-0.260736908538643,NA
14,"COG","Congo",-0.164570192339027,-0.249094963860824,NA
15,"COG","Congo",-0.169907696472072,-0.237889988050295,NA
16,"COG","Congo",-0.174802092922036,-0.227140057852063,NA
17,"COG","Congo",-0.179250150822875,-0.216862492304975,NA
18,"COG","Congo",-0.183249239177602,-0.207073830858585,NA
19,"COG","Congo",-0.186797329194003,-0.197789812479107,NA
20,"COG","Congo",-0.189892995885854,-0.1890253557696,NA
21,"COG","Congo",-0.192535418937975,-0.180794540128302,NA
22,"COG","Congo",-0.194724382834353,-0.173110587967792,NA
23,"COG","Congo",-0.196460276249405,-0.16598584801639,NA
24,"COG","Congo",-0.197744090703394,-0.159431779721859,NA
25,"COG","Congo",-0.19857741848382,-0.153458938776222,NA
26,"COG","Congo",-0.198962449835541,-0.148076963779074,NA
27,"COG","Congo",-0.198901969423217,-0.143294564055464,NA
28,"COG","Congo",-0.198399352070549,-0.139119508643009,NA
29,"COG","Congo",-0.197458557781652,-0.135558616461479,NA
30,"COG","Congo",-0.196084126050747,-0.132617747676717,NA
31,"COG","Congo",-0.194281169467218,-0.130301796269265,NA
32,"COG","Congo",-0.192055366623906,-0.12861468381667,NA
33,"COG","Congo",-0.189412954337358,-0.127559354496948,NA
34,"COG","Congo",-0.186360719189561,-0.127137771319239,NA
35,"COG","Congo",-0.182905988401499,-0.127350913586202,NA
36,"COG","Congo",-0.179056620049673,-0.128198775591215,NA
37,"COG","Congo",-0.174820992637501,-0.129680366551979,NA
38,"COG","Congo",-0.170207994034298,-0.13179371178061,NA
39,"COG","Congo",-0.165227009795269,-0.134535855088845,NA
40,"COG","Congo",-0.159887910876704,-0.137902862425486,NA
41,"COG","Congo",-0.154201040761282,-0.141889826741737,NA
42,"COG","Congo",-0.148177202009083,-0.146490874078605,NA
43,"COG","Congo",-0.141827642250605,-0.15169917086906,NA
44,"COG","Congo",-0.135164039638746,-0.157506932446223,NA
45,"COG","Congo",-0.12819848777735,-0.163905432747347,NA
46,"COG","Congo",-0.12094348014455,-0.170885015201972,NA
47,"COG","Congo",-0.113411894029722,-0.178435104791175,NA
48,"COG","Congo",-0.105616974003489,-0.186544221263443,NA
49,"COG","Congo",-0.0975723149407101,-0.195199993491309,NA
50,"COG","Congo",-0.0892918446169755,-0.204389174951502,NA
51,"COG","Congo",-0.080789805899613,-0.214097660310031,NA
52,"COG","Congo",-0.0720807385546922,-0.224310503092285,NA
53,"COG","Congo",-0.0631794606919844,-0.235011934416912,NA
54,"COG","Congo",-0.0541010498702588,-0.246185382770988,NA
55,"COG","Congo",-0.0448608238857037,-0.257813494802701,NA
56,"COG","Congo",-0.035474321266641,-0.269878157106582,NA
57,"COG","Congo",-0.0259572814980499,-0.282360518975082,NA
58,"COG","Congo",-0.0163256249997427,-0.295241016089169,NA
59,"COG","Congo",-0.00659543288232631,-0.308499395119455,NA
60,"COG","Congo",0.0032170734946497,-0.322114739208282,NA
61,"COG","Congo",0.0130955531377211,-0.336065494302125,NA
62,"COG","Congo",0.0230235661828677,-0.350329496302647,NA
63,"COG","Congo",0.0329845947821815,-0.364883999003756,NA
64,"COG","Congo",0.0429620640886729,-0.379705702781045,NA
65,"COG","Congo",0.052939363313928,-0.39477078399912,NA
66,"COG","Congo",0.0628998668332393,-0.41005492510141,NA
67,"COG","Congo",0.0728269553127753,-0.425533345346261,NA
68,"COG","Congo",0.0827040368333317,-0.441180832152317,NA
69,"COG","Congo",0.0925145679851989,-0.456971773015443,NA
70,"COG","Congo",0.102242074908728,-0.47288018795877,NA
71,"COG","Congo",0.111870174255224,-0.488879762476778,NA
72,"COG","Congo",0.121382594042912,-0.50494388093373,NA
73,"COG","Congo",0.130763194382813,-0.521045660376219,NA
74,"COG","Congo",0.139995988049555,-0.537157984719093,NA
75,"COG","Congo",0.149065160872303,-0.553253539263534,NA
76,"COG","Congo",0.157955091921216,-0.569304845505687,NA
77,"COG","Congo",0.166650373465071,-0.585284296193856,NA
78,"COG","Congo",0.17513583067599,-0.60116419059199,NA
79,"COG","Congo",0.183396541057466,-0.616916769906896,NA
80,"COG","Congo",0.191417853572254,-0.632514252836432,NA
81,"COG","Congo",0.199185407447011,-0.647928871195761,NA
82,"COG","Congo",0.20668515063099,-0.663132905578641,NA
83,"COG","Congo",0.213903357886473,-0.678098721010667,NA
84,"COG","Congo",0.220826648489072,-0.692798802551391,NA
85,"COG","Congo",0.227442003516513,-0.70720579080226,NA
86,"COG","Congo",0.23373678270497,-0.721292517277456,NA
87,"COG","Congo",0.239698740852556,-0.735032039594812,NA
88,"COG","Congo",0.245316043750113,-0.748397676444243,NA
89,"COG","Congo",0.250577283619991,-0.761363042291322,NA
90,"COG","Congo",0.255471494044102,-0.773902081773967,NA
91,"COG","Congo",0.259988164363143,-0.78598910375055,NA
92,"COG","Congo",0.264117253529503,-0.797598814958135,NA
93,"COG","Congo",0.267849203397024,-0.808706353239986,NA
94,"COG","Congo",0.271174951431448,-0.819287320302029,NA
95,"COG","Congo",0.274085942826084,-0.829317813958447,NA
96,"COG","Congo",0.276574142007928,-0.838774459827213,NA
97,"COG","Congo",0.278632043520178,-0.847634442437,NA
98,"COG","Congo",0.280252682267872,-0.855875535707588,NA
99,"COG","Congo",0.281429643114075,-0.863476132766621,NA
100,"COG","Congo",0.282157069814872,-0.870415275066352,NA
101,"COG","Congo",0.282429673282154,-0.876672680764829,NA
102,"COG","Congo",0.282242739164042,-0.882228772336816,NA
103,"COG","Congo",0.281592134733557,-0.8870647033807,NA
104,"COG","Congo",0.280474315076984,-0.891162384588507,NA
105,"COG","Congo",0.278886328574228,-0.894504508847204,NA
106,"COG","Congo",0.276825821664278,-0.897074575440423,NA
107,"COG","Congo",0.274291042889754,-0.898856913320852,NA
108,"COG","Congo",0.271280846215375,-0.899836703424606,NA
109,"COG","Congo",0.26779469361605,-0.9,NA
110,"COG","Congo",0.263832656931152,-0.899333750924368,NA
111,"COG","Congo",0.259395418982425,-0.89782581698369,NA
112,"COG","Congo",0.254484273953832,-0.89546499009107,NA
113,"COG","Congo",0.249101127032558,-0.892241010421329,NA
114,"COG","Congo",0.243248493311231,-0.88814458244026,NA
115,"COG","Congo",0.236929495952315,-0.883167389808419,NA
116,"COG","Congo",0.230147863616536,-0.877302109140604,NA
117,"COG","Congo",0.22290792715802,-0.870542422603594,NA
118,"COG","Congo",0.21521461558976,-0.862883029336029,NA
119,"COG","Congo",0.207073451323843,-0.854319655675744,NA
120,"COG","Congo",0.198490544691781,-0.844849064181266,NA
121,"COG","Congo",0.189472587751105,-0.8344690614356,NA
122,"COG","Congo",0.180026847385265,-0.823178504621895,NA
123,"COG","Congo",0.170161157704701,-0.810977306862006,NA
124,"COG","Congo",0.159883911757793,-0.797866441310445,NA
125,"COG","Congo",0.149204052561221,-0.783847943997697,NA
126,"COG","Congo",0.138131063460076,-0.768924915418328,NA
127,"COG","Congo",0.126674957828855,-0.753101520860844,NA
128,"COG","Congo",0.11484626812528,-0.736382989477689,NA
129,"COG","Congo",0.102656034309636,-0.718775612095332,NA
130,"COG","Congo",0.0901157916430774,-0.700286737765825,NA
131,"COG","Congo",0.0772375578791187,-0.680924769062743,NA
132,"COG","Congo",0.0640338198632239,-0.660699156125895,NA
133,"COG","Congo",0.0505175195561257,-0.639620389460673,NA
134,"COG","Congo",0.0367020394972036,-0.617699991499389,NA
135,"COG","Congo",0.0226011877249057,-0.594950506933422,NA
136,"COG","Congo",0.00822918217185842,-0.571385491826448,NA
137,"COG","Congo",-0.00639936544707082,-0.547019501520475,NA
138,"COG","Congo",-0.0212694662348743,-0.521868077347841,NA
139,"COG","Congo",-0.0363657711812129,-0.495947732163751,NA
140,"COG","Congo",-0.0516725886799037,-0.469275934715332,NA
141,"COG","Congo",-0.0671739024745318,-0.44187109286455,NA
142,"COG","Congo",-0.0828533900111013,-0.413752535683729,NA
143,"COG","Congo",-0.0986944411761687,-0.384940494443716,NA
144,"COG","Congo",-0.114680177398424,-0.355456082516086,NA
145,"COG","Congo",-0.130793471091258,-0.325321274212039,NA
146,"COG","Congo",-0.14701696541344,-0.294558882581939,NA
147,"COG","Congo",-0.163333094324636,-0.263192536200666,NA
148,"COG","Congo",-0.179724102912162,-0.231246654965156,NA
149,"COG","Congo",-0.196172067965023,-0.198746424931686,NA
150,"COG","Congo",-0.212658918770989,-0.165717772221622,NA
151,"COG","Congo",-0.229166458112193,-0.132187336025419,NA
152,"COG","Congo",-0.245676383434497,-0.0981824407357931,NA
153,"COG","Congo",-0.262170308165647,-0.0637310672419622,NA
154,"COG","Congo",-0.278629783157063,-0.028861823417919,NA
155,"COG","Congo",-0.295036318223964,0.00639608616139609,NA
156,"COG","Congo",-0.311371403758376,0.0420128912411823,NA
157,"COG","Congo",-0.327616532389522,0.0779582876094356,NA
158,"COG","Congo",-0.343753220665976,0.114201469484629,NA
159,"COG","Congo",-0.359763030733986,0.150711162531078,NA
160,"COG","Congo",-0.375627591986318,0.187455657463895,NA
161,"COG","Congo",-0.39132862265604,0.224402844204734,NA
162,"COG","Congo",-0.40684795132969,0.261520246548851,NA
163,"COG","Congo",-0.422167538354393,0.298775057303409,NA
164,"COG","Congo",-0.437269497113584,0.336134173856363,NA
165,"COG","Congo",-0.452136115146151,0.373564234134762,NA
166,"COG","Congo",-0.466749875083993,0.41103165291081,NA
167,"COG","Congo",-0.481093475383201,0.448502658413623,NA
168,"COG","Congo",-0.495149850824295,0.485943329204235,NA
169,"COG","Congo",-0.508902192757213,0.523319631271076,NA
170,"COG","Congo",-0.522333969067069,0.560597455302889,NA
171,"COG","Congo",-0.535428943836993,0.597742654095798,NA
172,"COG","Congo",-0.548171196684729,0.634721080051118,NA
173,"COG","Congo",-0.560545141750048,0.671498622720313,NA
174,"COG","Congo",-0.572535546310433,0.708041246353494,NA
175,"COG","Congo",-0.58412754900294,0.744315027407796,NA
176,"COG","Congo",-0.595306677630573,0.780286191972027,NA
177,"COG","Congo",-0.606058866532024,0.815921153064042,NA
178,"COG","Congo",-0.616370473494128,0.851186547757464,NA
179,"COG","Congo",-0.626228296186907,0.886049274094541,NA
180,"COG","Congo",-0.635619588101649,0.920476527742153,NA
181,"COG","Congo",-0.644532073973055,0.954435838348307,NA
182,"COG","Congo",-0.652953964667067,0.987895105556768,NA
183,"COG","Congo",-0.660873971516646,1.02082263463788,NA
184,"COG","Congo",-0.668281320088387,1.05318717169403,NA
185,"COG","Congo",-0.675165763363559,1.08495793839883,NA
186,"COG","Congo",-0.681517594317807,1.11610466622935,NA
187,"COG","Congo",-0.687327657884485,1.14659763015169,NA
188,"COG","Congo",-0.692587362287313,1.17640768172046,NA
189,"COG","Congo",-0.69728868972877,1.20550628155371,NA
190,"COG","Congo",-0.701424206421416,1.23386553114522,NA
191,"COG","Congo",-0.704987071950091,1.2614582039774,NA
192,"COG","Congo",-0.707971047953734,1.28825777589802,NA
193,"COG","Congo",-0.710370506116363,1.31423845472585,NA
194,"COG","Congo",-0.712180435457568,1.3393752090502,NA
195,"COG","Congo",-0.713396448913687,1.36364379619112,NA
196,"COG","Congo",-0.714014789201681,1.38702078928731,NA
197,"COG","Congo",-0.714032333958565,1.40948360348044,NA
198,"COG","Congo",-0.713446600150086,1.43101052116503,NA
199,"COG","Congo",-0.71225574774323,1.45158071627457,NA
200,"COG","Congo",-0.710458582637975,1.47117427757556,NA
201,"COG","Congo",-0.708054558854602,1.48977223094209,NA
202,"COG","Congo",-0.705043779973742,1.50735656058517,NA
203,"COG","Congo",-0.701426999827206,1.52391022921187,NA
204,"COG","Congo",-0.697205622438559,1.53941719709081,NA
205,"COG","Congo",-0.692381701213242,1.55386244000167,NA
206,"COG","Congo",-0.686957937378957,1.56723196604786,NA
207,"COG","Congo",-0.680937677677903,1.57951283131262,NA
208,"COG","Congo",-0.67432491131334,1.59069315434031,NA
209,"COG","Congo",-0.667124266153816,1.60076212942597,NA
210,"COG","Congo",-0.659341004199289,1.6097100386977,NA
211,"COG","Congo",-0.650981016314235,1.61752826297763,NA
212,"COG","Congo",-0.642050816233695,1.62420929140891,NA
213,"COG","Congo",-0.632557533849072,1.62974672983745,NA
214,"COG","Congo",-0.622508907781339,1.63413530793858,NA
215,"COG","Congo",-0.611913277250157,1.63737088508041,NA
216,"COG","Congo",-0.600779573248229,1.639450454917,NA
217,"COG","Congo",-0.589117309031038,1.64037214870597,NA
218,"COG","Congo",-0.576936569932929,1.64013523734676,NA
219,"COG","Congo",-0.56424800252126,1.63874013213709,NA
220,"COG","Congo",-0.551062803101183,1.6361883842468,NA
221,"COG","Congo",-0.537392705584309,1.63248268290975,NA
222,"COG","Congo",-0.523249968735326,1.62762685233586,NA
223,"COG","Congo",-0.508647362811329,1.62162584734683,NA
224,"COG","Congo",-0.493598155609357,1.61448574774093,NA
225,"COG","Congo",-0.478116097938313,1.60621375139314,NA
226,"COG","Congo",-0.462215408532153,1.59681816609901,NA
227,"COG","Congo",-0.445910758421833,1.58630840017156,NA
228,"COG","Congo",-0.429217254784213,1.57469495180246,NA
229,"COG","Congo",-0.412150424286651,1.56198939719973,NA
230,"COG","Congo",-0.3947261959467,1.54820437751605,NA
231,"COG","Congo",-0.376960883526811,1.53335358458277,NA
232,"COG","Congo",-0.358871167484556,1.51745174546651,NA
233,"COG","Congo",-0.34047407649937,1.50051460586634,NA
234,"COG","Congo",-0.321786968597327,1.48255891237088,NA
235,"COG","Congo",-0.302827511895929,1.46360239359624,NA
236,"COG","Congo",-0.283613664991353,1.44366374022678,NA
237,"COG","Congo",-0.264163657010979,1.42276258398198,NA
238,"COG","Congo",-0.24449596735448,1.4009194755341,NA
239,"COG","Congo",-0.224629305147056,1.37815586140248,NA
240,"COG","Congo",-0.204582588428784,1.35449405985133,NA
241,"COG","Congo",-0.184374923104326,1.32995723581937,NA
242,"COG","Congo",-0.16402558167756,1.30456937491057,NA
243,"COG","Congo",-0.143553981795896,1.27835525647626,NA
244,"COG","Congo",-0.12297966462934,1.25134042582028,NA
245,"COG","Congo",-0.102322273109474,1.22355116555949,NA
246,"COG","Congo",-0.081601530053759,1.19501446617314,NA
247,"COG","Congo",-0.0608372162006567,1.16575799577551,NA
248,"COG","Congo",-0.0400491481811946,1.13581006914717,NA
249,"COG","Congo",-0.0192571564526471,1.10519961606088,NA
250,"COG","Congo",0.00151893677991033,1.07395614893928,NA
251,"COG","Congo",0.0222593396284603,1.04210972988206,NA
252,"COG","Congo",0.0429443125475488,1.009690937101,NA
253,"COG","Congo",0.0635541902948064,0.97673083080224,NA
254,"COG","Congo",0.0840694038008266,0.943260918555425,NA
255,"COG","Congo",0.104470501922958,0.909313120190181,NA
256,"COG","Congo",0.124738173057614,0.874919732260891,NA
257,"COG","Congo",0.144853266585948,0.840113392121151,NA
258,"COG","Congo",0.164796814127863,0.804927041649843,NA
259,"COG","Congo",0.184550050579643,0.769393890671048,NA
260,"COG","Congo",0.20409443491065,0.733547380110478,NA
261,"COG","Congo",0.223411670694902,0.697421144931303,NA
262,"COG","Congo",0.242483726353612,0.661048976892576,NA
263,"COG","Congo",0.261292855085119,0.624464787173586,NA
264,"COG","Congo",0.279821614459029,0.587702568907671,NA
265,"COG","Congo",0.298052885651766,0.550796359669065,NA
266,"COG","Congo",0.315969892301147,0.513780203956444,NA
267,"COG","Congo",0.33355621895809,0.476688115716763,NA
268,"COG","Congo",0.350795829113967,0.439554040952993,NA
269,"COG","Congo",0.367673082782713,0.402411820459157,NA
270,"COG","Congo",0.384172753617216,0.365295152726013,NA
271,"COG","Congo",0.400280045540176,0.328237557060399,NA
272,"COG","Congo",0.415980608870108,0.291272336961068,NA
273,"COG","Congo",0.431260555923796,0.254432543793526,NA
274,"COG","Congo",0.446106476077149,0.217750940805941,NA
275,"COG","Congo",0.460505450266988,0.181259967527861,NA
276,"COG","Congo",0.474445064917013,0.144991704592983,NA
277,"COG","Congo",0.487913425271849,0.108977839026667,NA
278,"COG","Congo",0.500899168123774,0.0732496300383891,NA
279,"COG","Congo",0.513391473917449,0.0378378753586568,NA
280,"COG","Congo",0.525380078218721,0.00277287815928981,NA
281,"COG","Congo",0.536855282534288,-0.0319155854047209,NA
282,"COG","Congo",0.547807964469817,-0.0661982979943759,NA
283,"COG","Congo",0.558229587214863,-0.100046632190145,NA
284,"COG","Congo",0.568112208343743,-0.133432580863986,NA
285,"COG","Congo",0.577448487922331,-0.166328786784938,NA
286,"COG","Congo",0.586231695911537,-0.198708571424262,NA
287,"COG","Congo",0.594455718859099,-0.230545962927074,NA
288,"COG","Congo",0.602115065872121,-0.2618157232184,NA
289,"COG","Congo",0.609204873863666,-0.292493374212591,NA
290,"COG","Congo",0.615720912067558,-0.322555223096175,NA
291,"COG","Congo",0.6216595858164,-0.351978386655235,NA
292,"COG","Congo",0.627017939578723,-0.380740814619647,NA
293,"COG","Congo",0.631793659251995,-0.408821311997571,NA
294,"COG","Congo",0.635985073709165,-0.436199560374911,NA
295,"COG","Congo",0.639591155597234,-0.462856138155568,NA
296,"COG","Congo",0.642611521387275,-0.488772539719708,NA
297,"COG","Congo",0.645046430676187,-0.513931193478402,NA
298,"COG","Congo",0.64689678474134,-0.538315478804468,NA
299,"COG","Congo",0.648164124350177,-0.561909741820534,NA
300,"COG","Congo",0.648850626827693,-0.584699310026823,NA
301,"COG","Congo",0.648959102385593,-0.606670505752445,NA
302,"COG","Congo",0.648492989717807,-0.627810658415458,NA
303,"COG","Congo",0.647456350867899,-0.648108115578296,NA
304,"COG","Congo",0.645853865374769,-0.667552252786682,NA
305,"COG","Congo",0.643690823703889,-0.686133482181494,NA
306,"COG","Congo",0.64097311997216,-0.7038432598746,NA
307,"COG","Congo",0.637707243975326,-0.720674092081071,NA
308,"COG","Congo",0.633900272527664,-0.736619540001707,NA
309,"COG","Congo",0.62955986012452,-0.751674223451249,NA
310,"COG","Congo",0.624694228939023,-0.765833823229206,NA
311,"COG","Congo",0.619312158165131,-0.779095082231623,NA
312,"COG","Congo",0.613422972719878,-0.791455805303704,NA
313,"COG","Congo",0.607036531318513,-0.802914857834617,NA
314,"COG","Congo",0.60016321393689,-0.813472163097367,NA
315,"COG","Congo",0.59281390867625,-0.823128698338042,NA
316,"COG","Congo",0.584999998046181,-0.831886489620287,NA
317,"COG","Congo",0.576733344682282,-0.839748605432267,NA
318,"COG","Congo",0.568026276515669,-0.846719149064913,NA
319,"COG","Congo",0.558891571412152,-0.852803249771632,NA
320,"COG","Congo",0.549342441299486,-0.858007052721169,NA
321,"COG","Congo",0.539392515801745,-0.862337707756673,NA
322,"COG","Congo",0.52905582540041,-0.865803356975489,NA
323,"COG","Congo",0.518346784142348,-0.868413121145551,NA
324,"COG","Congo",0.507280171915346,-0.870177084975647,NA
325,"COG","Congo",0.495871116312437,-0.871106281258168,NA
326,"COG","Congo",0.48413507410665,-0.871212673904301,NA
327,"COG","Congo",0.472087812358353,-0.870509139892924,NA
328,"COG","Congo",0.459745389177733,-0.869009450155735,NA
329,"COG","Congo",0.44712413416538,-0.866728249422419,NA
330,"COG","Congo",0.434240628554314,-0.863681035050881,NA
331,"COG","Congo",0.421111685077134,-0.859884134868756,NA
332,"COG","Congo",0.407754327582309,-0.855354684053583,NA
333,"COG","Congo",0.394185770423886,-0.850110601080167,NA
334,"COG","Congo",0.380423397649178,-0.844170562764744,NA
335,"COG","Congo",0.366484742009227,-0.837553978436617,NA
336,"COG","Congo",0.352387463817022,-0.830280963268994,NA
337,"COG","Congo",0.338149329678652,-0.82237231080169,NA
338,"COG","Congo",0.323788191122675,-0.813849464689369,NA
339,"COG","Congo",0.309321963153157,-0.804734489709851,NA
340,"COG","Congo",0.294768602751863,-0.795050042067925,NA
341,"COG","Congo",0.280146087355164,-0.784819339030905,NA
342,"COG","Congo",0.265472393331243,-0.77406612793296,NA
343,"COG","Congo",0.250765474483169,-0.762814654585978,NA
344,"COG","Congo",0.23604324060338,-0.751089631135442,NA
345,"COG","Congo",0.22132353610503,-0.738916203400399,NA
346,"COG","Congo",0.206624118755583,-0.726319917737255,NA
347,"COG","Congo",0.191962638537877,-0.713326687467641,NA
348,"COG","Congo",0.17735661666376,-0.699962758911117,NA
349,"COG","Congo",0.162823424765165,-0.686254677063947,NA
350,"COG","Congo",0.148380264287335,-0.672229250965564,NA
351,"COG","Congo",0.134044146108571,-0.657913518794709,NA
352,"COG","Congo",0.119831870410733,-0.643334712737567,NA
353,"COG","Congo",0.105760006824257,-0.628520223670402,NA
354,"COG","Congo",0.0918448748712779,-0.613497565699517,NA
355,"COG","Congo",0.0781025247299589,-0.598294340601387,NA
356,"COG","Congo",0.0645487183428238,-0.58293820220603,NA
357,"COG","Congo",0.0511989108914383,-0.56745682076668,NA
358,"COG","Congo",0.0380682326593375,-0.551877847358814,NA
359,"COG","Congo",0.0251714713046637,-0.536228878351598,NA
360,"COG","Congo",0.0125230545634404,-0.520537419994637,NA
361,"COG","Congo",0.000137033403938981,-0.504830853162836,NA
362,"COG","Congo",-0.011972934347997,-0.489136398301918,NA
363,"COG","Congo",-0.0237935998933203,-0.473481080616931,NA
364,"COG","Congo",-0.0353121388351254,-0.45789169554576,NA
365,"COG","Congo",-0.0465161660268359,-0.442394774559281,NA
1,"ERI","Eritrea",-0.529145040013867,-0.877072143088518,"Niger"
2,"ERI","Eritrea",-0.51089121111148,-0.871381194221947,"Niger"
3,"ERI","Eritrea",-0.492741095035432,-0.86512233771894,"Niger"
4,"ERI","Eritrea",-0.474724595657744,-0.858315102732751,"Niger"
5,"ERI","Eritrea",-0.456871245843984,-0.850979527019504,"Niger"
6,"ERI","Eritrea",-0.439210170027133,-0.843136129642548,"Niger"
7,"ERI","Eritrea",-0.421770047329245,-0.834805883149313,"Niger"
8,"ERI","Eritrea",-0.404579075275318,-0.826010185254657,"Niger"
9,"ERI","Eritrea",-0.387664934143063,-0.816770830065301,"Niger"
10,"ERI","Eritrea",-0.371054751991485,-0.807109978880473,"Niger"
11,"ERI","Eritrea",-0.354775070410364,-0.797050130604358,"Niger"
12,"ERI","Eritrea",-0.338851811031848,-0.786614091806408,"Niger"
13,"ERI","Eritrea",-0.323310242844457,-0.775824946465967,"Niger"
14,"ERI","Eritrea",-0.308174950348817,-0.764706025438033,"Niger"
15,"ERI","Eritrea",-0.293469802593424,-0.753280875677267,"Niger"
16,"ERI","Eritrea",-0.279217923127685,-0.741573229257676,"Niger"
17,"ERI","Eritrea",-0.265441660908354,-0.729606972225576,"Niger"
18,"ERI","Eritrea",-0.25216256219437,-0.71740611332366,"Niger"
19,"ERI","Eritrea",-0.23940134346386,-0.704994752624113,"Niger"
20,"ERI","Eritrea",-0.227177865385876,-0.692397050108808,"Niger"
21,"ERI","Eritrea",-0.215511107878158,-0.679637194234675,"Niger"
22,"ERI","Eritrea",-0.204419146280883,-0.666739370522335,"Niger"
23,"ERI","Eritrea",-0.193919128675056,-0.653727730206014,"Niger"
24,"ERI","Eritrea",-0.184027254372772,-0.640626358982729,"Niger"
25,"ERI","Eritrea",-0.174758753605221,-0.627459245898522,"Niger"
26,"ERI","Eritrea",-0.166127868432813,-0.614250252409414,"Niger"
27,"ERI","Eritrea",-0.158147834900384,-0.60102308165446,"Niger"
28,"ERI","Eritrea",-0.150830866458886,-0.587801247978074,"Niger"
29,"ERI","Eritrea",-0.144188138673509,-0.574608046738433,"Niger"
30,"ERI","Eritrea",-0.138229775236572,-0.561466524438446,"Niger"
31,"ERI","Eritrea",-0.132964835301993,-0.548399449215342,"Niger"
32,"ERI","Eritrea",-0.128401302156548,-0.535429281724525,"Niger"
33,"ERI","Eritrea",-0.12454607324152,-0.522578146452812,"Niger"
34,"ERI","Eritrea",-0.121404951536711,-0.509867803495683,"Niger"
35,"ERI","Eritrea",-0.118982638317167,-0.497319620832583,"Niger"
36,"ERI","Eritrea",-0.117282727291305,-0.484954547133699,"Niger"
37,"ERI","Eritrea",-0.116307700127482,-0.472793085131005,"Niger"
38,"ERI","Eritrea",-0.116058923374358,-0.460855265585665,"Niger"
39,"ERI","Eritrea",-0.116536646778757,-0.449160621883164,"Niger"
40,"ERI","Eritrea",-0.117740003003034,-0.437728165286763,"Niger"
41,"ERI","Eritrea",-0.119667008742276,-0.426576360879087,"Niger"
42,"ERI","Eritrea",-0.122314567239987,-0.415723104220818,"Niger"
43,"ERI","Eritrea",-0.125678472199236,-0.405185698754567,"Niger"
44,"ERI","Eritrea",-0.129753413084542,-0.394980833981144,"Niger"
45,"ERI","Eritrea",-0.134532981808143,-0.385124564434458,"Niger"
46,"ERI","Eritrea",-0.14000968079258,-0.375632289480354,"Niger"
47,"ERI","Eritrea",-0.146174932399931,-0.366518733963664,"Niger"
48,"ERI","Eritrea",-0.153019089716335,-0.357797929726736,"Niger"
49,"ERI","Eritrea",-0.160531448678855,-0.349483198021658,"Niger"
50,"ERI","Eritrea",-0.168700261530094,-0.341587132837302,"Niger"
51,"ERI","Eritrea",-0.17751275158439,-0.334121585161212,"Niger"
52,"ERI","Eritrea",-0.186955129287855,-0.32709764819522,"Niger"
53,"ERI","Eritrea",-0.197012609552922,-0.320525643542544,"Niger"
54,"ERI","Eritrea",-0.207669430346595,-0.314415108382937,"Niger"
55,"ERI","Eritrea",-0.218908872510025,-0.308774783651246,"Niger"
56,"ERI","Eritrea",-0.230713280785609,-0.303612603233562,"Niger"
57,"ERI","Eritrea",-0.243064086026318,-0.298935684193889,"Niger"
58,"ERI","Eritrea",-0.255941828560555,-0.29475031804303,"Niger"
59,"ERI","Eritrea",-0.269326182684444,-0.291061963060118,"Niger"
60,"ERI","Eritrea",-0.283195982252113,-0.287875237675968,"Niger"
61,"ERI","Eritrea",-0.297529247333177,-0.285193914926128,"Niger"
62,"ERI","Eritrea",-0.312303211905376,-0.283020917980229,"Niger"
63,"ERI","Eritrea",-0.327494352549052,-0.281358316752929,"Niger"
64,"ERI","Eritrea",-0.343078418108955,-0.280207325600453,"Niger"
65,"ERI","Eritrea",-0.359030460287687,-0.279568302105401,"Niger"
66,"ERI","Eritrea",-0.375324865133987,-0.279440746951211,"Niger"
67,"ERI","Eritrea",-0.391935385387959,-0.279823304886336,"Niger"
68,"ERI","Eritrea",-0.408835173644319,-0.280713766776866,"Niger"
69,"ERI","Eritrea",-0.425996816293753,-0.282109072745058,"Niger"
70,"ERI","Eritrea",-0.443392368201532,-0.284005316389869,"Niger"
71,"ERI","Eritrea",-0.460993388081615,-0.286397750084343,"Niger"
72,"ERI","Eritrea",-0.478770974523675,-0.28928079134335,"Niger"
73,"ERI","Eritrea",-0.496695802629643,-0.29264803025393,"Niger"
74,"ERI","Eritrea",-0.514738161215647,-0.296492237959184,"Niger"
75,"ERI","Eritrea",-0.532867990534527,-0.300805376185395,"Niger"
76,"ERI","Eritrea",-0.551054920473486,-0.30557860780081,"Niger"
77,"ERI","Eritrea",-0.569268309180825,-0.310802308393253,"Niger"
78,"ERI","Eritrea",-0.587477282075213,-0.316466078852524,"Niger"
79,"ERI","Eritrea",-0.605650771190461,-0.322558758942332,"Niger"
80,"ERI","Eritrea",-0.623757554808352,-0.329068441845289,"Niger"
81,"ERI","Eritrea",-0.641766297331711,-0.335982489663352,"Niger"
82,"ERI","Eritrea",-0.659645589349625,-0.343287549854926,"Niger"
83,"ERI","Eritrea",-0.677363987846449,-0.350969572588706,"Niger"
84,"ERI","Eritrea",-0.694890056506056,-0.359013828993249,"Niger"
85,"ERI","Eritrea",-0.712192406062676,-0.36740493028017,"Niger"
86,"ERI","Eritrea",-0.729239734649569,-0.376126847717796,"Niger"
87,"ERI","Eritrea",-0.746000868096784,-0.385162933431102,"Niger"
88,"ERI","Eritrea",-0.762444800129302,-0.394495942002736,"Niger"
89,"ERI","Eritrea",-0.778540732416947,-0.404108052848977,"Niger"
90,"ERI","Eritrea",-0.794258114427621,-0.413980893343541,"Niger"
91,"ERI","Eritrea",-0.809566683035643,-0.424095562661217,"Niger"
92,"ERI","Eritrea",-0.824436501837238,-0.434432656312487,"Niger"
93,"ERI","Eritrea",-0.838838000125548,-0.44497229133939,"Niger"
94,"ERI","Eritrea",-0.852742011477955,-0.455694132142139,"Niger"
95,"ERI","Eritrea",-0.866119811908912,-0.466577416905204,"Niger"
96,"ERI","Eritrea",-0.878943157542025,-0.477600984590849,"Niger"
97,"ERI","Eritrea",-0.891184321755634,-0.488743302467425,"Niger"
98,"ERI","Eritrea",-0.902816131756806,-0.49998249413907,"Niger"
99,"ERI","Eritrea",-0.913812004539281,-0.511296368042849,"Niger"
100,"ERI","Eritrea",-0.924145982181632,-0.522662446378796,"Niger"
101,"ERI","Eritrea",-0.933792766442709,-0.534057994437795,"Niger"
102,"ERI","Eritrea",-0.942727752612188,-0.545460050291745,"Niger"
103,"ERI","Eritrea",-0.950927062575003,-0.556845454810001,"Niger"
104,"ERI","Eritrea",-0.958367577049285,-0.568190881965692,"Niger"
105,"ERI","Eritrea",-0.965026966958443,-0.579472869395144,"Niger"
106,"ERI","Eritrea",-0.970883723899034,-0.590667849173332,"Niger"
107,"ERI","Eritrea",-0.975917189667121,-0.601752178768001,"Niger"
108,"ERI","Eritrea",-0.98010758480692,-0.612702172134879,"Niger"
109,"ERI","Eritrea",-0.98343603614671,-0.623494130916209,"Niger"
110,"ERI","Eritrea",-0.985884603288153,-0.634104375704709,"Niger"
111,"ERI","Eritrea",-0.987436304016399,-0.644509277334952,"Niger"
112,"ERI","Eritrea",-0.988075138599644,-0.654685288164135,"Niger"
113,"ERI","Eritrea",-0.987786112948098,-0.664608973304185,"Niger"
114,"ERI","Eritrea",-0.986555260603671,-0.674257041767201,"Niger"
115,"ERI","Eritrea",-0.984369663533065,-0.683606377486324,"Niger"
116,"ERI","Eritrea",-0.981217471698379,-0.692634070174255,"Niger"
117,"ERI","Eritrea",-0.977087921380758,-0.70131744598182,"Niger"
118,"ERI","Eritrea",-0.971971352234108,-0.709634097919208,"Niger"
119,"ERI","Eritrea",-0.96585922304739,-0.717561916002777,"Niger"
120,"ERI","Eritrea",-0.958744126195538,-0.725079117090631,"Niger"
121,"ERI","Eritrea",-0.950619800760579,-0.732164274370535,"Niger"
122,"ERI","Eritrea",-0.941481144306132,-0.738796346464125,"Niger"
123,"ERI","Eritrea",-0.931324223290034,-0.74495470611183,"Niger"
124,"ERI","Eritrea",-0.920146282101455,-0.750619168403387,"Niger"
125,"ERI","Eritrea",-0.907945750710501,-0.755770018519376,"Niger"
126,"ERI","Eritrea",-0.894722250919935,-0.760388038949762,"Niger"
127,"ERI","Eritrea",-0.880476601210315,-0.764454536156047,"Niger"
128,"ERI","Eritrea",-0.865210820171483,-0.767951366644271,"Niger"
129,"ERI","Eritrea",-0.848928128515058,-0.770860962416812,"Niger"
130,"ERI","Eritrea",-0.831632949664228,-0.773166355771642,"Niger"
131,"ERI","Eritrea",-0.81333090891884,-0.774851203418465,"Niger"
132,"ERI","Eritrea",-0.794028831195466,-0.775899809881982,"Niger"
133,"ERI","Eritrea",-0.773734737343834,-0.776297150163328,"Niger"
134,"ERI","Eritrea",-0.752457839042658,-0.776028891631646,"Niger"
135,"ERI","Eritrea",-0.730208532279639,-0.775081415118618,"Niger"
136,"ERI","Eritrea",-0.706998389422044,-0.77344183518975,"Niger"
137,"ERI","Eritrea",-0.682840149885967,-0.771098019567153,"Niger"
138,"ERI","Eritrea",-0.657747709414024,-0.768038607679584,"Niger"
139,"ERI","Eritrea",-0.631736107972904,-0.764253028316501,"Niger"
140,"ERI","Eritrea",-0.604821516283823,-0.759731516363994,"Niger"
141,"ERI","Eritrea",-0.57702122100054,-0.754465128601489,"Niger"
142,"ERI","Eritrea",-0.548353608551237,-0.748445758539268,"Niger"
143,"ERI","Eritrea",-0.51883814766212,-0.741666150277946,"Niger"
144,"ERI","Eritrea",-0.488495370582167,-0.734119911372238,"Niger"
145,"ERI","Eritrea",-0.457346853030021,-0.725801524682493,"Niger"
146,"ERI","Eritrea",-0.425415192885502,-0.716706359198682,"Niger"
147,"ERI","Eritrea",-0.392723987649758,-0.706830679822753,"Niger"
148,"ERI","Eritrea",-0.359297810699486,-0.696171656096472,"Niger"
149,"ERI","Eritrea",-0.325162186362123,-0.684727369863145,"Niger"
150,"ERI","Eritrea",-0.290343563840319,-0.672496821852849,"Niger"
151,"ERI","Eritrea",-0.254869290015336,-0.659479937182107,"Niger"
152,"ERI","Eritrea",-0.218767581160392,-0.645677569760195,"Niger"
153,"ERI","Eritrea",-0.182067493596244,-0.631091505595584,"Niger"
154,"ERI","Eritrea",-0.144798893322586,-0.61572446499733,"Niger"
155,"ERI","Eritrea",-0.106992424660029,-0.599580103667497,"Niger"
156,"ERI","Eritrea",-0.0686794779386619,-0.58266301268207,"Niger"
157,"ERI","Eritrea",-0.0298921562702684,-0.564978717359078,"Niger"
158,"ERI","Eritrea",0.00933675855757418,-0.54653367501401,"Niger"
159,"ERI","Eritrea",0.0489738410262651,-0.527335271603888,"Niger"
160,"ERI","Eritrea",0.0889850576295727,-0.507391817262728,"Niger"
161,"ERI","Eritrea",0.129335803374415,-0.486712540732379,"Niger"
162,"ERI","Eritrea",0.169990938996919,-0.465307582694101,"Niger"
163,"ERI","Eritrea",0.210914828850765,-0.443187988007501,"Niger"
164,"ERI","Eritrea",0.252071379424039,-0.420365696864768,"Niger"
165,"ERI","Eritrea",0.293424078440027,-0.396853534869441,"Niger"
166,"ERI","Eritrea",0.334936034496711,-0.372665202050202,"Niger"
167,"ERI","Eritrea",0.376570017199053,-0.347815260821484,"Niger"
168,"ERI","Eritrea",0.418288497737592,-0.322319122903892,"Niger"
169,"ERI","Eritrea",0.460053689866269,-0.296193035218731,"Niger"
170,"ERI","Eritrea",0.501827591231986,-0.269454064772109,"Niger"
171,"ERI","Eritrea",0.543572025007925,-0.2421200825453,"Niger"
172,"ERI","Eritrea",0.585248681782295,-0.21420974640925,"Niger"
173,"ERI","Eritrea",0.626819161653855,-0.185742483082259,"Niger"
174,"ERI","Eritrea",0.6682450164853,-0.156738469151015,"Niger"
175,"ERI","Eritrea",0.709487792265403,-0.127218611176274,"Niger"
176,"ERI","Eritrea",0.750509071530648,-0.0972045249055772,"Niger"
177,"ERI","Eritrea",0.791270515797018,-0.0667185136164571,"Niger"
178,"ERI","Eritrea",0.831733907952555,-0.0357835456146325,"Niger"
179,"ERI","Eritrea",0.871861194561374,-0.00442323091267714,"Niger"
180,"ERI","Eritrea",0.911614528029843,0.0273382028843244,"Niger"
181,"ERI","Eritrea",0.950956308585865,0.0594759354587233,"Niger"
182,"ERI","Eritrea",0.989849226022322,0.0919645793974932,"Niger"
183,"ERI","Eritrea",1.02825630115607,0.124778206517425,"Niger"
184,"ERI","Eritrea",1.06614092695415,0.157890374868242,"Niger"
185,"ERI","Eritrea",1.1034669092793,0.191274156382741,"Niger"
186,"ERI","Eritrea",1.14019850720719,0.224902165142268,"Niger"
187,"ERI","Eritrea",1.17630047286846,0.258746586225137,"Niger"
188,"ERI","Eritrea",1.21173809076901,0.292779205104833,"Niger"
189,"ERI","Eritrea",1.24647721654268,0.326971437564247,"Niger"
190,"ERI","Eritrea",1.28048431509117,0.361294360091516,"Niger"
191,"ERI","Eritrea",1.31372649806652,0.395718740722479,"Niger"
192,"ERI","Eritrea",1.34617156065264,0.430215070294209,"Niger"
193,"ERI","Eritrea",1.37778801760268,0.464753594073598,"Niger"
194,"ERI","Eritrea",1.40854513849039,0.499304343724478,"Niger"
195,"ERI","Eritrea",1.43841298213414,0.533837169576391,"Niger"
196,"ERI","Eritrea",1.46736243015353,0.568321773157715,"Niger"
197,"ERI","Eritrea",1.49536521961922,0.602727739955528,"Niger"
198,"ERI","Eritrea",1.52239397475801,0.637024572364333,"Niger"
199,"ERI","Eritrea",1.54842223767604,0.671181722785503,"Niger"
200,"ERI","Eritrea",1.57342449806415,0.705168626839117,"Niger"
201,"ERI","Eritrea",1.59737622185084,0.738954736649717,"Niger"
202,"ERI","Eritrea",1.62025387876914,0.772509554167398,"Niger"
203,"ERI","Eritrea",1.64203496880542,0.80580266448561,"Niger"
204,"ERI","Eritrea",1.66269804749888,0.838803769116998,"Niger"
205,"ERI","Eritrea",1.68222275006252,0.871482719188691,"Niger"
206,"ERI","Eritrea",1.70058981429703,0.90380954851847,"Niger"
207,"ERI","Eritrea",1.71778110227113,0.935754506533432,"Niger"
208,"ERI","Eritrea",1.73377962074273,0.96728809099288,"Niger"
209,"ERI","Eritrea",1.74856954029716,0.998381080477417,"Niger"
210,"ERI","Eritrea",1.76213621318012,1.02900456660648,"Niger"
211,"ERI","Eritrea",1.77446618980441,1.05912998594683,"Niger"
212,"ERI","Eritrea",1.78554723391112,1.08872915157488,"Niger"
213,"ERI","Eritrea",1.79536833636764,1.11777428425616,"Niger"
214,"ERI","Eritrea",1.8039197275862,1.14623804320557,"Niger"
215,"ERI","Eritrea",1.81119288854861,1.17409355639268,"Niger"
216,"ERI","Eritrea",1.81718056042405,1.20131445035667,"Niger"
217,"ERI","Eritrea",1.82187675276885,1.22787487949635,"Niger"
218,"ERI","Eritrea",1.82527675029863,1.25374955480089,"Niger"
219,"ERI","Eritrea",1.82737711822473,1.27891377198806,"Niger"
220,"ERI","Eritrea",1.82817570614884,1.30334343901685,"Niger"
221,"ERI","Eritrea",1.82767165051128,1.32701510294273,"Niger"
222,"ERI","Eritrea",1.82586537558982,1.34990597608387,"Niger"
223,"ERI","Eritrea",1.8227585930482,1.37199396146817,"Niger"
224,"ERI","Eritrea",1.8183543000346,1.39325767753098,"Niger"
225,"ERI","Eritrea",1.81265677583241,1.41367648203512,"Niger"
226,"ERI","Eritrea",1.80567157706717,1.43323049518488,"Niger"
227,"ERI","Eritrea",1.7974055314753,1.45190062190731,"Niger"
228,"ERI","Eritrea",1.78786673024185,1.46966857327455,"Niger"
229,"ERI","Eritrea",1.77706451891632,1.48651688704232,"Niger"
230,"ERI","Eritrea",1.76500948691701,1.50242894728047,"Niger"
231,"ERI","Eritrea",1.75171345563638,1.51738900307268,"Niger"
232,"ERI","Eritrea",1.73718946516109,1.53138218626348,"Niger"
233,"ERI","Eritrea",1.72145175962246,1.54439452823172,"Niger"
234,"ERI","Eritrea",1.70451577119431,1.55641297567095,"Niger"
235,"ERI","Eritrea",1.68639810275693,1.56742540535826,"Niger"
236,"ERI","Eritrea",1.66711650924758,1.57742063789418,"Niger"
237,"ERI","Eritrea",1.64668987771902,1.58638845039762,"Niger"
238,"ERI","Eritrea",1.62513820612973,1.59431958814095,"Niger"
239,"ERI","Eritrea",1.60248258089032,1.60120577511155,"Niger"
240,"ERI","Eritrea",1.57874515319257,1.60703972348754,"Niger"
241,"ERI","Eritrea",1.55394911414859,1.61181514201633,"Niger"
242,"ERI","Eritrea",1.52811866876938,1.61552674328638,"Niger"
243,"ERI","Eritrea",1.50127900881291,1.61817024988351,"Niger"
244,"ERI","Eritrea",1.47345628453373,1.61974239942443,"Niger"
245,"ERI","Eritrea",1.44467757536691,1.62024094846163,"Niger"
246,"ERI","Eritrea",1.41497085958064,1.61966467525496,"Niger"
247,"ERI","Eritrea",1.38436498293295,1.61801338140658,"Niger"
248,"ERI","Eritrea",1.35288962636914,1.61528789235725,"Niger"
249,"ERI","Eritrea",1.32057527279764,1.6114900567434,"Niger"
250,"ERI","Eritrea",1.28745317298312,1.60662274461549,"Niger"
251,"ERI","Eritrea",1.25355531059661,1.60068984451979,"Niger"
252,"ERI","Eritrea",1.21891436646361,1.59369625944682,"Niger"
253,"ERI","Eritrea",1.18356368205162,1.58564790165109,"Niger"
254,"ERI","Eritrea",1.14753722224005,1.57655168634815,"Niger"
255,"ERI","Eritrea",1.11086953741569,1.56641552429612,"Niger"
256,"ERI","Eritrea",1.07359572493813,1.55524831327034,"Niger"
257,"ERI","Eritrea",1.03575139001999,1.54305992844096,"Niger"
258,"ERI","Eritrea",0.997372606067638,1.52986121166459,"Niger"
259,"ERI","Eritrea",0.958495874528639,1.51566395970243,"Niger"
260,"ERI","Eritrea",0.919158084292772,1.50048091137854,"Niger"
261,"ERI","Eritrea",0.879396470693878,1.48432573369305,"Niger"
262,"ERI","Eritrea",0.839248574160407,1.46721300690658,"Niger"
263,"ERI","Eritrea",0.798752198562788,1.44915820861289,"Niger"
264,"ERI","Eritrea",0.757945369306175,1.4301776968186,"Niger"
265,"ERI","Eritrea",0.71686629121736,1.41028869204923,"Niger"
266,"ERI","Eritrea",0.675553306274924,1.38950925850268,"Niger"
267,"ERI","Eritrea",0.634044851231773,1.3678582842717,"Niger"
268,"ERI","Eritrea",0.592379415179452,1.3453554606586,"Niger"
269,"ERI","Eritrea",0.550595497103531,1.32202126060596,"Niger"
270,"ERI","Eritrea",0.508731563479495,1.29787691626858,"Niger"
271,"ERI","Eritrea",0.466826005958384,1.27294439575255,"Niger"
272,"ERI","Eritrea",0.424917099191404,1.24724637904859,"Niger"
273,"ERI","Eritrea",0.383042958842489,1.22080623318745,"Niger"
274,"ERI","Eritrea",0.341241499837588,1.19364798664635,"Niger"
275,"ERI","Eritrea",0.29955039489912,1.16579630303607,"Niger"
276,"ERI","Eritrea",0.258007033413766,1.13727645409929,"Niger"
277,"ERI","Eritrea",0.21664848068123,1.10811429205153,"Niger"
278,"ERI","Eritrea",0.175511437591298,1.07833622129669,"Niger"
279,"ERI","Eritrea",0.134632200775845,1.04796916955018,"Niger"
280,"ERI","Eritrea",0.0940466232819587,1.01704055840303,"Niger"
281,"ERI","Eritrea",0.0537900758117322,0.985578273361126,"Niger"
282,"ERI","Eritrea",0.0138974085734922,0.953610633394422,"Niger"
283,"ERI","Eritrea",-0.0255970862113766,0.921166360031359,"Niger"
284,"ERI","Eritrea",-0.0646597111027521,0.88827454603438,"Niger"
285,"ERI","Eritrea",-0.103257399494753,0.854964623692834,"Niger"
286,"ERI","Eritrea",-0.141357750885777,0.821266332770058,"Niger"
287,"ERI","Eritrea",-0.178929065325,0.787209688141762,"Niger"
288,"ERI","Eritrea",-0.215940376995653,0.752824947163213,"Niger"
289,"ERI","Eritrea",-0.252361486896448,0.718142576803061,"Niger"
290,"ERI","Eritrea",-0.288162994583655,0.683193220581814,"Niger"
291,"ERI","Eritrea",-0.32331632893734,0.648007665353305,"Niger"
292,"ERI","Eritrea",-0.357793777916584,0.612616807967546,"Niger"
293,"ERI","Eritrea",-0.391568517269571,0.577051621853603,"Niger"
294,"ERI","Eritrea",-0.424614638165787,0.541343123561087,"Niger"
295,"ERI","Eritrea",-0.456907173718778,0.505522339299021,"Niger"
296,"ERI","Eritrea",-0.488422124369313,0.469620271510686,"Niger"
297,"ERI","Eritrea",-0.519136482100067,0.433667865523156,"Niger"
298,"ERI","Eritrea",-0.549028253454422,0.397695976309959,"Niger"
299,"ERI","Eritrea",-0.578076481333327,0.361735335405308,"Niger"
300,"ERI","Eritrea",-0.606261265545684,0.325816518008028,"Niger"
301,"ERI","Eritrea",-0.633563782089137,0.28996991031317,"Niger"
302,"ERI","Eritrea",-0.659966301139727,0.254225677108924,"Niger"
303,"ERI","Eritrea",-0.685452203730327,0.218613729676216,"Niger"
304,"ERI","Eritrea",-0.710005997099432,0.183163694027904,"Niger"
305,"ERI","Eritrea",-0.733613328693335,0.147904879524169,"Niger"
306,"ERI","Eritrea",-0.756260998806439,0.112866247900148,"Niger"
307,"ERI","Eritrea",-0.777936971845996,0.0780763827414368,"Niger"
308,"ERI","Eritrea",-0.798630386209222,0.0435634594424944,"Niger"
309,"ERI","Eritrea",-0.818331562762369,0.00935521568243602,"Niger"
310,"ERI","Eritrea",-0.837032011913047,-0.0245210775479755,"Niger"
311,"ERI","Eritrea",-0.85472443926866,-0.0580386443349029,"Niger"
312,"ERI","Eritrea",-0.87140274987561,-0.0911712316131533,"Niger"
313,"ERI","Eritrea",-0.887062051035509,-0.123893136289242,"Niger"
314,"ERI","Eritrea",-0.901698653696389,-0.156179231684895,"Niger"
315,"ERI","Eritrea",-0.915310072418566,-0.188004993270784,"Niger"
316,"ERI","Eritrea",-0.92789502391649,-0.219346523661247,"Niger"
317,"ERI","Eritrea",-0.939453424179633,-0.250180576841535,"Niger"
318,"ERI","Eritrea",-0.949986384177117,-0.280484581600114,"Niger"
319,"ERI","Eritrea",-0.959496204152483,-0.310236664139443,"Niger"
320,"ERI","Eritrea",-0.96798636651666,-0.339415669839693,"Niger"
321,"ERI","Eritrea",-0.97546152734885,-0.3680011841508,"Niger"
322,"ERI","Eritrea",-0.981927506516717,-0.39597355258938,"Niger"
323,"ERI","Eritrea",-0.987391276428857,-0.423313899818,"Niger"
324,"ERI","Eritrea",-0.991860949434179,-0.450004147785489,"Niger"
325,"ERI","Eritrea",-0.995345763884429,-0.476027032907995,"Niger"
326,"ERI","Eritrea",-0.997856068877631,-0.501366122271726,"Niger"
327,"ERI","Eritrea",-0.999403307701828,-0.526005828839409,"Niger"
328,"ERI","Eritrea",-1,-0.549931425643705,"Niger"
329,"ERI","Eritrea",-0.999659722678571,-0.573129058952055,"Niger"
330,"ERI","Eritrea",-0.998397089583393,-0.595585760388588,"Niger"
331,"ERI","Eritrea",-0.996227729968541,-0.617289458000031,"Niger"
332,"ERI","Eritrea",-0.993168265784699,-0.638228986253751,"Niger"
333,"ERI","Eritrea",-0.989236287815284,-0.658394094957384,"Niger"
334,"ERI","Eritrea",-0.984450330689831,-0.677775457090745,"Niger"
335,"ERI","Eritrea",-0.978829846805473,-0.696364675542003,"Niger"
336,"ERI","Eritrea",-0.972395179188657,-0.714154288741447,"Niger"
337,"ERI","Eritrea",-0.96516753333045,-0.731137775187412,"Niger"
338,"ERI","Eritrea",-0.957168948030036,-0.747309556860312,"Niger"
339,"ERI","Eritrea",-0.948422265282139,-0.762665001521982,"Niger"
340,"ERI","Eritrea",-0.938951099245248,-0.777200423898911,"Niger"
341,"ERI","Eritrea",-0.928779804328607,-0.790913085749211,"Niger"
342,"ERI","Eritrea",-0.917933442436934,-0.803801194814547,"Niger"
343,"ERI","Eritrea",-0.906437749412869,-0.815863902659509,"Niger"
344,"ERI","Eritrea",-0.894319100718044,-0.82710130140229,"Niger"
345,"ERI","Eritrea",-0.881604476394589,-0.837514419341788,"Niger"
346,"ERI","Eritrea",-0.868321425349734,-0.847105215487584,"Niger"
347,"ERI","Eritrea",-0.854498029006917,-0.855876573000548,"Niger"
348,"ERI","Eritrea",-0.8401628643676,-0.863832291553091,"Niger"
349,"ERI","Eritrea",-0.825344966528639,-0.870977078619372,"Niger"
350,"ERI","Eritrea",-0.810073790700721,-0.877316539707032,"Niger"
351,"ERI","Eritrea",-0.794379173773906,-0.882857167543278,"Niger"
352,"ERI","Eritrea",-0.77829129547693,-0.887606330229354,"Niger"
353,"ERI","Eritrea",-0.76184063917726,-0.891572258378686,"Niger"
354,"ERI","Eritrea",-0.745057952369446,-0.894764031255157,"Niger"
355,"ERI","Eritrea",-0.727974206899552,-0.897191561929159,"Niger"
356,"ERI","Eritrea",-0.710620558973822,-0.898865581470233,"Niger"
357,"ERI","Eritrea",-0.693028308999948,-0.899797622196223,"Niger"
358,"ERI","Eritrea",-0.675228861309481,-0.9,"Niger"
359,"ERI","Eritrea",-0.657253683810082,-0.899485795775888,"Niger"
360,"ERI","Eritrea",-0.639134267616347,-0.89826883596898,"Niger"
361,"ERI","Eritrea",-0.620902086707972,-0.896363672271569,"Niger"
362,"ERI","Eritrea",-0.602588557663948,-0.893785560491921,"Niger"
363,"ERI","Eritrea",-0.584224999521419,-0.890550438621582,"Niger"
364,"ERI","Eritrea",-0.565842593807599,-0.886674904128355,"Niger"
365,"ERI","Eritrea",-0.547472344792996,-0.882176190502992,"Niger"
1,"ETH","Ethiopia",-0.994127171692631,-0.686147817278393,NA
2,"ETH","Ethiopia",-0.99620000579061,-0.67663299116505,NA
3,"ETH","Ethiopia",-0.997820869958188,-0.666647563608401,NA
4,"ETH","Ethiopia",-0.99899244279242,-0.656201857438545,NA
5,"ETH","Ethiopia",-0.999717718089913,-0.645306643271042,NA
6,"ETH","Ethiopia",-1,-0.633973127218558,NA
7,"ETH","Ethiopia",-0.999842897874859,-0.622212938115188,NA
8,"ETH","Ethiopia",-0.999250320823048,-0.610038114268425,NA
9,"ETH","Ethiopia",-0.99822647197326,-0.597461089754351,NA
10,"ETH","Ethiopia",-0.99677584245541,-0.584494680272095,NA
11,"ETH","Ethiopia",-0.994903205106515,-0.571152068574171,NA
12,"ETH","Ethiopia",-0.992613607909102,-0.557446789489762,NA
13,"ETH","Ethiopia",-0.989912367170188,-0.543392714558526,NA
14,"ETH","Ethiopia",-0.986805060449171,-0.529004036292923,NA
15,"ETH","Ethiopia",-0.983297519243241,-0.514295252087513,NA
16,"ETH","Ethiopia",-0.979395821439184,-0.499281147794073,NA
17,"ETH","Ethiopia",-0.975106283540718,-0.48397678098179,NA
18,"ETH","Ethiopia",-0.970435452680743,-0.468397463902116,NA
19,"ETH","Ethiopia",-0.965390098428116,-0.452558746178256,NA
20,"ETH","Ethiopia",-0.959977204398796,-0.436476397239539,NA
21,"ETH","Ethiopia",-0.954203959681402,-0.420166388521252,NA
22,"ETH","Ethiopia",-0.948077750087445,-0.403644875450752,NA
23,"ETH","Ethiopia",-0.941606149236657,-0.386928179240956,NA
24,"ETH","Ethiopia",-0.934796909488053,-0.370032768512481,NA
25,"ETH","Ethiopia",-0.927657952727473,-0.352975240765961,NA
26,"ETH","Ethiopia",-0.920197361022558,-0.335772303726178,NA
27,"ETH","Ethiopia",-0.912423367156206,-0.318440756579838,NA
28,"ETH","Ethiopia",-0.904344345049694,-0.300997471128902,NA
29,"ETH","Ethiopia",-0.895968800086772,-0.283459372881517,NA
30,"ETH","Ethiopia",-0.887305359350121,-0.26584342210261,NA
31,"ETH","Ethiopia",-0.878362761781644,-0.248166594846296,NA
32,"ETH","Ethiopia",-0.869149848278148,-0.23044586399223,NA
33,"ETH","Ethiopia",-0.859675551734017,-0.212698180308049,NA
34,"ETH","Ethiopia",-0.849948887042526,-0.194940453559983,NA
35,"ETH","Ethiopia",-0.839978941067463,-0.177189533693684,NA
36,"ETH","Ethiopia",-0.829774862596765,-0.159462192107205,NA
37,"ETH","Ethiopia",-0.819345852289846,-0.141775103037954,NA
38,"ETH","Ethiopia",-0.808701152630311,-0.124144825085322,NA
39,"ETH","Ethiopia",-0.797850037895693,-0.106587782890487,NA
40,"ETH","Ethiopia",-0.786801804155843,-0.089120248994727,NA
41,"ETH","Ethiopia",-0.77556575931153,-0.0717583258973597,NA
42,"ETH","Ethiopia",-0.764151213184732,-0.0545179283341573,NA
43,"ETH","Ethiopia",-0.752567467672048,-0.0374147657968543,NA
44,"ETH","Ethiopia",-0.740823806972541,-0.0204643253140442,NA
45,"ETH","Ethiopia",-0.728929487901214,-0.00368185451346459,NA
46,"ETH","Ethiopia",-0.716893730299235,0.0129176550146762,NA
47,"ETH","Ethiopia",-0.70472570755183,0.0293194840340406,NA
48,"ETH","Ethiopia",-0.692434537224693,0.0455092016392588,NA
49,"ETH","Ethiopia",-0.680029271829533,0.0614726808752857,NA
50,"ETH","Ethiopia",-0.667518889729255,0.0771961139809405,NA
51,"ETH","Ethiopia",-0.654912286193066,0.092666027239011,NA
52,"ETH","Ethiopia",-0.642218264611595,0.107869295415768,NA
53,"ETH","Ethiopia",-0.629445527881933,0.12279315577323,NA
54,"ETH","Ethiopia",-0.616602669972254,0.137425221638033,NA
55,"ETH","Ethiopia",-0.603698167675466,0.151753495511273,NA
56,"ETH","Ethiopia",-0.590740372561075,0.165766381704266,NA
57,"ETH","Ethiopia",-0.577737503134237,0.179452698485702,NA
58,"ETH","Ethiopia",-0.564697637210642,0.192801689726286,NA
59,"ETH","Ethiopia",-0.551628704515685,0.205803036027518,NA
60,"ETH","Ethiopia",-0.53853847951601,0.218446865321933,NA
61,"ETH","Ethiopia",-0.525434574491295,0.230723762932694,NA
62,"ETH","Ethiopia",-0.512324432853787,0.242624781081108,NA
63,"ETH","Ethiopia",-0.499215322722831,0.254141447831303,NA
64,"ETH","Ethiopia",-0.486114330761287,0.265265775461929,NA
65,"ETH","Ethiopia",-0.473028356280409,0.275990268255478,NA
66,"ETH","Ethiopia",-0.459964105619447,0.286307929696476,NA
67,"ETH","Ethiopia",-0.446928086805867,0.296212269070521,NA
68,"ETH","Ethiopia",-0.433926604501734,0.305697307456849,NA
69,"ETH","Ethiopia",-0.420965755241483,0.314757583107815,NA
70,"ETH","Ethiopia",-0.408051422965894,0.323388156209443,NA
71,"ETH","Ethiopia",-0.395189274856771,0.331584613017889,NA
72,"ETH","Ethiopia",-0.382384757476406,0.339343069367437,NA
73,"ETH","Ethiopia",-0.369643093215575,0.346660173546373,NA
74,"ETH","Ethiopia",-0.356969277053404,0.353533108537842,NA
75,"ETH","Ethiopia",-0.344368073632079,0.359959593623552,NA
76,"ETH","Ethiopia",-0.331844014648977,0.365937885348929,NA
77,"ETH","Ethiopia",-0.319401396568407,0.371466777849098,NA
78,"ETH","Ethiopia",-0.307044278654757,0.376545602535821,NA
79,"ETH","Ethiopia",-0.29477648132846,0.381174227146279,NA
80,"ETH","Ethiopia",-0.282601584845786,0.385353054155335,NA
81,"ETH","Ethiopia",-0.270522928303065,0.389083018553693,NA
82,"ETH","Ethiopia",-0.258543608965571,0.392365584995083,NA
83,"ETH","Ethiopia",-0.24666648192089,0.395202744316383,NA
84,"ETH","Ethiopia",-0.234894160056179,0.397597009435322,NA
85,"ETH","Ethiopia",-0.223229014358372,0.399551410631126,NA
86,"ETH","Ethiopia",-0.211673174535951,0.401069490214235,NA
87,"ETH","Ethiopia",-0.200228529960538,0.402155296591916,NA
88,"ETH","Ethiopia",-0.188896730926165,0.402813377737312,NA
89,"ETH","Ethiopia",-0.177679190223686,0.403048774070199,NA
90,"ETH","Ethiopia",-0.166577085027425,0.402867010758378,NA
91,"ETH","Ethiopia",-0.155591359090772,0.402274089449363,NA
92,"ETH","Ethiopia",-0.144722725247046,0.401276479442651,NA
93,"ETH","Ethiopia",-0.133971668211608,0.399881108313559,NA
94,"ETH","Ethiopia",-0.123338447680808,0.398095352000244,NA
95,"ETH","Ethiopia",-0.112823101723007,0.395927024366157,NA
96,"ETH","Ethiopia",-0.102425450456568,0.3933843662508,NA
97,"ETH","Ethiopia",-0.0921451000093394,0.39047603402228,NA
98,"ETH","Ethiopia",-0.0819814467538406,0.387211087645701,NA
99,"ETH","Ethiopia",-0.0719336818120053,0.383598978282053,NA
100,"ETH","Ethiopia",-0.0620007958230254,0.379649535432774,NA
101,"ETH","Ethiopia",-0.0521815839675122,0.37537295364572,NA
102,"ETH","Ethiopia",-0.0424746512408907,0.370779778798781,NA
103,"ETH","Ethiopia",-0.0328784179686316,0.365880893977883,NA
104,"ETH","Ethiopia",-0.0233911255556456,0.360687504966605,NA
105,"ETH","Ethiopia",-0.0140108424618733,0.35521112536507,NA
106,"ETH","Ethiopia",-0.00473547039583692,0.349463561356235,NA
107,"ETH","Ethiopia",0.00443724928234455,0.343456896138093,NA
108,"ETH","Ethiopia",0.013509728957225,0.337203474040722,NA
109,"ETH","Ethiopia",0.0224845279625766,0.330715884347446,NA
110,"ETH","Ethiopia",0.031364345603432,0.324006944839768,NA
111,"ETH","Ethiopia",0.0401520140050599,0.317089685086001,NA
112,"ETH","Ethiopia",0.0488504907985251,0.309977329493884,NA
113,"ETH","Ethiopia",0.0574628516526691,0.3026832801477,NA
114,"ETH","Ethiopia",0.0659922826625414,0.295221099450669,NA
115,"ETH","Ethiopia",0.074442072604475,0.287604492593653,NA
116,"ETH","Ethiopia",0.0828156050681626,0.279847289871352,NA
117,"ETH","Ethiopia",0.0911163504762358,0.271963428867398,NA
118,"ETH","Ethiopia",0.0993478580019802,0.263966936529874,NA
119,"ETH","Ethiopia",0.107513747395942,0.255871911158916,NA
120,"ETH","Ethiopia",0.115617700732292,0.247692504328171,NA
121,"ETH","Ethiopia",0.123663454085897,0.239442902761923,NA
122,"ETH","Ethiopia",0.131654789151143,0.231137310189787,NA
123,"ETH","Ethiopia",0.139595524813612,0.222789929200854,NA
124,"ETH","Ethiopia",0.147489508685771,0.214414943119194,NA
125,"ETH","Ethiopia",0.155340608617867,0.206026497922577,NA
126,"ETH","Ethiopia",0.163152704195268,0.197638684226213,NA
127,"ETH","Ethiopia",0.170929678233468,0.189265519353249,NA
128,"ETH","Ethiopia",0.178675408282018,0.180920929513619,NA
129,"ETH","Ethiopia",0.186393758148579,0.172618732112739,NA
130,"ETH","Ethiopia",0.194088569454317,0.164372618211361,NA
131,"ETH","Ethiopia",0.20176365323178,0.156196135157725,NA
132,"ETH","Ethiopia",0.209422781576361,0.148102669412923,NA
133,"ETH","Ethiopia",0.217069679362369,0.140105429590168,NA
134,"ETH","Ethiopia",0.224708016034674,0.132217429728391,NA
135,"ETH","Ethiopia",0.232341397486759,0.124451472820315,NA
136,"ETH","Ethiopia",0.239973358035931,0.116820134614822,NA
137,"ETH","Ethiopia",0.247607352506316,0.109335747713139,NA
138,"ETH","Ethiopia",0.255246748430129,0.102010385977958,NA
139,"ETH","Ethiopia",0.262894818377545,0.0948558492742907,NA
140,"ETH","Ethiopia",0.270554732425362,0.0878836485603909,NA
141,"ETH","Ethiopia",0.278229550774477,0.0811049913467141,NA
142,"ETH","Ethiopia",0.285922216525965,0.0745307675404004,NA
143,"ETH","Ethiopia",0.293635548625429,0.068171535692323,NA
144,"ETH","Ethiopia",0.301372234985005,0.0620375096632487,NA
145,"ETH","Ethiopia",0.309134825792249,0.0561385457251599,NA
146,"ETH","Ethiopia",0.316925727014859,0.0504841301132584,NA
147,"ETH","Ethiopia",0.324747194109963,0.0450833670436334,NA
148,"ETH","Ethiopia",0.33260132594645,0.0399449672110121,NA
149,"ETH","Ethiopia",0.340490058948556,0.035077236780438,NA
150,"ETH","Ethiopia",0.348415161468642,0.0304880668861259,NA
151,"ETH","Ethiopia",0.356378228396824,0.0261849236501341,NA
152,"ETH","Ethiopia",0.364380676014811,0.022174838732871,NA
153,"ETH","Ethiopia",0.372423737101033,0.0184644004268119,NA
154,"ETH","Ethiopia",0.380508456293792,0.0150597453041531,NA
155,"ETH","Ethiopia",0.388635685718888,0.0119665504284619,NA
156,"ETH","Ethiopia",0.396806080887827,0.0091900261397076,NA
157,"ETH","Ethiopia",0.405020096872382,0.00673490942136787,NA
158,"ETH","Ethiopia",0.413277984760955,0.00460545785760746,NA
159,"ETH","Ethiopia",0.421579788401823,0.00280544418781867,NA
160,"ETH","Ethiopia",0.429925341438006,0.00133815146509469,NA
161,"ETH","Ethiopia",0.438314264638136,0.000206368824485548,NA
162,"ETH","Ethiopia",0.446745963527338,-0.000587612133848336,NA
163,"ETH","Ethiopia",0.455219626321767,-0.00104200034220642,NA
164,"ETH","Ethiopia",0.463734222170072,-0.00115550764000438,NA
165,"ETH","Ethiopia",0.472288499704672,-0.000927350522629003,NA
166,"ETH","Ethiopia",0.480880985905358,-0.000357251262352587,NA
167,"ETH","Ethiopia",0.489509985277339,0.000554561600079995,NA
168,"ETH","Ethiopia",0.498173579345473,0.00180735339381922,NA
169,"ETH","Ethiopia",0.506869626466022,0.00339988408611254,NA
170,"ETH","Ethiopia",0.515595761956887,0.0053304096794574,NA
171,"ETH","Ethiopia",0.524349398546882,0.00759668423607156,NA
172,"ETH","Ethiopia",0.533127727144209,0.0101959625272954,NA
173,"ETH","Ethiopia",0.541927717923908,0.0131250033047874,NA
174,"ETH","Ethiopia",0.550746121733656,0.0163800731896324,NA
175,"ETH","Ethiopia",0.559579471816895,0.0199569511747393,NA
176,"ETH","Ethiopia",0.568424085851881,0.0238509337351669,NA
177,"ETH","Ethiopia",0.577276068304842,0.0280568405402924,NA
178,"ETH","Ethiopia",0.586131313095065,0.0325690207610076,NA
179,"ETH","Ethiopia",0.594985506569322,0.0373813599644235,NA
180,"ETH","Ethiopia",0.603834130782671,0.0424872875878472,NA
181,"ETH","Ethiopia",0.612672467082292,0.0478797849831097,NA
182,"ETH","Ethiopia",0.621495599990629,0.0535513940216335,NA
183,"ETH","Ethiopia",0.630298421383747,0.0594942262499548,NA
184,"ETH","Ethiopia",0.639075634960436,0.0656999725847577,NA
185,"ETH","Ethiopia",0.647821760997238,0.0721599135358261,NA
186,"ETH","Ethiopia",0.656531141384211,0.0788649299446859,NA
187,"ETH","Ethiopia",0.665197944935894,0.0858055142260918,NA
188,"ETH","Ethiopia",0.673816172971592,0.0929717820989036,NA
189,"ETH","Ethiopia",0.682379665158762,0.100353484792316,NA
190,"ETH","Ethiopia",0.690882105612947,0.107940021712826,NA
191,"ETH","Ethiopia",0.699317029247391,0.115720453556771,NA
192,"ETH","Ethiopia",0.707677828365134,0.123683515852737,NA
193,"ETH","Ethiopia",0.71595775948611,0.131817632917612,NA
194,"ETH","Ethiopia",0.724149950401431,0.140110932209568,NA
195,"ETH","Ethiopia",0.732247407446795,0.148551259060766,NA
196,"ETH","Ethiopia",0.740243022986641,0.157126191772139,NA
197,"ETH","Ethiopia",0.748129583100429,0.165823057052143,NA
198,"ETH","Ethiopia",0.755899775462152,0.174628945780981,NA
199,"ETH","Ethiopia",0.763546197403928,0.183530729081384,NA
200,"ETH","Ethiopia",0.771061364154318,0.192515074676678,NA
201,"ETH","Ethiopia",0.778437717241735,0.201568463516517,NA
202,"ETH","Ethiopia",0.785667633053154,0.210677206650323,NA
203,"ETH","Ethiopia",0.792743431538068,0.219827462328197,NA
204,"ETH","Ethiopia",0.799657385047491,0.229005253308755,NA
205,"ETH","Ethiopia",0.80640172729761,0.238196484353129,NA
206,"ETH","Ethiopia",0.812968662447509,0.247386959884101,NA
207,"ETH","Ethiopia",0.819350374280247,0.25656240178918,NA
208,"ETH","Ethiopia",0.825539035476442,0.265708467346222,NA
209,"ETH","Ethiopia",0.831526816969338,0.274810767250038,NA
210,"ETH","Ethiopia",0.837305897370272,0.28385488371835,NA
211,"ETH","Ethiopia",0.842868472453309,0.292826388655295,NA
212,"ETH","Ethiopia",0.848206764687746,0.301710861850645,NA
213,"ETH","Ethiopia",0.853313032807106,0.31049390919285,NA
214,"ETH","Ethiopia",0.858179581403172,0.319161180873974,NA
215,"ETH","Ethiopia",0.862798770533567,0.327698389564623,NA
216,"ETH","Ethiopia",0.867163025331352,0.33609132853696,NA
217,"ETH","Ethiopia",0.871264845605082,0.344325889713995,NA
218,"ETH","Ethiopia",0.875096815417771,0.352388081623386,NA
219,"ETH","Ethiopia",0.878651612633184,0.360264047234106,NA
220,"ETH","Ethiopia",0.881922018417951,0.367940081654475,NA
221,"ETH","Ethiopia",0.884900926687962,0.375402649670193,NA
222,"ETH","Ethiopia",0.887581353487609,0.382638403101208,NA
223,"ETH","Ethiopia",0.889956446290468,0.389634197956464,NA
224,"ETH","Ethiopia",0.892019493210083,0.396377111365788,NA
225,"ETH","Ethiopia",0.893763932109636,0.402854458268463,NA
226,"ETH","Ethiopia",0.895183359599335,0.409053807838287,NA
227,"ETH","Ethiopia",0.896271539910523,0.414962999625248,NA
228,"ETH","Ethiopia",0.897022413635587,0.420570159394268,NA
229,"ETH","Ethiopia",0.897430106322932,0.42586371464181,NA
230,"ETH","Ethiopia",0.897488936916382,0.430832409771542,NA
231,"ETH","Ethiopia",0.897193426028604,0.435465320910632,NA
232,"ETH","Ethiopia",0.896538304038268,0.439751870348681,NA
233,"ETH","Ethiopia",0.895518519000878,0.443681840581737,NA
234,"ETH","Ethiopia",0.894129244363412,0.447245387944293,NA
235,"ETH","Ethiopia",0.892365886473102,0.450433055812675,NA
236,"ETH","Ethiopia",0.890224091870937,0.453235787363697,NA
237,"ETH","Ethiopia",0.887699754360693,0.455644937873024,NA
238,"ETH","Ethiopia",0.884789021844542,0.45765228653818,NA
239,"ETH","Ethiopia",0.881488302916558,0.459250047811744,NA
240,"ETH","Ethiopia",0.877794273205709,0.460430882230811,NA
241,"ETH","Ethiopia",0.87370388146019,0.46118790672942,NA
242,"ETH","Ethiopia",0.869214355365255,0.461514704421248,NA
243,"ETH","Ethiopia",0.864323207087007,0.461405333840488,NA
244,"ETH","Ethiopia",0.859028238534892,0.460854337629478,NA
245,"ETH","Ethiopia",0.853327546335981,0.459856750662298,NA
246,"ETH","Ethiopia",0.847219526514457,0.458408107594214,NA
247,"ETH","Ethiopia",0.840702878870013,0.456504449827527,NA
248,"ETH","Ethiopia",0.833776611049262,0.454142331885079,NA
249,"ETH","Ethiopia",0.826440042304577,0.451318827183361,NA
250,"ETH","Ethiopia",0.818692806935133,0.448031533197883,NA
251,"ETH","Ethiopia",0.810534857405306,0.444278576014172,NA
252,"ETH","Ethiopia",0.801966467135926,0.440058614258518,NA
253,"ETH","Ethiopia",0.792988232964264,0.435370842403277,NA
254,"ETH","Ethiopia",0.783601077269032,0.430214993442333,NA
255,"ETH","Ethiopia",0.773806249757009,0.424591340933012,NA
256,"ETH","Ethiopia",0.763605328908346,0.418500700401542,NA
257,"ETH","Ethiopia",0.753000223077959,0.411944430109854,NA
258,"ETH","Ethiopia",0.741993171250821,0.404924431182325,NA
259,"ETH","Ethiopia",0.730586743449379,0.397443147091785,NA
260,"ETH","Ethiopia",0.718783840791686,0.389503562504889,NA
261,"ETH","Ethiopia",0.706587695199272,0.381109201487692,NA
262,"ETH","Ethiopia",0.694001868754167,0.372264125073064,NA
263,"ETH","Ethiopia",0.68103025270489,0.362972928192281,NA
264,"ETH","Ethiopia",0.667677066121627,0.353240735973936,NA
265,"ETH","Ethiopia",0.653946854201223,0.343073199414021,NA
266,"ETH","Ethiopia",0.639844486223021,0.332476490421811,NA
267,"ETH","Ethiopia",0.625375153156973,0.321457296246896,NA
268,"ETH","Ethiopia",0.610544364925868,0.310022813293443,NA
269,"ETH","Ethiopia",0.595357947323894,0.298180740328523,NA
270,"ETH","Ethiopia",0.579822038594184,0.285939271092025,NA
271,"ETH","Ethiopia",0.563943085668348,0.273307086316393,NA
272,"ETH","Ethiopia",0.547727840071428,0.260293345165153,NA
273,"ETH","Ethiopia",0.531183353496061,0.246907676099853,NA
274,"ETH","Ethiopia",0.514316973050052,0.233160167185724,NA
275,"ETH","Ethiopia",0.497136336181904,0.219061355847054,NA
276,"ETH","Ethiopia",0.479649365289256,0.20462221808391,NA
277,"ETH","Ethiopia",0.461864262015532,0.18985415716247,NA
278,"ETH","Ethiopia",0.443789501240462,0.174768991791883,NA
279,"ETH","Ethiopia",0.425433824770505,0.15937894380115,NA
280,"ETH","Ethiopia",0.406806234735538,0.143696625330151,NA
281,"ETH","Ethiopia",0.387915986698538,0.127735025549491,NA
282,"ETH","Ethiopia",0.368772582485278,0.111507496924404,NA
283,"ETH","Ethiopia",0.349385762741443,0.0950277410385297,NA
284,"ETH","Ethiopia",0.329765499224825,0.0783097939938416,NA
285,"ETH","Ethiopia",0.309921986840612,0.0613680114035677,NA
286,"ETH","Ethiopia",0.289865635428066,0.0442170529954074,NA
287,"ETH","Ethiopia",0.269607061307181,0.0268718668427994,NA
288,"ETH","Ethiopia",0.24915707859417,0.00934767324246338,NA
289,"ETH","Ethiopia",0.228526690294957,-0.00834005174314242,NA
290,"ETH","Ethiopia",0.207727079186022,-0.0261755930594305,NA
291,"ETH","Ethiopia",0.186769598492292,-0.044143013729919,NA
292,"ETH","Ethiopia",0.165665762371924,-0.0622261722033497,NA
293,"ETH","Ethiopia",0.144427236218121,-0.0804087399575572,NA
294,"ETH","Ethiopia",0.123065826788277,-0.0986742193397071,NA
295,"ETH","Ethiopia",0.101593472171001,-0.117005961622174,NA
296,"ETH","Ethiopia",0.080022231601717,-0.135387185253143,NA
297,"ETH","Ethiopia",0.0583642751377629,-0.153800994280702,NA
298,"ETH","Ethiopia",0.0366318732040125,-0.172230396929055,NA
299,"ETH","Ethiopia",0.014837386020277,-0.190658324305246,NA
300,"ETH","Ethiopia",-0.0070067470782014,-0.20906764921467,NA
301,"ETH","Ethiopia",-0.0288880184156437,-0.227441205063462,NA
302,"ETH","Ethiopia",-0.0507938628344589,-0.245761804825806,NA
303,"ETH","Ethiopia",-0.0727116686260682,-0.26401226005406,NA
304,"ETH","Ethiopia",-0.0946287885220838,-0.282175399909603,NA
305,"ETH","Ethiopia",-0.116532550733952,-0.300234090192209,NA
306,"ETH","Ethiopia",-0.138410270029175,-0.318171252345824,NA
307,"ETH","Ethiopia",-0.160249258832141,-0.335969882418578,NA
308,"ETH","Ethiopia",-0.18203683833757,-0.353613069954952,NA
309,"ETH","Ethiopia",-0.20376034962456,-0.371084016798078,NA
310,"ETH","Ethiopia",-0.225407164759251,-0.388366055780266,NA
311,"ETH","Ethiopia",-0.246964697874052,-0.405442669279945,NA
312,"ETH","Ethiopia",-0.268420416211512,-0.422297507623411,NA
313,"ETH","Ethiopia",-0.289761851120837,-0.438914407309883,NA
314,"ETH","Ethiopia",-0.31097660899521,-0.455277409038643,NA
315,"ETH","Ethiopia",-0.332052382138051,-0.471370775517205,NA
316,"ETH","Ethiopia",-0.352976959546503,-0.487179009029745,NA
317,"ETH","Ethiopia",-0.37373823760046,-0.50268686874529,NA
318,"ETH","Ethiopia",-0.394324230645627,-0.517879387745469,NA
319,"ETH","Ethiopia",-0.414723081459133,-0.532741889751938,NA
320,"ETH","Ethiopia",-0.434923071586463,-0.547260005533978,NA
321,"ETH","Ethiopia",-0.454912631538495,-0.561419688977081,NA
322,"ETH","Ethiopia",-0.474680350837705,-0.575207232793801,NA
323,"ETH","Ethiopia",-0.494214987902685,-0.588609283858484,NA
324,"ETH","Ethiopia",-0.51350547976035,-0.60161285814802,NA
325,"ETH","Ethiopia",-0.532540951575393,-0.614205355271127,NA
326,"ETH","Ethiopia",-0.551310725986752,-0.626374572569234,NA
327,"ETH","Ethiopia",-0.569804332241085,-0.638108718772479,NA
328,"ETH","Ethiopia",-0.588011515113449,-0.649396427194887,NA
329,"ETH","Ethiopia",-0.605922243605678,-0.660226768453311,NA
330,"ETH","Ethiopia",-0.623526719413142,-0.670589262695289,NA
331,"ETH","Ethiopia",-0.64081538515089,-0.680473891321548,NA
332,"ETH","Ethiopia",-0.657778932330416,-0.689871108189444,NA
333,"ETH","Ethiopia",-0.674408309078591,-0.69877185028429,NA
334,"ETH","Ethiopia",-0.690694727590608,-0.707167547846091,NA
335,"ETH","Ethiopia",-0.706629671309044,-0.715050133939878,NA
336,"ETH","Ethiopia",-0.722204901821533,-0.722412053458462,NA
337,"ETH","Ethiopia",-0.737412465469783,-0.729246271547116,NA
338,"ETH","Ethiopia",-0.752244699663064,-0.73554628144035,NA
339,"ETH","Ethiopia",-0.766694238889592,-0.741306111701635,NA
340,"ETH","Ethiopia",-0.780754020419607,-0.746520332857645,NA
341,"ETH","Ethiopia",-0.794417289694272,-0.751184063419281,NA
342,"ETH","Ethiopia",-0.807677605394892,-0.755292975282457,NA
343,"ETH","Ethiopia",-0.820528844187318,-0.758843298502373,NA
344,"ETH","Ethiopia",-0.832965205136772,-0.761831825435718,NA
345,"ETH","Ethiopia",-0.84498121378869,-0.76425591424598,NA
346,"ETH","Ethiopia",-0.856571725911592,-0.766113491767814,NA
347,"ETH","Ethiopia",-0.867731930898339,-0.767403055727133,NA
348,"ETH","Ethiopia",-0.87845735482256,-0.768123676314381,NA
349,"ETH","Ethiopia",-0.888743863147403,-0.76827499710917,NA
350,"ETH","Ethiopia",-0.89858766308416,-0.767857235355236,NA
351,"ETH","Ethiopia",-0.907985305598748,-0.766871181585452,NA
352,"ETH","Ethiopia",-0.916933687064371,-0.765318198597351,NA
353,"ETH","Ethiopia",-0.925430050559165,-0.763200219780417,NA
354,"ETH","Ethiopia",-0.933471986807952,-0.760519746797135,NA
355,"ETH","Ethiopia",-0.941057434767715,-0.757279846620567,NA
356,"ETH","Ethiopia",-0.948184681856744,-0.753484147931948,NA
357,"ETH","Ethiopia",-0.954852363827855,-0.749136836882572,NA
358,"ETH","Ethiopia",-0.961059464286455,-0.744242652224979,NA
359,"ETH","Ethiopia",-0.966805313854667,-0.73880687981917,NA
360,"ETH","Ethiopia",-0.972089588983095,-0.732835346520337,NA
361,"ETH","Ethiopia",-0.97691231041222,-0.726334413455302,NA
362,"ETH","Ethiopia",-0.981273841285843,-0.719310968695583,NA
363,"ETH","Ethiopia",-0.985174884919338,-0.711772419335702,NA
364,"ETH","Ethiopia",-0.988616482225905,-0.703726682986064,NA
365,"ETH","Ethiopia",-0.991600008804392,-0.695182178690387,NA
1,"GAB","Gabon",0.153105403594818,-0.031799244321784,"Rwanda"
2,"GAB","Gabon",0.141351431032361,-0.000172247795272414,"Rwanda"
3,"GAB","Gabon",0.129828037843455,0.0317735002382892,"Rwanda"
4,"GAB","Gabon",0.118548755421787,0.0640158200690544,"Rwanda"
5,"GAB","Gabon",0.107526707910441,0.0965320814512475,"Rwanda"
6,"GAB","Gabon",0.0967745967194989,0.129299225806828,"Rwanda"
7,"GAB","Gabon",0.0863046855795892,0.162293788967529,"Rwanda"
8,"GAB","Gabon",0.0761287861490625,0.195491924429677,"Rwanda"
9,"GAB","Gabon",0.0662582441918146,0.22886942709558,"Rwanda"
10,"GAB","Gabon",0.0567039263420846,0.262401757474684,"Rwanda"
11,"GAB","Gabon",0.0474762074718502,0.296064066317142,"Rwanda"
12,"GAB","Gabon",0.0385849586757229,0.329831219651934,"Rwanda"
13,"GAB","Gabon",0.0300395358874954,0.363677824201144,"Rwanda"
14,"GAB","Gabon",0.021848769141745,0.397578253141594,"Rwanda"
15,"GAB","Gabon",0.01402095249311,0.431506672184572,"Rwanda"
16,"GAB","Gabon",0.00656383460507862,0.465437065944024,"Rwanda"
17,"GAB","Gabon",-0.000515389980684122,0.499343264563214,"Rwanda"
18,"GAB","Gabon",-0.00721008888425526,0.533198970569541,"Rwanda"
19,"GAB","Gabon",-0.0135141992272343,0.566977785926921,"Rwanda"
20,"GAB","Gabon",-0.0194222342638434,0.600653239254885,"Rwanda"
21,"GAB","Gabon",-0.024929289295647,0.634198813183348,"Rwanda"
22,"GAB","Gabon",-0.0300310468630609,0.667587971811808,"Rwanda"
23,"GAB","Gabon",-0.0347237812076779,0.700794188241615,"Rwanda"
24,"GAB","Gabon",-0.039004362000317,0.733790972149834,"Rwanda"
25,"GAB","Gabon",-0.0428702573305813,0.766551897373172,"Rwanda"
26,"GAB","Gabon",-0.0463195359545942,0.799050629470402,"Rwanda"
27,"GAB","Gabon",-0.0493508687984747,0.831260953231735,"Rwanda"
28,"GAB","Gabon",-0.0519635297160002,0.863156800103627,"Rwanda"
29,"GAB","Gabon",-0.0541573954998029,0.894712275497605,"Rwanda"
30,"GAB","Gabon",-0.0559329451463381,0.925901685951799,"Rwanda"
31,"GAB","Gabon",-0.057291258375756,0.956699566114045,"Rwanda"
32,"GAB","Gabon",-0.0582340134087007,0.987080705515597,"Rwanda"
33,"GAB","Gabon",-0.0587634840029543,1.01702017510473,"Rwanda"
34,"GAB","Gabon",-0.0588825357537232,1.04649335350979,"Rwanda"
35,"GAB","Gabon",-0.058594621662251,1.07547595300147,"Rwanda"
36,"GAB","Gabon",-0.0579037769783168,1.10394404512467,"Rwanda"
37,"GAB","Gabon",-0.0568146133230469,1.13187408597022,"Rwanda"
38,"GAB","Gabon",-0.0553323120993303,1.15924294105769,"Rwanda"
39,"GAB","Gabon",-0.0534626171979798,1.1860279098006,"Rwanda"
40,"GAB","Gabon",-0.0512118270086272,1.21220674952578,"Rwanda"
41,"GAB","Gabon",-0.048586785745168,1.23775769901953,"Rwanda"
42,"GAB","Gabon",-0.0455948740963989,1.26265950157326,"Rwanda"
43,"GAB","Gabon",-0.0422439992132934,1.28689142750221,"Rwanda"
44,"GAB","Gabon",-0.038542584045157,1.31043329611145,"Rwanda"
45,"GAB","Gabon",-0.0344995560376862,1.33326549708369,"Rwanda"
46,"GAB","Gabon",-0.0301243352067143,1.35536901126446,"Rwanda"
47,"GAB","Gabon",-0.0254268216021799,1.3767254308207,"Rwanda"
48,"GAB","Gabon",-0.020417382177581,1.39731697874962,"Rwanda"
49,"GAB","Gabon",-0.0151068370808913,1.41712652771527,"Rwanda"
50,"GAB","Gabon",-0.0095064453836079,1.43613761819131,"Rwanda"
51,"GAB","Gabon",-0.00362789026527366,1.45433447588899,"Rwanda"
52,"GAB","Gabon",0.00251673632853111,1.47170202845042,"Rwanda"
53,"GAB","Gabon",0.00891494953610139,1.48822592138782,"Rwanda"
54,"GAB","Gabon",0.0155538879181885,1.50389253325047,"Rwanda"
55,"GAB","Gabon",0.0224203302654291,1.51868899000202,"Rwanda"
56,"GAB","Gabon",0.0295007128542386,1.53260317859151,"Rwanda"
57,"GAB","Gabon",0.0367811471302455,1.54562375970256,"Rwanda"
58,"GAB","Gabon",0.0442474377978354,1.55774017966615,"Rwanda"
59,"GAB","Gabon",0.051885101293878,1.56894268152328,"Rwanda"
60,"GAB","Gabon",0.059679384623257,1.57922231522478,"Rwanda"
61,"GAB","Gabon",0.0676152845333821,1.5885709469567,"Rwanda"
62,"GAB","Gabon",0.0756775670044581,1.59698126758051,"Rwanda"
63,"GAB","Gabon",0.083850787031904,1.60444680017849,"Rwanda"
64,"GAB","Gabon",0.0921193086769644,1.6109619066957,"Rwanda"
65,"GAB","Gabon",0.100467325361234,1.61652179367099,"Rwanda"
66,"GAB","Gabon",0.108878880380517,1.62112251705052,"Rwanda"
67,"GAB","Gabon",0.117337887613183,1.62476098607828,"Rwanda"
68,"GAB","Gabon",0.125828152397939,1.62743496625939,"Rwanda"
69,"GAB","Gabon",0.134333392555748,1.62914308139265,"Rwanda"
70,"GAB","Gabon",0.142837259530423,1.62988481467037,"Rwanda"
71,"GAB","Gabon",0.1513233596223,1.62966050884413,"Rwanda"
72,"GAB","Gabon",0.159775275289276,1.62847136545645,"Rwanda"
73,"GAB","Gabon",0.168176586489416,1.6263194431395,"Rwanda"
74,"GAB","Gabon",0.176510892039255,1.62320765498281,"Rwanda"
75,"GAB","Gabon",0.184761830961948,1.6191397649732,"Rwanda"
76,"GAB","Gabon",0.192913103799376,1.61412038351127,"Rwanda"
77,"GAB","Gabon",0.200948493862391,1.60815496200957,"Rwanda"
78,"GAB","Gabon",0.208851888393444,1.60124978657912,"Rwanda"
79,"GAB","Gabon",0.216607299615927,1.59341197081136,"Rwanda"
80,"GAB","Gabon",0.224198885644716,1.58464944766442,"Rwanda"
81,"GAB","Gabon",0.231610971232546,1.57497096046283,"Rwanda"
82,"GAB","Gabon",0.238828068327032,1.5643860530216,"Rwanda"
83,"GAB","Gabon",0.245834896413417,1.55290505890586,"Rwanda"
84,"GAB","Gabon",0.252616402618309,1.54053908983896,"Rwanda"
85,"GAB","Gabon",0.259157781550024,1.52730002327233,"Rwanda"
86,"GAB","Gabon",0.265444494851402,1.5132004891317,"Rwanda"
87,"GAB","Gabon",0.27146229044135,1.49825385575522,"Rwanda"
88,"GAB","Gabon",0.277197221421688,1.4824742150397,"Rwanda"
89,"GAB","Gabon",0.282635664626314,1.46587636681248,"Rwanda"
90,"GAB","Gabon",0.287764338790087,1.44847580244698,"Rwanda"
91,"GAB","Gabon",0.292570322315312,1.43028868774107,"Rwanda"
92,"GAB","Gabon",0.297041070614153,1.41133184507822,"Rwanda"
93,"GAB","Gabon",0.301164433005834,1.39162273489207,"Rwanda"
94,"GAB","Gabon",0.304928669147988,1.37117943645615,"Rwanda"
95,"GAB","Gabon",0.308322464982089,1.35002062802086,"Rwanda"
96,"GAB","Gabon",0.311334948173455,1.32816556632095,"Rwanda"
97,"GAB","Gabon",0.31395570302693,1.30563406547728,"Rwanda"
98,"GAB","Gabon",0.316174784859963,1.28244647531729,"Rwanda"
99,"GAB","Gabon",0.317982733815446,1.25862365913938,"Rwanda"
100,"GAB","Gabon",0.31937058809734,1.23418697094699,"Rwanda"
101,"GAB","Gabon",0.320329896612807,1.20915823217876,"Rwanda"
102,"GAB","Gabon",0.320852731005256,1.18355970796185,"Rwanda"
103,"GAB","Gabon",0.320931697063457,1.15741408291576,"Rwanda"
104,"GAB","Gabon",0.320559945492593,1.1307444365348,"Rwanda"
105,"GAB","Gabon",0.319731182033894,1.10357421817772,"Rwanda"
106,"GAB","Gabon",0.318439676920268,1.07592722169339,"Rwanda"
107,"GAB","Gabon",0.316680273656129,1.0478275597119,"Rwanda"
108,"GAB","Gabon",0.314448397110422,1.01929963763083,"Rwanda"
109,"GAB","Gabon",0.311740060912678,0.990368127326785,"Rwanda"
110,"GAB","Gabon",0.308551874142734,0.961057940622494,"Rwanda"
111,"GAB","Gabon",0.304881047305616,0.931394202540206,"Rwanda"
112,"GAB","Gabon",0.300725397583927,0.901402224372187,"Rwanda"
113,"GAB","Gabon",0.296083353360924,0.871107476599437,"Rwanda"
114,"GAB","Gabon",0.290953958008366,0.840535561689842,"Rwanda"
115,"GAB","Gabon",0.285336872934065,0.809712186807113,"Rwanda"
116,"GAB","Gabon",0.279232379884956,0.778663136461961,"Rwanda"
117,"GAB","Gabon",0.272641382502406,0.747414245136993,"Rwanda"
118,"GAB","Gabon",0.265565407127349,0.715991369916826,"Rwanda"
119,"GAB","Gabon",0.258006602853737,0.684420363154909,"Rwanda"
120,"GAB","Gabon",0.249967740829697,0.65272704520845,"Rwanda"
121,"GAB","Gabon",0.241452212806669,0.62093717727277,"Rwanda"
122,"GAB","Gabon",0.23246402893771,0.589076434346273,"Rwanda"
123,"GAB","Gabon",0.223007814827017,0.557170378357004,"Rwanda"
124,"GAB","Gabon",0.213088807833658,0.525244431481642,"Rwanda"
125,"GAB","Gabon",0.202712852633337,0.493323849687429,"Rwanda"
126,"GAB","Gabon",0.191886396042944,0.46143369652734,"Rwanda"
127,"GAB","Gabon",0.1806164811135,0.429598817218433,"Rwanda"
128,"GAB","Gabon",0.168910740497988,0.397843813032972,"Rwanda"
129,"GAB","Gabon",0.156777389101414,0.366193016031561,"Rwanda"
130,"GAB","Gabon",0.144225216021321,0.334670464167057,"Rwanda"
131,"GAB","Gabon",0.131263575787786,0.303299876787617,"Rwanda"
132,"GAB","Gabon",0.11790237891283,0.272104630566729,"Rwanda"
133,"GAB","Gabon",0.10415208175991,0.241107735887539,"Rwanda"
134,"GAB","Gabon",0.0900236757450668,0.210331813708279,"Rwanda"
135,"GAB","Gabon",0.0755286758820177,0.179799072934967,"Rwanda"
136,"GAB","Gabon",0.0606791086843315,0.14953128832697,"Rwanda"
137,"GAB","Gabon",0.0454874994385464,0.11954977896035,"Rwanda"
138,"GAB","Gabon",0.0299668588628739,0.0898753872732734,"Rwanda"
139,"GAB","Gabon",0.0141306691668495,0.0605284587170165,"Rwanda"
140,"GAB","Gabon",-0.00200713047198259,0.0315288220354218,"Rwanda"
141,"GAB","Gabon",-0.0184321589975763,0.0028957701948466,"Rwanda"
142,"GAB","Gabon",-0.0351296091136107,-0.0253519580140816,"Rwanda"
143,"GAB","Gabon",-0.052084263452331,-0.053196195682436,"Rwanda"
144,"GAB","Gabon",-0.069280511255239,-0.0806193647770299,"Rwanda"
145,"GAB","Gabon",-0.0867023655462761,-0.107604492403737,"Rwanda"
146,"GAB","Gabon",-0.104333480777527,-0.134135226322156,"Rwanda"
147,"GAB","Gabon",-0.122157170926926,-0.160195849694614,"Rwanda"
148,"GAB","Gabon",-0.140156428026885,-0.185771295053383,"Rwanda"
149,"GAB","Gabon",-0.158313941102264,-0.210847157470949,"Rwanda"
150,"GAB","Gabon",-0.17661211549559,-0.235409706919108,"Rwanda"
151,"GAB","Gabon",-0.195033092556981,-0.259445899803639,"Rwanda"
152,"GAB","Gabon",-0.213558769675774,-0.282943389662283,"Rwanda"
153,"GAB","Gabon",-0.232170820630466,-0.305890537014774,"Rwanda"
154,"GAB","Gabon",-0.25085071623316,-0.328276418354636,"Rwanda"
155,"GAB","Gabon",-0.269579745244378,-0.350090834273551,"Rwanda"
156,"GAB","Gabon",-0.288339035533768,-0.371324316710062,"Rwanda"
157,"GAB","Gabon",-0.307109575461902,-0.391968135315481,"Rwanda"
158,"GAB","Gabon",-0.325872235458148,-0.412014302930876,"Rwanda"
159,"GAB","Gabon",-0.344607789769296,-0.431455580170097,"Rwanda"
160,"GAB","Gabon",-0.363296938353461,-0.450285479104868,"Rwanda"
161,"GAB","Gabon",-0.381920328893552,-0.468498266049004,"Rwanda"
162,"GAB","Gabon",-0.400458578904492,-0.486088963439923,"Rwanda"
163,"GAB","Gabon",-0.418892297908232,-0.503053350816677,"Rwanda"
164,"GAB","Gabon",-0.437202109650494,-0.519387964894799,"Rwanda"
165,"GAB","Gabon",-0.455368674333168,-0.535090098739339,"Rwanda"
166,"GAB","Gabon",-0.473372710836206,-0.550157800038525,"Rwanda"
167,"GAB","Gabon",-0.491195018902889,-0.564589868481562,"Rwanda"
168,"GAB","Gabon",-0.508816501262384,-0.578385852245148,"Rwanda"
169,"GAB","Gabon",-0.526218185663536,-0.591546043594315,"Rwanda"
170,"GAB","Gabon",-0.543381246793981,-0.604071473604283,"Rwanda"
171,"GAB","Gabon",-0.560287028058753,-0.615963906011045,"Rwanda"
172,"GAB","Gabon",-0.576917063192739,-0.627225830199425,"Rwanda"
173,"GAB","Gabon",-0.593253097681512,-0.637860453338389,"Rwanda"
174,"GAB","Gabon",-0.609277109965298,-0.647871691674364,"Rwanda"
175,"GAB","Gabon",-0.624971332401062,-0.65726416099437,"Rwanda"
176,"GAB","Gabon",-0.640318271958,-0.666043166271688,"Rwanda"
177,"GAB","Gabon",-0.655300730622001,-0.674214690507802,"Rwanda"
178,"GAB","Gabon",-0.669901825485014,-0.681785382785278,"Rwanda"
179,"GAB","Gabon",-0.684105008495572,-0.688762545547173,"Rwanda"
180,"GAB","Gabon",-0.697894085847163,-0.695154121119496,"Rwanda"
181,"GAB","Gabon",-0.711253236981522,-0.70096867749411,"Rwanda"
182,"GAB","Gabon",-0.724167033184386,-0.706215393390364,"Rwanda"
183,"GAB","Gabon",-0.736620455751705,-0.710904042614556,"Rwanda"
184,"GAB","Gabon",-0.748598913704841,-0.715044977737206,"Rwanda"
185,"GAB","Gabon",-0.760088261033744,-0.718649113108853,"Rwanda"
186,"GAB","Gabon",-0.771074813447725,-0.721727907235938,"Rwanda"
187,"GAB","Gabon",-0.781545364613946,-0.724293344539013,"Rwanda"
188,"GAB","Gabon",-0.791487201864393,-0.726357916516321,"Rwanda"
189,"GAB","Gabon",-0.800888121352693,-0.727934602336402,"Rwanda"
190,"GAB","Gabon",-0.809736442642786,-0.729036848884115,"Rwanda"
191,"GAB","Gabon",-0.818021022712119,-0.729678550285081,"Rwanda"
192,"GAB","Gabon",-0.825731269352736,-0.729874026934145,"Rwanda"
193,"GAB","Gabon",-0.832857153954298,-0.729638004054059,"Rwanda"
194,"GAB","Gabon",-0.839389223653834,-0.728985589811112,"Rwanda"
195,"GAB","Gabon",-0.845318612837739,-0.727932253014979,"Rwanda"
196,"GAB","Gabon",-0.850637053982294,-0.726493800430486,"Rwanda"
197,"GAB","Gabon",-0.855336887819771,-0.724686353729508,"Rwanda"
198,"GAB","Gabon",-0.859411072817953,-0.722526326111572,"Rwanda"
199,"GAB","Gabon",-0.862853193961726,-0.720030398622145,"Rwanda"
200,"GAB","Gabon",-0.8656574708262,-0.717215496197931,"Rwanda"
201,"GAB","Gabon",-0.86781876493165,-0.71409876346881,"Rwanda"
202,"GAB","Gabon",-0.869332586371417,-0.710697540346314,"Rwanda"
203,"GAB","Gabon",-0.870195099704749,-0.707029337428799,"Rwanda"
204,"GAB","Gabon",-0.870403129107427,-0.703111811253646,"Rwanda"
205,"GAB","Gabon",-0.869954162773901,-0.698962739427024,"Rwanda"
206,"GAB","Gabon",-0.86884635656552,-0.694599995661839,"Rwanda"
207,"GAB","Gabon",-0.867078536900334,-0.690041524754628,"Rwanda"
208,"GAB","Gabon",-0.864650202880845,-0.68530531753217,"Rwanda"
209,"GAB","Gabon",-0.861561527656953,-0.680409385798657,"Rwanda"
210,"GAB","Gabon",-0.857813359022261,-0.675371737314194,"Rwanda"
211,"GAB","Gabon",-0.853407219242796,-0.670210350835393,"Rwanda"
212,"GAB","Gabon",-0.848345304118095,-0.664943151248706,"Rwanda"
213,"GAB","Gabon",-0.842630481275523,-0.659587984827021,"Rwanda"
214,"GAB","Gabon",-0.836266287699566,-0.654162594639894,"Rwanda"
215,"GAB","Gabon",-0.829256926498766,-0.648684596147567,"Rwanda"
216,"GAB","Gabon",-0.821607262913832,-0.643171453008703,"Rwanda"
217,"GAB","Gabon",-0.813322819571378,-0.637640453131503,"Rwanda"
218,"GAB","Gabon",-0.804409770988601,-0.632108684997532,"Rwanda"
219,"GAB","Gabon",-0.794874937335102,-0.62659301428728,"Rwanda"
220,"GAB","Gabon",-0.784725777458936,-0.621110060836075,"Rwanda"
221,"GAB","Gabon",-0.773970381184805,-0.615676175948561,"Rwanda"
222,"GAB","Gabon",-0.762617460893207,-0.610307420099529,"Rwanda"
223,"GAB","Gabon",-0.750676342390163,-0.605019541048376,"Rwanda"
224,"GAB","Gabon",-0.738156955077993,-0.599827952393996,"Rwanda"
225,"GAB","Gabon",-0.725069821438424,-0.594747712596319,"Rwanda"
226,"GAB","Gabon",-0.711426045840132,-0.589793504490189,"Rwanda"
227,"GAB","Gabon",-0.697237302683596,-0.584979615316629,"Rwanda"
228,"GAB","Gabon",-0.68251582389693,-0.580319917295921,"Rwanda"
229,"GAB","Gabon",-0.667274385797124,-0.575827848766273,"Rwanda"
230,"GAB","Gabon",-0.65152629533185,-0.571516395911135,"Rwanda"
231,"GAB","Gabon",-0.635285375717752,-0.567398075097522,"Rwanda"
232,"GAB","Gabon",-0.618565951491791,-0.563484915846944,"Rwanda"
233,"GAB","Gabon",-0.601382832992969,-0.559788444459785,"Rwanda"
234,"GAB","Gabon",-0.583751300292376,-0.556319668313157,"Rwanda"
235,"GAB","Gabon",-0.565687086590163,-0.553089060851449,"Rwanda"
236,"GAB","Gabon",-0.547206361098686,-0.550106547287946,"Rwanda"
237,"GAB","Gabon",-0.52832571143164,-0.547381491035009,"Rwanda"
238,"GAB","Gabon",-0.509062125519609,-0.544922680879458,"Rwanda"
239,"GAB","Gabon",-0.489432973072978,-0.542738318918836,"Rwanda"
240,"GAB","Gabon",-0.469455986613743,-0.540836009273383,"Rwanda"
241,"GAB","Gabon",-0.449149242098162,-0.539222747587517,"Rwanda"
242,"GAB","Gabon",-0.428531139152794,-0.537904911333744,"Rwanda"
243,"GAB","Gabon",-0.407620380946795,-0.536888250930873,"Rwanda"
244,"GAB","Gabon",-0.386435953723887,-0.536177881687491,"Rwanda"
245,"GAB","Gabon",-0.364997106017696,-0.53577827658057,"Rwanda"
246,"GAB","Gabon",-0.343323327574647,-0.535693259878149,"Rwanda"
247,"GAB","Gabon",-0.321434328008824,-0.535926001613947,"Rwanda"
248,"GAB","Gabon",-0.299350015213613,-0.536479012920746,"Rwanda"
249,"GAB","Gabon",-0.277090473555171,-0.537354142228364,"Rwanda"
250,"GAB","Gabon",-0.254675941873044,-0.53855257233095,"Rwanda"
251,"GAB","Gabon",-0.232126791313465,-0.540074818327304,"Rwanda"
252,"GAB","Gabon",-0.209463503021079,-0.54192072643686,"Rwanda"
253,"GAB","Gabon",-0.186706645714966,-0.544089473692904,"Rwanda"
254,"GAB","Gabon",-0.163876853175022,-0.546579568513529,"Rwanda"
255,"GAB","Gabon",-0.140994801664801,-0.549388852149786,"Rwanda"
256,"GAB","Gabon",-0.11808118731704,-0.552514501009385,"Rwanda"
257,"GAB","Gabon",-0.0951567035080906,-0.555953029853291,"Rwanda"
258,"GAB","Gabon",-0.0722420182475322,-0.559700295861443,"Rwanda"
259,"GAB","Gabon",-0.0493577516091689,-0.563751503562818,"Rwanda"
260,"GAB","Gabon",-0.0265244532296196,-0.568101210623975,"Rwanda"
261,"GAB","Gabon",-0.00376257990056067,-0.572743334489199,"Rwanda"
262,"GAB","Gabon",0.0189075267193609,-0.577671159864314,"Rwanda"
263,"GAB","Gabon",0.0414656622471418,-0.582877347035212,"Rwanda"
264,"GAB","Gabon",0.0638917815468797,-0.588353941011132,"Rwanda"
265,"GAB","Gabon",0.086166020504635,-0.594092381481733,"Rwanda"
266,"GAB","Gabon",0.108268717581456,-0.600083513575982,"Rwanda"
267,"GAB","Gabon",0.130180435119643,-0.606317599409941,"Rwanda"
268,"GAB","Gabon",0.151881980377553,-0.61278433040955,"Rwanda"
269,"GAB","Gabon",0.173354426268653,-0.619472840393582,"Rwanda"
270,"GAB","Gabon",0.194579131780786,-0.626371719400988,"Rwanda"
271,"GAB","Gabon",0.215537762052087,-0.633469028245985,"Rwanda"
272,"GAB","Gabon",0.236212308080344,-0.640752313783309,"Rwanda"
273,"GAB","Gabon",0.256585106043018,-0.64820862486523,"Rwanda"
274,"GAB","Gabon",0.276638856205653,-0.655824528971043,"Rwanda"
275,"GAB","Gabon",0.296356641396865,-0.663586129488971,"Rwanda"
276,"GAB","Gabon",0.315721945028584,-0.671479083629559,"Rwanda"
277,"GAB","Gabon",0.334718668640838,-0.679488620948941,"Rwanda"
278,"GAB","Gabon",0.353331148950844,-0.687599562459539,"Rwanda"
279,"GAB","Gabon",0.371544174386834,-0.695796340305091,"Rwanda"
280,"GAB","Gabon",0.389343001087603,-0.704063017976182,"Rwanda"
281,"GAB","Gabon",0.406713368349417,-0.712383311041795,"Rwanda"
282,"GAB","Gabon",0.423641513502597,-0.720740608371767,"Rwanda"
283,"GAB","Gabon",0.440114186200707,-0.729117993824425,"Rwanda"
284,"GAB","Gabon",0.456118662106056,-0.737498268373108,"Rwanda"
285,"GAB","Gabon",0.471642755955855,-0.745863972644735,"Rwanda"
286,"GAB","Gabon",0.486674833994156,-0.754197409843065,"Rwanda"
287,"GAB","Gabon",0.501203825755438,-0.762480669028822,"Rwanda"
288,"GAB","Gabon",0.515219235186462,-0.77069564872841,"Rwanda"
289,"GAB","Gabon",0.528711151093799,-0.778824080842528,"Rwanda"
290,"GAB","Gabon",0.541670256905256,-0.786847554825628,"Rwanda"
291,"GAB","Gabon",0.554087839734204,-0.794747542106802,"Rwanda"
292,"GAB","Gabon",0.565955798736659,-0.802505420722395,"Rwanda"
293,"GAB","Gabon",0.577266652751789,-0.810102500130334,"Rwanda"
294,"GAB","Gabon",0.588013547217381,-0.817520046175985,"Rwanda"
295,"GAB","Gabon",0.59819026035264,-0.824739306179077,"Rwanda"
296,"GAB","Gabon",0.607791208601575,-0.831741534111144,"Rwanda"
297,"GAB","Gabon",0.616811451331089,-0.83850801583273,"Rwanda"
298,"GAB","Gabon",0.625246694778772,-0.845020094359586,"Rwanda"
299,"GAB","Gabon",0.633093295246292,-0.85125919512698,"Rwanda"
300,"GAB","Gabon",0.640348261535147,-0.857206851221244,"Rwanda"
301,"GAB","Gabon",0.647009256622461,-0.862844728547706,"Rwanda"
302,"GAB","Gabon",0.653074598575389,-0.868154650904208,"Rwanda"
303,"GAB","Gabon",0.658543260703593,-0.873118624929488,"Rwanda"
304,"GAB","Gabon",0.663414870950153,-0.877718864895865,"Rwanda"
305,"GAB","Gabon",0.66768971052219,-0.881937817315804,"Rwanda"
306,"GAB","Gabon",0.671368711763336,-0.885758185332157,"Rwanda"
307,"GAB","Gabon",0.674453455271129,-0.889162952862107,"Rwanda"
308,"GAB","Gabon",0.676946166263262,-0.89213540846513,"Rwanda"
309,"GAB","Gabon",0.678849710197514,-0.894659168905567,"Rwanda"
310,"GAB","Gabon",0.680167587651077,-0.8967182023808,"Rwanda"
311,"GAB","Gabon",0.680903928465858,-0.898296851386338,"Rwanda"
312,"GAB","Gabon",0.681063485167194,-0.899379855189597,"Rwanda"
313,"GAB","Gabon",0.68065162566429,-0.899952371884558,"Rwanda"
314,"GAB","Gabon",0.679674325241518,-0.9,"Rwanda"
315,"GAB","Gabon",0.678138157850553,-0.899508799634501,"Rwanda"
316,"GAB","Gabon",0.676050286714164,-0.898465313091956,"Rwanda"
317,"GAB","Gabon",0.673418454253258,-0.89685658499193,"Rwanda"
318,"GAB","Gabon",0.670250971349584,-0.89467018182979,"Rwanda"
319,"GAB","Gabon",0.666556705957294,-0.891894210962182,"Rwanda"
320,"GAB","Gabon",0.662345071077316,-0.888517338994073,"Rwanda"
321,"GAB","Gabon",0.657626012109223,-0.884528809544337,"Rwanda"
322,"GAB","Gabon",0.652409993596052,-0.879918460367501,"Rwanda"
323,"GAB","Gabon",0.646707985378208,-0.874676739810088,"Rwanda"
324,"GAB","Gabon",0.640531448173286,-0.868794722580736,"Rwanda"
325,"GAB","Gabon",0.633892318599337,-0.862264124814092,"Rwanda"
326,"GAB","Gabon",0.626802993659724,-0.855077318409288,"Rwanda"
327,"GAB","Gabon",0.619276314708373,-0.847227344624666,"Rwanda"
328,"GAB","Gabon",0.611325550914826,-0.838707926911307,"Rwanda"
329,"GAB","Gabon",0.602964382249058,-0.82951348296877,"Rwanda"
330,"GAB","Gabon",0.594206882006646,-0.819639136007403,"Rwanda"
331,"GAB","Gabon",0.585067498895329,-0.809080725202488,"Rwanda"
332,"GAB","Gabon",0.575561038704596,-0.797834815326462,"Rwanda"
333,"GAB","Gabon",0.565702645580366,-0.785898705546388,"Rwanda"
334,"GAB","Gabon",0.555507782927287,-0.773270437374849,"Rwanda"
335,"GAB","Gabon",0.54499221396167,-0.759948801763457,"Rwanda"
336,"GAB","Gabon",0.534171981938395,-0.745933345329121,"Rwanda"
337,"GAB","Gabon",0.523063390075576,-0.731224375704304,"Rwanda"
338,"GAB","Gabon",0.511682981201078,-0.715822966003485,"Rwanda"
339,"GAB","Gabon",0.500047517145325,-0.699730958399107,"Rwanda"
340,"GAB","Gabon",0.488173957905103,-0.682950966801337,"Rwanda"
341,"GAB","Gabon",0.476079440603367,-0.665486378637016,"Rwanda"
342,"GAB","Gabon",0.463781258270231,-0.647341355724244,"Rwanda"
343,"GAB","Gabon",0.451296838470601,-0.628520834240135,"Rwanda"
344,"GAB","Gabon",0.438643721803997,-0.609030523780294,"Rwanda"
345,"GAB","Gabon",0.425839540302337,-0.588876905509703,"Rwanda"
346,"GAB","Gabon",0.412901995751495,-0.56806722940574,"Rwanda"
347,"GAB","Gabon",0.39984883796258,-0.546609510595142,"Rwanda"
348,"GAB","Gabon",0.3866978430189,-0.524512524787789,"Rwanda"
349,"GAB","Gabon",0.373466791524598,-0.501785802811259,"Rwanda"
350,"GAB","Gabon",0.360173446880968,-0.478439624251185,"Rwanda"
351,"GAB","Gabon",0.346835533616349,-0.454485010203444,"Rwanda"
352,"GAB","Gabon",0.333470715795519,-0.429933715145386,"Rwanda"
353,"GAB","Gabon",0.320096575534282,-0.404798217934167,"Rwanda"
354,"GAB","Gabon",0.306730591644951,-0.379091711941511,"Rwanda"
355,"GAB","Gabon",0.293390118438121,-0.352828094335033,"Rwanda"
356,"GAB","Gabon",0.280092364706043,-0.326021954517427,"Rwanda"
357,"GAB","Gabon",0.266854372912632,-0.298688561735764,"Rwanda"
358,"GAB","Gabon",0.253692998614873,-0.270843851874096,"Rwanda"
359,"GAB","Gabon",0.240624890140168,-0.242504413443621,"Rwanda"
360,"GAB","Gabon",0.227666468543766,-0.213687472785517,"Rwanda"
361,"GAB","Gabon",0.214833907870167,-0.18441087850259,"Rwanda"
362,"GAB","Gabon",0.202143115741941,-0.154693085136708,"Rwanda"
363,"GAB","Gabon",0.189609714299061,-0.124553136109971,"Rwanda"
364,"GAB","Gabon",0.177249021511397,-0.094010645948382,"Rwanda"
365,"GAB","Gabon",0.165076032886554,-0.06308578180767,"Rwanda"
1,"GHA","Ghana",-0.993148490816432,-0.447419120419136,NA
2,"GHA","Ghana",-0.995544960656115,-0.452854126978296,NA
3,"GHA","Ghana",-0.997425311420342,-0.457834224945446,NA
4,"GHA","Ghana",-0.998792373635393,-0.462367649343338,NA
5,"GHA","Ghana",-0.999649387979177,-0.466463136159264,NA
6,"GHA","Ghana",-1,-0.470129907810375,NA
7,"GHA","Ghana",-0.999848254414621,-0.473377658042149,NA
8,"GHA","Ghana",-0.999198588992791,-0.476216536279144,NA
9,"GHA","Ghana",-0.998055828035902,-0.47865713144781,NA
10,"GHA","Ghana",-0.996425175457848,-0.480710455291771,NA
11,"GHA","Ghana",-0.994312207476661,-0.482387925200566,NA
12,"GHA","Ghana",-0.991722864925914,-0.48370134657343,NA
13,"GHA","Ghana",-0.988663445195335,-0.484662894740231,NA
14,"GHA","Ghana",-0.985140593810472,-0.485285096462201,NA
15,"GHA","Ghana",-0.98116129566168,-0.485580811035591,NA
16,"GHA","Ghana",-0.976732865893095,-0.485563211021848,NA
17,"GHA","Ghana",-0.971862940462623,-0.485245762628348,NA
18,"GHA","Ghana",-0.966559466384385,-0.484642205764114,NA
19,"GHA","Ghana",-0.960830691665374,-0.48376653379536,NA
20,"GHA","Ghana",-0.954685154948439,-0.482632973026,NA
21,"GHA","Ghana",-0.948131674874066,-0.481255961928636,NA
22,"GHA","Ghana",-0.941179339173694,-0.479650130151768,NA
23,"GHA","Ghana",-0.933837493507641,-0.477830277329291,NA
24,"GHA","Ghana",-0.926115730060978,-0.4758113517185,NA
25,"GHA","Ghana",-0.918023875910971,-0.473608428693084,NA
26,"GHA","Ghana",-0.909571981179949,-0.4712366891177,NA
27,"GHA","Ghana",-0.90077030698771,-0.468711397630886,NA
28,"GHA","Ghana",-0.89162931321776,-0.466047880863144,NA
29,"GHA","Ghana",-0.882159646111945,-0.463261505617114,NA
30,"GHA","Ghana",-0.872372125708134,-0.460367657036768,NA
31,"GHA","Ghana",-0.86227773313587,-0.457381716792593,NA
32,"GHA","Ghana",-0.851887597784976,-0.454319041309651,NA
33,"GHA","Ghana",-0.841212984362296,-0.451194940065387,NA
34,"GHA","Ghana",-0.830265279851814,-0.448024653983946,NA
35,"GHA","Ghana",-0.819055980393536,-0.444823333953621,NA
36,"GHA","Ghana",-0.807596678096556,-0.441606019493908,NA
37,"GHA","Ghana",-0.795899047801823,-0.438387617598462,NA
38,"GHA","Ghana",-0.783974833810131,-0.435182881780006,NA
39,"GHA","Ghana",-0.771835836590911,-0.432006391343008,NA
40,"GHA","Ghana",-0.759493899487378,-0.42887253090965,NA
41,"GHA","Ghana",-0.746960895433598,-0.425795470224304,NA
42,"GHA","Ghana",-0.734248713698981,-0.422789144261387,NA
43,"GHA","Ghana",-0.721369246675684,-0.419867233661073,NA
44,"GHA","Ghana",-0.708334376724305,-0.417043145516976,NA
45,"GHA","Ghana",-0.695155963093195,-0.414329994539441,NA
46,"GHA","Ghana",-0.681845828926593,-0.411740584617662,NA
47,"GHA","Ghana",-0.668415748376651,-0.409287390803319,NA
48,"GHA","Ghana",-0.654877433834314,-0.406982541737937,NA
49,"GHA","Ghana",-0.641242523293817,-0.404837802545623,NA
50,"GHA","Ghana",-0.62752256786542,-0.402864558212261,NA
51,"GHA","Ghana",-0.613729019450783,-0.401073797471655,NA
52,"GHA","Ghana",-0.599873218595191,-0.39947609721851,NA
53,"GHA","Ghana",-0.585966382530601,-0.398081607467457,NA
54,"GHA","Ghana",-0.572019593423245,-0.396900036876717,NA
55,"GHA","Ghana",-0.558043786839254,-0.395940638854278,NA
56,"GHA","Ghana",-0.54404974044151,-0.395212198263744,NA
57,"GHA","Ghana",-0.530048062930626,-0.394723018746331,NA
58,"GHA","Ghana",-0.516049183242643,-0.394480910674678,NA
59,"GHA","Ghana",-0.50206334001575,-0.394493179753429,NA
60,"GHA","Ghana",-0.48810057133793,-0.394766616280706,NA
61,"GHA","Ghana",-0.474170704787167,-0.395307485083844,NA
62,"GHA","Ghana",-0.460283347775406,-0.396121516141885,NA
63,"GHA","Ghana",-0.446447878207156,-0.397213895906555,NA
64,"GHA","Ghana",-0.432673435463165,-0.398589259332533,NA
65,"GHA","Ghana",-0.418968911719267,-0.400251682627039,NA
66,"GHA","Ghana",-0.405342943610022,-0.402204676727816,NA
67,"GHA","Ghana",-0.3918039042464,-0.404451181517767,NA
68,"GHA","Ghana",-0.378359895596285,-0.406993560783567,NA
69,"GHA","Ghana",-0.365018741236155,-0.40983359792469,NA
70,"GHA","Ghana",-0.351787979481835,-0.412972492418389,NA
71,"GHA","Ghana",-0.338674856905737,-0.416410857045219,NA
72,"GHA","Ghana",-0.325686322247564,-0.42014871587882,NA
73,"GHA","Ghana",-0.312829020724938,-0.424185503042687,NA
74,"GHA","Ghana",-0.300109288749946,-0.428520062235801,NA
75,"GHA","Ghana",-0.287533149057109,-0.433150647027988,NA
76,"GHA","Ghana",-0.275106306247739,-0.438074921924995,NA
77,"GHA","Ghana",-0.262834142755201,-0.443289964202312,NA
78,"GHA","Ghana",-0.250721715235037,-0.448792266505839,NA
79,"GHA","Ghana",-0.238773751383409,-0.454577740216583,NA
80,"GHA","Ghana",-0.226994647186808,-0.460641719575618,NA
81,"GHA","Ghana",-0.215388464605431,-0.466978966564647,NA
82,"GHA","Ghana",-0.203958929692131,-0.473583676536557,NA
83,"GHA","Ghana",-0.192709431148282,-0.480449484589484,NA
84,"GHA","Ghana",-0.181643019317401,-0.487569472676968,NA
85,"GHA","Ghana",-0.170762405616826,-0.494936177445908,NA
86,"GHA","Ghana",-0.160069962407222,-0.502541598793128,NA
87,"GHA","Ghana",-0.149567723299146,-0.510377209130508,NA
88,"GHA","Ghana",-0.139257383895402,-0.518433963347751,NA
89,"GHA","Ghana",-0.129140302967354,-0.526702309461032,NA
90,"GHA","Ghana",-0.119217504062871,-0.535172199934922,NA
91,"GHA","Ghana",-0.109489677543037,-0.543833103664173,NA
92,"GHA","Ghana",-0.0999571830442514,-0.552674018601134,NA
93,"GHA","Ghana",-0.0906200523618361,-0.561683485013801,NA
94,"GHA","Ghana",-0.081477992750738,-0.570849599358709,NA
95,"GHA","Ghana",-0.0725303906384373,-0.58016002875215,NA
96,"GHA","Ghana",-0.0637763157446577,-0.589602026022445,NA
97,"GHA","Ghana",-0.0552145256019921,-0.599162445325321,NA
98,"GHA","Ghana",-0.0468434704710743,-0.608827758303707,NA
99,"GHA","Ghana",-0.038661298643447,-0.618584070772652,NA
100,"GHA","Ghana",-0.0306658621248208,-0.628417139909384,NA
101,"GHA","Ghana",-0.0228547226909475,-0.63831239192792,NA
102,"GHA","Ghana",-0.0152251583078955,-0.648254940217051,NA
103,"GHA","Ghana",-0.00777416990806897,-0.658229603919943,NA
104,"GHA","Ghana",-0.0004984885128889,-0.668220926933061,NA
105,"GHA","Ghana",0.00660541730736266,-0.678213197301596,NA
106,"GHA","Ghana",0.0135413336464402,-0.688190466988091,NA
107,"GHA","Ghana",0.0203132931580697,-0.698136571990491,NA
108,"GHA","Ghana",0.026925566645598,-0.708035152785425,NA
109,"GHA","Ghana",0.0333826543564,-0.717869675072097,NA
110,"GHA","Ghana",0.0396892769924422,-0.727623450791804,NA
111,"GHA","Ghana",0.0458503664487389,-0.737279659397743,NA
112,"GHA","Ghana",0.0518710562917661,-0.746821369349473,NA
113,"GHA","Ghana",0.0577566719902049,-0.756231559806064,NA
114,"GHA","Ghana",0.0635127209106869,-0.765493142491775,NA
115,"GHA","Ghana",0.0691448820914928,-0.774588983707813,NA
116,"GHA","Ghana",0.0746589958074182,-0.783501926463591,NA
117,"GHA","Ghana",0.080061052939276,-0.792214812700693,NA
118,"GHA","Ghana",0.0853571841617286,-0.800710505582659,NA
119,"GHA","Ghana",0.0905536489633688,-0.808971911823587,NA
120,"GHA","Ghana",0.0956568245131611,-0.816982004028493,NA
121,"GHA","Ghana",0.100673194387539,-0.824723843018336,NA
122,"GHA","Ghana",0.105609337172622,-0.832180600112607,NA
123,"GHA","Ghana",0.11047191495616,-0.839335579342423,NA
124,"GHA","Ghana",0.115267661723942,-0.846172239567132,NA
125,"GHA","Ghana",0.120003371675525,-0.852674216467514,NA
126,"GHA","Ghana",0.124685887474225,-0.858825344388816,NA
127,"GHA","Ghana",0.129322088446391,-0.864609678007,NA
128,"GHA","Ghana",0.133918878745051,-0.870011513791788,NA
129,"GHA","Ghana",0.13848317549303,-0.875015411240296,NA
130,"GHA","Ghana",0.143021896920706,-0.879606213855329,NA
131,"GHA","Ghana",0.147541950513531,-0.883769069842668,NA
132,"GHA","Ghana",0.152050221184453,-0.887489452502008,NA
133,"GHA","Ghana",0.156553559486338,-0.890753180286568,NA
134,"GHA","Ghana",0.161058769879432,-0.893546436506735,NA
135,"GHA","Ghana",0.165572599068847,-0.895855788653549,NA
136,"GHA","Ghana",0.170101724426952,-0.897668207318241,NA
137,"GHA","Ghana",0.174652742515452,-0.898971084684523,NA
138,"GHA","Ghana",0.179232157721824,-0.899752252570799,NA
139,"GHA","Ghana",0.183846371024619,-0.9,NA
140,"GHA","Ghana",0.188501668901993,-0.899703090275284,NA
141,"GHA","Ghana",0.19320421239765,-0.898850777540423,NA
142,"GHA","Ghana",0.197960026358194,-0.897432822804276,NA
143,"GHA","Ghana",0.202774988855665,-0.895439509409397,NA
144,"GHA","Ghana",0.207654820808815,-0.892861657925437,NA
145,"GHA","Ghana",0.212605075816437,-0.889690640448714,NA
146,"GHA","Ghana",0.217631130215801,-0.885918394289961,NA
147,"GHA","Ghana",0.222738173378972,-0.881537435033026,NA
148,"GHA","Ghana",0.227931198259503,-0.876540868947995,NA
149,"GHA","Ghana",0.233214992201681,-0.870922404742989,NA
150,"GHA","Ghana",0.238594128024187,-0.864676364639627,NA
151,"GHA","Ghana",0.24407295538971,-0.857797694757975,NA
152,"GHA","Ghana",0.249655592471679,-0.850281974797583,NA
153,"GHA","Ghana",0.255345917928943,-0.84212542700203,NA
154,"GHA","Ghana",0.26114756319884,-0.833324924395273,NA
155,"GHA","Ghana",0.267063905118707,-0.823877998278899,NA
156,"GHA","Ghana",0.273098058885489,-0.81378284498029,NA
157,"GHA","Ghana",0.279252871362696,-0.803038331842558,NA
158,"GHA","Ghana",0.285530914743521,-0.791644002448016,NA
159,"GHA","Ghana",0.291934480578516,-0.779600081067844,NA
160,"GHA","Ghana",0.298465574175765,-0.766907476331508,NA
161,"GHA","Ghana",0.305125909381047,-0.753567784110441,NA
162,"GHA","Ghana",0.311916903745024,-0.739583289611359,NA
163,"GHA","Ghana",0.318839674083994,-0.724956968675586,NA
164,"GHA","Ghana",0.325895032440317,-0.709692488281636,NA
165,"GHA","Ghana",0.333083482448078,-0.693794206249276,NA
166,"GHA","Ghana",0.340405216109102,-0.677267170144205,NA
167,"GHA","Ghana",0.347860110983914,-0.660117115383471,NA
168,"GHA","Ghana",0.355447727801748,-0.642350462542615,NA
169,"GHA","Ghana",0.363167308493177,-0.623974313866569,NA
170,"GHA","Ghana",0.371017774648431,-0.604996448987174,NA
171,"GHA","Ghana",0.378997726403977,-0.58542531985121,NA
172,"GHA","Ghana",0.387105441759353,-0.565270044863684,NA
173,"GHA","Ghana",0.395338876325793,-0.54454040225211,NA
174,"GHA","Ghana",0.403695663507601,-0.523246822658402,NA
175,"GHA","Ghana",0.412173115116725,-0.501400380965912,NA
176,"GHA","Ghana",0.420768222420465,-0.479012787370076,NA
177,"GHA","Ghana",0.429477657621685,-0.456096377701986,NA
178,"GHA","Ghana",0.438297775770412,-0.432664103015137,NA
179,"GHA","Ghana",0.447224617105154,-0.408729518446414,NA
180,"GHA","Ghana",0.456253909821735,-0.384306771363299,NA
181,"GHA","Ghana",0.465381073266959,-0.359410588810087,NA
182,"GHA","Ghana",0.474601221553849,-0.33405626426674,NA
183,"GHA","Ghana",0.483909167594729,-0.308259643734825,NA
184,"GHA","Ghana",0.493299427547884,-0.28203711116578,NA
185,"GHA","Ghana",0.502766225673034,-0.255405573247531,NA
186,"GHA","Ghana",0.512303499590345,-0.228382443566248,NA
187,"GHA","Ghana",0.521904905937235,-0.200985626160756,NA
188,"GHA","Ghana",0.531563826416699,-0.173233498487864,NA
189,"GHA","Ghana",0.541273374230437,-0.145144893817554,NA
190,"GHA","Ghana",0.551026400889575,-0.116739083077654,NA
191,"GHA","Ghana",0.560815503395297,-0.0880357561682917,NA
192,"GHA","Ghana",0.57063303178128,-0.0590550027670236,NA
193,"GHA","Ghana",0.580471097009341,-0.0298172926461825,NA
194,"GHA","Ghana",0.590321579209284,-0.000343455524537545,NA
195,"GHA","Ghana",0.600176136253532,0.029345339524076,NA
196,"GHA","Ghana",0.610026212656662,0.0592276050819536,NA
197,"GHA","Ghana",0.619863048789615,0.0892815567948622,NA
198,"GHA","Ghana",0.62967769039791,0.11948513515135,NA
199,"GHA","Ghana",0.639460998412861,0.149816027609409,NA
200,"GHA","Ghana",0.649203659044387,0.180251691045466,NA
201,"GHA","Ghana",0.658896194143687,0.210769374500261,NA
202,"GHA","Ghana",0.668528971823679,0.241346142195853,NA
203,"GHA","Ghana",0.678092217324823,0.271958896797626,NA
204,"GHA","Ghana",0.687576024113594,0.3025844028949,NA
205,"GHA","Ghana",0.696970365200592,0.333199310673459,NA
206,"GHA","Ghana",0.706265104665027,0.363780179753099,NA
207,"GHA","Ghana",0.715450009371989,0.394303503163064,NA
208,"GHA","Ghana",0.724514760868735,0.424745731428107,NA
209,"GHA","Ghana",0.733448967445946,0.455083296737712,NA
210,"GHA","Ghana",0.742242176349716,0.48529263717098,NA
211,"GHA","Ghana",0.75088388612982,0.515350220949536,NA
212,"GHA","Ghana",0.759363559109653,0.545232570690812,NA
213,"GHA","Ghana",0.767670633963041,0.574916287634043,NA
214,"GHA","Ghana",0.775794538382996,0.604378075811323,NA
215,"GHA","Ghana",0.783724701827362,0.633594766136133,NA
216,"GHA","Ghana",0.791450568326166,0.662543340381826,NA
217,"GHA","Ghana",0.79896160933543,0.691200955022699,NA
218,"GHA","Ghana",0.806247336622099,0.719544964910399,NA
219,"GHA","Ghana",0.813297315164685,0.747552946758611,NA
220,"GHA","Ghana",0.820101176054224,0.775202722409193,NA
221,"GHA","Ghana",0.826648629380064,0.802472381853169,NA
222,"GHA","Ghana",0.832929477085061,0.829340305980244,NA
223,"GHA","Ghana",0.838933625774745,0.855785189030851,NA
224,"GHA","Ghana",0.844651099465046,0.881786060725048,NA
225,"GHA","Ghana",0.850072052253265,0.90732230804297,NA
226,"GHA","Ghana",0.855186780896997,0.932373696631931,NA
227,"GHA","Ghana",0.859985737285845,0.956920391815692,NA
228,"GHA","Ghana",0.86445954079084,0.980942979181891,NA
229,"GHA","Ghana",0.868598990476645,1.00442248472409,NA
230,"GHA","Ghana",0.872395077161721,1.02734039451541,NA
231,"GHA","Ghana",0.875838995311837,1.04967867389128,NA
232,"GHA","Ghana",0.878922154752464,1.07141978611943,NA
233,"GHA","Ghana",0.881636192185784,1.09254671053564,NA
234,"GHA","Ghana",0.883972982498281,1.11304296012478,NA
235,"GHA","Ghana",0.885924649845088,1.13289259852685,NA
236,"GHA","Ghana",0.887483578497531,1.15208025644876,NA
237,"GHA","Ghana",0.888642423440557,1.17059114746301,NA
238,"GHA","Ghana",0.889394120707029,1.18841108317544,NA
239,"GHA","Ghana",0.889731897436144,1.20552648774455,NA
240,"GHA","Ghana",0.889649281643572,1.22192441173604,NA
241,"GHA","Ghana",0.889140111691198,1.23759254529672,NA
242,"GHA","Ghana",0.888198545444735,1.25251923063287,NA
243,"GHA","Ghana",0.886819069107773,1.26669347377884,NA
244,"GHA","Ghana",0.88499650572127,1.28010495564259,NA
245,"GHA","Ghana",0.882726023317783,1.2927440423156,NA
246,"GHA","Ghana",0.880003142720211,1.30460179463566,NA
247,"GHA","Ghana",0.876823744975183,1.31566997699151,NA
248,"GHA","Ghana",0.873184078411642,1.32594106535963,NA
249,"GHA","Ghana",0.869080765315626,1.33540825456414,NA
250,"GHA","Ghana",0.864510808212671,1.34406546475152,NA
251,"GHA","Ghana",0.85947159574971,1.35190734707324,NA
252,"GHA","Ghana",0.853960908168817,1.3589292885697,NA
253,"GHA","Ghana",0.847976922365591,1.36512741625041,NA
254,"GHA","Ghana",0.841518216525477,1.37049860036577,NA
255,"GHA","Ghana",0.834583774331786,1.37504045686709,NA
256,"GHA","Ghana",0.827172988739687,1.37875134905224,NA
257,"GHA","Ghana",0.819285665310932,1.38163038839535,NA
258,"GHA","Ghana",0.810922025104584,1.38367743455991,NA
259,"GHA","Ghana",0.802082707119545,1.38489309459561,NA
260,"GHA","Ghana",0.792768770285174,1.38527872132,NA
261,"GHA","Ghana",0.782981694996828,1.38483641088735,NA
262,"GHA","Ghana",0.772723384193682,1.38356899954772,NA
263,"GHA","Ghana",0.761996163976708,1.38148005960037,NA
264,"GHA","Ghana",0.750802783765223,1.37857389454636,NA
265,"GHA","Ghana",0.73914641599097,1.37485553344657,NA
266,"GHA","Ghana",0.727030655329212,1.37033072449159,NA
267,"GHA","Ghana",0.71445951746686,1.36500592779163,NA
268,"GHA","Ghana",0.701437437408211,1.35888830739477,NA
269,"GHA","Ghana",0.687969267319376,1.35198572254344,NA
270,"GHA","Ghana",0.674060273913059,1.3443067181792,NA
271,"GHA","Ghana",0.65971613537583,1.33586051470751,NA
272,"GHA","Ghana",0.644942937840615,1.32665699703433,NA
273,"GHA","Ghana",0.629747171407633,1.31670670288776,NA
274,"GHA","Ghana",0.614135725717525,1.30602081043844,NA
275,"GHA","Ghana",0.598115885080959,1.29461112523344,NA
276,"GHA","Ghana",0.581695323169524,1.28249006645895,NA
277,"GHA","Ghana",0.564882097273192,1.26967065254812,NA
278,"GHA","Ghana",0.547684642130185,1.25616648615087,NA
279,"GHA","Ghana",0.530111763335539,1.24199173848351,NA
280,"GHA","Ghana",0.512172630335186,1.22716113307643,NA
281,"GHA","Ghana",0.493876769012829,1.21168992893907,NA
282,"GHA","Ghana",0.475234053877371,1.19559390316188,NA
283,"GHA","Ghana",0.456254699859145,1.17888933297578,NA
284,"GHA","Ghana",0.4369492537236,1.16159297728999,NA
285,"GHA","Ghana",0.417328585111605,1.14372205773002,NA
286,"GHA","Ghana",0.397403877215936,1.12529423919798,NA
287,"GHA","Ghana",0.377186617103919,1.10632760997793,NA
288,"GHA","Ghana",0.356688585696665,1.08684066140957,NA
289,"GHA","Ghana",0.335921847415705,1.06685226715403,NA
290,"GHA","Ghana",0.314898739508207,1.04638166207597,NA
291,"GHA","Ghana",0.293631861062377,1.02544842076667,NA
292,"GHA","Ghana",0.272134061724963,1.00407243573315,NA
293,"GHA","Ghana",0.250418430133183,0.982273895278771,NA
294,"GHA","Ghana",0.228498282073656,0.96007326110111,NA
295,"GHA","Ghana",0.206387148381338,0.937491245633186,NA
296,"GHA","Ghana",0.18409876259166,0.914548789154425,NA
297,"GHA","Ghana",0.161647048359458,0.89126703669803,NA
298,"GHA","Ghana",0.139046106658465,0.867667314781569,NA
299,"GHA","Ghana",0.116310202775488,0.843771107987866,NA
300,"GHA","Ghana",0.0934537531135361,0.81960003542337,NA
301,"GHA","Ghana",0.0704913118184857,0.795175827081374,NA
302,"GHA","Ghana",0.0474375572439952,0.770520300137457,NA
303,"GHA","Ghana",0.024307278269645,0.745655335204688,NA
304,"GHA","Ghana",0.00111536048738197,0.720602852576072,NA
305,"GHA","Ghana",-0.0221232277284238,0.695384788481775,NA
306,"GHA","Ghana",-0.0453934492519327,0.670023071388578,NA
307,"GHA","Ghana",-0.0686802123222471,0.644539598369004,NA
308,"GHA","Ghana",-0.0919683847296644,0.618956211567387,NA
309,"GHA","Ghana",-0.115242808056032,0.5932946747901,NA
310,"GHA","Ghana",-0.138488311953453,0.567576650246913,NA
311,"GHA","Ghana",-0.161689728445482,0.541823675470329,NA
312,"GHA","Ghana",-0.184831906234971,0.516057140439457,NA
313,"GHA","Ghana",-0.207899725002681,0.490298264934779,NA
314,"GHA","Ghana",-0.230878109680815,0.464568076149815,NA
315,"GHA","Ghana",-0.253752044685613,0.438887386585434,NA
316,"GHA","Ghana",-0.276506588093235,0.413276772252151,NA
317,"GHA","Ghana",-0.299126885743203,0.387756551205414,NA
318,"GHA","Ghana",-0.32159818525374,0.362346762438433,NA
319,"GHA","Ghana",-0.343905849933474,0.337067145156719,NA
320,"GHA","Ghana",-0.366035372574076,0.31193711845796,NA
321,"GHA","Ghana",-0.387972389108527,0.286975761440445,NA
322,"GHA","Ghana",-0.409702692119888,0.262201793762648,NA
323,"GHA","Ghana",-0.431212244185596,0.237633556676117,NA
324,"GHA","Ghana",-0.452487191042508,0.213288994553145,NA
325,"GHA","Ghana",-0.473513874558115,0.189185636930191,NA
326,"GHA","Ghana",-0.494278845493581,0.165340581087327,NA
327,"GHA","Ghana",-0.514768876044498,0.141770475183361,NA
328,"GHA","Ghana",-0.534970972145478,0.118491501965652,NA
329,"GHA","Ghana",-0.554872385525035,0.0955193630728502,NA
330,"GHA","Ghana",-0.574460625497423,0.0728692639481841,NA
331,"GHA","Ghana",-0.593723470478473,0.0505558993800986,NA
332,"GHA","Ghana",-0.612648979212719,0.028593439686347,NA
333,"GHA","Ghana",-0.631225501699499,0.0069955175568342,NA
334,"GHA","Ghana",-0.649441689806039,-0.0142247844302848,NA
335,"GHA","Ghana",-0.667286507555854,-0.035054945605506,NA
336,"GHA","Ghana",-0.684749241081254,-0.0554830183050426,NA
337,"GHA","Ghana",-0.701819508229053,-0.0754976382559699,NA
338,"GHA","Ghana",-0.718487267809027,-0.0950880342382953,NA
339,"GHA","Ghana",-0.734742828475062,-0.114244037013596,NA
340,"GHA","Ghana",-0.750576857229369,-0.132956087510815,NA
341,"GHA","Ghana",-0.765980387540547,-0.15121524426062,NA
342,"GHA","Ghana",-0.780944827066779,-0.169013190070708,NA
343,"GHA","Ghana",-0.795461964975834,-0.186342237935276,NA
344,"GHA","Ghana",-0.809523978854074,-0.203195336172836,NA
345,"GHA","Ghana",-0.8231234411971,-0.219566072787467,NA
346,"GHA","Ghana",-0.836253325475168,-0.235448679049505,NA
347,"GHA","Ghana",-0.848907011767009,-0.250838032292635,NA
348,"GHA","Ghana",-0.861078291956157,-0.26572965792525,NA
349,"GHA","Ghana",-0.872761374484428,-0.280119730654915,NA
350,"GHA","Ghana",-0.883950888657673,-0.294005074925669,NA
351,"GHA","Ghana",-0.894641888499481,-0.307383164568893,NA
352,"GHA","Ghana",-0.904829856148973,-0.320252121669338,NA
353,"GHA","Ghana",-0.91451070479944,-0.33261071464892,NA
354,"GHA","Ghana",-0.923680781175005,-0.344458355571741,NA
355,"GHA","Ghana",-0.932336867543114,-0.355795096674799,NA
356,"GHA","Ghana",-0.940476183261149,-0.366621626129707,NA
357,"GHA","Ghana",-0.948096385855977,-0.376939263041685,NA
358,"GHA","Ghana",-0.955195571635857,-0.386749951693011,NA
359,"GHA","Ghana",-0.961772275834571,-0.396056255038966,NA
360,"GHA","Ghana",-0.96782547228828,-0.40486134746526,NA
361,"GHA","Ghana",-0.973354572646066,-0.413169006816735,NA
362,"GHA","Ghana",-0.978359425115702,-0.42098360570807,NA
363,"GHA","Ghana",-0.982840312746717,-0.428310102128013,NA
364,"GHA","Ghana",-0.986797951253348,-0.435154029349535,NA
365,"GHA","Ghana",-0.990233486380512,-0.441521485159111,NA
1,"GIN","Guinea",-0.989271703854499,-0.688135214471588,NA
2,"GIN","Guinea",-0.986518256824591,-0.673081310529906,NA
3,"GIN","Guinea",-0.983498945930379,-0.657749942885773,NA
4,"GIN","Guinea",-0.980228382346023,-0.642168891736383,NA
5,"GIN","Guinea",-0.976721204076867,-0.626366076188349,NA
6,"GIN","Guinea",-0.972992055421552,-0.610369518367047,NA
7,"GIN","Guinea",-0.969055566507923,-0.594207307451222,NA
8,"GIN","Guinea",-0.964926332927871,-0.577907563676294,NA
9,"GIN","Guinea",-0.960618895496166,-0.561498402349833,NA
10,"GIN","Guinea",-0.956147720158135,-0.545007897922631,NA
11,"GIN","Guinea",-0.951527178070844,-0.528464048158736,NA
12,"GIN","Guinea",-0.946771525882218,-0.511894738447667,NA
13,"GIN","Guinea",-0.941894886232261,-0.495327706301843,NA
14,"GIN","Guinea",-0.93691122850027,-0.478790506082045,NA
15,"GIN","Guinea",-0.93183434982159,-0.462310473993414,NA
16,"GIN","Guinea",-0.926677856397143,-0.445914693394177,NA
17,"GIN","Guinea",-0.921455145118567,-0.429629960458895,NA
18,"GIN","Guinea",-0.916179385531409,-0.413482750237585,NA
19,"GIN","Guinea",-0.910863502158399,-0.397499183151601,NA
20,"GIN","Guinea",-0.905520157204352,-0.3817049919666,NA
21,"GIN","Guinea",-0.900161733663797,-0.366125489282362,NA
22,"GIN","Guinea",-0.894800318851902,-0.350785535578583,NA
23,"GIN","Guinea",-0.889447688378754,-0.335709507855093,NA
24,"GIN","Guinea",-0.884115290586483,-0.320921268904231,NA
25,"GIN","Guinea",-0.878814231468152,-0.306444137252339,NA
26,"GIN","Guinea",-0.873555260086752,-0.292300857806524,NA
27,"GIN","Guinea",-0.868348754511973,-0.278513573241988,NA
28,"GIN","Guinea",-0.863204708291836,-0.265103796164328,NA
29,"GIN","Guinea",-0.858132717475578,-0.252092382080271,NA
30,"GIN","Guinea",-0.8531419682035,-0.239499503209334,NA
31,"GIN","Guinea",-0.848241224878795,-0.227344623167883,NA
32,"GIN","Guinea",-0.843438818935664,-0.215646472556011,NA
33,"GIN","Guinea",-0.838742638217264,-0.204423025476572,NA
34,"GIN","Guinea",-0.83416011697632,-0.193691477014574,NA
35,"GIN","Guinea",-0.829698226510423,-0.183468221703989,NA
36,"GIN","Guinea",-0.825363466443297,-0.173768833007838,NA
37,"GIN","Guinea",-0.821161856662489,-0.164608043836202,NA
38,"GIN","Guinea",-0.817098929923155,-0.155999728125543,NA
39,"GIN","Guinea",-0.813179725126775,-0.147956883501456,NA
40,"GIN","Guinea",-0.809408781282815,-0.140491615045663,NA
41,"GIN","Guinea",-0.805790132160526,-0.133615120186742,NA
42,"GIN","Guinea",-0.80232730163718,-0.127337674732708,NA
43,"GIN","Guinea",-0.79902329974825,-0.121668620062225,NA
44,"GIN","Guinea",-0.795880619444128,-0.116616351489801,NA
45,"GIN","Guinea",-0.792901234057128,-0.112188307818935,NA
46,"GIN","Guinea",-0.790086595481669,-0.108390962095734,NA
47,"GIN","Guinea",-0.787437633069625,-0.105229813574095,NA
48,"GIN","Guinea",-0.784954753241965,-0.102709380902077,NA
49,"GIN","Guinea",-0.782637839816957,-0.100833196537628,NA
50,"GIN","Guinea",-0.780486255054273,-0.0996038024003509,NA
51,"GIN","Guinea",-0.778498841413518,-0.099022746764519,NA
52,"GIN","Guinea",-0.776673924024786,-0.0990905823970364,NA
53,"GIN","Guinea",-0.775009313867988,-0.0998068659425695,NA
54,"GIN","Guinea",-0.773502311656847,-0.101170158556564,NA
55,"GIN","Guinea",-0.772149712422551,-0.103178027785363,NA
56,"GIN","Guinea",-0.77094781079124,-0.105827050691148,NA
57,"GIN","Guinea",-0.769892406948623,-0.109112818217925,NA
58,"GIN","Guinea",-0.768978813284196,-0.113029940793295,NA
59,"GIN","Guinea",-0.768201861706688,-0.117572055159253,NA
60,"GIN","Guinea",-0.767555911621548,-0.122731832423786,NA
61,"GIN","Guinea",-0.767034858560463,-0.12850098732359,NA
62,"GIN","Guinea",-0.766632143452108,-0.134870288686732,NA
63,"GIN","Guinea",-0.766340762522537,-0.1418295710827,NA
64,"GIN","Guinea",-0.766153277812847,-0.149367747645787,NA
65,"GIN","Guinea",-0.766061828300998,-0.157472824056411,NA
66,"GIN","Guinea",-0.766058141613918,-0.16613191366353,NA
67,"GIN","Guinea",-0.766133546315309,-0.175331253729975,NA
68,"GIN","Guinea",-0.766278984753848,-0.18505622278115,NA
69,"GIN","Guinea",-0.766485026455798,-0.195291359036233,NA
70,"GIN","Guinea",-0.766741882045363,-0.206020379899707,NA
71,"GIN","Guinea",-0.767039417675491,-0.217226202489772,NA
72,"GIN","Guinea",-0.767367169951155,-0.228890965178949,NA
73,"GIN","Guinea",-0.767714361326596,-0.240996050120958,NA
74,"GIN","Guinea",-0.768069915957363,-0.253522106736763,NA
75,"GIN","Guinea",-0.768422475987468,-0.266449076131543,NA
76,"GIN","Guinea",-0.768760418251404,-0.279756216413197,NA
77,"GIN","Guinea",-0.769071871370285,-0.293422128881923,NA
78,"GIN","Guinea",-0.76934473322084,-0.307424785059358,NA
79,"GIN","Guinea",-0.769566688755576,-0.321741554524742,NA
80,"GIN","Guinea",-0.769725228151934,-0.33634923352461,NA
81,"GIN","Guinea",-0.769807665267897,-0.351224074321572,NA
82,"GIN","Guinea",-0.769801156381081,-0.366341815246849,NA
83,"GIN","Guinea",-0.769692719188019,-0.381677711420378,NA
84,"GIN","Guinea",-0.769469252039988,-0.3972065661015,NA
85,"GIN","Guinea",-0.769117553391451,-0.412902762632477,NA
86,"GIN","Guinea",-0.76862434143689,-0.428740296936347,NA
87,"GIN","Guinea",-0.76797627391159,-0.44469281052999,NA
88,"GIN","Guinea",-0.767159968031682,-0.460733624012606,NA
89,"GIN","Guinea",-0.76616202054861,-0.476835770989262,NA
90,"GIN","Guinea",-0.764969027893002,-0.49297203238862,NA
91,"GIN","Guinea",-0.763567606382805,-0.509114971133463,NA
92,"GIN","Guinea",-0.761944412470457,-0.525236967122224,NA
93,"GIN","Guinea",-0.760086163003798,-0.541310252479324,NA
94,"GIN","Guinea",-0.757979655475401,-0.557306947031791,NA
95,"GIN","Guinea",-0.755611788234958,-0.573199093969364,NA
96,"GIN","Guinea",-0.752969580639451,-0.588958695645032,NA
97,"GIN","Guinea",-0.750040193115829,-0.60455774947279,NA
98,"GIN","Guinea",-0.746810947111034,-0.619968283879258,NA
99,"GIN","Guinea",-0.743269344904335,-0.63516239426575,NA
100,"GIN","Guinea",-0.739403089257066,-0.650112278937317,NA
101,"GIN","Guinea",-0.735200102875035,-0.664790274955346,NA
102,"GIN","Guinea",-0.730648547659114,-0.67916889387036,NA
103,"GIN","Guinea",-0.725736843719707,-0.693220857291804,NA
104,"GIN","Guinea",-0.720453688131093,-0.706919132251754,NA
105,"GIN","Guinea",-0.714788073401931,-0.720236966319752,NA
106,"GIN","Guinea",-0.70872930563852,-0.733147922426246,NA
107,"GIN","Guinea",-0.702267022377782,-0.74562591335241,NA
108,"GIN","Guinea",-0.695391210067301,-0.757645235844557,NA
109,"GIN","Guinea",-0.688092221170151,-0.769180604311763,NA
110,"GIN","Guinea",-0.680360790872701,-0.780207184065786,NA
111,"GIN","Guinea",-0.672188053374032,-0.790700624062939,NA
112,"GIN","Guinea",-0.663565557736068,-0.800637089108119,NA
113,"GIN","Guinea",-0.654485283274086,-0.809993291481829,NA
114,"GIN","Guinea",-0.64493965446773,-0.818746521951718,NA
115,"GIN","Guinea",-0.634921555373296,-0.826874680130871,NA
116,"GIN","Guinea",-0.624424343518569,-0.834356304145837,NA
117,"GIN","Guinea",-0.613441863262129,-0.841170599578223,NA
118,"GIN","Guinea",-0.601968458599684,-0.847297467644494,NA
119,"GIN","Guinea",-0.589998985400596,-0.852717532579546,NA
120,"GIN","Guinea",-0.577528823058473,-0.857412168190538,NA
121,"GIN","Guinea",-0.564553885540368,-0.861363523548441,NA
122,"GIN","Guinea",-0.551070631819843,-0.864554547785796,NA
123,"GIN","Guinea",-0.537076075679858,-0.866969013970197,NA
124,"GIN","Guinea",-0.522567794872241,-0.868591542024138,NA
125,"GIN","Guinea",-0.507543939621172,-0.869407620662937,NA
126,"GIN","Guinea",-0.492003240458981,-0.869403628323672,NA
127,"GIN","Guinea",-0.475945015383258,-0.86856685305919,NA
128,"GIN","Guinea",-0.459369176325148,-0.866885511372515,NA
129,"GIN","Guinea",-0.442276234919478,-0.86434876596821,NA
130,"GIN","Guinea",-0.424667307568184,-0.860946742398538,NA
131,"GIN","Guinea",-0.406544119789386,-0.856670544583555,NA
132,"GIN","Guinea",-0.387909009845251,-0.851512269185627,NA
133,"GIN","Guinea",-0.368764931642666,-0.845465018820179,NA
134,"GIN","Guinea",-0.349115456901621,-0.8385229140859,NA
135,"GIN","Guinea",-0.328964776587031,-0.83068110439898,NA
136,"GIN","Guinea",-0.308317701600629,-0.821935777617423,NA
137,"GIN","Guinea",-0.287179662730436,-0.812284168442848,NA
138,"GIN","Guinea",-0.265556709856191,-0.801724565588694,NA
139,"GIN","Guinea",-0.243455510410008,-0.790256317705173,NA
140,"GIN","Guinea",-0.220883347092422,-0.777879838052785,NA
141,"GIN","Guinea",-0.197848114844861,-0.764596607917711,NA
142,"GIN","Guinea",-0.17435831708047,-0.750409178763881,NA
143,"GIN","Guinea",-0.150423061176106,-0.735321173117995,NA
144,"GIN","Guinea",-0.126052053229196,-0.7193372841853,NA
145,"GIN","Guinea",-0.101255592084009,-0.702463274195419,NA
146,"GIN","Guinea",-0.0760445626328144,-0.684705971479034,NA
147,"GIN","Guinea",-0.0504304283982036,-0.666073266277722,NA
148,"GIN","Guinea",-0.0244252234037692,-0.646574105290775,NA
149,"GIN","Guinea",0.00195845665886843,-0.626218484964282,NA
150,"GIN","Guinea",0.0287074639578023,-0.605017443529297,NA
151,"GIN","Guinea",0.0558081087336709,-0.582983051797375,NA
152,"GIN","Guinea",0.0832461701870635,-0.560128402723222,NA
153,"GIN","Guinea",0.111006908029178,-0.536467599745692,NA
154,"GIN","Guinea",0.139075074683605,-0.51201574391982,NA
155,"GIN","Guinea",0.167434928126359,-0.486788919853965,NA
156,"GIN","Guinea",0.196070245350461,-0.460804180467636,NA
157,"GIN","Guinea",0.22496433644067,-0.434079530586903,NA
158,"GIN","Guinea",0.254100059243211,-0.406633909395728,NA
159,"GIN","Guinea",0.283459834614619,-0.378487171762874,NA
160,"GIN","Guinea",0.313025662233125,-0.349660068465417,NA
161,"GIN","Guinea",0.342779136955352,-0.320174225331185,NA
162,"GIN","Guinea",0.372701465700384,-0.290052121323737,NA
163,"GIN","Guinea",0.402773484842675,-0.259317065594748,NA
164,"GIN","Guinea",0.432975678094631,-0.227993173529916,NA
165,"GIN","Guinea",0.463288194859091,-0.196105341815676,NA
166,"GIN","Guinea",0.493690869031376,-0.163679222555215,NA
167,"GIN","Guinea",0.524163238230025,-0.130741196463363,NA
168,"GIN","Guinea",0.554684563434812,-0.097318345171084,NA
169,"GIN","Guinea",0.58523384901013,-0.063438422671326,NA
170,"GIN","Guinea",0.615789863091353,-0.0291298259390277,NA
171,"GIN","Guinea",0.64633115831137,0.00557843524094753,NA
172,"GIN","Guinea",0.676836092844022,0.040656769203215,NA
173,"GIN","Guinea",0.7072828517408,0.0760750340529778,NA
174,"GIN","Guinea",0.7376494685368,0.111802570002342,NA
175,"GIN","Guinea",0.767913847101583,0.147808232354519,NA
176,"GIN","Guinea",0.798053783710289,0.184060425097811,NA
177,"GIN","Guinea",0.828046989310049,0.220527135070556,NA
178,"GIN","Guinea",0.857871111956521,0.257175966657496,NA
179,"GIN","Guinea",0.887503759395141,0.293974176977438,NA
180,"GIN","Guinea",0.916922521761464,0.330888711521416,NA
181,"GIN","Guinea",0.946104994374849,0.367886240200088,NA
182,"GIN","Guinea",0.975028800599572,0.40493319375855,NA
183,"GIN","Guinea",1.00367161474739,0.441995800516335,NA
184,"GIN","Guinea",1.03201118499544,0.479040123389946,NA
185,"GIN","Guinea",1.06002535629345,0.516032097154952,NA
186,"GIN","Guinea",1.08769209323397,0.552937565904329,NA
187,"GIN","Guinea",1.11498950285976,0.589722320659558,NA
188,"GIN","Guinea",1.14189585738206,0.626352137090706,NA
189,"GIN","Guinea",1.16838961678391,0.662792813301662,NA
190,"GIN","Guinea",1.1944494512826,0.699010207636549,NA
191,"GIN","Guinea",1.22005426362556,0.734970276463304,NA
192,"GIN","Guinea",1.24518321119418,0.770639111890464,NA
193,"GIN","Guinea",1.26981572789013,0.805982979373214,NA
194,"GIN","Guinea",1.29393154577919,0.8409683551649,NA
195,"GIN","Guinea",1.31751071646764,0.875561963570375,NA
196,"GIN","Guinea",1.34053363218675,0.909730813957746,NA
197,"GIN","Guinea",1.36298104656108,0.943442237485391,NA
198,"GIN","Guinea",1.38483409503672,0.976663923501402,NA
199,"GIN","Guinea",1.40607431494598,1.00936395557302,NA
200,"GIN","Guinea",1.42668366518541,1.04151084710402,NA
201,"GIN","Guinea",1.44664454548451,1.07307357649848,NA
202,"GIN","Guinea",1.46593981524286,1.10402162182993,NA
203,"GIN","Guinea",1.48455281191402,1.13432499497537,NA
204,"GIN","Guinea",1.50246736891493,1.16395427517429,NA
205,"GIN","Guinea",1.51966783304013,1.19288064197364,NA
206,"GIN","Guinea",1.53613908136075,1.22107590752005,NA
207,"GIN","Guinea",1.55186653758856,1.2485125481618,NA
208,"GIN","Guinea",1.56683618788642,1.2751637353235,NA
209,"GIN","Guinea",1.58103459610649,1.30100336561735,NA
210,"GIN","Guinea",1.59444891843889,1.32600609015604,NA
211,"GIN","Guinea",1.60706691745354,1.35014734303267,NA
212,"GIN","Guinea",1.61887697551908,1.37340336893474,NA
213,"GIN","Guinea",1.62986810758313,1.39575124985968,NA
214,"GIN","Guinea",1.64002997329925,1.41716893090084,NA
215,"GIN","Guinea",1.64935288848623,1.4376352450737,NA
216,"GIN","Guinea",1.65782783590656,1.45712993715329,NA
217,"GIN","Guinea",1.66544647535147,1.47563368649495,NA
218,"GIN","Guinea",1.67220115302069,1.49312812881172,NA
219,"GIN","Guinea",1.67808491018606,1.50959587688287,NA
220,"GIN","Guinea",1.68309149112877,1.52502054016941,NA
221,"GIN","Guinea",1.68721535034095,1.53938674331347,NA
222,"GIN","Guinea",1.69045165898319,1.55268014350012,NA
223,"GIN","Guinea",1.6927963105902,1.56488744666111,NA
224,"GIN","Guinea",1.69424592601805,1.57599642250165,NA
225,"GIN","Guinea",1.69479785762705,1.58599591833262,NA
226,"GIN","Guinea",1.69445019269508,1.59487587169209,NA
227,"GIN","Guinea",1.69320175605757,1.60262732174115,NA
228,"GIN","Guinea",1.6910521119706,1.60924241942103,NA
229,"GIN","Guinea",1.68800156519492,1.61471443635925,NA
230,"GIN","Guinea",1.68405116129936,1.61903777251466,NA
231,"GIN","Guinea",1.67920268618322,1.62220796255224,NA
232,"GIN","Guinea",1.67345866481773,1.6242216809402,NA
233,"GIN","Guinea",1.66682235920812,1.62507674576351,NA
234,"GIN","Guinea",1.65929776557809,1.62477212124914,NA
235,"GIN","Guinea",1.65088961078011,1.62330791900039,NA
236,"GIN","Guinea",1.64160334793503,1.62068539793844,NA
237,"GIN","Guinea",1.63144515130619,1.61690696295151,NA
238,"GIN","Guinea",1.62042191041339,1.61197616225298,NA
239,"GIN","Guinea",1.60854122339355,1.60589768345166,NA
240,"GIN","Guinea",1.59581138961525,1.59867734833863,NA
241,"GIN","Guinea",1.58224140155553,1.59032210639697,NA
242,"GIN","Guinea",1.5678409359481,1.58084002704171,NA
243,"GIN","Guinea",1.55262034421281,1.5702402905992,NA
244,"GIN","Guinea",1.5365906421773,1.55853317803636,NA
245,"GIN","Guinea",1.51976349910225,1.54573005945188,NA
246,"GIN","Guinea",1.50215122602281,1.53184338134268,NA
247,"GIN","Guinea",1.48376676341921,1.51688665266068,NA
248,"GIN","Guinea",1.46462366823064,1.50087442967597,NA
249,"GIN","Guinea",1.44473610022696,1.48382229966425,NA
250,"GIN","Guinea",1.42411880775378,1.4657468634374,NA
251,"GIN","Guinea",1.40278711286702,1.44666571673783,NA
252,"GIN","Guinea",1.38075689587375,1.42659743051804,NA
253,"GIN","Guinea",1.3580445792969,1.40556153012874,NA
254,"GIN","Guinea",1.33466711128193,1.3835784734396,NA
255,"GIN","Guinea",1.31064194846443,1.36066962791833,NA
256,"GIN","Guinea",1.2859870383179,1.33685724669476,NA
257,"GIN","Guinea",1.26072080100184,1.31216444363801,NA
258,"GIN","Guinea",1.23486211073073,1.2866151674757,NA
259,"GIN","Guinea",1.20843027668498,1.26023417498557,NA
260,"GIN","Guinea",1.18144502348559,1.23304700329067,NA
261,"GIN","Guinea",1.15392647125456,1.20507994129066,NA
262,"GIN","Guinea",1.12589511528374,1.17636000026237,NA
263,"GIN","Guinea",1.09737180533518,1.14691488366408,NA
264,"GIN","Guinea",1.06837772459639,1.11677295617875,NA
265,"GIN","Guinea",1.0389343683144,1.08596321203229,NA
266,"GIN","Guinea",1.00906352213281,1.05451524262384,NA
267,"GIN","Guinea",0.978787240156499,1.02245920350597,NA
268,"GIN","Guinea",0.948127822768584,0.98982578075305,NA
269,"GIN","Guinea",0.917107794225024,0.956646156757373,NA
270,"GIN","Guinea",0.885749880052062,0.92295197549263,NA
271,"GIN","Guinea",0.854076984272124,0.888775307285415,NA
272,"GIN","Guinea",0.822112166483946,0.85414861313578,NA
273,"GIN","Guinea",0.789878618822842,0.819104708628463,NA
274,"GIN","Guinea",0.757399642827121,0.783676727476828,NA
275,"GIN","Guinea",0.724698626236809,0.747898084742008,NA
276,"GIN","Guinea",0.691799019750861,0.711802439770141,NA
277,"GIN","Guinea",0.658724313769065,0.675423658890812,NA
278,"GIN","Guinea",0.62549801514489,0.638795777920203,NA
279,"GIN","Guinea",0.592143623975438,0.601952964512568,NA
280,"GIN","Guinea",0.558684610454646,0.564929480403867,NA
281,"GIN","Guinea",0.525144391815793,0.527759643591523,NA
282,"GIN","Guinea",0.491546309389187,0.490477790494245,NA
283,"GIN","Guinea",0.457913605800847,0.453118238135994,NA
284,"GIN","Guinea",0.424269402337724,0.415715246397995,NA
285,"GIN","Guinea",0.390636676504849,0.378302980382702,NA
286,"GIN","Guinea",0.357038239799543,0.34091547293345,NA
287,"GIN","Guinea",0.323496715727537,0.303586587353291,NA
288,"GIN","Guinea",0.290034518085549,0.266349980366315,NA
289,"GIN","Guinea",0.25667382953459,0.229239065364448,NA
290,"GIN","Guinea",0.223436580487814,0.192286975982321,NA
291,"GIN","Guinea",0.190344428336446,0.155526530042486,NA
292,"GIN","Guinea",0.157418737036838,0.118990193912708,NA
293,"GIN","Guinea",0.124680557081303,0.0827100473166704,NA
294,"GIN","Guinea",0.0921506058748746,0.0467177486387578,NA
295,"GIN","Guinea",0.0598492485397237,0.0110445007631305,NA
296,"GIN","Guinea",0.027796479168309,-0.02427898251351,NA
297,"GIN","Guinea",-0.00398809745401809,-0.0592225094565654,NA
298,"GIN","Guinea",-0.0354852836369824,-0.093756442717614,NA
299,"GIN","Guinea",-0.0666763060643962,-0.127851730970562,NA
300,"GIN","Guinea",-0.0975428325454082,-0.161479939823466,NA
301,"GIN","Guinea",-0.128066988219717,-0.194613281970381,NA
302,"GIN","Guinea",-0.158231371199226,-0.227224646548604,NA
303,"GIN","Guinea",-0.188019067629199,-0.259287627667519,NA
304,"GIN","Guinea",-0.21741366615276,-0.290776552076365,NA
305,"GIN","Guinea",-0.246399271763201,-0.32166650593914,NA
306,"GIN","Guinea",-0.27496051902938,-0.351933360686054,NA
307,"GIN","Guinea",-0.303082584680172,-0.381553797911937,NA
308,"GIN","Guinea",-0.330751199534739,-0.410505333293213,NA
309,"GIN","Guinea",-0.357952659766138,-0.438766339496173,NA
310,"GIN","Guinea",-0.384673837486603,-0.466316068050543,NA
311,"GIN","Guinea",-0.410902190643625,-0.493134670163482,NA
312,"GIN","Guinea",-0.436625772216779,-0.519203216450517,NA
313,"GIN","Guinea",-0.461833238706078,-0.544503715561108,NA
314,"GIN","Guinea",-0.486513857903485,-0.569019131677935,NA
315,"GIN","Guinea",-0.510657515940022,-0.592733400870259,NA
316,"GIN","Guinea",-0.534254723601853,-0.615631446283153,NA
317,"GIN","Guinea",-0.557296621909481,-0.637699192145716,NA
318,"GIN","Guinea",-0.579774986955185,-0.658923576582823,NA
319,"GIN","Guinea",-0.601682233994571,-0.679292563216357,NA
320,"GIN","Guinea",-0.623011420789144,-0.69879515154335,NA
321,"GIN","Guinea",-0.643756250197532,-0.717421386079861,NA
322,"GIN","Guinea",-0.663911072014039,-0.735162364260921,NA
323,"GIN","Guinea",-0.683470884053936,-0.752010243088322,NA
324,"GIN","Guinea",-0.702431332485945,-0.767958244519561,NA
325,"GIN","Guinea",-0.72078871141311,-0.783000659592659,NA
326,"GIN","Guinea",-0.738539961704257,-0.797132851283171,NA
327,"GIN","Guinea",-0.75568266907905,-0.810351256091144,NA
328,"GIN","Guinea",-0.772215061450551,-0.822653384357276,NA
329,"GIN","Guinea",-0.788136005530095,-0.834037819309104,NA
330,"GIN","Guinea",-0.803445002700096,-0.844504214839471,NA
331,"GIN","Guinea",-0.818142184161333,-0.854053292021078,NA
332,"GIN","Guinea",-0.83222830536205,-0.862686834362405,NA
333,"GIN","Guinea",-0.845704739717096,-0.870407681811769,NA
334,"GIN","Guinea",-0.858573471626143,-0.877219723517789,NA
335,"GIN","Guinea",-0.870837088800829,-0.88312788935597,NA
336,"GIN","Guinea",-0.882498773911523,-0.888138140232605,NA
337,"GIN","Guinea",-0.893562295565141,-0.892257457178627,NA
338,"GIN","Guinea",-0.904031998626311,-0.89549382924747,NA
339,"GIN","Guinea",-0.913912793894849,-0.897856240232424,NA
340,"GIN","Guinea",-0.923210147153358,-0.899354654220348,NA
341,"GIN","Guinea",-0.931930067599425,-0.9,NA
342,"GIN","Guinea",-0.940079095677645,-0.899804154344571,NA
343,"GIN","Guinea",-0.947664290327385,-0.898779924189365,NA
344,"GIN","Guinea",-0.954693215662886,-0.896941027726842,NA
345,"GIN","Guinea",-0.961173927102956,-0.894302074442556,NA
346,"GIN","Guinea",-0.967114956968148,-0.890878544116726,NA
347,"GIN","Guinea",-0.97252529956393,-0.886686764817429,NA
348,"GIN","Guinea",-0.977414395768949,-0.881743889912584,NA
349,"GIN","Guinea",-0.981792117148071,-0.876067874129046,NA
350,"GIN","Guinea",-0.98566874961041,-0.869677448688254,NA
351,"GIN","Guinea",-0.989054976633087,-0.862592095548961,NA
352,"GIN","Guinea",-0.991961862071974,-0.85483202078865,NA
353,"GIN","Guinea",-0.994400832581127,-0.846418127156182,NA
354,"GIN","Guinea",-0.99638365966307,-0.837371985829306,NA
355,"GIN","Guinea",-0.997922441372508,-0.827715807411476,NA
356,"GIN","Guinea",-0.999029583696452,-0.817472412203401,NA
357,"GIN","Guinea",-0.999717781634078,-0.806665199785562,NA
358,"GIN","Guinea",-1,-0.795318117948737,NA
359,"GIN","Guinea",-0.999889453974945,-0.783455631010368,NA
360,"GIN","Guinea",-0.999399589428079,-0.771102687555267,NA
361,"GIN","Guinea",-0.998544063035509,-0.7582846876399,NA
362,"GIN","Guinea",-0.997336722219677,-0.745027449500036,NA
363,"GIN","Guinea",-0.995791584934594,-0.731357175802201,NA
364,"GIN","Guinea",-0.993922819321971,-0.717300419479836,NA
365,"GIN","Guinea",-0.991744723263486,-0.702884049195588,NA
1,"GMB","Gambia",-0.889553962064204,-0.432075432390864,"Burkina Faso"
2,"GMB","Gambia",-0.878500620262523,-0.423273339824774,"Burkina Faso"
3,"GMB","Gambia",-0.867096406494223,-0.414769675915422,"Burkina Faso"
4,"GMB","Gambia",-0.855368060068217,-0.406580873110645,"Burkina Faso"
5,"GMB","Gambia",-0.843342495978292,-0.398722751718156,"Burkina Faso"
6,"GMB","Gambia",-0.831046769147003,-0.391210499343345,"Burkina Faso"
7,"GMB","Gambia",-0.818508038566636,-0.384058651148309,"Burkina Faso"
8,"GMB","Gambia",-0.805753531380875,-0.37728107095602,"Burkina Faso"
9,"GMB","Gambia",-0.792810506950839,-0.370890933222519,"Burkina Faso"
10,"GMB","Gambia",-0.779706220949176,-0.364900705898984,"Burkina Faso"
11,"GMB","Gambia",-0.766467889525821,-0.359322134204419,"Burkina Faso"
12,"GMB","Gambia",-0.753122653588951,-0.35416622532865,"Burkina Faso"
13,"GMB","Gambia",-0.739697543244481,-0.34944323408414,"Burkina Faso"
14,"GMB","Gambia",-0.726219442437265,-0.345162649524039,"Burkina Faso"
15,"GMB","Gambia",-0.712715053836892,-0.341333182542669,"Burkina Faso"
16,"GMB","Gambia",-0.699210864010647,-0.337962754473502,"Burkina Faso"
17,"GMB","Gambia",-0.685733108925871,-0.335058486698457,"Burkina Faso"
18,"GMB","Gambia",-0.67230773982352,-0.332626691281117,"Burkina Faso"
19,"GMB","Gambia",-0.658960389504263,-0.330672862635266,"Burkina Faso"
20,"GMB","Gambia",-0.645716339067963,-0.329201670238844,"Burkina Faso"
21,"GMB","Gambia",-0.632600485146808,-0.328216952402211,"Burkina Faso"
22,"GMB","Gambia",-0.619637307671754,-0.327721711098291,"Burkina Faso"
23,"GMB","Gambia",-0.606850838211309,-0.327718107860926,"Burkina Faso"
24,"GMB","Gambia",-0.594264628920945,-0.328207460756448,"Burkina Faso"
25,"GMB","Gambia",-0.581901722140708,-0.3291902424322,"Burkina Faso"
26,"GMB","Gambia",-0.569784620677814,-0.33066607924444,"Burkina Faso"
27,"GMB","Gambia",-0.557935258810127,-0.332633751466752,"Burkina Faso"
28,"GMB","Gambia",-0.546374974045621,-0.335091194578777,"Burkina Faso"
29,"GMB","Gambia",-0.535124479671922,-0.338035501633796,"Burkina Faso"
30,"GMB","Gambia",-0.524203838129128,-0.341462926702379,"Burkina Faso"
31,"GMB","Gambia",-0.513632435238073,-0.345368889388013,"Burkina Faso"
32,"GMB","Gambia",-0.503428955315171,-0.349747980409338,"Burkina Faso"
33,"GMB","Gambia",-0.493611357203905,-0.354593968242335,"Burkina Faso"
34,"GMB","Gambia",-0.484196851251897,-0.359899806814518,"Burkina Faso"
35,"GMB","Gambia",-0.475201877261372,-0.365657644241918,"Burkina Faso"
36,"GMB","Gambia",-0.466642083439635,-0.371858832598401,"Burkina Faso"
37,"GMB","Gambia",-0.458532306374971,-0.378493938705591,"Burkina Faso"
38,"GMB","Gambia",-0.450886552062139,-0.385552755930457,"Burkina Faso"
39,"GMB","Gambia",-0.443717978000364,-0.393024316976396,"Burkina Faso"
40,"GMB","Gambia",-0.437038876385424,-0.400896907652446,"Burkina Faso"
41,"GMB","Gambia",-0.430860658416118,-0.409158081604086,"Burkina Faso"
42,"GMB","Gambia",-0.425193839734044,-0.417794675987908,"Burkina Faso"
43,"GMB","Gambia",-0.420048027014257,-0.426792828071308,"Burkina Faso"
44,"GMB","Gambia",-0.415431905722971,-0.436137992737234,"Burkina Faso"
45,"GMB","Gambia",-0.411353229057075,-0.445814960872919,"Burkina Faso"
46,"GMB","Gambia",-0.407818808078797,-0.455807878620465,"Burkina Faso"
47,"GMB","Gambia",-0.404834503057411,-0.466100267466103,"Burkina Faso"
48,"GMB","Gambia",-0.402405216028418,-0.476675045143932,"Burkina Faso"
49,"GMB","Gambia",-0.400534884579167,-0.487514547328949,"Burkina Faso"
50,"GMB","Gambia",-0.399226476868409,-0.498600550093246,"Burkina Faso"
51,"GMB","Gambia",-0.398481987885769,-0.509914293098291,"Burkina Faso"
52,"GMB","Gambia",-0.398302436955641,-0.521436503495344,"Burkina Faso"
53,"GMB","Gambia",-0.398687866488501,-0.533147420505181,"Burkina Faso"
54,"GMB","Gambia",-0.399637341981141,-0.545026820647494,"Burkina Faso"
55,"GMB","Gambia",-0.401148953265779,-0.557054043589505,"Burkina Faso"
56,"GMB","Gambia",-0.403219817006568,-0.569208018582619,"Burkina Faso"
57,"GMB","Gambia",-0.40584608044043,-0.581467291455208,"Burkina Faso"
58,"GMB","Gambia",-0.409022926357717,-0.593810052128918,"Burkina Faso"
59,"GMB","Gambia",-0.412744579316661,-0.606214162625284,"Burkina Faso"
60,"GMB","Gambia",-0.4170043130841,-0.618657185528816,"Burkina Faso"
61,"GMB","Gambia",-0.421794459293481,-0.631116412872156,"Burkina Faso"
62,"GMB","Gambia",-0.427106417309684,-0.6435688954084,"Burkina Faso"
63,"GMB","Gambia",-0.432930665288735,-0.655991472235192,"Burkina Faso"
64,"GMB","Gambia",-0.439256772419048,-0.668360800734752,"Burkina Faso"
65,"GMB","Gambia",-0.446073412329415,-0.680653386793627,"Burkina Faso"
66,"GMB","Gambia",-0.453368377647513,-0.69284561526559,"Burkina Faso"
67,"GMB","Gambia",-0.461128595691377,-0.70491378064079,"Burkina Faso"
68,"GMB","Gambia",-0.469340145274847,-0.716834117884039,"Burkina Faso"
69,"GMB","Gambia",-0.477988274606696,-0.728582833404848,"Burkina Faso"
70,"GMB","Gambia",-0.487057420261813,-0.740136136121691,"Burkina Faso"
71,"GMB","Gambia",-0.496531227201506,-0.751470268582819,"Burkina Faso"
72,"GMB","Gambia",-0.506392569818736,-0.762561538105885,"Burkina Faso"
73,"GMB","Gambia",-0.516623573982852,-0.773386347898585,"Burkina Faso"
74,"GMB","Gambia",-0.527205640057168,-0.783921228122525,"Burkina Faso"
75,"GMB","Gambia",-0.538119466861576,-0.794142866862586,"Burkina Faso"
76,"GMB","Gambia",-0.549345076551207,-0.80402814096415,"Burkina Faso"
77,"GMB","Gambia",-0.560861840381076,-0.813554146700675,"Burkina Faso"
78,"GMB","Gambia",-0.572648505325553,-0.82269823023432,"Burkina Faso"
79,"GMB","Gambia",-0.584683221520457,-0.831438017832531,"Burkina Faso"
80,"GMB","Gambia",-0.596943570494594,-0.839751445803775,"Burkina Faso"
81,"GMB","Gambia",-0.609406594156584,-0.847616790115925,"Burkina Faso"
82,"GMB","Gambia",-0.622048824501901,-0.855012695661181,"Burkina Faso"
83,"GMB","Gambia",-0.634846314004179,-0.861918205131778,"Burkina Faso"
84,"GMB","Gambia",-0.647774666654004,-0.868312787471223,"Burkina Faso"
85,"GMB","Gambia",-0.660809069607618,-0.87417636586625,"Burkina Faso"
86,"GMB","Gambia",-0.673924325407206,-0.879489345245246,"Burkina Faso"
87,"GMB","Gambia",-0.687094884733758,-0.884232639249456,"Burkina Faso"
88,"GMB","Gambia",-0.70029487965282,-0.88838769664389,"Burkina Faso"
89,"GMB","Gambia",-0.713498157312862,-0.891936527135506,"Burkina Faso"
90,"GMB","Gambia",-0.726678314055416,-0.894861726566934,"Burkina Faso"
91,"GMB","Gambia",-0.739808729895633,-0.897146501454736,"Burkina Faso"
92,"GMB","Gambia",-0.752862603331464,-0.898774692841962,"Burkina Faso"
93,"GMB","Gambia",-0.765812986439215,-0.899730799435552,"Burkina Faso"
94,"GMB","Gambia",-0.778632820212924,-0.9,"Burkina Faso"
95,"GMB","Gambia",-0.791294970104645,-0.89956817497952,"Burkina Faso"
96,"GMB","Gambia",-0.803772261722507,-0.898421927321914,"Burkina Faso"
97,"GMB","Gambia",-0.816037516643173,-0.896548602478227,"Burkina Faso"
98,"GMB","Gambia",-0.828063588295193,-0.893936307553283,"Burkina Faso"
99,"GMB","Gambia",-0.839823397869648,-0.890573929583154,"Burkina Faso"
100,"GMB","Gambia",-0.851289970214389,-0.88645115291668,"Burkina Faso"
101,"GMB","Gambia",-0.86243646966822,-0.881558475679181,"Burkina Faso"
102,"GMB","Gambia",-0.873236235791419,-0.875887225297594,"Burkina Faso"
103,"GMB","Gambia",-0.88366281894906,-0.869429573067369,"Burkina Faso"
104,"GMB","Gambia",-0.893690015703801,-0.862178547742598,"Burkina Faso"
105,"GMB","Gambia",-0.903291903974994,-0.854128048131984,"Burkina Faso"
106,"GMB","Gambia",-0.912442877921213,-0.845272854684432,"Burkina Faso"
107,"GMB","Gambia",-0.921117682503642,-0.835608640049261,"Burkina Faso"
108,"GMB","Gambia",-0.929291447688102,-0.825131978597196,"Burkina Faso"
109,"GMB","Gambia",-0.936939722243916,-0.813840354889588,"Burkina Faso"
110,"GMB","Gambia",-0.944038507098274,-0.801732171084478,"Burkina Faso"
111,"GMB","Gambia",-0.950564288205265,-0.788806753269458,"Burkina Faso"
112,"GMB","Gambia",-0.956494068889323,-0.775064356712475,"Burkina Faso"
113,"GMB","Gambia",-0.961805401623402,-0.760506170023051,"Burkina Faso"
114,"GMB","Gambia",-0.966476419202908,-0.745134318217665,"Burkina Faso"
115,"GMB","Gambia",-0.970485865277056,-0.72895186468433,"Burkina Faso"
116,"GMB","Gambia",-0.973813124200127,-0.711962812042716,"Burkina Faso"
117,"GMB","Gambia",-0.976438250165837,-0.694172101897465,"Burkina Faso"
118,"GMB","Gambia",-0.978341995588923,-0.675585613483656,"Burkina Faso"
119,"GMB","Gambia",-0.97950583869888,-0.656210161204697,"Burkina Faso"
120,"GMB","Gambia",-0.979912010311743,-0.636053491064223,"Burkina Faso"
121,"GMB","Gambia",-0.979543519746749,-0.61512427599489,"Burkina Faso"
122,"GMB","Gambia",-0.978384179855721,-0.593432110088277,"Burkina Faso"
123,"GMB","Gambia",-0.976418631134073,-0.570987501731378,"Burkina Faso"
124,"GMB","Gambia",-0.973632364883379,-0.547801865656506,"Burkina Faso"
125,"GMB","Gambia",-0.970011745396606,-0.52388751391268,"Burkina Faso"
126,"GMB","Gambia",-0.965544031138224,-0.499257645767873,"Burkina Faso"
127,"GMB","Gambia",-0.960217394892606,-0.473926336552745,"Burkina Faso"
128,"GMB","Gambia",-0.95402094285535,-0.447908525457768,"Burkina Faso"
129,"GMB","Gambia",-0.946944732643379,-0.421220002296866,"Burkina Faso"
130,"GMB","Gambia",-0.938979790200977,-0.393877393251944,"Burkina Faso"
131,"GMB","Gambia",-0.930118125580199,-0.365898145613867,"Burkina Faso"
132,"GMB","Gambia",-0.920352747575425,-0.337300511536675,"Burkina Faso"
133,"GMB","Gambia",-0.909677677193184,-0.308103530822956,"Burkina Faso"
134,"GMB","Gambia",-0.898087959939761,-0.278327012759482,"Burkina Faso"
135,"GMB","Gambia",-0.885579676910451,-0.247991517023328,"Burkina Faso"
136,"GMB","Gambia",-0.872149954665816,-0.21711833367981,"Burkina Faso"
137,"GMB","Gambia",-0.85779697388164,-0.185729462294648,"Burkina Faso"
138,"GMB","Gambia",-0.842519976760818,-0.153847590183824,"Burkina Faso"
139,"GMB","Gambia",-0.826319273196809,-0.121496069825635,"Burkina Faso"
140,"GMB","Gambia",-0.809196245679807,-0.0886988954604437,"Burkina Faso"
141,"GMB","Gambia",-0.791153352938234,-0.0554806789045711,"Burkina Faso"
142,"GMB","Gambia",-0.772194132309695,-0.0218666246057664,"Burkina Faso"
143,"GMB","Gambia",-0.752323200837,0.0121174960314582,"Burkina Faso"
144,"GMB","Gambia",-0.731546255086401,0.0464453710214245,"Burkina Faso"
145,"GMB","Gambia",-0.709870069686681,0.0810901748438095,"Burkina Faso"
146,"GMB","Gambia",-0.68730249458927,0.116024596130244,"Burkina Faso"
147,"GMB","Gambia",-0.663852451051054,0.151220865959402,"Burkina Faso"
148,"GMB","Gambia",-0.639529926343089,0.18665078672825,"Burkina Faso"
149,"GMB","Gambia",-0.614345967189906,0.22228576156644,"Burkina Faso"
150,"GMB","Gambia",-0.588312671945638,0.258096824260158,"Burkina Faso"
151,"GMB","Gambia",-0.561443181514669,0.294054669651157,"Burkina Faso"
152,"GMB","Gambia",-0.533751669026007,0.330129684476092,"Burkina Faso"
153,"GMB","Gambia",-0.505253328272077,0.366291978610778,"Burkina Faso"
154,"GMB","Gambia",-0.475964360924064,0.402511416683464,"Burkina Faso"
155,"GMB","Gambia",-0.445901962537426,0.4387576500208,"Burkina Faso"
156,"GMB","Gambia",-0.415084307362618,0.475000148889745,"Burkina Faso"
157,"GMB","Gambia",-0.383530531977483,0.511208234998303,"Burkina Faso"
158,"GMB","Gambia",-0.351260717759186,0.547351114217671,"Burkina Faso"
159,"GMB","Gambia",-0.318295872214935,0.58339790948808,"Burkina Faso"
160,"GMB","Gambia",-0.284657909192087,0.619317693870407,"Burkina Faso"
161,"GMB","Gambia",-0.250369627989597,0.655079523705426,"Burkina Faso"
162,"GMB","Gambia",-0.21545469139405,0.690652471842436,"Burkina Faso"
163,"GMB","Gambia",-0.179937602664799,0.726005660898904,"Burkina Faso"
164,"GMB","Gambia",-0.143843681494026,0.761108296512713,"Burkina Faso"
165,"GMB","Gambia",-0.107199038968702,0.795929700548594,"Burkina Faso"
166,"GMB","Gambia",-0.070030551562665,0.830439344220355,"Burkina Faso"
167,"GMB","Gambia",-0.0323658341881905,0.864606881090617,"Burkina Faso"
168,"GMB","Gambia",0.00576678766250219,0.898402179909894,"Burkina Faso"
169,"GMB","Gambia",0.0443383066541817,0.931795357257002,"Burkina Faso"
170,"GMB","Gambia",0.0833190631913837,0.964756809943046,"Burkina Faso"
171,"GMB","Gambia",0.122678775813385,0.997257247141459,"Burkina Faso"
172,"GMB","Gambia",0.162386572366759,1.02926772220689,"Burkina Faso"
173,"GMB","Gambia",0.202411021919963,1.0607596641461,"Burkina Faso"
174,"GMB","Gambia",0.24272016738352,1.09170490870436,"Burkina Faso"
175,"GMB","Gambia",0.28328155879851,1.12207572903142,"Burkina Faso"
176,"GMB","Gambia",0.324062287255267,1.15184486589144,"Burkina Faso"
177,"GMB","Gambia",0.365029019403433,1.18098555738182,"Burkina Faso"
178,"GMB","Gambia",0.406148032513796,1.20947156812663,"Burkina Faso"
179,"GMB","Gambia",0.447385250051685,1.23727721791059,"Burkina Faso"
180,"GMB","Gambia",0.488706277721044,1.26437740972058,"Burkina Faso"
181,"GMB","Gambia",0.530076439937769,1.29074765716202,"Burkina Faso"
182,"GMB","Gambia",0.571460816690338,1.31636411121836,"Burkina Faso"
183,"GMB","Gambia",0.612824280745317,1.34120358632265,"Burkina Faso"
184,"GMB","Gambia",0.65413153515487,1.36524358571093,"Burkina Faso"
185,"GMB","Gambia",0.695347151023058,1.38846232602803,"Burkina Faso"
186,"GMB","Gambia",0.736435605487349,1.41083876115719,"Burkina Faso"
187,"GMB","Gambia",0.777361319871541,1.43235260524588,"Burkina Faso"
188,"GMB","Gambia",0.818088697966016,1.4529843549011,"Burkina Faso"
189,"GMB","Gambia",0.858582164391142,1.47271531052841,"Burkina Faso"
190,"GMB","Gambia",0.898806202999458,1.49152759678986,"Burkina Faso"
191,"GMB","Gambia",0.938725395272259,1.50940418215716,"Burkina Faso"
192,"GMB","Gambia",0.978304458666163,1.52632889753737,"Burkina Faso"
193,"GMB","Gambia",1.0175082848653,1.54228645394947,"Burkina Faso"
194,"GMB","Gambia",1.0563019778948,1.55726245923132,"Burkina Faso"
195,"GMB","Gambia",1.09465089205156,1.57124343375769,"Burkina Faso"
196,"GMB","Gambia",1.13252066960812,1.58421682515097,"Burkina Faso"
197,"GMB","Gambia",1.16987727824628,1.5961710219677,"Burkina Faso"
198,"GMB","Gambia",1.20668704817674,1.60709536634488,"Burkina Faso"
199,"GMB","Gambia",1.24291670890195,1.61698016559147,"Burkina Faso"
200,"GMB","Gambia",1.27853342557947,1.62581670271175,"Burkina Faso"
201,"GMB","Gambia",1.31350483494354,1.6335972458481,"Burkina Faso"
202,"GMB","Gambia",1.34779908074334,1.64031505663258,"Burkina Faso"
203,"GMB","Gambia",1.38138484865673,1.64596439743739,"Burkina Faso"
204,"GMB","Gambia",1.41423140063889,1.65054053751599,"Burkina Faso"
205,"GMB","Gambia",1.44630860866604,1.65403975802778,"Burkina Faso"
206,"GMB","Gambia",1.47758698783502,1.65645935594045,"Burkina Faso"
207,"GMB","Gambia",1.50803772878023,1.6577976468057,"Burkina Faso"
208,"GMB","Gambia",1.53763272937034,1.65805396640497,"Burkina Faso"
209,"GMB","Gambia",1.56634462564785,1.65722867126354,"Burkina Faso"
210,"GMB","Gambia",1.5941468219756,1.65532313803227,"Burkina Faso"
211,"GMB","Gambia",1.62101352035511,1.65233976173791,"Burkina Faso"
212,"GMB","Gambia",1.64691974888272,1.64828195290408,"Burkina Faso"
213,"GMB","Gambia",1.67184138931037,1.64315413354622,"Burkina Faso"
214,"GMB","Gambia",1.695755203679,1.63696173204543,"Burkina Faso"
215,"GMB","Gambia",1.7186388599936,1.62971117690709,"Burkina Faso"
216,"GMB","Gambia",1.74047095690998,1.62140988941165,"Burkina Faso"
217,"GMB","Gambia",1.7612310474045,1.61206627516628,"Burkina Faso"
218,"GMB","Gambia",1.78089966139941,1.6016897145672,"Burkina Faso"
219,"GMB","Gambia",1.79945832731713,1.59029055218388,"Burkina Faso"
220,"GMB","Gambia",1.81688959253868,1.57788008507763,"Burkina Faso"
221,"GMB","Gambia",1.83317704274233,1.56447055006817,"Burkina Faso"
222,"GMB","Gambia",1.84830532009981,1.55007510996306,"Burkina Faso"
223,"GMB","Gambia",1.86226014030914,1.53470783876616,"Burkina Faso"
224,"GMB","Gambia",1.87502830844406,1.51838370588244,"Burkina Faso"
225,"GMB","Gambia",1.88659773360163,1.50111855933743,"Burkina Faso"
226,"GMB","Gambia",1.89695744233097,1.48292910803112,"Burkina Faso"
227,"GMB","Gambia",1.90609759082748,1.46383290304689,"Burkina Faso"
228,"GMB","Gambia",1.91400947587828,1.44384831803736,"Burkina Faso"
229,"GMB","Gambia",1.9206855445462,1.42299452871006,"Burkina Faso"
230,"GMB","Gambia",1.92611940258097,1.40129149143681,"Burkina Faso"
231,"GMB","Gambia",1.93030582154773,1.37875992101177,"Burkina Faso"
232,"GMB","Gambia",1.93324074466476,1.35542126758422,"Burkina Faso"
233,"GMB","Gambia",1.93492129134339,1.33129769279275,"Burkina Faso"
234,"GMB","Gambia",1.93534576042488,1.30641204512896,"Burkina Faso"
235,"GMB","Gambia",1.93451363211057,1.28078783455907,"Burkina Faso"
236,"GMB","Gambia",1.93242556858283,1.25444920643334,"Burkina Faso"
237,"GMB","Gambia",1.92908341331632,1.22742091471343,"Burkina Faso"
238,"GMB","Gambia",1.92449018908016,1.19972829454903,"Burkina Faso"
239,"GMB","Gambia",1.91865009463337,1.17139723423571,"Burkina Faso"
240,"GMB","Gambia",1.91156850011751,1.14245414658645,"Burkina Faso"
241,"GMB","Gambia",1.90325194115172,1.11292593975047,"Burkina Faso"
242,"GMB","Gambia",1.89370811163714,1.08283998751305,"Burkina Faso"
243,"GMB","Gambia",1.882945855279,1.05222409911098,"Burkina Faso"
244,"GMB","Gambia",1.8709751558363,1.02110648859888,"Burkina Faso"
245,"GMB","Gambia",1.85780712611034,0.98951574380172,"Burkina Faso"
246,"GMB","Gambia",1.84345399568505,0.957480794889963,"Burkina Faso"
247,"GMB","Gambia",1.82792909743316,0.925030882613545,"Burkina Faso"
248,"GMB","Gambia",1.81124685280417,0.892195526231819,"Burkina Faso"
249,"GMB","Gambia",1.79342275591094,0.859004491176568,"Burkina Faso"
250,"GMB","Gambia",1.77447335643374,0.825487756485706,"Burkina Faso"
251,"GMB","Gambia",1.75441624136132,0.791675482045405,"Burkina Faso"
252,"GMB","Gambia",1.73327001559049,0.757597975678712,"Burkina Faso"
253,"GMB","Gambia",1.71105428140666,0.72328566011874,"Burkina Faso"
254,"GMB","Gambia",1.68778961686918,0.688769039904818,"Burkina Faso"
255,"GMB","Gambia",1.66349755312672,0.654078668239868,"Burkina Faso"
256,"GMB","Gambia",1.63820055068897,0.619245113847471,"Burkina Faso"
257,"GMB","Gambia",1.61192197468234,0.584298927866922,"Burkina Faso"
258,"GMB","Gambia",1.58468606911834,0.549270610824667,"Burkina Faso"
259,"GMB","Gambia",1.5565179302046,0.514190579720238,"Burkina Faso"
260,"GMB","Gambia",1.52744347872966,0.47908913526481,"Burkina Faso"
261,"GMB","Gambia",1.49748943155334,0.443996429310183,"Burkina Faso"
262,"GMB","Gambia",1.46668327223623,0.408942432505842,"Burkina Faso"
263,"GMB","Gambia",1.435053220842,0.373956902221381,"Burkina Faso"
264,"GMB","Gambia",1.402628202948,0.339069350771333,"Burkina Faso"
265,"GMB","Gambia",1.36943781789988,0.304309013978983,"Burkina Faso"
266,"GMB","Gambia",1.33551230634723,0.269704820115428,"Burkina Faso"
267,"GMB","Gambia",1.30088251709791,0.235285359249577,"Burkina Faso"
268,"GMB","Gambia",1.26557987332954,0.201078853044388,"Burkina Faso"
269,"GMB","Gambia",1.22963633819744,0.167113125034009,"Burkina Faso"
270,"GMB","Gambia",1.19308437987885,0.133415571415981,"Burkina Faso"
271,"GMB","Gambia",1.15595693609401,0.100013132391983,"Burkina Faso"
272,"GMB","Gambia",1.11828737814537,0.0669322640899472,"Burkina Faso"
273,"GMB","Gambia",1.0801094745164,0.0341989110997201,"Burkina Faso"
274,"GMB","Gambia",1.04145735407254,0.00183847965362406,"Burkina Faso"
275,"GMB","Gambia",1.00236546890661,-0.0301241885174422,"Burkina Faso"
276,"GMB","Gambia",0.962868556871999,-0.0616648416225354,"Burkina Faso"
277,"GMB","Gambia",0.923001603846889,-0.0927598425149101,"Burkina Faso"
278,"GMB","Gambia",0.882799805773287,-0.123386192633842,"Burkina Faso"
279,"GMB","Gambia",0.842298530514799,-0.1535215551569,"Burkina Faso"
280,"GMB","Gambia",0.801533279577292,-0.183144277336435,"Burkina Faso"
281,"GMB","Gambia",0.760539649736757,-0.212233411995009,"Burkina Faso"
282,"GMB","Gambia",0.719353294618704,-0.240768738155577,"Burkina Faso"
283,"GMB","Gambia",0.678009886273571,-0.268730780783159,"Burkina Faso"
284,"GMB","Gambia",0.636545076792508,-0.296100829615898,"Burkina Faso"
285,"GMB","Gambia",0.594994460007873,-0.322860957064424,"Burkina Faso"
286,"GMB","Gambia",0.553393533322712,-0.348994035159572,"Burkina Faso"
287,"GMB","Gambia",0.511777659713201,-0.374483751529665,"Burkina Faso"
288,"GMB","Gambia",0.470182029947928,-0.399314624389688,"Burkina Faso"
289,"GMB","Gambia",0.428641625067562,-0.423472016525867,"Burkina Faso"
290,"GMB","Gambia",0.387191179168106,-0.446942148260411,"Burkina Faso"
291,"GMB","Gambia",0.345865142530636,-0.469712109382293,"Burkina Faso"
292,"GMB","Gambia",0.304697645139894,-0.491769870031289,"Burkina Faso"
293,"GMB","Gambia",0.263722460633744,-0.513104290523644,"Burkina Faso"
294,"GMB","Gambia",0.222972970724856,-0.533705130109062,"Burkina Faso"
295,"GMB","Gambia",0.182482130135527,-0.553563054649924,"Burkina Faso"
296,"GMB","Gambia",0.142282432085787,-0.572669643215001,"Burkina Faso"
297,"GMB","Gambia",0.102405874374449,-0.591017393581124,"Burkina Faso"
298,"GMB","Gambia",0.0628839260918322,-0.60859972663765,"Burkina Faso"
299,"GMB","Gambia",0.0237474950023342,-0.625410989689815,"Burkina Faso"
300,"GMB","Gambia",-0.0149731043659554,-0.641446458658405,"Burkina Faso"
301,"GMB","Gambia",-0.0532481818881104,-0.656702339174458,"Burkina Faso"
302,"GMB","Gambia",-0.0910487022302315,-0.671175766569045,"Burkina Faso"
303,"GMB","Gambia",-0.128346314423658,-0.684864804759467,"Burkina Faso"
304,"GMB","Gambia",-0.165113380591971,-0.69776844403454,"Burkina Faso"
305,"GMB","Gambia",-0.201323003798138,-0.709886597742909,"Burkina Faso"
306,"GMB","Gambia",-0.236949054980278,-0.721220097889666,"Burkina Faso"
307,"GMB","Gambia",-0.271966198945574,-0.731770689647827,"Burkina Faso"
308,"GMB","Gambia",-0.306349919393012,-0.7415410247925,"Burkina Faso"
309,"GMB","Gambia",-0.340076542936746,-0.750534654066854,"Burkina Faso"
310,"GMB","Gambia",-0.373123262103145,-0.758756018490287,"Burkina Faso"
311,"GMB","Gambia",-0.405468157275727,-0.7662104396204,"Burkina Faso"
312,"GMB","Gambia",-0.437090217563521,-0.772904108781665,"Burkina Faso"
313,"GMB","Gambia",-0.467969360569583,-0.778844075274856,"Burkina Faso"
314,"GMB","Gambia",-0.498086451037823,-0.784038233582558,"Burkina Faso"
315,"GMB","Gambia",-0.527423318357508,-0.78849530958721,"Burkina Faso"
316,"GMB","Gambia",-0.555962772906272,-0.792224845819354,"Burkina Faso"
317,"GMB","Gambia",-0.583688621213781,-0.795237185754854,"Burkina Faso"
318,"GMB","Gambia",-0.610585679929638,-0.797543457181019,"Burkina Faso"
319,"GMB","Gambia",-0.636639788580494,-0.799155554652627,"Burkina Faso"
320,"GMB","Gambia",-0.661837821102844,-0.800086121059943,"Burkina Faso"
321,"GMB","Gambia",-0.686167696139339,-0.800348528331851,"Burkina Faso"
322,"GMB","Gambia",-0.709618386088025,-0.799956857298261,"Burkina Faso"
323,"GMB","Gambia",-0.732179924895301,-0.798925876736918,"Burkina Faso"
324,"GMB","Gambia",-0.753843414584951,-0.797271021630714,"Burkina Faso"
325,"GMB","Gambia",-0.774601030517062,-0.795008370662533,"Burkina Faso"
326,"GMB","Gambia",-0.794446025372169,-0.792154622975544,"Burkina Faso"
327,"GMB","Gambia",-0.813372731857479,-0.788727074227727,"Burkina Faso"
328,"GMB","Gambia",-0.831376564133508,-0.784743591970242,"Burkina Faso"
329,"GMB","Gambia",-0.848454017961047,-0.78022259038005,"Burkina Faso"
330,"GMB","Gambia",-0.86460266956981,-0.775183004377939,"Burkina Faso"
331,"GMB","Gambia",-0.879821173251708,-0.76964426316383,"Burkina Faso"
332,"GMB","Gambia",-0.894109257683128,-0.763626263201931,"Burkina Faso"
333,"GMB","Gambia",-0.907467720982173,-0.757149340688934,"Burkina Faso"
334,"GMB","Gambia",-0.91989842450826,-0.750234243539044,"Burkina Faso"
335,"GMB","Gambia",-0.931404285412986,-0.742902102920228,"Burkina Faso"
336,"GMB","Gambia",-0.941989267952649,-0.735174404376542,"Burkina Faso"
337,"GMB","Gambia",-0.951658373574262,-0.72707295857192,"Burkina Faso"
338,"GMB","Gambia",-0.960417629788369,-0.718619871691193,"Burkina Faso"
339,"GMB","Gambia",-0.968274077843374,-0.709837515534568,"Burkina Faso"
340,"GMB","Gambia",-0.975235759217543,-0.700748497342073,"Burkina Faso"
341,"GMB","Gambia",-0.981311700946204,-0.691375629384847,"Burkina Faso"
342,"GMB","Gambia",-0.986511899803077,-0.681741898360354,"Burkina Faso"
343,"GMB","Gambia",-0.990847305355977,-0.671870434628887,"Burkina Faso"
344,"GMB","Gambia",-0.994329801918503,-0.661784481328835,"Burkina Faso"
345,"GMB","Gambia",-0.996972189420596,-0.651507363408365,"Burkina Faso"
346,"GMB","Gambia",-0.998788163222127,-0.641062456611231,"Burkina Faso"
347,"GMB","Gambia",-0.999792292894948,-0.630473156454455,"Burkina Faso"
348,"GMB","Gambia",-1,-0.619762847235657,"Burkina Faso"
349,"GMB","Gambia",-0.999427534887318,-0.608954871107701,"Burkina Faso"
350,"GMB","Gambia",-0.998091952547859,-0.598072497258297,"Burkina Faso"
351,"GMB","Gambia",-0.99601108754724,-0.587138891231977,"Burkina Faso"
352,"GMB","Gambia",-0.993203528072532,-0.576177084431778,"Burkina Faso"
353,"GMB","Gambia",-0.989688589124279,-0.565209943837625,"Burkina Faso"
354,"GMB","Gambia",-0.985486284886957,-0.554260141978234,"Burkina Faso"
355,"GMB","Gambia",-0.980617300312,-0.543350127192964,"Burkina Faso"
356,"GMB","Gambia",-0.975102961948482,-0.53250209421971,"Burkina Faso"
357,"GMB","Gambia",-0.968965208057387,-0.521737955144563,"Burkina Faso"
358,"GMB","Gambia",-0.962226558046273,-0.51107931074843,"Burkina Faso"
359,"GMB","Gambia",-0.954910081261895,-0.500547422285416,"Burkina Faso"
360,"GMB","Gambia",-0.947039365179117,-0.490163183727158,"Burkina Faso"
361,"GMB","Gambia",-0.938638483025139,-0.479947094506787,"Burkina Faso"
362,"GMB","Gambia",-0.929731960878724,-0.469919232795549,"Burkina Faso"
363,"GMB","Gambia",-0.920344744284704,-0.460099229344477,"Burkina Faso"
364,"GMB","Gambia",-0.910502164424629,-0.45050624192283,"Burkina Faso"
365,"GMB","Gambia",-0.900229903884897,-0.441158930384246,"Burkina Faso"
1,"GNB","Guinea-Bissau",-0.863241755682743,-0.432075432390864,"Burkina Faso"
2,"GNB","Guinea-Bissau",-0.854463713941769,-0.423273339824774,"Burkina Faso"
3,"GNB","Guinea-Bissau",-0.845444436155678,-0.414769675915422,"Burkina Faso"
4,"GNB","Guinea-Bissau",-0.8362080810137,-0.406580873110645,"Burkina Faso"
5,"GNB","Guinea-Bissau",-0.826778831889527,-0.398722751718156,"Burkina Faso"
6,"GNB","Guinea-Bissau",-0.817180864256969,-0.391210499343345,"Burkina Faso"
7,"GNB","Guinea-Bissau",-0.807438313185055,-0.384058651148309,"Burkina Faso"
8,"GNB","Guinea-Bissau",-0.797575240952249,-0.37728107095602,"Burkina Faso"
9,"GNB","Guinea-Bissau",-0.787615604819278,-0.370890933222519,"Burkina Faso"
10,"GNB","Guinea-Bissau",-0.777583224999889,-0.364900705898984,"Burkina Faso"
11,"GNB","Guinea-Bissau",-0.767501752868537,-0.359322134204419,"Burkina Faso"
12,"GNB","Guinea-Bissau",-0.757394639443774,-0.35416622532865,"Burkina Faso"
13,"GNB","Guinea-Bissau",-0.747285104185705,-0.34944323408414,"Burkina Faso"
14,"GNB","Guinea-Bissau",-0.737196104145506,-0.345162649524039,"Burkina Faso"
15,"GNB","Guinea-Bissau",-0.727150303504563,-0.341333182542669,"Burkina Faso"
16,"GNB","Guinea-Bissau",-0.717170043540284,-0.337962754473502,"Burkina Faso"
17,"GNB","Guinea-Bissau",-0.707277313055134,-0.335058486698457,"Burkina Faso"
18,"GNB","Guinea-Bissau",-0.697493719304847,-0.332626691281117,"Burkina Faso"
19,"GNB","Guinea-Bissau",-0.687840459461167,-0.330672862635266,"Burkina Faso"
20,"GNB","Guinea-Bissau",-0.678338292643812,-0.329201670238844,"Burkina Faso"
21,"GNB","Guinea-Bissau",-0.669007512555643,-0.328216952402211,"Burkina Faso"
22,"GNB","Guinea-Bissau",-0.659867920754297,-0.327721711098291,"Burkina Faso"
23,"GNB","Guinea-Bissau",-0.650938800592748,-0.327718107860926,"Burkina Faso"
24,"GNB","Guinea-Bissau",-0.642238891860454,-0.328207460756448,"Burkina Faso"
25,"GNB","Guinea-Bissau",-0.633786366155896,-0.3291902424322,"Burkina Faso"
26,"GNB","Guinea-Bissau",-0.625598803020389,-0.33066607924444,"Burkina Faso"
27,"GNB","Guinea-Bissau",-0.617693166862165,-0.332633751466752,"Burkina Faso"
28,"GNB","Guinea-Bissau",-0.610085784698739,-0.335091194578777,"Burkina Faso"
29,"GNB","Guinea-Bissau",-0.602792324744555,-0.338035501633796,"Burkina Faso"
30,"GNB","Guinea-Bissau",-0.595827775869927,-0.341462926702379,"Burkina Faso"
31,"GNB","Guinea-Bissau",-0.589206427956191,-0.345368889388013,"Burkina Faso"
32,"GNB","Guinea-Bissau",-0.5829418531709,-0.349747980409338,"Burkina Faso"
33,"GNB","Guinea-Bissau",-0.577046888185812,-0.354593968242335,"Burkina Faso"
34,"GNB","Guinea-Bissau",-0.57153361735921,-0.359899806814518,"Burkina Faso"
35,"GNB","Guinea-Bissau",-0.566413356903004,-0.365657644241918,"Burkina Faso"
36,"GNB","Guinea-Bissau",-0.561696640053786,-0.371858832598401,"Burkina Faso"
37,"GNB","Guinea-Bissau",-0.557393203265869,-0.378493938705591,"Burkina Faso"
38,"GNB","Guinea-Bissau",-0.553511973443043,-0.385552755930457,"Burkina Faso"
39,"GNB","Guinea-Bissau",-0.550061056224557,-0.393024316976396,"Burkina Faso"
40,"GNB","Guinea-Bissau",-0.547047725339531,-0.400896907652446,"Burkina Faso"
41,"GNB","Guinea-Bissau",-0.544478413042754,-0.409158081604086,"Burkina Faso"
42,"GNB","Guinea-Bissau",-0.542358701643438,-0.417794675987908,"Burkina Faso"
43,"GNB","Guinea-Bissau",-0.540693316137268,-0.426792828071308,"Burkina Faso"
44,"GNB","Guinea-Bissau",-0.539486117950659,-0.436137992737234,"Burkina Faso"
45,"GNB","Guinea-Bissau",-0.538740099804866,-0.445814960872919,"Burkina Faso"
46,"GNB","Guinea-Bissau",-0.538457381706169,-0.455807878620465,"Burkina Faso"
47,"GNB","Guinea-Bissau",-0.53863920806705,-0.466100267466103,"Burkina Faso"
48,"GNB","Guinea-Bissau",-0.539285945961851,-0.476675045143932,"Burkina Faso"
49,"GNB","Guinea-Bissau",-0.540397084519099,-0.487514547328949,"Burkina Faso"
50,"GNB","Guinea-Bissau",-0.541971235451231,-0.498600550093246,"Burkina Faso"
51,"GNB","Guinea-Bissau",-0.544006134721143,-0.509914293098291,"Burkina Faso"
52,"GNB","Guinea-Bissau",-0.54649864534356,-0.521436503495344,"Burkina Faso"
53,"GNB","Guinea-Bissau",-0.549444761317891,-0.533147420505181,"Burkina Faso"
54,"GNB","Guinea-Bissau",-0.552839612687827,-0.545026820647494,"Burkina Faso"
55,"GNB","Guinea-Bissau",-0.556677471721604,-0.557054043589505,"Burkina Faso"
56,"GNB","Guinea-Bissau",-0.560951760205482,-0.569208018582619,"Burkina Faso"
57,"GNB","Guinea-Bissau",-0.565655057841646,-0.581467291455208,"Burkina Faso"
58,"GNB","Guinea-Bissau",-0.570779111740393,-0.593810052128918,"Burkina Faso"
59,"GNB","Guinea-Bissau",-0.576314846995162,-0.606214162625284,"Burkina Faso"
60,"GNB","Guinea-Bissau",-0.582252378327616,-0.618657185528816,"Burkina Faso"
61,"GNB","Guinea-Bissau",-0.588581022788739,-0.631116412872156,"Burkina Faso"
62,"GNB","Guinea-Bissau",-0.595289313500574,-0.6435688954084,"Burkina Faso"
63,"GNB","Guinea-Bissau",-0.602365014422014,-0.655991472235192,"Burkina Faso"
64,"GNB","Guinea-Bissau",-0.609795136120795,-0.668360800734752,"Burkina Faso"
65,"GNB","Guinea-Bissau",-0.617565952532612,-0.680653386793627,"Burkina Faso"
66,"GNB","Guinea-Bissau",-0.625663018687104,-0.69284561526559,"Burkina Faso"
67,"GNB","Guinea-Bissau",-0.634071189379257,-0.70491378064079,"Burkina Faso"
68,"GNB","Guinea-Bissau",-0.642774638763639,-0.716834117884039,"Burkina Faso"
69,"GNB","Guinea-Bissau",-0.651756880847764,-0.728582833404848,"Burkina Faso"
70,"GNB","Guinea-Bissau",-0.661000790859764,-0.740136136121691,"Burkina Faso"
71,"GNB","Guinea-Bissau",-0.670488627464528,-0.751470268582819,"Burkina Faso"
72,"GNB","Guinea-Bissau",-0.68020205580138,-0.762561538105885,"Burkina Faso"
73,"GNB","Guinea-Bissau",-0.69012217131542,-0.773386347898585,"Burkina Faso"
74,"GNB","Guinea-Bissau",-0.700229524353646,-0.783921228122525,"Burkina Faso"
75,"GNB","Guinea-Bissau",-0.71050414549606,-0.794142866862586,"Burkina Faso"
76,"GNB","Guinea-Bissau",-0.72092557159107,-0.80402814096415,"Burkina Faso"
77,"GNB","Guinea-Bissau",-0.731472872463606,-0.813554146700675,"Burkina Faso"
78,"GNB","Guinea-Bissau",-0.7421246782636,-0.82269823023432,"Burkina Faso"
79,"GNB","Guinea-Bissau",-0.752859207421631,-0.831438017832531,"Burkina Faso"
80,"GNB","Guinea-Bissau",-0.763654295177847,-0.839751445803775,"Burkina Faso"
81,"GNB","Guinea-Bissau",-0.774487422649537,-0.847616790115925,"Burkina Faso"
82,"GNB","Guinea-Bissau",-0.785335746402075,-0.855012695661181,"Burkina Faso"
83,"GNB","Guinea-Bissau",-0.796176128487333,-0.861918205131778,"Burkina Faso"
84,"GNB","Guinea-Bissau",-0.806985166913089,-0.868312787471223,"Burkina Faso"
85,"GNB","Guinea-Bissau",-0.817739226506403,-0.87417636586625,"Burkina Faso"
86,"GNB","Guinea-Bissau",-0.828414470133471,-0.879489345245246,"Burkina Faso"
87,"GNB","Guinea-Bissau",-0.838986890237994,-0.884232639249456,"Burkina Faso"
88,"GNB","Guinea-Bissau",-0.849432340659708,-0.88838769664389,"Burkina Faso"
89,"GNB","Guinea-Bissau",-0.859726568694373,-0.891936527135506,"Burkina Faso"
90,"GNB","Guinea-Bissau",-0.869845247356205,-0.894861726566934,"Burkina Faso"
91,"GNB","Guinea-Bissau",-0.879764007803457,-0.897146501454736,"Burkina Faso"
92,"GNB","Guinea-Bissau",-0.889458471887673,-0.898774692841962,"Burkina Faso"
93,"GNB","Guinea-Bissau",-0.898904284786935,-0.899730799435552,"Burkina Faso"
94,"GNB","Guinea-Bissau",-0.908077147683328,-0.9,"Burkina Faso"
95,"GNB","Guinea-Bissau",-0.916952850444758,-0.89956817497952,"Burkina Faso"
96,"GNB","Guinea-Bissau",-0.92550730427124,-0.898421927321914,"Burkina Faso"
97,"GNB","Guinea-Bissau",-0.933716574265795,-0.896548602478227,"Burkina Faso"
98,"GNB","Guinea-Bissau",-0.941556911890157,-0.893936307553283,"Burkina Faso"
99,"GNB","Guinea-Bissau",-0.949004787265614,-0.890573929583154,"Burkina Faso"
100,"GNB","Guinea-Bissau",-0.956036921279473,-0.88645115291668,"Burkina Faso"
101,"GNB","Guinea-Bissau",-0.962630317457838,-0.881558475679181,"Burkina Faso"
102,"GNB","Guinea-Bissau",-0.968762293565665,-0.875887225297594,"Burkina Faso"
103,"GNB","Guinea-Bissau",-0.974410512895348,-0.869429573067369,"Burkina Faso"
104,"GNB","Guinea-Bissau",-0.979553015205453,-0.862178547742598,"Burkina Faso"
105,"GNB","Guinea-Bissau",-0.984168247271598,-0.854128048131984,"Burkina Faso"
106,"GNB","Guinea-Bissau",-0.98823509301195,-0.845272854684432,"Burkina Faso"
107,"GNB","Guinea-Bissau",-0.991732903150249,-0.835608640049261,"Burkina Faso"
108,"GNB","Guinea-Bissau",-0.994641524379852,-0.825131978597196,"Burkina Faso"
109,"GNB","Guinea-Bissau",-0.996941327992832,-0.813840354889588,"Burkina Faso"
110,"GNB","Guinea-Bissau",-0.998613237938794,-0.801732171084478,"Burkina Faso"
111,"GNB","Guinea-Bissau",-0.999638758278742,-0.788806753269458,"Burkina Faso"
112,"GNB","Guinea-Bissau",-1,-0.775064356712475,"Burkina Faso"
113,"GNB","Guinea-Bissau",-0.999679707158992,-0.760506170023051,"Burkina Faso"
114,"GNB","Guinea-Bissau",-0.998661282319392,-0.745134318217665,"Burkina Faso"
115,"GNB","Guinea-Bissau",-0.996928811254054,-0.72895186468433,"Burkina Faso"
116,"GNB","Guinea-Bissau",-0.994467086879923,-0.711962812042716,"Burkina Faso"
117,"GNB","Guinea-Bissau",-0.991261632396086,-0.694172101897465,"Burkina Faso"
118,"GNB","Guinea-Bissau",-0.987298723595992,-0.675585613483656,"Burkina Faso"
119,"GNB","Guinea-Bissau",-0.982565410325902,-0.656210161204697,"Burkina Faso"
120,"GNB","Guinea-Bissau",-0.977049537062573,-0.636053491064223,"Burkina Faso"
121,"GNB","Guinea-Bissau",-0.970739762584249,-0.61512427599489,"Burkina Faso"
122,"GNB","Guinea-Bissau",-0.963625578710082,-0.593432110088277,"Burkina Faso"
123,"GNB","Guinea-Bissau",-0.955697328084208,-0.570987501731378,"Burkina Faso"
124,"GNB","Guinea-Bissau",-0.946946220981813,-0.547801865656506,"Burkina Faso"
125,"GNB","Guinea-Bissau",-0.937364351115686,-0.52388751391268,"Burkina Faso"
126,"GNB","Guinea-Bissau",-0.926944710422936,-0.499257645767873,"Burkina Faso"
127,"GNB","Guinea-Bissau",-0.915681202812723,-0.473926336552745,"Burkina Faso"
128,"GNB","Guinea-Bissau",-0.90356865685712,-0.447908525457768,"Burkina Faso"
129,"GNB","Guinea-Bissau",-0.89060283740843,-0.421220002296866,"Burkina Faso"
130,"GNB","Guinea-Bissau",-0.876780456127565,-0.393877393251944,"Burkina Faso"
131,"GNB","Guinea-Bissau",-0.862099180909383,-0.365898145613867,"Burkina Faso"
132,"GNB","Guinea-Bissau",-0.84655764419217,-0.337300511536675,"Burkina Faso"
133,"GNB","Guinea-Bissau",-0.830155450139764,-0.308103530822956,"Burkina Faso"
134,"GNB","Guinea-Bissau",-0.812893180686192,-0.278327012759482,"Burkina Faso"
135,"GNB","Guinea-Bissau",-0.794772400433962,-0.247991517023328,"Burkina Faso"
136,"GNB","Guinea-Bissau",-0.775795660398586,-0.21711833367981,"Burkina Faso"
137,"GNB","Guinea-Bissau",-0.755966500593213,-0.185729462294648,"Burkina Faso"
138,"GNB","Guinea-Bissau",-0.735289451448658,-0.153847590183824,"Burkina Faso"
139,"GNB","Guinea-Bissau",-0.713770034065479,-0.121496069825635,"Burkina Faso"
140,"GNB","Guinea-Bissau",-0.691414759296129,-0.0886988954604437,"Burkina Faso"
141,"GNB","Guinea-Bissau",-0.668231125656617,-0.0554806789045711,"Burkina Faso"
142,"GNB","Guinea-Bissau",-0.644227616068475,-0.0218666246057664,"Burkina Faso"
143,"GNB","Guinea-Bissau",-0.61941369343323,0.0121174960314582,"Burkina Faso"
144,"GNB","Guinea-Bissau",-0.593799795042958,0.0464453710214245,"Burkina Faso"
145,"GNB","Guinea-Bissau",-0.567397325831864,0.0810901748438095,"Burkina Faso"
146,"GNB","Guinea-Bissau",-0.540218650475252,0.116024596130244,"Burkina Faso"
147,"GNB","Guinea-Bissau",-0.512277084343547,0.151220865959402,"Burkina Faso"
148,"GNB","Guinea-Bissau",-0.483586883320461,0.18665078672825,"Burkina Faso"
149,"GNB","Guinea-Bissau",-0.454163232495682,0.22228576156644,"Burkina Faso"
150,"GNB","Guinea-Bissau",-0.42402223374386,0.258096824260158,"Burkina Faso"
151,"GNB","Guinea-Bissau",-0.393180892202936,0.294054669651157,"Burkina Faso"
152,"GNB","Guinea-Bissau",-0.361657101666206,0.330129684476092,"Burkina Faso"
153,"GNB","Guinea-Bissau",-0.329469628903783,0.366291978610778,"Burkina Faso"
154,"GNB","Guinea-Bissau",-0.2966380969304,0.402511416683464,"Burkina Faso"
155,"GNB","Guinea-Bissau",-0.263182967237757,0.4387576500208,"Burkina Faso"
156,"GNB","Guinea-Bissau",-0.229125521010841,0.475000148889745,"Burkina Faso"
157,"GNB","Guinea-Bissau",-0.19448783934886,0.511208234998303,"Burkina Faso"
158,"GNB","Guinea-Bissau",-0.159292782512625,0.547351114217671,"Burkina Faso"
159,"GNB","Guinea-Bissau",-0.123563968221361,0.58339790948808,"Burkina Faso"
160,"GNB","Guinea-Bissau",-0.0873257490230835,0.619317693870407,"Burkina Faso"
161,"GNB","Guinea-Bissau",-0.0506031887637637,0.655079523705426,"Burkina Faso"
162,"GNB","Guinea-Bissau",-0.0134220381815977,0.690652471842436,"Burkina Faso"
163,"GNB","Guinea-Bissau",0.0241912903462713,0.726005660898904,"Burkina Faso"
164,"GNB","Guinea-Bissau",0.0622097488762044,0.761108296512713,"Burkina Faso"
165,"GNB","Guinea-Bissau",0.100605680760342,0.795929700548594,"Burkina Faso"
166,"GNB","Guinea-Bissau",0.139350848268406,0.830439344220355,"Burkina Faso"
167,"GNB","Guinea-Bissau",0.17841646093781,0.864606881090617,"Burkina Faso"
168,"GNB","Guinea-Bissau",0.217773204620022,0.898402179909894,"Burkina Faso"
169,"GNB","Guinea-Bissau",0.257391271190217,0.931795357257002,"Burkina Faso"
170,"GNB","Guinea-Bissau",0.297240388886528,0.964756809943046,"Burkina Faso"
171,"GNB","Guinea-Bissau",0.337289853244415,0.997257247141459,"Burkina Faso"
172,"GNB","Guinea-Bissau",0.377508558590934,1.02926772220689,"Burkina Faso"
173,"GNB","Guinea-Bissau",0.417865030063051,1.0607596641461,"Burkina Faso"
174,"GNB","Guinea-Bissau",0.458327456113482,1.09170490870436,"Burkina Faso"
175,"GNB","Guinea-Bissau",0.498863721466945,1.12207572903142,"Burkina Faso"
176,"GNB","Guinea-Bissau",0.539441440489191,1.15184486589144,"Burkina Faso"
177,"GNB","Guinea-Bissau",0.580027990930642,1.18098555738182,"Burkina Faso"
178,"GNB","Guinea-Bissau",0.620590548006004,1.20947156812663,"Burkina Faso"
179,"GNB","Guinea-Bissau",0.661096118770876,1.23727721791059,"Burkina Faso"
180,"GNB","Guinea-Bissau",0.701511576755877,1.26437740972058,"Burkina Faso"
181,"GNB","Guinea-Bissau",0.741803696818632,1.29074765716202,"Burkina Faso"
182,"GNB","Guinea-Bissau",0.78193919017358,1.31636411121836,"Burkina Faso"
183,"GNB","Guinea-Bissau",0.821884739559392,1.34120358632265,"Burkina Faso"
184,"GNB","Guinea-Bissau",0.861607034503583,1.36524358571093,"Burkina Faso"
185,"GNB","Guinea-Bissau",0.901072806643774,1.38846232602803,"Burkina Faso"
186,"GNB","Guinea-Bissau",0.940248865064965,1.41083876115719,"Burkina Faso"
187,"GNB","Guinea-Bissau",0.979102131612185,1.43235260524588,"Burkina Faso"
188,"GNB","Guinea-Bissau",1.0175996761378,1.4529843549011,"Burkina Faso"
189,"GNB","Guinea-Bissau",1.05570875164292,1.47271531052841,"Burkina Faso"
190,"GNB","Guinea-Bissau",1.09339682927244,1.49152759678986,"Burkina Faso"
191,"GNB","Guinea-Bissau",1.13063163312324,1.50940418215716,"Burkina Faso"
192,"GNB","Guinea-Bissau",1.16738117482557,1.52632889753737,"Burkina Faso"
193,"GNB","Guinea-Bissau",1.20361378785757,1.54228645394947,"Burkina Faso"
194,"GNB","Guinea-Bissau",1.23929816155347,1.55726245923132,"Burkina Faso"
195,"GNB","Guinea-Bissau",1.27440337476605,1.57124343375769,"Burkina Faso"
196,"GNB","Guinea-Bissau",1.30889892914458,1.58421682515097,"Burkina Faso"
197,"GNB","Guinea-Bissau",1.34275478198984,1.5961710219677,"Burkina Faso"
198,"GNB","Guinea-Bissau",1.37594137864808,1.60709536634488,"Burkina Faso"
199,"GNB","Guinea-Bissau",1.40842968440673,1.61698016559147,"Burkina Faso"
200,"GNB","Guinea-Bissau",1.44019121585473,1.62581670271175,"Burkina Faso"
201,"GNB","Guinea-Bissau",1.47119807167143,1.6335972458481,"Burkina Faso"
202,"GNB","Guinea-Bissau",1.50142296280827,1.64031505663258,"Burkina Faso"
203,"GNB","Guinea-Bissau",1.53083924202845,1.64596439743739,"Burkina Faso"
204,"GNB","Guinea-Bissau",1.55942093277043,1.65054053751599,"Burkina Faso"
205,"GNB","Guinea-Bissau",1.58714275730164,1.65403975802778,"Burkina Faso"
206,"GNB","Guinea-Bissau",1.61398016413014,1.65645935594045,"Burkina Faso"
207,"GNB","Guinea-Bissau",1.63990935464222,1.6577976468057,"Burkina Faso"
208,"GNB","Guinea-Bissau",1.6649073089352,1.65805396640497,"Burkina Faso"
209,"GNB","Guinea-Bissau",1.68895181081561,1.65722867126354,"Burkina Faso"
210,"GNB","Guinea-Bissau",1.71202147193358,1.65532313803227,"Burkina Faso"
211,"GNB","Guinea-Bissau",1.73409575502575,1.65233976173791,"Burkina Faso"
212,"GNB","Guinea-Bissau",1.75515499623953,1.64828195290408,"Burkina Faso"
213,"GNB","Guinea-Bissau",1.77518042651303,1.64315413354622,"Burkina Faso"
214,"GNB","Guinea-Bissau",1.79415419198576,1.63696173204543,"Burkina Faso"
215,"GNB","Guinea-Bissau",1.81205937341663,1.62971117690709,"Burkina Faso"
216,"GNB","Guinea-Bissau",1.82888000458649,1.62140988941165,"Burkina Faso"
217,"GNB","Guinea-Bissau",1.84460108966412,1.61206627516628,"Burkina Faso"
218,"GNB","Guinea-Bissau",1.8592086195155,1.6016897145672,"Burkina Faso"
219,"GNB","Guinea-Bissau",1.8726895869373,1.59029055218388,"Burkina Faso"
220,"GNB","Guinea-Bissau",1.88503200079724,1.57788008507763,"Burkina Faso"
221,"GNB","Guinea-Bissau",1.8962248990646,1.56447055006817,"Burkina Faso"
222,"GNB","Guinea-Bissau",1.90625836071608,1.55007510996306,"Burkina Faso"
223,"GNB","Guinea-Bissau",1.91512351650303,1.53470783876616,"Burkina Faso"
224,"GNB","Guinea-Bissau",1.92281255856769,1.51838370588244,"Burkina Faso"
225,"GNB","Guinea-Bissau",1.92931874889724,1.50111855933743,"Burkina Faso"
226,"GNB","Guinea-Bissau",1.93463642660587,1.48292910803112,"Burkina Faso"
227,"GNB","Guinea-Bissau",1.93876101403659,1.46383290304689,"Burkina Faso"
228,"GNB","Guinea-Bissau",1.94168902167552,1.44384831803736,"Burkina Faso"
229,"GNB","Guinea-Bissau",1.9434180518731,1.42299452871006,"Burkina Faso"
230,"GNB","Guinea-Bissau",1.94394680136797,1.40129149143681,"Burkina Faso"
231,"GNB","Guinea-Bissau",1.94327506261055,1.37875992101177,"Burkina Faso"
232,"GNB","Guinea-Bissau",1.94140372388479,1.35542126758422,"Burkina Faso"
233,"GNB","Guinea-Bissau",1.93833476822812,1.33129769279275,"Burkina Faso"
234,"GNB","Guinea-Bissau",1.93407127115072,1.30641204512896,"Burkina Faso"
235,"GNB","Guinea-Bissau",1.92861739715692,1.28078783455907,"Burkina Faso"
236,"GNB","Guinea-Bissau",1.92197839507275,1.25444920643334,"Burkina Faso"
237,"GNB","Guinea-Bissau",1.9141605921851,1.22742091471343,"Burkina Faso"
238,"GNB","Guinea-Bissau",1.9051713871993,1.19972829454903,"Burkina Faso"
239,"GNB","Guinea-Bissau",1.89501924202346,1.17139723423571,"Burkina Faso"
240,"GNB","Guinea-Bissau",1.88371367238894,1.14245414658645,"Burkina Faso"
241,"GNB","Guinea-Bissau",1.87126523731805,1.11292593975047,"Burkina Faso"
242,"GNB","Guinea-Bissau",1.85768552745118,1.08283998751305,"Burkina Faso"
243,"GNB","Guinea-Bissau",1.84298715224687,1.05222409911098,"Burkina Faso"
244,"GNB","Guinea-Bissau",1.82718372606993,1.02110648859888,"Burkina Faso"
245,"GNB","Guinea-Bissau",1.81028985318345,0.98951574380172,"Burkina Faso"
246,"GNB","Guinea-Bissau",1.79232111166252,0.957480794889963,"Burkina Faso"
247,"GNB","Guinea-Bissau",1.77329403624809,0.925030882613545,"Burkina Faso"
248,"GNB","Guinea-Bissau",1.75322610016106,0.892195526231819,"Burkina Faso"
249,"GNB","Guinea-Bissau",1.73213569589765,0.859004491176568,"Burkina Faso"
250,"GNB","Guinea-Bissau",1.71004211502842,0.825487756485706,"Burkina Faso"
251,"GNB","Guinea-Bissau",1.68696552702432,0.791675482045405,"Burkina Faso"
252,"GNB","Guinea-Bissau",1.66292695713455,0.757597975678712,"Burkina Faso"
253,"GNB","Guinea-Bissau",1.63794826334165,0.72328566011874,"Burkina Faso"
254,"GNB","Guinea-Bissau",1.61205211242088,0.688769039904818,"Burkina Faso"
255,"GNB","Guinea-Bissau",1.58526195513136,0.654078668239868,"Burkina Faso"
256,"GNB","Guinea-Bissau",1.55760200056813,0.619245113847471,"Burkina Faso"
257,"GNB","Guinea-Bissau",1.5290971897045,0.584298927866922,"Burkina Faso"
258,"GNB","Guinea-Bissau",1.49977316815571,0.549270610824667,"Burkina Faso"
259,"GNB","Guinea-Bissau",1.46965625819533,0.514190579720238,"Burkina Faso"
260,"GNB","Guinea-Bissau",1.43877343005686,0.47908913526481,"Burkina Faso"
261,"GNB","Guinea-Bissau",1.40715227255383,0.443996429310183,"Burkina Faso"
262,"GNB","Guinea-Bissau",1.37482096305249,0.408942432505842,"Burkina Faso"
263,"GNB","Guinea-Bissau",1.34180823683184,0.373956902221381,"Burkina Faso"
264,"GNB","Guinea-Bissau",1.30814335586641,0.339069350771333,"Burkina Faso"
265,"GNB","Guinea-Bissau",1.27385607706823,0.304309013978983,"Burkina Faso"
266,"GNB","Guinea-Bissau",1.23897662002437,0.269704820115428,"Burkina Faso"
267,"GNB","Guinea-Bissau",1.20353563426777,0.235285359249577,"Burkina Faso"
268,"GNB","Guinea-Bissau",1.16756416611898,0.201078853044388,"Burkina Faso"
269,"GNB","Guinea-Bissau",1.13109362513728,0.167113125034009,"Burkina Faso"
270,"GNB","Guinea-Bissau",1.09415575021997,0.133415571415981,"Burkina Faso"
271,"GNB","Guinea-Bissau",1.05678257538899,0.100013132391983,"Burkina Faso"
272,"GNB","Guinea-Bissau",1.01900639530447,0.0669322640899472,"Burkina Faso"
273,"GNB","Guinea-Bissau",0.980859730544997,0.0341989110997201,"Burkina Faso"
274,"GNB","Guinea-Bissau",0.942375292694694,0.00183847965362406,"Burkina Faso"
275,"GNB","Guinea-Bissau",0.903585949277473,-0.0301241885174422,"Burkina Faso"
276,"GNB","Guinea-Bissau",0.864524688578867,-0.0616648416225354,"Burkina Faso"
277,"GNB","Guinea-Bissau",0.825224584396026,-0.0927598425149101,"Burkina Faso"
278,"GNB","Guinea-Bissau",0.785718760756546,-0.123386192633842,"Burkina Faso"
279,"GNB","Guinea-Bissau",0.746040356646739,-0.1535215551569,"Burkina Faso"
280,"GNB","Guinea-Bissau",0.706222490789998,-0.183144277336435,"Burkina Faso"
281,"GNB","Guinea-Bissau",0.666298226515807,-0.212233411995009,"Burkina Faso"
282,"GNB","Guinea-Bissau",0.626300536759767,-0.240768738155577,"Burkina Faso"
283,"GNB","Guinea-Bissau",0.586262269234943,-0.268730780783159,"Burkina Faso"
284,"GNB","Guinea-Bissau",0.546216111814491,-0.296100829615898,"Burkina Faso"
285,"GNB","Guinea-Bissau",0.506194558165354,-0.322860957064424,"Burkina Faso"
286,"GNB","Guinea-Bissau",0.466229873672452,-0.348994035159572,"Burkina Faso"
287,"GNB","Guinea-Bissau",0.426354061692429,-0.374483751529665,"Burkina Faso"
288,"GNB","Guinea-Bissau",0.386598830175623,-0.399314624389688,"Burkina Faso"
289,"GNB","Guinea-Bissau",0.346995558694498,-0.423472016525867,"Burkina Faso"
290,"GNB","Guinea-Bissau",0.30757526591619,-0.446942148260411,"Burkina Faso"
291,"GNB","Guinea-Bissau",0.268368577556411,-0.469712109382293,"Burkina Faso"
292,"GNB","Guinea-Bissau",0.229405694851221,-0.491769870031289,"Burkina Faso"
293,"GNB","Guinea-Bissau",0.190716363582696,-0.513104290523644,"Burkina Faso"
294,"GNB","Guinea-Bissau",0.152329843693688,-0.533705130109062,"Burkina Faso"
295,"GNB","Guinea-Bissau",0.114274879526351,-0.553563054649924,"Burkina Faso"
296,"GNB","Guinea-Bissau",0.0765796707181325,-0.572669643215001,"Burkina Faso"
297,"GNB","Guinea-Bissau",0.0392718437883671,-0.591017393581124,"Burkina Faso"
298,"GNB","Guinea-Bissau",0.00237842444756868,-0.60859972663765,"Burkina Faso"
299,"GNB","Guinea-Bissau",-0.0340741893391828,-0.625410989689815,"Burkina Faso"
300,"GNB","Guinea-Bissau",-0.0700602535044071,-0.641446458658405,"Burkina Faso"
301,"GNB","Guinea-Bissau",-0.105554703216407,-0.656702339174458,"Burkina Faso"
302,"GNB","Guinea-Bissau",-0.140533177375034,-0.671175766569045,"Burkina Faso"
303,"GNB","Guinea-Bissau",-0.174972042237486,-0.684864804759467,"Burkina Faso"
304,"GNB","Guinea-Bissau",-0.208848414147749,-0.69776844403454,"Burkina Faso"
305,"GNB","Guinea-Bissau",-0.242140181344257,-0.709886597742909,"Burkina Faso"
306,"GNB","Guinea-Bissau",-0.274826024821538,-0.721220097889666,"Burkina Faso"
307,"GNB","Guinea-Bissau",-0.306885438222682,-0.731770689647827,"Burkina Faso"
308,"GNB","Guinea-Bissau",-0.338298746740663,-0.7415410247925,"Burkina Faso"
309,"GNB","Guinea-Bissau",-0.369047125007682,-0.750534654066854,"Burkina Faso"
310,"GNB","Guinea-Bissau",-0.399112613952999,-0.758756018490287,"Burkina Faso"
311,"GNB","Guinea-Bissau",-0.428478136610807,-0.7662104396204,"Burkina Faso"
312,"GNB","Guinea-Bissau",-0.457127512861124,-0.772904108781665,"Burkina Faso"
313,"GNB","Guinea-Bissau",-0.485045473087781,-0.778844075274856,"Burkina Faso"
314,"GNB","Guinea-Bissau",-0.512217670739021,-0.784038233582558,"Burkina Faso"
315,"GNB","Guinea-Bissau",-0.538630693777406,-0.78849530958721,"Burkina Faso"
316,"GNB","Guinea-Bissau",-0.564272075007156,-0.792224845819354,"Burkina Faso"
317,"GNB","Guinea-Bissau",-0.589130301268296,-0.795237185754854,"Burkina Faso"
318,"GNB","Guinea-Bissau",-0.613194821488386,-0.797543457181019,"Burkina Faso"
319,"GNB","Guinea-Bissau",-0.636456053583933,-0.799155554652627,"Burkina Faso"
320,"GNB","Guinea-Bissau",-0.658905390204994,-0.800086121059943,"Burkina Faso"
321,"GNB","Guinea-Bissau",-0.680535203317785,-0.800348528331851,"Burkina Faso"
322,"GNB","Guinea-Bissau",-0.701338847621572,-0.799956857298261,"Burkina Faso"
323,"GNB","Guinea-Bissau",-0.721310662797417,-0.798925876736918,"Burkina Faso"
324,"GNB","Guinea-Bissau",-0.74044597458783,-0.797271021630714,"Burkina Faso"
325,"GNB","Guinea-Bissau",-0.758741094707664,-0.795008370662533,"Burkina Faso"
326,"GNB","Guinea-Bissau",-0.776193319588073,-0.792154622975544,"Burkina Faso"
327,"GNB","Guinea-Bissau",-0.792800927956654,-0.788727074227727,"Burkina Faso"
328,"GNB","Guinea-Bissau",-0.808563177258329,-0.784743591970242,"Burkina Faso"
329,"GNB","Guinea-Bissau",-0.823480298922864,-0.78022259038005,"Burkina Faso"
330,"GNB","Guinea-Bissau",-0.837553492486301,-0.775183004377939,"Burkina Faso"
331,"GNB","Guinea-Bissau",-0.850784918574931,-0.76964426316383,"Burkina Faso"
332,"GNB","Guinea-Bissau",-0.863177690761777,-0.763626263201931,"Burkina Faso"
333,"GNB","Guinea-Bissau",-0.874735866306897,-0.757149340688934,"Burkina Faso"
334,"GNB","Guinea-Bissau",-0.885464435794132,-0.750234243539044,"Burkina Faso"
335,"GNB","Guinea-Bissau",-0.895369311678226,-0.742902102920228,"Burkina Faso"
336,"GNB","Guinea-Bissau",-0.904457315757535,-0.735174404376542,"Burkina Faso"
337,"GNB","Guinea-Bissau",-0.912736165588798,-0.72707295857192,"Burkina Faso"
338,"GNB","Guinea-Bissau",-0.920214459861721,-0.718619871691193,"Burkina Faso"
339,"GNB","Guinea-Bissau",-0.926901662752314,-0.709837515534568,"Burkina Faso"
340,"GNB","Guinea-Bissau",-0.932808087275143,-0.700748497342073,"Burkina Faso"
341,"GNB","Guinea-Bissau",-0.937944877655851,-0.691375629384847,"Burkina Faso"
342,"GNB","Guinea-Bissau",-0.942323990746428,-0.681741898360354,"Burkina Faso"
343,"GNB","Guinea-Bissau",-0.945958176506852,-0.671870434628887,"Burkina Faso"
344,"GNB","Guinea-Bissau",-0.948860957577823,-0.661784481328835,"Burkina Faso"
345,"GNB","Guinea-Bissau",-0.951046607970375,-0.651507363408365,"Burkina Faso"
346,"GNB","Guinea-Bissau",-0.952530130899184,-0.641062456611231,"Burkina Faso"
347,"GNB","Guinea-Bissau",-0.953327235787404,-0.630473156454455,"Burkina Faso"
348,"GNB","Guinea-Bissau",-0.953454314471828,-0.619762847235657,"Burkina Faso"
349,"GNB","Guinea-Bissau",-0.952928416638109,-0.608954871107701,"Burkina Faso"
350,"GNB","Guinea-Bissau",-0.951767224516677,-0.598072497258297,"Burkina Faso"
351,"GNB","Guinea-Bissau",-0.949989026870856,-0.587138891231977,"Burkina Faso"
352,"GNB","Guinea-Bissau",-0.947612692309503,-0.576177084431778,"Burkina Faso"
353,"GNB","Guinea-Bissau",-0.944657641957287,-0.565209943837625,"Burkina Faso"
354,"GNB","Guinea-Bissau",-0.941143821516473,-0.554260141978234,"Burkina Faso"
355,"GNB","Guinea-Bissau",-0.937091672754775,-0.543350127192964,"Burkina Faso"
356,"GNB","Guinea-Bissau",-0.932522104454518,-0.53250209421971,"Burkina Faso"
357,"GNB","Guinea-Bissau",-0.927456462858975,-0.521737955144563,"Burkina Faso"
358,"GNB","Guinea-Bissau",-0.921916501652306,-0.51107931074843,"Burkina Faso"
359,"GNB","Guinea-Bissau",-0.915924351510095,-0.500547422285416,"Burkina Faso"
360,"GNB","Guinea-Bissau",-0.909502489257938,-0.490163183727158,"Burkina Faso"
361,"GNB","Guinea-Bissau",-0.90267370667602,-0.479947094506787,"Burkina Faso"
362,"GNB","Guinea-Bissau",-0.895461078987991,-0.469919232795549,"Burkina Faso"
363,"GNB","Guinea-Bissau",-0.887887933072827,-0.460099229344477,"Burkina Faso"
364,"GNB","Guinea-Bissau",-0.879977815438663,-0.45050624192283,"Burkina Faso"
365,"GNB","Guinea-Bissau",-0.871754459997854,-0.441158930384246,"Burkina Faso"
1,"GNQ","Equatorial Guinea",-0.208644897618099,-0.616200926801402,"Somalia"
2,"GNQ","Equatorial Guinea",-0.222626197679428,-0.61042497153772,"Somalia"
3,"GNQ","Equatorial Guinea",-0.23624332885802,-0.604216634060486,"Somalia"
4,"GNQ","Equatorial Guinea",-0.24948150807749,-0.597570818780213,"Somalia"
5,"GNQ","Equatorial Guinea",-0.262326430717762,-0.590482866038752,"Somalia"
6,"GNQ","Equatorial Guinea",-0.274764287158411,-0.582948561346681,"Somalia"
7,"GNQ","Equatorial Guinea",-0.286781778726749,-0.574964144116439,"Somalia"
8,"GNQ","Equatorial Guinea",-0.29836613303191,-0.566526315879764,"Somalia"
9,"GNQ","Equatorial Guinea",-0.309505118666856,-0.557632247978562,"Somalia"
10,"GNQ","Equatorial Guinea",-0.320187059261032,-0.548279588718991,"Somalia"
11,"GNQ","Equatorial Guinea",-0.33040084686713,-0.538466469979133,"Somalia"
12,"GNQ","Equatorial Guinea",-0.340135954666244,-0.528191513261309,"Somalia"
13,"GNQ","Equatorial Guinea",-0.349382448976479,-0.517453835180722,"Somalia"
14,"GNQ","Equatorial Guinea",-0.358131000550932,-0.506253052382763,"Somalia"
15,"GNQ","Equatorial Guinea",-0.366372895151793,-0.494589285882041,"Somalia"
16,"GNQ","Equatorial Guinea",-0.37410004338817,-0.482463164816802,"Somalia"
17,"GNQ","Equatorial Guinea",-0.381304989806134,-0.469875829613169,"Somalia"
18,"GNQ","Equatorial Guinea",-0.387980921220352,-0.456828934554266,"Somalia"
19,"GNQ","Equatorial Guinea",-0.394121674277574,-0.443324649750037,"Somalia"
20,"GNQ","Equatorial Guinea",-0.399721742243188,-0.42936566250425,"Somalia"
21,"GNQ","Equatorial Guinea",-0.404776281002919,-0.414955178075909,"Somalia"
22,"GNQ","Equatorial Guinea",-0.409281114272742,-0.400096919832994,"Somalia"
23,"GNQ","Equatorial Guinea",-0.413232738010976,-0.384795128797173,"Somalia"
24,"GNQ","Equatorial Guinea",-0.416628324027495,-0.369054562578865,"Somalia"
25,"GNQ","Equatorial Guinea",-0.419465722785939,-0.352880493702732,"Somalia"
26,"GNQ","Equatorial Guinea",-0.421743465395766,-0.336278707324413,"Somalia"
27,"GNQ","Equatorial Guinea",-0.423460764791949,-0.319255498340027,"Somalia"
28,"GNQ","Equatorial Guinea",-0.424617516101084,-0.301817667890713,"Somalia"
29,"GNQ","Equatorial Guinea",-0.425214296193648,-0.283972519265139,"Somalia"
30,"GNQ","Equatorial Guinea",-0.425252362423105,-0.26572785320371,"Somalia"
31,"GNQ","Equatorial Guinea",-0.424733650553518,-0.24709196260882,"Somalia"
32,"GNQ","Equatorial Guinea",-0.42366077187831,-0.228073626666279,"Somalia"
33,"GNQ","Equatorial Guinea",-0.422037009533749,-0.208682104383695,"Somalia"
34,"GNQ","Equatorial Guinea",-0.419866314011715,-0.188927127552305,"Somalia"
35,"GNQ","Equatorial Guinea",-0.417153297877229,-0.168818893139434,"Somalia"
36,"GNQ","Equatorial Guinea",-0.413903229697191,-0.148368055119426,"Somalia"
37,"GNQ","Equatorial Guinea",-0.410122027187709,-0.127585715751576,"Somalia"
38,"GNQ","Equatorial Guinea",-0.405816249588302,-0.106483416314245,"Somalia"
39,"GNQ","Equatorial Guinea",-0.400993089272217,-0.0850731273049799,"Somalia"
40,"GNQ","Equatorial Guinea",-0.395660362602967,-0.0633672381171015,"Somalia"
41,"GNQ","Equatorial Guinea",-0.38982650004813,-0.0413785462038655,"Somalia"
42,"GNQ","Equatorial Guinea",-0.383500535562292,-0.0191202457418819,"Somalia"
43,"GNQ","Equatorial Guinea",-0.376692095251914,0.00339408419389553,"Somalia"
44,"GNQ","Equatorial Guinea",-0.369411385335741,0.0261504919307295,"Somalia"
45,"GNQ","Equatorial Guinea",-0.361669179415205,0.0491346659607523,"Somalia"
46,"GNQ","Equatorial Guinea",-0.353476805070104,0.0723319481517032,"Somalia"
47,"GNQ","Equatorial Guinea",-0.344846129795628,0.0957273473912081,"Somalia"
48,"GNQ","Equatorial Guinea",-0.335789546297585,0.11930555364953,"Somalia"
49,"GNQ","Equatorial Guinea",-0.326319957163453,0.143050952445222,"Somalia"
50,"GNQ","Equatorial Guinea",-0.316450758927604,0.166947639697637,"Somalia"
51,"GNQ","Equatorial Guinea",-0.306195825549794,0.190979436949754,"Somalia"
52,"GNQ","Equatorial Guinea",-0.295569491326669,0.21512990694438,"Somalia"
53,"GNQ","Equatorial Guinea",-0.284586533256752,0.239382369536307,"Somalia"
54,"GNQ","Equatorial Guinea",-0.273262152879986,0.263719917922643,"Somalia"
55,"GNQ","Equatorial Guinea",-0.261611957613563,0.288125435173117,"Somalia"
56,"GNQ","Equatorial Guinea",-0.249651941606345,0.31258161104181,"Somalia"
57,"GNQ","Equatorial Guinea",-0.237398466134753,0.337070959041418,"Somalia"
58,"GNQ","Equatorial Guinea",-0.22486823956357,0.361575833760827,"Somalia"
59,"GNQ","Equatorial Guinea",-0.212078296895577,0.386078448406489,"Somalia"
60,"GNQ","Equatorial Guinea",-0.199045978934469,0.410560892547804,"Somalia"
61,"GNQ","Equatorial Guinea",-0.185788911085935,0.435005150046466,"Somalia"
62,"GNQ","Equatorial Guinea",-0.172324981822212,0.459393117149504,"Somalia"
63,"GNQ","Equatorial Guinea",-0.158672320835834,0.483706620725534,"Somalia"
64,"GNQ","Equatorial Guinea",-0.144849276908661,0.507927436623568,"Somalia"
65,"GNQ","Equatorial Guinea",-0.130874395522601,0.532037308133558,"Somalia"
66,"GNQ","Equatorial Guinea",-0.116766396238758,0.556017964527733,"Somalia"
67,"GNQ","Equatorial Guinea",-0.102544149872002,0.579851139661663,"Somalia"
68,"GNQ","Equatorial Guinea",-0.0882266554882083,0.603518590613918,"Somalia"
69,"GNQ","Equatorial Guinea",-0.0738330172516069,0.62700211634311,"Somalia"
70,"GNQ","Equatorial Guinea",-0.0593824211498846,0.650283576341098,"Somalia"
71,"GNQ","Equatorial Guinea",-0.0448941116248024,0.673344909261103,"Somalia"
72,"GNQ","Equatorial Guinea",-0.0303873681362153,0.696168151499512,"Somalia"
73,"GNQ","Equatorial Guinea",-0.0158814816874585,0.718735455710174,"Somalia"
74,"GNQ","Equatorial Guinea",-0.00139573134010446,0.741029109230089,"Somalia"
75,"GNQ","Equatorial Guinea",0.0130506392538875,0.763031552395434,"Somalia"
76,"GNQ","Equatorial Guinea",0.0274384452746357,0.784725396727032,"Somalia"
77,"GNQ","Equatorial Guinea",0.0417485840834676,0.806093442964476,"Somalia"
78,"GNQ","Equatorial Guinea",0.0559620584708668,0.827118698928305,"Somalia"
79,"GNQ","Equatorial Guinea",0.0700599997755024,0.847784397189801,"Somalia"
80,"GNQ","Equatorial Guinea",0.0840236908467582,0.868074012528205,"Somalia"
81,"GNQ","Equatorial Guinea",0.097834588823373,0.887971279155375,"Somalia"
82,"GNQ","Equatorial Guinea",0.111474347701015,0.907460207688163,"Somalia"
83,"GNQ","Equatorial Guinea",0.12492484066187,0.926525101849093,"Somalia"
84,"GNQ","Equatorial Guinea",0.138168182139603,0.9451505748762,"Somalia"
85,"GNQ","Equatorial Guinea",0.151186749593376,0.963321565623238,"Somalia"
86,"GNQ","Equatorial Guinea",0.163963204964933,0.981023354331809,"Somalia"
87,"GNQ","Equatorial Guinea",0.176480515793165,0.998241578057327,"Somalia"
88,"GNQ","Equatorial Guinea",0.188721975960948,1.01496224573115,"Somalia"
89,"GNQ","Equatorial Guinea",0.200671226049523,1.03117175284158,"Somalia"
90,"GNQ","Equatorial Guinea",0.212312273276094,1.04685689571693,"Somalia"
91,"GNQ","Equatorial Guinea",0.223629510990887,1.06200488539425,"Somalia"
92,"GNQ","Equatorial Guinea",0.23460773771038,1.07660336105782,"Somalia"
93,"GNQ","Equatorial Guinea",0.245232175663995,1.09064040303198,"Somalia"
94,"GNQ","Equatorial Guinea",0.255488488832106,1.10410454531333,"Somalia"
95,"GNQ","Equatorial Guinea",0.265362800453843,1.11698478762813,"Somalia"
96,"GNQ","Equatorial Guinea",0.274841709983774,1.12927060700075,"Somalia"
97,"GNQ","Equatorial Guinea",0.283912309477224,1.14095196882015,"Somalia"
98,"GNQ","Equatorial Guinea",0.292562199384666,1.15201933739157,"Somalia"
99,"GNQ","Equatorial Guinea",0.300779503736306,1.16246368596141,"Somalia"
100,"GNQ","Equatorial Guinea",0.308552884698732,1.17227650620362,"Somalia"
101,"GNQ","Equatorial Guinea",0.315871556486225,1.18144981715693,"Somalia"
102,"GNQ","Equatorial Guinea",0.322725298610107,1.18997617360257,"Somalia"
103,"GNQ","Equatorial Guinea",0.329104468450285,1.19784867387278,"Somalia"
104,"GNQ","Equatorial Guinea",0.335000013133949,1.2050609670814,"Somalia"
105,"GNQ","Equatorial Guinea",0.340403480707225,1.21160725976794,"Somalia"
106,"GNQ","Equatorial Guinea",0.345307030586401,1.21748232194779,"Somalia"
107,"GNQ","Equatorial Guinea",0.349703443276206,1.22268149256147,"Somalia"
108,"GNQ","Equatorial Guinea",0.353586129343518,1.22720068431678,"Somalia"
109,"GNQ","Equatorial Guinea",0.356949137635717,1.23103638791825,"Somalia"
110,"GNQ","Equatorial Guinea",0.359787162733842,1.2341856756791,"Somalia"
111,"GNQ","Equatorial Guinea",0.362095551631585,1.23664620451154,"Somalia"
112,"GNQ","Equatorial Guinea",0.363870309632098,1.23841621829211,"Somalia"
113,"GNQ","Equatorial Guinea",0.365108105455517,1.23949454959924,"Somalia"
114,"GNQ","Equatorial Guinea",0.365806275551018,1.23988062082121,"Somalia"
115,"GNQ","Equatorial Guinea",0.365962827608211,1.23957444463317,"Somalia"
116,"GNQ","Equatorial Guinea",0.36557644326359,1.23857662384276,"Somalia"
117,"GNQ","Equatorial Guinea",0.364646479998736,1.23688835060459,"Somalia"
118,"GNQ","Equatorial Guinea",0.363172972227914,1.23451140500447,"Somalia"
119,"GNQ","Equatorial Guinea",0.361156631573696,1.23144815301508,"Somalia"
120,"GNQ","Equatorial Guinea",0.35859884633017,1.22770154382553,"Somalia"
121,"GNQ","Equatorial Guinea",0.355501680114295,1.22327510654791,"Somalia"
122,"GNQ","Equatorial Guinea",0.351867869706904,1.21817294630461,"Somalia"
123,"GNQ","Equatorial Guinea",0.347700822085833,1.21239973970108,"Somalia"
124,"GNQ","Equatorial Guinea",0.343004610654609,1.20596072968924,"Somalia"
125,"GNQ","Equatorial Guinea",0.337783970671086,1.19886171982746,"Somalia"
126,"GNQ","Equatorial Guinea",0.332044293881377,1.19110906794389,"Somalia"
127,"GNQ","Equatorial Guinea",0.32579162236536,1.18270967921033,"Somalia"
128,"GNQ","Equatorial Guinea",0.319032641600988,1.17367099863485,"Somalia"
129,"GNQ","Equatorial Guinea",0.311774672755559,1.16400100298172,"Somalia"
130,"GNQ","Equatorial Guinea",0.304025664213014,1.15370819212805,"Somalia"
131,"GNQ","Equatorial Guinea",0.295794182347238,1.14280157986714,"Somalia"
132,"GNQ","Equatorial Guinea",0.287089401552265,1.13129068416923,"Somalia"
133,"GNQ","Equatorial Guinea",0.277921093541117,1.1191855169108,"Somalia"
134,"GNQ","Equatorial Guinea",0.268299615925936,1.10649657308444,"Somalia"
135,"GNQ","Equatorial Guinea",0.258235900092881,1.0932348195016,"Somalia"
136,"GNQ","Equatorial Guinea",0.247741438386124,1.07941168300141,"Somalia"
137,"GNQ","Equatorial Guinea",0.236828270616084,1.06503903817914,"Somalia"
138,"GNQ","Equatorial Guinea",0.225508969907864,1.05012919464838,"Somalia"
139,"GNQ","Equatorial Guinea",0.21379662790661,1.03469488385183,"Somalia"
140,"GNQ","Equatorial Guinea",0.20170483935732,1.01874924543571,"Somalia"
141,"GNQ","Equatorial Guinea",0.189247686077325,1.00230581320364,"Somalia"
142,"GNQ","Equatorial Guinea",0.176439720340432,0.985378500666149,"Somalia"
143,"GNQ","Equatorial Guinea",0.163295947692381,0.967981586202475,"Somalia"
144,"GNQ","Equatorial Guinea",0.149831809217996,0.950129697851714,"Somalia"
145,"GNQ","Equatorial Guinea",0.136063163280989,0.931837797750885,"Somalia"
146,"GNQ","Equatorial Guinea",0.122006266758081,0.913121166237806,"Somalia"
147,"GNQ","Equatorial Guinea",0.107677755789664,0.893995385637075,"Somalia"
148,"GNQ","Equatorial Guinea",0.0930946260698019,0.874476323747831,"Somalia"
149,"GNQ","Equatorial Guinea",0.0782742126989392,0.854580117052254,"Somalia"
150,"GNQ","Equatorial Guinea",0.0632341696231966,0.834323153664138,"Somalia"
151,"GNQ","Equatorial Guinea",0.0479924486846216,0.81372205603712,"Somalia"
152,"GNQ","Equatorial Guinea",0.0325672783072359,0.792793663452417,"Somalia"
153,"GNQ","Equatorial Guinea",0.0169771418441491,0.771555014306205,"Somalia"
154,"GNQ","Equatorial Guinea",0.00124075561141862,0.750023328216935,"Somalia"
155,"GNQ","Equatorial Guinea",-0.0146229533652953,0.728215987973135,"Somalia"
156,"GNQ","Equatorial Guinea",-0.0305948698648814,0.706150521342387,"Somalia"
157,"GNQ","Equatorial Guinea",-0.0466557132190276,0.683844582762322,"Somalia"
158,"GNQ","Equatorial Guinea",-0.0627860602675845,0.661315934934604,"Somalia"
159,"GNQ","Equatorial Guinea",-0.0789663684937995,0.638582430342978,"Somalia"
160,"GNQ","Equatorial Guinea",-0.0951769993119738,0.61566199271651,"Somalia"
161,"GNQ","Equatorial Guinea",-0.111398241479898,0.592572598459228,"Somalia"
162,"GNQ","Equatorial Guinea",-0.127610334608282,0.569332258067377,"Somalia"
163,"GNQ","Equatorial Guinea",-0.14379349273927,0.545958997555497,"Somalia"
164,"GNQ","Equatorial Guinea",-0.159927927966051,0.522470839912523,"Somalia"
165,"GNQ","Equatorial Guinea",-0.175993874065514,0.498885786609056,"Somalia"
166,"GNQ","Equatorial Guinea",-0.191971610115896,0.475221799176859,"Somalia"
167,"GNQ","Equatorial Guinea",-0.207841484071363,0.451496780881556,"Somalia"
168,"GNQ","Equatorial Guinea",-0.223583936265532,0.427728558509369,"Somalia"
169,"GNQ","Equatorial Guinea",-0.239179522816015,0.403934864288609,"Somalia"
170,"GNQ","Equatorial Guinea",-0.254608938902168,0.380133317966411,"Somalia"
171,"GNQ","Equatorial Guinea",-0.269853041888408,0.356341409061075,"Somalia"
172,"GNQ","Equatorial Guinea",-0.2848928742656,0.332576479310091,"Somalia"
173,"GNQ","Equatorial Guinea",-0.299709686383261,0.308855705333719,"Somalia"
174,"GNQ","Equatorial Guinea",-0.314284958945557,0.285196081533729,"Somalia"
175,"GNQ","Equatorial Guinea",-0.328600425244349,0.261614403246579,"Somalia"
176,"GNQ","Equatorial Guinea",-0.342638093102854,0.23812725017005,"Somalia"
177,"GNQ","Equatorial Guinea",-0.356380266503826,0.214750970081969,"Somalia"
178,"GNQ","Equatorial Guinea",-0.369809566876532,0.191501662869337,"Somalia"
179,"GNQ","Equatorial Guinea",-0.382908954017208,0.168395164885767,"Somalia"
180,"GNQ","Equatorial Guinea",-0.395661746618091,0.145447033654765,"Somalia"
181,"GNQ","Equatorial Guinea",-0.408051642380612,0.122672532935941,"Somalia"
182,"GNQ","Equatorial Guinea",-0.420062737688793,0.100086618170831,"Somalia"
183,"GNQ","Equatorial Guinea",-0.431679546819452,0.0777039223245065,"Somalia"
184,"GNQ","Equatorial Guinea",-0.442887020666311,0.0555387421387149,"Somalia"
185,"GNQ","Equatorial Guinea",-0.453670564955729,0.0336050248117704,"Somalia"
186,"GNQ","Equatorial Guinea",-0.464016057932352,0.0119163551199093,"Somalia"
187,"GNQ","Equatorial Guinea",-0.473909867493591,-0.00951405700571261,"Somalia"
188,"GNQ","Equatorial Guinea",-0.483338867752526,-0.0306733884327363,"Somalia"
189,"GNQ","Equatorial Guinea",-0.492290455009463,-0.0515492142989731,"Somalia"
190,"GNQ","Equatorial Guinea",-0.500752563113106,-0.0721295189889296,"Somalia"
191,"GNQ","Equatorial Guinea",-0.508713678193003,-0.0924027066035975,"Somalia"
192,"GNQ","Equatorial Guinea",-0.516162852745692,-0.112357610912209,"Somalia"
193,"GNQ","Equatorial Guinea",-0.523089719057696,-0.131983504775292,"Somalia"
194,"GNQ","Equatorial Guinea",-0.529484501949356,-0.151270109028979,"Somalia"
195,"GNQ","Equatorial Guinea",-0.53533803082424,-0.170207600821189,"Somalia"
196,"GNQ","Equatorial Guinea",-0.540641751009715,-0.188786621390921,"Somalia"
197,"GNQ","Equatorial Guinea",-0.545387734375113,-0.206998283282606,"Somalia"
198,"GNQ","Equatorial Guinea",-0.549568689214748,-0.224834176988096,"Somalia"
199,"GNQ","Equatorial Guinea",-0.553177969383933,-0.24228637700959,"Somalia"
200,"GNQ","Equatorial Guinea",-0.556209582677031,-0.259347447337452,"Somalia"
201,"GNQ","Equatorial Guinea",-0.558658198437445,-0.276010446337599,"Somalia"
202,"GNQ","Equatorial Guinea",-0.560519154390394,-0.292268931043823,"Somalia"
203,"GNQ","Equatorial Guinea",-0.561788462690209,-0.308116960851133,"Somalia"
204,"GNQ","Equatorial Guinea",-0.562462815174845,-0.323549100606905,"Somalia"
205,"GNQ","Equatorial Guinea",-0.5625395878212,-0.338560423097337,"Somalia"
206,"GNQ","Equatorial Guinea",-0.562016844395836,-0.353146510927457,"Somalia"
207,"GNQ","Equatorial Guinea",-0.560893339296577,-0.3673034577936,"Somalia"
208,"GNQ","Equatorial Guinea",-0.559168519581483,-0.381027869148049,"Somalia"
209,"GNQ","Equatorial Guinea",-0.556842526182622,-0.394316862256204,"Somalia"
210,"GNQ","Equatorial Guinea",-0.553916194303031,-0.407168065647399,"Somalia"
211,"GNQ","Equatorial Guinea",-0.550391052996234,-0.419579617961194,"Somalia"
212,"GNQ","Equatorial Guinea",-0.546269323928648,-0.431550166191671,"Somalia"
213,"GNQ","Equatorial Guinea",-0.541553919326165,-0.44307886333301,"Somalia"
214,"GNQ","Equatorial Guinea",-0.536248439107187,-0.454165365430285,"Somalia"
215,"GNQ","Equatorial Guinea",-0.53035716720532,-0.464809828040162,"Somalia"
216,"GNQ","Equatorial Guinea",-0.523885067085924,-0.475012902106867,"Somalia"
217,"GNQ","Equatorial Guinea",-0.516837776461658,-0.484775729259456,"Somalia"
218,"GNQ","Equatorial Guinea",-0.509221601213091,-0.494099936537158,"Somalia"
219,"GNQ","Equatorial Guinea",-0.501043508521424,-0.502987630550175,"Somalia"
220,"GNQ","Equatorial Guinea",-0.492311119221272,-0.511441391084035,"Somalia"
221,"GNQ","Equatorial Guinea",-0.483032699382384,-0.519464264156235,"Somalia"
222,"GNQ","Equatorial Guinea",-0.473217151130117,-0.527059754534543,"Somalia"
223,"GNQ","Equatorial Guinea",-0.46287400271533,-0.534231817726979,"Somalia"
224,"GNQ","Equatorial Guinea",-0.452013397845316,-0.540984851454121,"Somalia"
225,"GNQ","Equatorial Guinea",-0.440646084288202,-0.54732368661496,"Somalia"
226,"GNQ","Equatorial Guinea",-0.428783401764162,-0.553253577758164,"Somalia"
227,"GNQ","Equatorial Guinea",-0.416437269137594,-0.558780193071159,"Somalia"
228,"GNQ","Equatorial Guinea",-0.403620170925248,-0.563909603900019,"Somalia"
229,"GNQ","Equatorial Guinea",-0.390345143136134,-0.5686482738137,"Somalia"
230,"GNQ","Equatorial Guinea",-0.37662575845977,-0.573003047226679,"Somalia"
231,"GNQ","Equatorial Guinea",-0.362476110820161,-0.5769811375946,"Somalia"
232,"GNQ","Equatorial Guinea",-0.347910799313611,-0.580590115197998,"Somalia"
233,"GNQ","Equatorial Guinea",-0.332944911549224,-0.583837894529671,"Somalia"
234,"GNQ","Equatorial Guinea",-0.317594006411647,-0.586732721301725,"Somalia"
235,"GNQ","Equatorial Guinea",-0.301874096266283,-0.58928315908877,"Somalia"
236,"GNQ","Equatorial Guinea",-0.28580162862789,-0.591498075624145,"Somalia"
237,"GNQ","Equatorial Guinea",-0.269393467314086,-0.593386628766484,"Somalia"
238,"GNQ","Equatorial Guinea",-0.252666873105915,-0.594958252154281,"Somalia"
239,"GNQ","Equatorial Guinea",-0.235639483938194,-0.596222640566508,"Somalia"
240,"GNQ","Equatorial Guinea",-0.218329294642941,-0.597189735007651,"Somalia"
241,"GNQ","Equatorial Guinea",-0.200754636269681,-0.597869707535859,"Somalia"
242,"GNQ","Equatorial Guinea",-0.182934155006976,-0.59827294585319,"Somalia"
243,"GNQ","Equatorial Guinea",-0.164886790729922,-0.598410037677219,"Somalia"
244,"GNQ","Equatorial Guinea",-0.146631755198912,-0.598291754913498,"Somalia"
245,"GNQ","Equatorial Guinea",-0.128188509935247,-0.597929037648624,"Somalia"
246,"GNQ","Equatorial Guinea",-0.109576743799677,-0.597332977983813,"Somalia"
247,"GNQ","Equatorial Guinea",-0.0908163503002164,-0.596514803729119,"Somalia"
248,"GNQ","Equatorial Guinea",-0.0719274046559672,-0.595485861978545,"Somalia"
249,"GNQ","Equatorial Guinea",-0.0529301406439226,-0.594257602586435,"Somalia"
250,"GNQ","Equatorial Guinea",-0.0338449272560213,-0.592841561565652,"Somalia"
251,"GNQ","Equatorial Guinea",-0.0146922451939053,-0.591249344428105,"Somalia"
252,"GNQ","Equatorial Guinea",0.0045073367709143,-0.589492609488264,"Somalia"
253,"GNQ","Equatorial Guinea",0.0237331855437001,-0.587583051150319,"Somalia"
254,"GNQ","Equatorial Guinea",0.042964627531929,-0.585532383199653,"Somalia"
255,"GNQ","Equatorial Guinea",0.0621809725215288,-0.583352322119264,"Somalia"
256,"GNQ","Equatorial Guinea",0.081361537575757,-0.581054570451762,"Somalia"
257,"GNQ","Equatorial Guinea",0.100485670928617,-0.578650800227448,"Somalia"
258,"GNQ","Equatorial Guinea",0.119532775844646,-0.57615263647894,"Somalia"
259,"GNQ","Equatorial Guinea",0.138482334417003,-0.573571640862656,"Somalia"
260,"GNQ","Equatorial Guinea",0.157313931275814,-0.570919295407343,"Somalia"
261,"GNQ","Equatorial Guinea",0.176007277178877,-0.568206986409664,"Somalia"
262,"GNQ","Equatorial Guinea",0.19454223245692,-0.565445988496677,"Somalia"
263,"GNQ","Equatorial Guinea",0.212898830285829,-0.562647448874812,"Somalia"
264,"GNQ","Equatorial Guinea",0.231057299758423,-0.559822371784717,"Somalia"
265,"GNQ","Equatorial Guinea",0.248998088728617,-0.556981603181106,"Somalia"
266,"GNQ","Equatorial Guinea",0.266701886401063,-0.554135815656425,"Somalia"
267,"GNQ","Equatorial Guinea",0.284149645639686,-0.551295493626869,"Somalia"
268,"GNQ","Equatorial Guinea",0.301322604968814,-0.548470918798948,"Somalia"
269,"GNQ","Equatorial Guinea",0.318202310241046,-0.545672155934454,"Somalia"
270,"GNQ","Equatorial Guinea",0.334770635946287,-0.542909038931306,"Somalia"
271,"GNQ","Equatorial Guinea",0.351009806136911,-0.540191157237353,"Somalia"
272,"GNQ","Equatorial Guinea",0.366902414944392,-0.537527842613827,"Somalia"
273,"GNQ","Equatorial Guinea",0.38243144666325,-0.534928156264664,"Somalia"
274,"GNQ","Equatorial Guinea",0.397580295378677,-0.532400876347512,"Somalia"
275,"GNQ","Equatorial Guinea",0.412332784114744,-0.529954485881715,"Somalia"
276,"GNQ","Equatorial Guinea",0.426673183480637,-0.527597161068138,"Somalia"
277,"GNQ","Equatorial Guinea",0.440586229792998,-0.525336760035126,"Somalia"
278,"GNQ","Equatorial Guinea",0.454057142653025,-0.523180812024425,"Somalia"
279,"GNQ","Equatorial Guinea",0.467071641957677,-0.521136507030313,"Somalia"
280,"GNQ","Equatorial Guinea",0.479615964324945,-0.519210685904644,"Somalia"
281,"GNQ","Equatorial Guinea",0.491676878913891,-0.517409830939949,"Somalia"
282,"GNQ","Equatorial Guinea",0.503241702620841,-0.515740056942139,"Somalia"
283,"GNQ","Equatorial Guinea",0.514298314633861,-0.514207102803757,"Somalia"
284,"GNQ","Equatorial Guinea",0.524835170328425,-0.512816323588118,"Somalia"
285,"GNQ","Equatorial Guinea",0.534841314487923,-0.511572683134044,"Somalia"
286,"GNQ","Equatorial Guinea",0.544306393833493,-0.510480747190287,"Somalia"
287,"GNQ","Equatorial Guinea",0.553220668848455,-0.509544677088039,"Somalia"
288,"GNQ","Equatorial Guinea",0.561575024883468,-0.508768223959327,"Somalia"
289,"GNQ","Equatorial Guinea",0.569360982529369,-0.508154723508384,"Somalia"
290,"GNQ","Equatorial Guinea",0.576570707245544,-0.507707091342427,"Somalia"
291,"GNQ","Equatorial Guinea",0.583197018232526,-0.507427818867583,"Somalia"
292,"GNQ","Equatorial Guinea",0.589233396538442,-0.507318969755035,"Somalia"
293,"GNQ","Equatorial Guinea",0.594673992389811,-0.507382176981728,"Somalia"
294,"GNQ","Equatorial Guinea",0.599513631738123,-0.507618640449311,"Somalia"
295,"GNQ","Equatorial Guinea",0.603747822014562,-0.508029125184258,"Somalia"
296,"GNQ","Equatorial Guinea",0.607372757086156,-0.508613960121423,"Somalia"
297,"GNQ","Equatorial Guinea",0.610385321407589,-0.509373037472551,"Somalia"
298,"GNQ","Equatorial Guinea",0.612783093363874,-0.510305812680577,"Somalia"
299,"GNQ","Equatorial Guinea",0.614564347800004,-0.511411304959807,"Somalia"
300,"GNQ","Equatorial Guinea",0.615728057734711,-0.512688098421388,"Somalia"
301,"GNQ","Equatorial Guinea",0.616273895256384,-0.514134343782717,"Somalia"
302,"GNQ","Equatorial Guinea",0.616202231600177,-0.515747760658789,"Somalia"
303,"GNQ","Equatorial Guinea",0.615514136406325,-0.51752564043271,"Somalia"
304,"GNQ","Equatorial Guinea",0.614211376160614,-0.519464849701933,"Somalia"
305,"GNQ","Equatorial Guinea",0.612296411818956,-0.521561834296067,"Somalia"
306,"GNQ","Equatorial Guinea",0.609772395618965,-0.523812623861403,"Somalia"
307,"GNQ","Equatorial Guinea",0.606643167082389,-0.526212837006611,"Somalia"
308,"GNQ","Equatorial Guinea",0.602913248213211,-0.528757687003381,"Somalia"
309,"GNQ","Equatorial Guinea",0.598587837897201,-0.531441988035107,"Somalia"
310,"GNQ","Equatorial Guinea",0.593672805509602,-0.534260161986021,"Somalia"
311,"GNQ","Equatorial Guinea",0.588174683738622,-0.537206245762563,"Somalia"
312,"GNQ","Equatorial Guinea",0.582100660633282,-0.540273899138078,"Somalia"
313,"GNQ","Equatorial Guinea",0.575458570885116,-0.543456413111328,"Somalia"
314,"GNQ","Equatorial Guinea",0.568256886354114,-0.54674671876865,"Somalia"
315,"GNQ","Equatorial Guinea",0.560504705850193,-0.550137396638996,"Somalia"
316,"GNQ","Equatorial Guinea",0.552211744182361,-0.553620686530473,"Somalia"
317,"GNQ","Equatorial Guinea",0.543388320488593,-0.55718849783642,"Somalia"
318,"GNQ","Equatorial Guinea",0.534045345860307,-0.560832420298468,"Somalia"
319,"GNQ","Equatorial Guinea",0.524194310276155,-0.5645437352135,"Somalia"
320,"GNQ","Equatorial Guinea",0.513847268860632,-0.568313427070832,"Somalia"
321,"GNQ","Equatorial Guinea",0.503016827483857,-0.572132195605462,"Somalia"
322,"GNQ","Equatorial Guinea",0.491716127719597,-0.575990468252689,"Somalia"
323,"GNQ","Equatorial Guinea",0.479958831179416,-0.5798784129889,"Somalia"
324,"GNQ","Equatorial Guinea",0.467759103241522,-0.583785951542895,"Somalia"
325,"GNQ","Equatorial Guinea",0.455131596193642,-0.587702772961596,"Somalia"
326,"GNQ","Equatorial Guinea",0.442091431809901,-0.591618347513606,"Somalia"
327,"GNQ","Equatorial Guinea",0.428654183382394,-0.595521940913633,"Somalia"
328,"GNQ","Equatorial Guinea",0.414835857228739,-0.599402628850395,"Somalia"
329,"GNQ","Equatorial Guinea",0.400652873697562,-0.603249311800271,"Somalia"
330,"GNQ","Equatorial Guinea",0.386122047694412,-0.607050730108565,"Somalia"
331,"GNQ","Equatorial Guinea",0.371260568751202,-0.610795479319962,"Somalia"
332,"GNQ","Equatorial Guinea",0.356085980662798,-0.614472025739395,"Somalia"
333,"GNQ","Equatorial Guinea",0.340616160714889,-0.618068722204294,"Somalia"
334,"GNQ","Equatorial Guinea",0.32486929852773,-0.621573824048889,"Somalia"
335,"GNQ","Equatorial Guinea",0.308863874540867,-0.624975505241005,"Somalia"
336,"GNQ","Equatorial Guinea",0.292618638164281,-0.628261874671579,"Somalia"
337,"GNQ","Equatorial Guinea",0.276152585621871,-0.631420992576905,"Somalia"
338,"GNQ","Equatorial Guinea",0.259484937513483,-0.634440887073463,"Somalia"
339,"GNQ","Equatorial Guinea",0.242635116122091,-0.637309570785022,"Somalia"
340,"GNQ","Equatorial Guinea",0.225622722492962,-0.640015057541591,"Somalia"
341,"GNQ","Equatorial Guinea",0.208467513311975,-0.642545379129692,"Somalia"
342,"GNQ","Equatorial Guinea",0.19118937761044,-0.64488860207334,"Somalia"
343,"GNQ","Equatorial Guinea",0.173808313324011,-0.647032844425081,"Somalia"
344,"GNQ","Equatorial Guinea",0.15634440373342,-0.648966292546394,"Somalia"
345,"GNQ","Equatorial Guinea",0.138817793814915,-0.650677217856778,"Somalia"
346,"GNQ","Equatorial Guinea",0.121248666528408,-0.652153993530851,"Somalia"
347,"GNQ","Equatorial Guinea",0.103657219071344,-0.653385111122853,"Somalia"
348,"GNQ","Equatorial Guinea",0.0860636391264364,-0.654359197097991,"Somalia"
349,"GNQ","Equatorial Guinea",0.0684880811313112,-0.655065029250193,"Somalia"
350,"GNQ","Equatorial Guinea",0.0509506425981797,-0.655491552985936,"Somalia"
351,"GNQ","Equatorial Guinea",0.0334713405114865,-0.655627897453954,"Somalia"
352,"GNQ","Equatorial Guinea",0.0160700878315123,-0.655463391500836,"Somalia"
353,"GNQ","Equatorial Guinea",-0.00123332986836916,-0.654987579432661,"Somalia"
354,"GNQ","Equatorial Guinea",-0.0184192776030782,-0.654190236563101,"Somalia"
355,"GNQ","Equatorial Guinea",-0.0354682939885085,-0.6530613845286,"Somalia"
356,"GNQ","Equatorial Guinea",-0.0523611140382535,-0.651591306351546,"Somalia"
357,"GNQ","Equatorial Guinea",-0.0690786917174529,-0.649770561232628,"Somalia"
358,"GNQ","Equatorial Guinea",-0.0856022222271267,-0.647589999053852,"Somalia"
359,"GNQ","Equatorial Guinea",-0.101913163992644,-0.645040774574079,"Somalia"
360,"GNQ","Equatorial Guinea",-0.117993260330385,-0.642114361299234,"Somalia"
361,"GNQ","Equatorial Guinea",-0.133824560766972,-0.63880256500977,"Somalia"
362,"GNQ","Equatorial Guinea",-0.149389441985941,-0.635097536928322,"Somalia"
363,"GNQ","Equatorial Guinea",-0.16467062837708,-0.630991786510935,"Somalia"
364,"GNQ","Equatorial Guinea",-0.179651212164208,-0.626478193845656,"Somalia"
365,"GNQ","Equatorial Guinea",-0.194314673087641,-0.62155002164277,"Somalia"
1,"KEN","Kenya",-0.302397377399505,0.122101661920568,NA
2,"KEN","Kenya",-0.319370208634468,0.1253962938949,NA
3,"KEN","Kenya",-0.33593153017618,0.128647476532807,NA
4,"KEN","Kenya",-0.35206062520714,0.131860720229088,NA
5,"KEN","Kenya",-0.367737299282991,0.135041546404867,NA
6,"KEN","Kenya",-0.38294190458646,0.138195478199007,NA
7,"KEN","Kenya",-0.397655363530346,0.141328031168356,NA
8,"KEN","Kenya",-0.411859191681495,0.144444704008685,NA
9,"KEN","Kenya",-0.425535519978494,0.147550969308106,NA
10,"KEN","Kenya",-0.438667116216659,0.150652264344743,NA
11,"KEN","Kenya",-0.451237405774771,0.153753981940382,NA
12,"KEN","Kenya",-0.463230491558892,0.156861461381718,NA
13,"KEN","Kenya",-0.474631173139548,0.159979979420771,NA
14,"KEN","Kenya",-0.485424965059499,0.163114741365928,NA
15,"KEN","Kenya",-0.495598114290313,0.166270872274952,NA
16,"KEN","Kenya",-0.505137616816984,0.169453408261172,NA
17,"KEN","Kenya",-0.514031233330824,0.172667287923953,NA
18,"KEN","Kenya",-0.522267504011977,0.175917343914351,NA
19,"KEN","Kenya",-0.529835762383936,0.179208294646733,NA
20,"KEN","Kenya",-0.536726148223561,0.18254473616693,NA
21,"KEN","Kenya",-0.54292961951123,0.185931134187319,NA
22,"KEN","Kenya",-0.548437963406868,0.189371816299026,NA
23,"KEN","Kenya",-0.553243806238777,0.19287096437121,NA
24,"KEN","Kenya",-0.557340622493349,0.196432607147169,NA
25,"KEN","Kenya",-0.560722742794933,0.200060613046778,NA
26,"KEN","Kenya",-0.56338536086633,0.2037586831845,NA
27,"KEN","Kenya",-0.565324539461584,0.207530344611952,NA
28,"KEN","Kenya",-0.566537215263988,0.211378943793745,NA
29,"KEN","Kenya",-0.567021202743401,0.215307640325028,NA
30,"KEN","Kenya",-0.566775196968268,0.219319400898849,NA
31,"KEN","Kenya",-0.565798775368928,0.223416993531188,NA
32,"KEN","Kenya",-0.564092398450052,0.22760298205115,NA
33,"KEN","Kenya",-0.561657409451315,0.231879720863534,NA
34,"KEN","Kenya",-0.558496032956645,0.236249349990607,NA
35,"KEN","Kenya",-0.55461137245362,0.240713790399636,NA
36,"KEN","Kenya",-0.550007406845863,0.24527473962232,NA
37,"KEN","Kenya",-0.544688985922513,0.249933667671948,NA
38,"KEN","Kenya",-0.538661824790073,0.254691813263746,NA
39,"KEN","Kenya",-0.531932497273197,0.259550180343477,NA
40,"KEN","Kenya",-0.524508428292173,0.264509534929016,NA
41,"KEN","Kenya",-0.516397885226094,0.269570402269218,NA
42,"KEN","Kenya",-0.507609968271901,0.274733064324033,NA
43,"KEN","Kenya",-0.498154599810684,0.279997557569393,NA
44,"KEN","Kenya",-0.488042512793786,0.285363671130051,NA
45,"KEN","Kenya",-0.477285238162444,0.290830945243107,NA
46,"KEN","Kenya",-0.465895091315838,0.296398670054573,NA
47,"KEN","Kenya",-0.453885157643525,0.302065884750936,NA
48,"KEN","Kenya",-0.441269277139398,0.307831377027234,NA
49,"KEN","Kenya",-0.428062028115336,0.313693682892785,NA
50,"KEN","Kenya",-0.414278710033844,0.319651086815282,NA
51,"KEN","Kenya",-0.399935325479975,0.325701622203542,NA
52,"KEN","Kenya",-0.385048561293877,0.331843072228816,NA
53,"KEN","Kenya",-0.369635768886299,0.338072970984113,NA
54,"KEN","Kenya",-0.35371494376036,0.344388604980618,NA
55,"KEN","Kenya",-0.337304704263817,0.350787014979839,NA
56,"KEN","Kenya",-0.320424269597005,0.357264998159728,NA
57,"KEN","Kenya",-0.303093437102473,0.363819110612606,NA
58,"KEN","Kenya",-0.285332558863239,0.370445670172312,NA
59,"KEN","Kenya",-0.267162517637349,0.377140759567606,NA
60,"KEN","Kenya",-0.248604702157272,0.383900229898438,NA
61,"KEN","Kenya",-0.229680981823384,0.390719704431307,NA
62,"KEN","Kenya",-0.210413680821506,0.397594582709562,NA
63,"KEN","Kenya",-0.19082555169519,0.404520044974065,NA
64,"KEN","Kenya",-0.170939748404041,0.411491056889309,NA
65,"KEN","Kenya",-0.150779798900007,0.418502374569665,NA
66,"KEN","Kenya",-0.130369577254139,0.425548549900083,NA
67,"KEN","Kenya",-0.109733275366846,0.432623936145212,NA
68,"KEN","Kenya",-0.0888953742951777,0.439722693840537,NA
69,"KEN","Kenya",-0.0678806152311139,0.446838796958783,NA
70,"KEN","Kenya",-0.0467139701652567,0.45396603934452,NA
71,"KEN","Kenya",-0.0254206122707093,0.461098041409525,NA
72,"KEN","Kenya",-0.00402588604223519,0.46822825708119,NA
73,"KEN","Kenya",0.0174447227738934,0.475349980995894,NA
74,"KEN","Kenya",0.0389656174237167,0.482456355929012,NA
75,"KEN","Kenya",0.0605111205272159,0.489540380452876,NA
76,"KEN","Kenya",0.0820555045617328,0.496594916813772,NA
77,"KEN","Kenya",0.103573022411033,0.503612699018764,NA
78,"KEN","Kenya",0.12503793794379,0.510586341122849,NA
79,"KEN","Kenya",0.146424556585233,0.51750834570674,NA
80,"KEN","Kenya",0.167707255845695,0.524371112535304,NA
81,"KEN","Kenya",0.188860515769876,0.531166947386454,NA
82,"KEN","Kenya",0.209858949270679,0.53788807104009,NA
83,"KEN","Kenya",0.230677332311674,0.544526628416473,NA
84,"KEN","Kenya",0.251290633902362,0.551074697853228,NA
85,"KEN","Kenya",0.271674045870683,0.557524300509984,NA
86,"KEN","Kenya",0.291803012377423,0.563867409889503,NA
87,"KEN","Kenya",0.311653259137542,0.570095961464002,NA
88,"KEN","Kenya",0.331200822313715,0.576201862395209,NA
89,"KEN","Kenya",0.35042207704784,0.582177001336602,NA
90,"KEN","Kenya",0.369293765596632,0.588013258306138,NA
91,"KEN","Kenya",0.387793025037943,0.593702514617702,NA
92,"KEN","Kenya",0.405897414514897,0.599236662859412,NA
93,"KEN","Kenya",0.423584941985539,0.604607616906846,NA
94,"KEN","Kenya",0.440834090446222,0.609807321959203,NA
95,"KEN","Kenya",0.457623843597627,0.614827764586378,NA
96,"KEN","Kenya",0.473933710922933,0.619660982774881,NA
97,"KEN","Kenya",0.489743752148366,0.624299075960542,NA
98,"KEN","Kenya",0.505034601057097,0.62873421503593,NA
99,"KEN","Kenya",0.519787488628193,0.632958652320435,NA
100,"KEN","Kenya",0.533984265473157,0.636964731480992,NA
101,"KEN","Kenya",0.547607423543396,0.64074489739147,NA
102,"KEN","Kenya",0.560640117082842,0.644291705918809,NA
103,"KEN","Kenya",0.573066182800828,0.647597833624061,NA
104,"KEN","Kenya",0.584870159241246,0.65065608736657,NA
105,"KEN","Kenya",0.596037305324969,0.653459413799643,NA
106,"KEN","Kenya",0.606553618043507,0.656000908746168,NA
107,"KEN","Kenya",0.61640584928284,0.658273826442765,NA
108,"KEN","Kenya",0.625581521757439,0.660271588641193,NA
109,"KEN","Kenya",0.634068944035512,0.66198779355591,NA
110,"KEN","Kenya",0.641857224637602,0.663416224646834,NA
111,"KEN","Kenya",0.648936285191747,0.664550859226544,NA
112,"KEN","Kenya",0.655296872629553,0.665385876881339,NA
113,"KEN","Kenya",0.66093057040863,0.665915667695824,NA
114,"KEN","Kenya",0.665829808748033,0.666134840270848,NA
115,"KEN","Kenya",0.669987873864492,0.66603822952491,NA
116,"KEN","Kenya",0.673398916198403,0.665620904269358,NA
117,"KEN","Kenya",0.676057957619757,0.664878174547974,NA
118,"KEN","Kenya",0.677960897605381,0.6638055987318,NA
119,"KEN","Kenya",0.679104518380092,0.662398990360352,NA
120,"KEN","Kenya",0.679486489015582,0.660654424720629,NA
121,"KEN","Kenya",0.679105368482096,0.658568245155659,NA
122,"KEN","Kenya",0.677960607649199,0.6561370690946,NA
123,"KEN","Kenya",0.676052550233172,0.65335779379675,NA
124,"KEN","Kenya",0.673382432689831,0.650227601802151,NA
125,"KEN","Kenya",0.669952383052801,0.646743966081796,NA
126,"KEN","Kenya",0.665765418718538,0.64290465488079,NA
127,"KEN","Kenya",0.660825443180625,0.6387077362482,NA
128,"KEN","Kenya",0.655137241717135,0.634151582247637,NA
129,"KEN","Kenya",0.64870647603606,0.629234872843041,NA
130,"KEN","Kenya",0.641539677885072,0.623956599454457,NA
131,"KEN","Kenya",0.633644241633095,0.618316068179016,NA
132,"KEN","Kenya",0.625028415832375,0.612312902672696,NA
133,"KEN","Kenya",0.615701293770964,0.605947046688835,NA
134,"KEN","Kenya",0.605672803026703,0.599218766269776,NA
135,"KEN","Kenya",0.594953694035003,0.592128651588403,NA
136,"KEN","Kenya",0.583555527683865,0.584677618436765,NA
137,"KEN","Kenya",0.57149066195074,0.576866909359355,NA
138,"KEN","Kenya",0.558772237596972,0.568698094429061,NA
139,"KEN","Kenya",0.545414162936675,0.560173071664187,NA
140,"KEN","Kenya",0.531431097698,0.551294067085393,NA
141,"KEN","Kenya",0.5168384359958,0.542063634411783,NA
142,"KEN","Kenya",0.501652288435798,0.532484654395828,NA
143,"KEN","Kenya",0.485889463371335,0.5225603337972,NA
144,"KEN","Kenya",0.469567447334837,0.512294203996025,NA
145,"KEN","Kenya",0.452704384667063,0.501690119246501,NA
146,"KEN","Kenya",0.435319056368193,0.4907522545722,NA
147,"KEN","Kenya",0.417430858195701,0.479485103304843,NA
148,"KEN","Kenya",0.399059778034883,0.467893474268714,NA
149,"KEN","Kenya",0.380226372568729,0.455982488613315,NA
150,"KEN","Kenya",0.360951743274707,0.443757576297259,NA
151,"KEN","Kenya",0.341257511776794,0.431224472226809,NA
152,"KEN","Kenya",0.321165794581851,0.418389212052895,NA
153,"KEN","Kenya",0.300699177230183,0.405258127630793,NA
154,"KEN","Kenya",0.279880687890821,0.391837842147104,NA
155,"KEN","Kenya",0.258733770432696,0.378135264918998,NA
156,"KEN","Kenya",0.237282257003532,0.364157585871129,NA
157,"KEN","Kenya",0.215550340148831,0.349912269695961,NA
158,"KEN","Kenya",0.193562544503901,0.335407049703632,NA
159,"KEN","Kenya",0.171343698092366,0.320649921367857,NA
160,"KEN","Kenya",0.148918903265057,0.305649135574704,NA
161,"KEN","Kenya",0.126313507313633,0.290413191581441,NA
162,"KEN","Kenya",0.103553072793648,0.274950829692989,NA
163,"KEN","Kenya",0.0806633475921169,0.259271023663853,NA
164,"KEN","Kenya",0.0576702347749718,0.243382972833694,NA
165,"KEN","Kenya",0.0345997622500154,0.227296094005078,NA
166,"KEN","Kenya",0.0114780522812309,0.21102001307217,NA
167,"KEN","Kenya",-0.0116687091095251,0.194564556409492,NA
168,"KEN","Kenya",-0.034814302817305,0.177939742030107,NA
169,"KEN","Kenya",-0.0579325073690565,0.161155770522886,NA
170,"KEN","Kenya",-0.0809971296425328,0.144223015778767,NA
171,"KEN","Kenya",-0.103982035552819,0.127152015516152,NA
172,"KEN","Kenya",-0.126861180670209,0.109953461615848,NA
173,"KEN","Kenya",-0.14960864073326,0.092638190276169,NA
174,"KEN","Kenya",-0.172198642020949,0.075217171999013,NA
175,"KEN","Kenya",-0.194605591548053,0.0577015014179704,NA
176,"KEN","Kenya",-0.216804107048068,0.0401023869796589,NA
177,"KEN","Kenya",-0.238769046708227,0.0224311404896857,NA
178,"KEN","Kenya",-0.260475538621481,0.00469916653479082,NA
179,"KEN","Kenya",-0.281899009920652,-0.0130820482071425,NA
180,"KEN","Kenya",-0.303015215560307,-0.0309009457573612,NA
181,"KEN","Kenya",-0.323800266712357,-0.0487459077148601,NA
182,"KEN","Kenya",-0.344230658741836,-0.0666052662112818,NA
183,"KEN","Kenya",-0.36428329872977,-0.0844673149299489,NA
184,"KEN","Kenya",-0.383935532510658,-0.102320320176803,NA
185,"KEN","Kenya",-0.403165171192588,-0.120152531990959,NA
186,"KEN","Kenya",-0.421950517128656,-0.137952195282532,NA
187,"KEN","Kenya",-0.440270389309029,-0.155707560985373,NA
188,"KEN","Kenya",-0.458104148143618,-0.173406897212302,NA
189,"KEN","Kenya",-0.475431719606113,-0.191038500400454,NA
190,"KEN","Kenya",-0.492233618710839,-0.20859070643434,NA
191,"KEN","Kenya",-0.508490972294713,-0.226051901734247,NA
192,"KEN","Kenya",-0.524185541077391,-0.243410534297657,NA
193,"KEN","Kenya",-0.539299740973548,-0.260655124681406,NA
194,"KEN","Kenya",-0.553816663632117,-0.277774276912353,NA
195,"KEN","Kenya",-0.567720096178254,-0.29475668931445,NA
196,"KEN","Kenya",-0.580994540134692,-0.311591165240156,NA
197,"KEN","Kenya",-0.593625229500159,-0.328266623694273,NA
198,"KEN","Kenya",-0.605598147963529,-0.344772109838399,NA
199,"KEN","Kenya",-0.616900045233368,-0.361096805364317,NA
200,"KEN","Kenya",-0.62751845246362,-0.37723003872482,NA
201,"KEN","Kenya",-0.637441696757229,-0.39316129521058,NA
202,"KEN","Kenya",-0.646658914730584,-0.408880226861922,NA
203,"KEN","Kenya",-0.655160065122802,-0.424376662204471,NA
204,"KEN","Kenya",-0.662935940434968,-0.439640615797911,NA
205,"KEN","Kenya",-0.669978177585629,-0.454662297587273,NA
206,"KEN","Kenya",-0.67627926756998,-0.46943212204639,NA
207,"KEN","Kenya",-0.681832564111374,-0.483940717103443,NA
208,"KEN","Kenya",-0.686632291294967,-0.498178932838709,NA
209,"KEN","Kenya",-0.690673550174542,-0.512137849944931,NA
210,"KEN","Kenya",-0.693952324344728,-0.525808787940997,NA
211,"KEN","Kenya",-0.696465484472096,-0.539183313129871,NA
212,"KEN","Kenya",-0.698210791779827,-0.552253246292059,NA
213,"KEN","Kenya",-0.699186900481878,-0.565010670106148,NA
214,"KEN","Kenya",-0.699393359163845,-0.577447936288325,NA
215,"KEN","Kenya",-0.69883061110893,-0.589557672443051,NA
216,"KEN","Kenya",-0.697499993568702,-0.601332788617449,NA
217,"KEN","Kenya",-0.695403735979564,-0.612766483552276,NA
218,"KEN","Kenya",-0.692544957127118,-0.623852250622702,NA
219,"KEN","Kenya",-0.688927661261822,-0.634583883462494,NA
220,"KEN","Kenya",-0.684556733170615,-0.644955481265551,NA
221,"KEN","Kenya",-0.679437932210406,-0.654961453759123,NA
222,"KEN","Kenya",-0.673577885310533,-0.664596525843404,NA
223,"KEN","Kenya",-0.666984078952564,-0.673855741892603,NA
224,"KEN","Kenya",-0.659664850136965,-0.682734469712965,NA
225,"KEN","Kenya",-0.651629376347416,-0.691228404153629,NA
226,"KEN","Kenya",-0.642887664524694,-0.69933357036658,NA
227,"KEN","Kenya",-0.633450539063246,-0.707046326712404,NA
228,"KEN","Kenya",-0.623329628844722,-0.71436336730891,NA
229,"KEN","Kenya",-0.612537353323868,-0.721281724220149,NA
230,"KEN","Kenya",-0.601086907683318,-0.727798769283719,NA
231,"KEN","Kenya",-0.588992247074914,-0.73391221557472,NA
232,"KEN","Kenya",-0.576268069966257,-0.73962011850509,NA
233,"KEN","Kenya",-0.562929800612283,-0.744920876557514,NA
234,"KEN","Kenya",-0.548993570672643,-0.749813231653484,NA
235,"KEN","Kenya",-0.534476199996728,-0.754296269155545,NA
236,"KEN","Kenya",-0.519395176599123,-0.758369417504154,NA
237,"KEN","Kenya",-0.503768635849264,-0.762032447490012,NA
238,"KEN","Kenya",-0.487615338899977,-0.765285471163157,NA
239,"KEN","Kenya",-0.470954650380488,-0.768128940380501,NA
240,"KEN","Kenya",-0.453806515380382,-0.770563644993935,NA
241,"KEN","Kenya",-0.436191435751771,-0.772590710681518,NA
242,"KEN","Kenya",-0.418130445757823,-0.7742115964247,NA
243,"KEN","Kenya",-0.399645087096484,-0.775428091634901,NA
244,"KEN","Kenya",-0.380757383329042,-0.77624231293321,NA
245,"KEN","Kenya",-0.361489813743833,-0.776656700587334,NA
246,"KEN","Kenya",-0.341865286686084,-0.776674014610341,NA
247,"KEN","Kenya",-0.321907112385503,-0.776297330526107,NA
248,"KEN","Kenya",-0.301638975313846,-0.775530034806789,NA
249,"KEN","Kenya",-0.281084906105195,-0.774375819987987,NA
250,"KEN","Kenya",-0.260269253072268,-0.772838679467656,NA
251,"KEN","Kenya",-0.239216653352478,-0.770922901995163,NA
252,"KEN","Kenya",-0.217952003717991,-0.768633065857266,NA
253,"KEN","Kenya",-0.196500431084314,-0.765974032768106,NA
254,"KEN","Kenya",-0.174887262752416,-0.762950941470676,NA
255,"KEN","Kenya",-0.153137996419604,-0.759569201057517,NA
256,"KEN","Kenya",-0.131278269994728,-0.75583448401875,NA
257,"KEN","Kenya",-0.109333831253429,-0.751752719025836,NA
258,"KEN","Kenya",-0.0873305073694376,-0.747330083459761,NA
259,"KEN","Kenya",-0.0652941743579711,-0.742572995692635,NA
260,"KEN","Kenya",-0.0432507264674724,-0.73748810713198,NA
261,"KEN","Kenya",-0.0212260455559086,-0.732082294037219,NA
262,"KEN","Kenya",0.000754029512057192,-0.726362649118174,NA
263,"KEN","Kenya",0.0226637334108022,-0.720336472925595,NA
264,"KEN","Kenya",0.0444774048061891,-0.714011265043985,NA
265,"KEN","Kenya",0.0661695166786673,-0.70739471509721,NA
266,"KEN","Kenya",0.0877147064810984,-0.700494693577576,NA
267,"KEN","Kenya",0.109087806095621,-0.693319242509268,NA
268,"KEN","Kenya",0.130263871554046,-0.68587656595722,NA
269,"KEN","Kenya",0.151218212486626,-0.678175020392639,NA
270,"KEN","Kenya",0.171926421264291,-0.670223104926602,NA
271,"KEN","Kenya",0.192364401799889,-0.662029451423226,NA
272,"KEN","Kenya",0.2125083979743,-0.653602814504099,NA
273,"KEN","Kenya",0.232335021653782,-0.64495206145575,NA
274,"KEN","Kenya",0.251821280265398,-0.636086162052014,NA
275,"KEN","Kenya",0.270944603897867,-0.627014178303276,NA
276,"KEN","Kenya",0.289682871895763,-0.617745254144625,NA
277,"KEN","Kenya",0.30801443891561,-0.608288605075009,NA
278,"KEN","Kenya",0.325918160413005,-0.598653507759534,NA
279,"KEN","Kenya",0.34337341753065,-0.588849289607071,NA
280,"KEN","Kenya",0.360360141357817,-0.578885318335359,NA
281,"KEN","Kenya",0.376858836532554,-0.568770991535784,NA
282,"KEN","Kenya",0.392850604158724,-0.558515726250001,NA
283,"KEN","Kenya",0.408317164010756,-0.54812894857055,NA
284,"KEN","Kenya",0.423240875999862,-0.537620083277562,NA
285,"KEN","Kenya",0.437604760876329,-0.526998543523584,NA
286,"KEN","Kenya",0.451392520143412,-0.516273720578527,NA
287,"KEN","Kenya",0.464588555159287,-0.505454973646588,NA
288,"KEN","Kenya",0.477177985404497,-0.494551619766959,NA
289,"KEN","Kenya",0.489146665893293,-0.48357292380999,NA
290,"KEN","Kenya",0.500481203708307,-0.472528088580354,NA
291,"KEN","Kenya",0.511168973639029,-0.461426245038622,NA
292,"KEN","Kenya",0.521198132905624,-0.45027644265251,NA
293,"KEN","Kenya",0.530557634950701,-0.439087639888873,NA
294,"KEN","Kenya",0.539237242282774,-0.427868694857366,NA
295,"KEN","Kenya",0.547227538356252,-0.41662835611649,NA
296,"KEN","Kenya",0.554519938473964,-0.405375253652508,NA
297,"KEN","Kenya",0.561106699699371,-0.39411789004156,NA
298,"KEN","Kenya",0.566980929766792,-0.382864631805012,NA
299,"KEN","Kenya",0.572136594979161,-0.371623700967873,NA
300,"KEN","Kenya",0.576568527084044,-0.36040316682984,NA
301,"KEN","Kenya",0.58027242911984,-0.349210937958283,NA
302,"KEN","Kenya",0.58324488022532,-0.338054754412197,NA
303,"KEN","Kenya",0.585483339406896,-0.326942180205853,NA
304,"KEN","Kenya",0.586986148259222,-0.315880596020614,NA
305,"KEN","Kenya",0.587752532636016,-0.304877192173041,NA
306,"KEN","Kenya",0.587782603269182,-0.29393896184712,NA
307,"KEN","Kenya",0.587077355335608,-0.283072694598118,NA
308,"KEN","Kenya",0.585638666972224,-0.272284970135218,NA
309,"KEN","Kenya",0.583469296741198,-0.26158215238979,NA
310,"KEN","Kenya",0.580572880048327,-0.250970383875735,NA
311,"KEN","Kenya",0.576953924519,-0.240455580348066,NA
312,"KEN","Kenya",0.572617804337279,-0.230043425765444,NA
313,"KEN","Kenya",0.567570753554914,-0.219739367562079,NA
314,"KEN","Kenya",0.561819858378317,-0.209548612233993,NA
315,"KEN","Kenya",0.555373048442724,-0.199476121244277,NA
316,"KEN","Kenya",0.548239087084,-0.189526607251577,NA
317,"KEN","Kenya",0.540427560619697,-0.17970453066565,NA
318,"KEN","Kenya",0.531948866652179,-0.170014096533449,NA
319,"KEN","Kenya",0.522814201407772,-0.160459251758771,NA
320,"KEN","Kenya",0.513035546127045,-0.15104368265812,NA
321,"KEN","Kenya",0.502625652522458,-0.141770812855019,NA
322,"KEN","Kenya",0.491598027320705,-0.132643801514582,NA
323,"KEN","Kenya",0.479966915908177,-0.123665541919788,NA
324,"KEN","Kenya",0.467747285099042,-0.114838660390421,NA
325,"KEN","Kenya",0.454954805046452,-0.106165515545294,NA
326,"KEN","Kenya",0.441605830318427,-0.0976481979079048,NA
327,"KEN","Kenya",0.427717380160954,-0.0892885298552927,NA
328,"KEN","Kenya",0.413307117971792,-0.0810880659094307,NA
329,"KEN","Kenya",0.398393330009409,-0.0730480933700834,NA
330,"KEN","Kenya",0.382994903362414,-0.0651696332876509,NA
331,"KEN","Kenya",0.367131303205669,-0.0574534417740975,NA
332,"KEN","Kenya",0.350822549370169,-0.0499000116496725,NA
333,"KEN","Kenya",0.33408919225456,-0.0425095744227134,NA
334,"KEN","Kenya",0.316952288106935,-0.0352821025994223,NA
335,"KEN","Kenya",0.299433373706337,-0.0282173123201232,NA
336,"KEN","Kenya",0.281554440474065,-0.02131466631809,NA
337,"KEN","Kenya",0.263337908045587,-0.0145733771966749,NA
338,"KEN","Kenya",0.24480659733447,-0.00799241102005716,NA
339,"KEN","Kenya",0.225983703120393,-0.00157049121258357,NA
340,"KEN","Kenya",0.206892766193798,0.00469389723872765,NA
341,"KEN","Kenya",0.187557645090345,0.010802503284284,NA
342,"KEN","Kenya",0.168002487448738,0.0167573050207641,NA
343,"KEN","Kenya",0.148251701026011,0.0225605046151829,NA
344,"KEN","Kenya",0.128329924404715,0.0282145229510128,NA
345,"KEN","Kenya",0.108261997426829,0.0337219940035134,NA
346,"KEN","Kenya",0.0880729313895738,0.039085758951752,NA
347,"KEN","Kenya",0.0677878790385125,0.0443088600351179,NA
348,"KEN","Kenya",0.0474321043936624,0.0493945341624287,NA
349,"KEN","Kenya",0.0270309524444388,0.0543462062820337,NA
350,"KEN","Kenya",0.00660981874950367,0.059167482521593,NA
351,"KEN","Kenya",-0.0138058810224024,0.0638621431065047,NA
352,"KEN","Kenya",-0.03419074157436,0.0684341350661878,NA
353,"KEN","Kenya",-0.0545193984497627,0.0728875647377198,NA
354,"KEN","Kenya",-0.0747665584510853,0.077226690076528,NA
355,"KEN","Kenya",-0.0949070299728564,0.0814559127841018,NA
356,"KEN","Kenya",-0.114915753212726,0.0855797702628825,NA
357,"KEN","Kenya",-0.134767830224729,0.0896029274087068,NA
358,"KEN","Kenya",-0.154438554779039,0.093530168251373,NA
359,"KEN","Kenya",-0.173903441992688,0.0973663874540706,NA
360,"KEN","Kenya",-0.193138257696064,0.101116581682594,NA
361,"KEN","Kenya",-0.21211904750025,0.104785840855398,NA
362,"KEN","Kenya",-0.23082216553067,0.10837933928572,NA
363,"KEN","Kenya",-0.249224302792871,0.111902326727079,NA
364,"KEN","Kenya",-0.267302515136738,0.115360119333633,NA
365,"KEN","Kenya",-0.285034250785889,0.118758090546909,NA
1,"LBR","Liberia",-0.838928832209954,-0.32935061426673,NA
2,"LBR","Liberia",-0.843811078671061,-0.329354051933494,NA
3,"LBR","Liberia",-0.848255927896718,-0.328910358435904,NA
4,"LBR","Liberia",-0.852263080517528,-0.32801528852081,NA
5,"LBR","Liberia",-0.855832587713013,-0.326665150145015,NA
6,"LBR","Liberia",-0.858964849728484,-0.324856810259457,NA
7,"LBR","Liberia",-0.861660614028455,-0.322587699925053,NA
8,"LBR","Liberia",-0.86392097308921,-0.319855818753725,NA
9,"LBR","Liberia",-0.865747361833527,-0.316659738668923,NA
10,"LBR","Liberia",-0.867141554710972,-0.312998606980788,NA
11,"LBR","Liberia",-0.868105662427588,-0.30887214877189,NA
12,"LBR","Liberia",-0.868642128329202,-0.304280668590316,NA
13,"LBR","Liberia",-0.868753724442965,-0.299225051447684,NA
14,"LBR","Liberia",-0.868443547182129,-0.29370676312051,NA
15,"LBR","Liberia",-0.867715012719461,-0.287727849754164,NA
16,"LBR","Liberia",-0.866571852035041,-0.281290936769483,NA
17,"LBR","Liberia",-0.86501810564461,-0.274399227072955,NA
18,"LBR","Liberia",-0.863058118014934,-0.267056498572188,NA
19,"LBR","Liberia",-0.860696531673071,-0.259267100999237,NA
20,"LBR","Liberia",-0.85793828101672,-0.251035952045148,NA
21,"LBR","Liberia",-0.854788585833198,-0.242368532809939,NA
22,"LBR","Liberia",-0.851252944534919,-0.23327088257302,NA
23,"LBR","Liberia",-0.84733712711956,-0.223749592889872,NA
24,"LBR","Liberia",-0.843047167863407,-0.213811801021622,NA
25,"LBR","Liberia",-0.838389357756691,-0.203465182704921,NA
26,"LBR","Liberia",-0.83337023668999,-0.192717944270341,NA
27,"LBR","Liberia",-0.827996585401075,-0.181578814118258,NA
28,"LBR","Liberia",-0.822275417191823,-0.170057033561983,NA
29,"LBR","Liberia",-0.816213969425096,-0.158162347048633,NA
30,"LBR","Liberia",-0.809819694811717,-0.145904991768981,NA
31,"LBR","Liberia",-0.803100252497909,-0.133295686668269,NA
32,"LBR","Liberia",-0.796063498963781,-0.120345620870655,NA
33,"LBR","Liberia",-0.788717478743668,-0.107066441530688,NA
34,"LBR","Liberia",-0.781070414979293,-0.0934702411258751,NA
35,"LBR","Liberia",-0.773130699816944,-0.0795695442050807,NA
36,"LBR","Liberia",-0.764906884659986,-0.0653772936081393,NA
37,"LBR","Liberia",-0.75640767028821,-0.0509068361727017,NA
38,"LBR","Liberia",-0.74764189685566,-0.0361719079449433,NA
39,"LBR","Liberia",-0.73861853377869,-0.0211866189113591,NA
40,"LBR","Liberia",-0.729346669526127,-0.00596543726944027,NA
41,"LBR","Liberia",-0.719835501323533,0.00947682674441896,NA
42,"LBR","Liberia",-0.710094324783603,0.0251250374509075,NA
43,"LBR","Liberia",-0.700132523474853,0.040963750728288,NA
44,"LBR","Liberia",-0.689959558440771,0.0569772313975245,NA
45,"LBR","Liberia",-0.679584957681678,0.0731494709717117,NA
46,"LBR","Liberia",-0.669018305611545,0.0894642057490365,NA
47,"LBR","Liberia",-0.658269232502054,0.105904935228092,NA
48,"LBR","Liberia",-0.647347403926159,0.122454940823966,NA
49,"LBR","Liberia",-0.636262510213424,0.139097304863183,NA
50,"LBR","Liberia",-0.625024255929346,0.15581492983521,NA
51,"LBR","Liberia",-0.613642349390862,0.172590557877973,NA
52,"LBR","Liberia",-0.602126492230153,0.189406790474492,NA
53,"LBR","Liberia",-0.590486369018811,0.206246108337541,NA
54,"LBR","Liberia",-0.578731636964315,0.223090891458959,NA
55,"LBR","Liberia",-0.566871915690692,0.239923439300082,NA
56,"LBR","Liberia",-0.554916777115118,0.256725991099562,NA
57,"LBR","Liberia",-0.54287573543206,0.273480746274702,NA
58,"LBR","Liberia",-0.530758237216445,0.290169884892322,NA
59,"LBR","Liberia",-0.518573651657189,0.30677558818508,NA
60,"LBR","Liberia",-0.506331260932216,0.323280059089109,NA
61,"LBR","Liberia",-0.494040250735949,0.339665542778807,NA
62,"LBR","Liberia",-0.481709700970048,0.355914347174598,NA
63,"LBR","Liberia",-0.469348576607951,0.37200886339952,NA
64,"LBR","Liberia",-0.456965718743579,0.387931586160555,NA
65,"LBR","Liberia",-0.444569835834299,0.403665134030682,NA
66,"LBR","Liberia",-0.432169495148028,0.419192269607747,NA
67,"LBR","Liberia",-0.419773114424088,0.434495919526403,NA
68,"LBR","Liberia",-0.407388953757154,0.449559194299517,NA
69,"LBR","Liberia",-0.395025107713364,0.46436540796564,NA
70,"LBR","Liberia",-0.382689497687375,0.478898097519377,NA
71,"LBR","Liberia",-0.370389864508836,0.49314104210172,NA
72,"LBR","Liberia",-0.35813376130646,0.507078281927696,NA
73,"LBR","Liberia",-0.345928546637543,0.52069413692899,NA
74,"LBR","Liberia",-0.333781377890452,0.533973225089521,NA
75,"LBR","Liberia",-0.321699204967287,0.546900480452326,NA
76,"LBR","Liberia",-0.309688764253537,0.559461170776459,NA
77,"LBR","Liberia",-0.297756572881254,0.571640914823055,NA
78,"LBR","Liberia",-0.285908923291856,0.583425699250108,NA
79,"LBR","Liberia",-0.27415187810433,0.594801895095997,NA
80,"LBR","Liberia",-0.262491265294234,0.605756273832251,NA
81,"LBR","Liberia",-0.25093267368851,0.616276022966558,NA
82,"LBR","Liberia",-0.239481448780726,0.626348761177555,NA
83,"LBR","Liberia",-0.228142688871002,0.635962552963474,NA
84,"LBR","Liberia",-0.216921241534439,0.645105922787275,NA
85,"LBR","Liberia",-0.205821700421515,0.653767868701527,NA
86,"LBR","Liberia",-0.194848402393467,0.661937875436866,NA
87,"LBR","Liberia",-0.184005424995303,0.669605926938496,NA
88,"LBR","Liberia",-0.173296584268661,0.676762518335877,NA
89,"LBR","Liberia",-0.162725432906315,0.68339866733136,NA
90,"LBR","Liberia",-0.152295258749735,0.689505924994246,NA
91,"LBR","Liberia",-0.142009083630671,0.695076385947437,NA
92,"LBR","Liberia",-0.131869662557323,0.700102697934534,NA
93,"LBR","Liberia",-0.12187948324525,0.704578070756017,NA
94,"LBR","Liberia",-0.112040765992725,0.708496284563815,NA
95,"LBR","Liberia",-0.102355463899875,0.711851697504388,NA
96,"LBR","Liberia",-0.0928252634304784,0.71463925270117,NA
97,"LBR","Liberia",-0.0834515853149098,0.716854484568013,NA
98,"LBR","Liberia",-0.0742355857923086,0.718493524446052,NA
99,"LBR","Liberia",-0.0651781581896198,0.719553105557214,NA
100,"LBR","Liberia",-0.0562799348347716,0.720030567268383,NA
101,"LBR","Liberia",-0.0475412893008353,0.719923858661056,NA
102,"LBR","Liberia",-0.0389623389776257,0.719231541402138,NA
103,"LBR","Liberia",-0.0305429479667964,0.717952791912336,NA
104,"LBR","Liberia",-0.0222827302961023,0.716087402829448,NA
105,"LBR","Liberia",-0.0141810534481154,0.713635783764677,NA
106,"LBR","Liberia",-0.00623704219829884,0.7105989613509,NA
107,"LBR","Liberia",0.00155041724302173,0.706978578582706,NA
108,"LBR","Liberia",0.00918267279062095,0.702776893448796,NA
109,"LBR","Liberia",0.0166613017524553,0.697996776858201,NA
110,"LBR","Liberia",0.0239881058124029,0.692641709862614,NA
111,"LBR","Liberia",0.031165105734538,0.686715780177907,NA
112,"LBR","Liberia",0.0381945357961563,0.680223678008806,NA
113,"LBR","Liberia",0.0450788379570866,0.673170691181439,NA
114,"LBR","Liberia",0.0518206557731425,0.665562699589341,NA
115,"LBR","Liberia",0.0584228280618757,0.657406168959285,NA
116,"LBR","Liberia",0.0648883823290842,0.648708143944102,NA
117,"LBR","Liberia",0.0712205279648203,0.639476240550458,NA
118,"LBR","Liberia",0.077422649217912,0.629718637910333,NA
119,"LBR","Liberia",0.0834982979582819,0.619444069405719,NA
120,"LBR","Liberia",0.0894511862365956,0.608661813156802,NA
121,"LBR","Liberia",0.0952851786510175,0.597381681884674,NA
122,"LBR","Liberia",0.101004284531076,0.585614012160314,NA
123,"LBR","Liberia",0.106612649948866,0.57336965305233,NA
124,"LBR","Liberia",0.112114549568006,0.560659954186654,NA
125,"LBR","Liberia",0.117514378340986,0.547496753232056,NA
126,"LBR","Liberia",0.122816643065687,0.533892362826049,NA
127,"LBR","Liberia",0.12802595381205,0.519859556956381,NA
128,"LBR","Liberia",0.133147015230012,0.505411556813979,NA
129,"LBR","Liberia",0.138184617749961,0.490562016133803,NA
130,"LBR","Liberia",0.143143628687101,0.475325006040707,NA
131,"LBR","Liberia",0.148028983261225,0.459714999417935,NA
132,"LBR","Liberia",0.152845675543475,0.443746854816497,NA
133,"LBR","Liberia",0.157598749341799,0.427435799924152,NA
134,"LBR","Liberia",0.162293289036821,0.410797414613298,NA
135,"LBR","Liberia",0.166934410379949,0.39384761358752,NA
136,"LBR","Liberia",0.171527251265568,0.376602628647031,NA
137,"LBR","Liberia",0.176076962489181,0.359078990593708,NA
138,"LBR","Liberia",0.180588698503401,0.341293510796806,NA
139,"LBR","Liberia",0.185067608183664,0.323263262440885,NA
140,"LBR","Liberia",0.189518825615548,0.305005561477798,NA
141,"LBR","Liberia",0.193947460915526,0.286537947304981,NA
142,"LBR","Liberia",0.198358591096963,0.267878163192588,NA
143,"LBR","Liberia",0.202757250993078,0.249044136482302,NA
144,"LBR","Liberia",0.207148424248553,0.230053958580936,NA
145,"LBR","Liberia",0.211537034391351,0.210925864772152,NA
146,"LBR","Liberia",0.215927935996233,0.191678213869877,NA
147,"LBR","Liberia",0.220325905951325,0.172329467737131,NA
148,"LBR","Liberia",0.224735634838984,0.152898170694181,NA
149,"LBR","Liberia",0.229161718442032,0.133402928840035,NA
150,"LBR","Liberia",0.233608649386323,0.113862389311403,NA
151,"LBR","Liberia",0.238080808930379,0.0942952195033122,NA
152,"LBR","Liberia",0.242582458912714,0.0747200862756275,NA
153,"LBR","Liberia",0.247117733867206,0.0551556351697063,NA
154,"LBR","Liberia",0.251690633316724,0.0356204696594426,NA
155,"LBR","Liberia",0.256305014254972,0.0161331304608769,NA
156,"LBR","Liberia",0.260964583826265,-0.00328792507549755,NA
157,"LBR","Liberia",0.265672892212758,-0.0226243434657192,NA
158,"LBR","Liberia",0.270433325738333,-0.0418578954627415,NA
159,"LBR","Liberia",0.275249100198137,-0.0609704962724788,NA
160,"LBR","Liberia",0.280123254422457,-0.0799442255919732,NA
161,"LBR","Liberia",0.285058644083324,-0.0987613474463389,NA
162,"LBR","Liberia",0.290057935751984,-0.117404329801394,NA
163,"LBR","Liberia",0.295123601215003,-0.135855863929149,NA
164,"LBR","Liberia",0.300257912056521,-0.154098883503624,NA
165,"LBR","Liberia",0.305462934513789,-0.172116583404775,NA
166,"LBR","Liberia",0.310740524612829,-0.189892438208672,NA
167,"LBR","Liberia",0.316092323590692,-0.207410220342428,NA
168,"LBR","Liberia",0.32151975361044,-0.224654017882803,NA
169,"LBR","Liberia",0.327024013774635,-0.24160825197779,NA
170,"LBR","Liberia",0.33260607644273,-0.258257693870978,NA
171,"LBR","Liberia",0.338266683857403,-0.274587481508936,NA
172,"LBR","Liberia",0.34400634508449,-0.290583135712362,NA
173,"LBR","Liberia",0.34982533327079,-0.306230575892259,NA
174,"LBR","Liberia",0.355723683223622,-0.321516135292934,NA
175,"LBR","Liberia",0.361701189315631,-0.336426575744201,NA
176,"LBR","Liberia",0.367757403717929,-0.350949101905697,NA
177,"LBR","Liberia",0.373891634964262,-0.365071374986904,NA
178,"LBR","Liberia",0.380102946848487,-0.378781525926992,NA
179,"LBR","Liberia",0.386390157657247,-0.392068168019344,NA
180,"LBR","Liberia",0.392751839739281,-0.404920408966175,NA
181,"LBR","Liberia",0.399186319412457,-0.417327862349431,NA
182,"LBR","Liberia",0.405691677209139,-0.429280658504768,NA
183,"LBR","Liberia",0.412265748460135,-0.440769454786157,NA
184,"LBR","Liberia",0.418906124217008,-0.45178544520939,NA
185,"LBR","Liberia",0.425610152512175,-0.462320369463452,NA
186,"LBR","Liberia",0.432374939955749,-0.472366521279523,NA
187,"LBR","Liberia",0.439197353667699,-0.481916756148111,NA
188,"LBR","Liberia",0.446074023543484,-0.490964498375574,NA
189,"LBR","Liberia",0.453001344850898,-0.499503747472101,NA
190,"LBR","Liberia",0.45997548115547,-0.507529083863996,NA
191,"LBR","Liberia",0.466992367571341,-0.515035673923898,NA
192,"LBR","Liberia",0.47404771433416,-0.522019274313402,NA
193,"LBR","Liberia",0.481137010692125,-0.528476235633334,NA
194,"LBR","Liberia",0.488255529110917,-0.534403505377774,NA
195,"LBR","Liberia",0.495398329787877,-0.539798630188714,NA
196,"LBR","Liberia",0.502560265470398,-0.544659757409109,NA
197,"LBR","Liberia",0.509735986573135,-0.548985635932851,NA
198,"LBR","Liberia",0.516919946588249,-0.552775616351083,NA
199,"LBR","Liberia",0.52410640778256,-0.556029650395066,NA
200,"LBR","Liberia",0.531289447175107,-0.558748289676644,NA
201,"LBR","Liberia",0.538462962788279,-0.560932683728208,NA
202,"LBR","Liberia",0.545620680165333,-0.562584577344853,NA
203,"LBR","Liberia",0.552756159146795,-0.56370630723227,NA
204,"LBR","Liberia",0.559862800897889,-0.564300797964726,NA
205,"LBR","Liberia",0.56693385517887,-0.564371557258294,NA
206,"LBR","Liberia",0.573962427849784,-0.563922670565319,NA
207,"LBR","Liberia",0.580941488600924,-0.562958794996887,NA
208,"LBR","Liberia",0.58786387889994,-0.561485152580869,NA
209,"LBR","Liberia",0.594722320146301,-0.559507522863895,NA
210,"LBR","Liberia",0.601509422023549,-0.557032234866385,NA
211,"LBR","Liberia",0.608217691039518,-0.554066158400518,NA
212,"LBR","Liberia",0.614839539244457,-0.550616694761789,NA
213,"LBR","Liberia",0.621367293116795,-0.546691766805529,NA
214,"LBR","Liberia",0.62779320260602,-0.542299808420483,NA
215,"LBR","Liberia",0.634109450321989,-0.537449753412273,NA
216,"LBR","Liberia",0.640308160859772,-0.532151023810236,NA
217,"LBR","Liberia",0.646381410248954,-0.526413517611842,NA
218,"LBR","Liberia",0.652321235516172,-0.520247595979518,NA
219,"LBR","Liberia",0.658119644349495,-0.513664069905399,NA
220,"LBR","Liberia",0.663768624853128,-0.506674186360088,NA
221,"LBR","Liberia",0.669260155380799,-0.499289613942181,NA
222,"LBR","Liberia",0.674586214436062,-0.491522428045849,NA
223,"LBR","Liberia",0.679738790627688,-0.483385095564362,NA
224,"LBR","Liberia",0.684709892668182,-0.474890459147965,NA
225,"LBR","Liberia",0.689491559403461,-0.466051721035072,NA
226,"LBR","Liberia",0.694075869861607,-0.456882426476193,NA
227,"LBR","Liberia",0.698454953308625,-0.447396446770541,NA
228,"LBR","Liberia",0.702620999299089,-0.437607961935677,NA
229,"LBR","Liberia",0.706566267709536,-0.427531443031004,NA
230,"LBR","Liberia",0.710283098742501,-0.417181634156317,NA
231,"LBR","Liberia",0.713763922889084,-0.406573534146998,NA
232,"LBR","Liberia",0.717001270837977,-0.395722377987784,NA
233,"LBR","Liberia",0.719987783318936,-0.384643617967403,NA
234,"LBR","Liberia",0.722716220868728,-0.373352904596618,NA
235,"LBR","Liberia",0.725179473507683,-0.36186606731254,NA
236,"LBR","Liberia",0.727370570315041,-0.3501990949923,NA
237,"LBR","Liberia",0.72928268889142,-0.338368116299376,NA
238,"LBR","Liberia",0.730909164696823,-0.3263893798861,NA
239,"LBR","Liberia",0.732243500252752,-0.314279234475984,NA
240,"LBR","Liberia",0.733279374197136,-0.302054108849699,NA
241,"LBR","Liberia",0.734010650180937,-0.289730491758575,NA
242,"LBR","Liberia",0.734431385595476,-0.27732491178966,NA
243,"LBR","Liberia",0.734535840119701,-0.264853917206328,NA
244,"LBR","Liberia",0.73431848407683,-0.252334055788544,NA
245,"LBR","Liberia",0.73377400658999,-0.239781854696795,NA
246,"LBR","Liberia",0.732897323526726,-0.227213800383754,NA
247,"LBR","Liberia",0.731683585222462,-0.214646318577595,NA
248,"LBR","Liberia",0.730128183973274,-0.202095754360847,NA
249,"LBR","Liberia",0.728226761288553,-0.189578352368526,NA
250,"LBR","Liberia",0.72597521489446,-0.177110237129136,NA
251,"LBR","Liberia",0.723369705479301,-0.164707393571967,NA
252,"LBR","Liberia",0.720406663172295,-0.152385647723904,NA
253,"LBR","Liberia",0.717082793747453,-0.140160647618723,NA
254,"LBR","Liberia",0.713395084544671,-0.128047844441615,NA
255,"LBR","Liberia",0.709340810100381,-0.116062473931359,NA
256,"LBR","Liberia",0.70491753748051,-0.104219538062288,NA
257,"LBR","Liberia",0.700123131308773,-0.0925337870278198,NA
258,"LBR","Liberia",0.69495575848374,-0.0810197015469911,NA
259,"LBR","Liberia",0.689413892578396,-0.0696914755150105,NA
260,"LBR","Liberia",0.683496317916364,-0.0585629990184679,NA
261,"LBR","Liberia",0.677202133319249,-0.0476478417353598,NA
262,"LBR","Liberia",0.670530755520008,-0.0369592367396621,NA
263,"LBR","Liberia",0.663481922237588,-0.0265100647296646,NA
264,"LBR","Liberia",0.656055694908488,-0.016312838698796,NA
265,"LBR","Liberia",0.648252461071286,-0.00637968906711864,NA
266,"LBR","Liberia",0.640072936400591,0.00327765070886439,NA
267,"LBR","Liberia",0.63151816638724,0.012647858031044,NA
268,"LBR","Liberia",0.622589527662043,0.0217200345427007,NA
269,"LBR","Liberia",0.6132887289607,0.0304837189838276,NA
270,"LBR","Liberia",0.603617811728021,0.0389288995035457,NA
271,"LBR","Liberia",0.593579150359919,0.04704602541506,NA
272,"LBR","Liberia",0.583175452082117,0.0548260183792475,NA
273,"LBR","Liberia",0.572409756464925,0.062260283003663,NA
274,"LBR","Liberia",0.561285434573825,0.0693407168444548,NA
275,"LBR","Liberia",0.549806187756083,0.0760597197993857,NA
276,"LBR","Liberia",0.537976046063991,0.0824102028808873,NA
277,"LBR","Liberia",0.525799366315772,0.088385596358827,NA
278,"LBR","Liberia",0.513280829795613,0.0939798572634044,NA
279,"LBR","Liberia",0.500425439594695,0.0991874762393751,NA
280,"LBR","Liberia",0.487238517595521,0.104003483743569,NA
281,"LBR","Liberia",0.473725701102256,0.108423455578451,NA
282,"LBR","Liberia",0.459892939120187,0.112443517755279,NA
283,"LBR","Liberia",0.445746488287859,0.116060350681201,NA
284,"LBR","Liberia",0.431292908465797,0.119271192665454,NA
285,"LBR","Liberia",0.416539057986178,0.122073842740634,NA
286,"LBR","Liberia",0.401492088568166,0.124466662795822,NA
287,"LBR","Liberia",0.386159439904052,0.126448579019194,NA
288,"LBR","Liberia",0.370548833921689,0.128019082648531,NA
289,"LBR","Liberia",0.354668268729128,0.129178230028916,NA
290,"LBR","Liberia",0.338526012247702,0.129926641977694,NA
291,"LBR","Liberia",0.322130595540194,0.130265502457628,NA
292,"LBR","Liberia",0.305490805841041,0.130196556559989,NA
293,"LBR","Liberia",0.288615679295954,0.129722107800165,NA
294,"LBR","Liberia",0.271514493418565,0.128845014729168,NA
295,"LBR","Liberia",0.254196759272161,0.127568686865259,NA
296,"LBR","Liberia",0.236672213384772,0.125897079950715,NA
297,"LBR","Liberia",0.218950809406308,0.12383469053956,NA
298,"LBR","Liberia",0.201042709516638,0.121386549922904,NA
299,"LBR","Liberia",0.182958275593877,0.118558217399289,NA
300,"LBR","Liberia",0.16470806015237,0.115355772898266,NA
301,"LBR","Liberia",0.146302797060193,0.111785808966167,NA
302,"LBR","Liberia",0.127753392046173,0.107855422123815,NA
303,"LBR","Liberia",0.109070913006769,0.103572203606652,NA
304,"LBR","Liberia",0.0902665801233006,0.0989442294985275,NA
305,"LBR","Liberia",0.0713517558003167,0.0939800502710806,NA
306,"LBR","Liberia",0.0523379344360398,0.0886886797413906,NA
307,"LBR","Liberia",0.0332367320360703,0.0830795834612442,NA
308,"LBR","Liberia",0.0140598756816897,0.0771626665520578,NA
309,"LBR","Liberia",-0.00518080713569938,0.0709482610001574,NA
310,"LBR","Liberia",-0.0244733993023374,0.0644471124277517,NA
311,"LBR","Liberia",-0.0438059049802173,0.0576703663555773,NA
312,"LBR","Liberia",-0.0631662606036114,0.050629553973786,NA
313,"LBR","Liberia",-0.0825423459619043,0.0433365774382505,NA
314,"LBR","Liberia",-0.101921995356582,0.0358036947100102,NA
315,"LBR","Liberia",-0.121293008820072,0.0280435039561515,NA
316,"LBR","Liberia",-0.140643163384114,0.0200689275309153,NA
317,"LBR","Liberia",-0.159960224385233,0.0118931955563493,NA
318,"LBR","Liberia",-0.179231956794871,0.00352982912228475,NA
319,"LBR","Liberia",-0.198446136561669,-0.00500737687411135,NA
320,"LBR","Liberia",-0.217590561953427,-0.0137043712285428,NA
321,"LBR","Liberia",-0.236653064886183,-0.0225468642484569,NA
322,"LBR","Liberia",-0.255621522227969,-0.0315203458691312,NA
323,"LBR","Liberia",-0.274483867064709,-0.0406101040451399,NA
324,"LBR","Liberia",-0.293228099915892,-0.0498012433950621,NA
325,"LBR","Liberia",-0.311842299887575,-0.0590787040769643,NA
326,"LBR","Liberia",-0.330314635750462,-0.0684272808719326,NA
327,"LBR","Liberia",-0.348633376930804,-0.0778316424526684,NA
328,"LBR","Liberia",-0.366786904401989,-0.0872763508139351,NA
329,"LBR","Liberia",-0.384763721464837,-0.0967458808414672,NA
330,"LBR","Liberia",-0.402552464404658,-0.106224639995754,NA
331,"LBR","Liberia",-0.420141913013381,-0.115696988087005,NA
332,"LBR","Liberia",-0.437521000965106,-0.125147257117465,NA
333,"LBR","Liberia",-0.454678826033672,-0.134559771167181,NA
334,"LBR","Liberia",-0.471604660141005,-0.14391886629926,NA
335,"LBR","Liberia",-0.488287959225137,-0.153208910460627,NA
336,"LBR","Liberia",-0.504718372917108,-0.162414323354322,NA
337,"LBR","Liberia",-0.520885754016063,-0.171519596259351,NA
338,"LBR","Liberia",-0.536780167752183,-0.180509311774235,NA
339,"LBR","Liberia",-0.552391900827257,-0.189368163460424,NA
340,"LBR","Liberia",-0.567711470223015,-0.19808097536191,NA
341,"LBR","Liberia",-0.582729631767571,-0.206632721377482,NA
342,"LBR","Liberia",-0.597437388450618,-0.215008544462258,NA
343,"LBR","Liberia",-0.611825998478301,-0.223193775635321,NA
344,"LBR","Liberia",-0.625886983059,-0.231173952770525,NA
345,"LBR","Liberia",-0.639612133911553,-0.238934839147772,NA
346,"LBR","Liberia",-0.652993520487767,-0.246462441742359,NA
347,"LBR","Liberia",-0.666023496901424,-0.253743029230307,NA
348,"LBR","Liberia",-0.678694708556258,-0.260763149687897,NA
349,"LBR","Liberia",-0.691000098465828,-0.267509647964026,NA
350,"LBR","Liberia",-0.70293291325844,-0.273969682704358,NA
351,"LBR","Liberia",-0.714486708860769,-0.280130743006687,NA
352,"LBR","Liberia",-0.725655355854062,-0.285980664687316,NA
353,"LBR","Liberia",-0.736433044497317,-0.291507646138788,NA
354,"LBR","Liberia",-0.746814289412097,-0.296700263759701,NA
355,"LBR","Liberia",-0.756793933924104,-0.301547486937935,NA
356,"LBR","Liberia",-0.76636715405701,-0.306038692569079,NA
357,"LBR","Liberia",-0.775529462174416,-0.310163679092424,NA
358,"LBR","Liberia",-0.784276710266271,-0.313912680027477,NA
359,"LBR","Liberia",-0.792605092876421,-0.317276376994494,NA
360,"LBR","Liberia",-0.800511149668444,-0.320245912203208,NA
361,"LBR","Liberia",-0.807991767627276,-0.322812900394485,NA
362,"LBR","Liberia",-0.815044182894602,-0.324969440220359,NA
363,"LBR","Liberia",-0.821665982236374,-0.326708125048509,NA
364,"LBR","Liberia",-0.827855104141257,-0.328022053177958,NA
365,"LBR","Liberia",-0.833609839549226,-0.328904837453457,NA
1,"MLI","Mali",-0.816035575489492,-0.807792193494216,"Chad"
2,"MLI","Mali",-0.803911793538378,-0.804343468391065,"Chad"
3,"MLI","Mali",-0.791641240655338,-0.800325099191441,"Chad"
4,"MLI","Mali",-0.779248988808541,-0.795755594118643,"Chad"
5,"MLI","Mali",-0.766760012241294,-0.79065399684075,"Chad"
6,"MLI","Mali",-0.754199154824356,-0.785039859861853,"Chad"
7,"MLI","Mali",-0.741591097635366,-0.778933217346308,"Chad"
8,"MLI","Mali",-0.72896032680471,-0.772354557409405,"Chad"
9,"MLI","Mali",-0.71633110166677,-0.765324793908463,"Chad"
10,"MLI","Mali",-0.703727423255157,-0.757865237768957,"Chad"
11,"MLI","Mali",-0.691173003180085,-0.749997567880802,"Chad"
12,"MLI","Mali",-0.67869123292555,-0.741743801600443,"Chad"
13,"MLI","Mali",-0.666305153603488,-0.733126264894817,"Chad"
14,"MLI","Mali",-0.654037426201502,-0.724167562163713,"Chad"
15,"MLI","Mali",-0.641910302360144,-0.714890545777372,"Chad"
16,"MLI","Mali",-0.629945595715082,-0.705318285366538,"Chad"
17,"MLI","Mali",-0.618164653838813,-0.695474036902423,"Chad"
18,"MLI","Mali",-0.606588330815801,-0.6853812116043,"Chad"
19,"MLI","Mali",-0.595236960484204,-0.675063344712603,"Chad"
20,"MLI","Mali",-0.58413033037648,-0.664544064165597,"Chad"
21,"MLI","Mali",-0.573287656390368,-0.653847059217749,"Chad"
22,"MLI","Mali",-0.562727558220792,-0.642996049037988,"Chad"
23,"MLI","Mali",-0.552468035582355,-0.632014751326069,"Chad"
24,"MLI","Mali",-0.542526445251105,-0.620926850985196,"Chad"
25,"MLI","Mali",-0.532919478953269,-0.609755968888992,"Chad"
26,"MLI","Mali",-0.523663142127607,-0.598525630780772,"Chad"
27,"MLI","Mali",-0.514772733586999,-0.587259236342893,"Chad"
28,"MLI","Mali",-0.506262826103772,-0.575980028473745,"Chad"
29,"MLI","Mali",-0.498147247942156,-0.564711062809692,"Chad"
30,"MLI","Mali",-0.490439065360107,-0.553475177528933,"Chad"
31,"MLI","Mali",-0.48315056610158,-0.542294963473947,"Chad"
32,"MLI","Mali",-0.476293243899097,-0.531192734628747,"Chad"
33,"MLI","Mali",-0.469877784005272,-0.520190498986752,"Chad"
34,"MLI","Mali",-0.463914049770688,-0.509309929844602,"Chad"
35,"MLI","Mali",-0.458411070284251,-0.498572337556725,"Chad"
36,"MLI","Mali",-0.45337702909088,-0.487998641784866,"Chad"
37,"MLI","Mali",-0.448819254000061,-0.477609344276231,"Chad"
38,"MLI","Mali",-0.444744207997508,-0.46742450220322,"Chad"
39,"MLI","Mali",-0.44115748127081,-0.457463702097039,"Chad"
40,"MLI","Mali",-0.438063784358611,-0.447746034406779,"Chad"
41,"MLI","Mali",-0.435466942431511,-0.438290068714762,"Chad"
42,"MLI","Mali",-0.433369890711503,-0.429113829638177,"Chad"
43,"MLI","Mali",-0.431774671035395,-0.420234773446179,"Chad"
44,"MLI","Mali",-0.43068242956627,-0.411669765420773,"Chad"
45,"MLI","Mali",-0.430093415655669,-0.40343505798888,"Chad"
46,"MLI","Mali",-0.430006981857757,-0.395546269652073,"Chad"
47,"MLI","Mali",-0.430421585095399,-0.388018364739478,"Chad"
48,"MLI","Mali",-0.431334788976609,-0.380865634008365,"Chad"
49,"MLI","Mali",-0.432743267258506,-0.374101676115898,"Chad"
50,"MLI","Mali",-0.434642808454494,-0.367739379984496,"Chad"
51,"MLI","Mali",-0.437028321579006,-0.361790908082131,"Chad"
52,"MLI","Mali",-0.439893843022782,-0.356267680637828,"Chad"
53,"MLI","Mali",-0.443232544550286,-0.351180360811469,"Chad"
54,"MLI","Mali",-0.4470367424095,-0.346538840835861,"Chad"
55,"MLI","Mali",-0.451297907543011,-0.342352229147866,"Chad"
56,"MLI","Mali",-0.456006676887939,-0.338628838524163,"Chad"
57,"MLI","Mali",-0.461152865750991,-0.335376175236048,"Chad"
58,"MLI","Mali",-0.466725481243563,-0.332600929236388,"Chad"
59,"MLI","Mali",-0.472712736760587,-0.330308965390663,"Chad"
60,"MLI","Mali",-0.479102067485522,-0.328505315762714,"Chad"
61,"MLI","Mali",-0.485880146902656,-0.327194172964575,"Chad"
62,"MLI","Mali",-0.493032904296678,-0.326378884578477,"Chad"
63,"MLI","Mali",-0.500545543218263,-0.326061948657813,"Chad"
64,"MLI","Mali",-0.508402560893259,-0.326245010312545,"Chad"
65,"MLI","Mali",-0.516587768551928,-0.326928859383255,"Chad"
66,"MLI","Mali",-0.525084312653541,-0.328113429206685,"Chad"
67,"MLI","Mali",-0.533874696980599,-0.329797796474333,"Chad"
68,"MLI","Mali",-0.542940805575844,-0.331980182184334,"Chad"
69,"MLI","Mali",-0.55226392649423,-0.334657953685535,"Chad"
70,"MLI","Mali",-0.561824776341033,-0.337827627811367,"Chad"
71,"MLI","Mali",-0.571603525566306,-0.341484875099797,"Chad"
72,"MLI","Mali",-0.581579824484986,-0.345624525094319,"Chad"
73,"MLI","Mali",-0.591732829991068,-0.350240572719666,"Chad"
74,"MLI","Mali",-0.602041232933409,-0.355326185724608,"Chad"
75,"MLI","Mali",-0.612483286119929,-0.360873713182908,"Chad"
76,"MLI","Mali",-0.623036832916204,-0.366874695042263,"Chad"
77,"MLI","Mali",-0.633679336403717,-0.373319872709745,"Chad"
78,"MLI","Mali",-0.644387909062349,-0.380199200661052,"Chad"
79,"MLI","Mali",-0.655139342941059,-0.387501859059605,"Chad"
80,"MLI","Mali",-0.665910140280076,-0.395216267370339,"Chad"
81,"MLI","Mali",-0.676676544547401,-0.403330098951801,"Chad"
82,"MLI","Mali",-0.687414571851885,-0.411830296609018,"Chad"
83,"MLI","Mali",-0.698100042694685,-0.420703089088422,"Chad"
84,"MLI","Mali",-0.708708614020482,-0.429934008494963,"Chad"
85,"MLI","Mali",-0.719215811529473,-0.439507908610468,"Chad"
86,"MLI","Mali",-0.729597062210808,-0.449408984091169,"Chad"
87,"MLI","Mali",-0.739827727057871,-0.459620790521282,"Chad"
88,"MLI","Mali",-0.749883133925574,-0.470126265298485,"Chad"
89,"MLI","Mali",-0.759738610489623,-0.480907749326121,"Chad"
90,"MLI","Mali",-0.769369517267604,-0.491947009485982,"Chad"
91,"MLI","Mali",-0.778751280661634,-0.503225261864586,"Chad"
92,"MLI","Mali",-0.787859425982264,-0.514723195704932,"Chad"
93,"MLI","Mali",-0.796669610413346,-0.526420998054857,"Chad"
94,"MLI","Mali",-0.805157655877632,-0.538298379082247,"Chad"
95,"MLI","Mali",-0.813299581762936,-0.550334598026565,"Chad"
96,"MLI","Mali",-0.821071637468904,-0.562508489755373,"Chad"
97,"MLI","Mali",-0.828450334734549,-0.574798491893776,"Chad"
98,"MLI","Mali",-0.83541247970705,-0.587182672494048,"Chad"
99,"MLI","Mali",-0.841935204712501,-0.599638758212007,"Chad"
100,"MLI","Mali",-0.847995999689736,-0.612144162956097,"Chad"
101,"MLI","Mali",-0.853572743248649,-0.62467601697456,"Chad"
102,"MLI","Mali",-0.858643733314931,-0.63721119634554,"Chad"
103,"MLI","Mali",-0.863187717323576,-0.649726352834446,"Chad"
104,"MLI","Mali",-0.867183921924054,-0.662197944082483,"Chad"
105,"MLI","Mali",-0.8706120821606,-0.674602264089806,"Chad"
106,"MLI","Mali",-0.873452470091683,-0.686915473956411,"Chad"
107,"MLI","Mali",-0.875685922813386,-0.699113632843555,"Chad"
108,"MLI","Mali",-0.877293869852083,-0.711172729118184,"Chad"
109,"MLI","Mali",-0.878258359892583,-0.723068711642664,"Chad"
110,"MLI","Mali",-0.878562086808651,-0.734777521171869,"Chad"
111,"MLI","Mali",-0.87818841496366,-0.746275121819567,"Chad"
112,"MLI","Mali",-0.877121403749943,-0.757537532555941,"Chad"
113,"MLI","Mali",-0.875345831336364,-0.768540858698003,"Chad"
114,"MLI","Mali",-0.872847217594499,-0.779261323354696,"Chad"
115,"MLI","Mali",-0.869611846174816,-0.789675298788468,"Chad"
116,"MLI","Mali",-0.865626785705239,-0.79975933765521,"Chad"
117,"MLI","Mali",-0.860879910085497,-0.809490204084584,"Chad"
118,"MLI","Mali",-0.855359917851735,-0.81884490456292,"Chad"
119,"MLI","Mali",-0.849056350586966,-0.827800718581085,"Chad"
120,"MLI","Mali",-0.841959610354046,-0.836335229010007,"Chad"
121,"MLI","Mali",-0.834060976129021,-0.844426352166823,"Chad"
122,"MLI","Mali",-0.825352619213875,-0.852052367534973,"Chad"
123,"MLI","Mali",-0.815827617608903,-0.85919194710199,"Chad"
124,"MLI","Mali",-0.805479969326167,-0.865824184279114,"Chad"
125,"MLI","Mali",-0.794304604626744,-0.871928622367411,"Chad"
126,"MLI","Mali",-0.782297397165731,-0.87748528253554,"Chad"
127,"MLI","Mali",-0.769455174030305,-0.882474691274914,"Chad"
128,"MLI","Mali",-0.755775724657381,-0.886877907298596,"Chad"
129,"MLI","Mali",-0.741257808618794,-0.890676547850919,"Chad"
130,"MLI","Mali",-0.725901162263239,-0.893852814395499,"Chad"
131,"MLI","Mali",-0.709706504205571,-0.896389517650038,"Chad"
132,"MLI","Mali",-0.69267553965541,-0.89827010193709,"Chad"
133,"MLI","Mali",-0.674810963578403,-0.899478668820742,"Chad"
134,"MLI","Mali",-0.656116462684849,-0.9,"Chad"
135,"MLI","Mali",-0.636596716241807,-0.899819579430564,"Chad"
136,"MLI","Mali",-0.616257395706168,-0.898923614647547,"Chad"
137,"MLI","Mali",-0.595105163177613,-0.897299057262649,"Chad"
138,"MLI","Mali",-0.573147668671748,-0.894933622610276,"Chad"
139,"MLI","Mali",-0.55039354621511,-0.891815808518056,"Chad"
140,"MLI","Mali",-0.526852408765156,-0.887934913178285,"Chad"
141,"MLI","Mali",-0.502534841959719,-0.883281052097844,"Chad"
142,"MLI","Mali",-0.477452396701815,-0.877845174105243,"Chad"
143,"MLI","Mali",-0.451617580587076,-0.871619076394551,"Chad"
144,"MLI","Mali",-0.425043848182452,-0.864595418587097,"Chad"
145,"MLI","Mali",-0.397745590166178,-0.856767735792994,"Chad"
146,"MLI","Mali",-0.369738121340392,-0.848130450655708,"Chad"
147,"MLI","Mali",-0.341037667529091,-0.838678884364111,"Chad"
148,"MLI","Mali",-0.311661351375466,-0.828409266617643,"Chad"
149,"MLI","Mali",-0.281627177053963,-0.81731874453148,"Chad"
150,"MLI","Mali",-0.25095401391369,-0.805405390469825,"Chad"
151,"MLI","Mali",-0.219661579071098,-0.792668208796734,"Chad"
152,"MLI","Mali",-0.187770418971091,-0.779107141535135,"Chad"
153,"MLI","Mali",-0.155301889936952,-0.764723072926025,"Chad"
154,"MLI","Mali",-0.122278137730696,-0.749517832881088,"Chad"
155,"MLI","Mali",-0.0887220761466182,-0.733494199323333,"Chad"
156,"MLI","Mali",-0.0546573646619882,-0.71665589941162,"Chad"
157,"MLI","Mali",-0.0201083851699445,-0.6990076096463,"Chad"
158,"MLI","Mali",0.0148997821792486,-0.680554954854494,"Chad"
159,"MLI","Mali",0.0503413840013453,-0.661304506054877,"Chad"
160,"MLI","Mali",0.0861900195374166,-0.641263777203153,"Chad"
161,"MLI","Mali",0.122418667320013,-0.62044122082073,"Chad"
162,"MLI","Mali",0.158999712615978,-0.598846222510448,"Chad"
163,"MLI","Mali",0.195904975614729,-0.576489094364493,"Chad"
164,"MLI","Mali",0.233105740329957,-0.553381067270992,"Chad"
165,"MLI","Mali",0.270572784181814,-0.529534282127044,"Chad"
166,"MLI","Mali",0.308276408225844,-0.504961779967274,"Chad"
167,"MLI","Mali",0.34618646799414,-0.479677491018272,"Chad"
168,"MLI","Mali",0.384272404913486,-0.453696222690531,"Chad"
169,"MLI","Mali",0.422503278264471,-0.427033646520822,"Chad"
170,"MLI","Mali",0.460847797645018,-0.399706284079111,"Chad"
171,"MLI","Mali",0.499274355901066,-0.371731491855416,"Chad"
172,"MLI","Mali",0.537751062486608,-0.343127445143183,"Chad"
173,"MLI","Mali",0.576245777214774,-0.31391312093697,"Chad"
174,"MLI","Mali",0.614726144361151,-0.284108279863387,"Chad"
175,"MLI","Mali",0.653159627080096,-0.253733447165397,"Chad"
176,"MLI","Mali",0.691513542094429,-0.22280989276121,"Chad"
177,"MLI","Mali",0.729755094618526,-0.191359610400117,"Chad"
178,"MLI","Mali",0.767851413474563,-0.159405295938652,"Chad"
179,"MLI","Mali",0.8057695863614,-0.126970324761561,"Chad"
180,"MLI","Mali",0.843476695235393,-0.0940787283730546,"Chad"
181,"MLI","Mali",0.880939851762275,-0.0607551701848052,"Chad"
182,"MLI","Mali",0.918126232799155,-0.0270249205281366,"Chad"
183,"MLI","Mali",0.955003115865607,0.0070861690812515,"Chad"
184,"MLI","Mali",0.991537914562826,0.041551692396763,"Chad"
185,"MLI","Mali",1.02769821389988,0.0763447155824805,"Chad"
186,"MLI","Mali",1.06345180548615,0.111437805011892,"Chad"
187,"MLI","Mali",1.09876672254921,0.146803055692061,"Chad"
188,"MLI","Mali",1.13361127473761,0.182412120280737,"Chad"
189,"MLI","Mali",1.16795408266812,0.218236238663247,"Chad"
190,"MLI","Mali",1.20176411217758,0.254246268055281,"Chad"
191,"MLI","Mali",1.23501070823939,0.290412713597083,"Chad"
192,"MLI","Mali",1.26766362850552,0.326705759403966,"Chad"
193,"MLI","Mali",1.29969307643489,0.363095300037489,"Chad"
194,"MLI","Mali",1.33106973396991,0.399550972361153,"Chad"
195,"MLI","Mali",1.361764793723,0.436042187743998,"Chad"
196,"MLI","Mali",1.39174999063583,0.472538164575048,"Chad"
197,"MLI","Mali",1.42099763307447,0.50900796105117,"Chad"
198,"MLI","Mali",1.44948063332433,0.545420508200601,"Chad"
199,"MLI","Mali",1.47717253744936,0.581744643104056,"Chad"
200,"MLI","Mali",1.50404755448086,0.617949142275144,"Chad"
201,"MLI","Mali",1.53008058490194,0.654002755161557,"Chad"
202,"MLI","Mali",1.55524724839445,0.689874237728371,"Chad"
203,"MLI","Mali",1.57952391081611,0.725532386084691,"Chad"
204,"MLI","Mali",1.60288771037643,0.760946070114781,"Chad"
205,"MLI","Mali",1.62531658298097,0.796084267074814,"Chad"
206,"MLI","Mali",1.64678928671437,0.830916095116414,"Chad"
207,"MLI","Mali",1.66728542543363,0.865410846698199,"Chad"
208,"MLI","Mali",1.68678547144425,0.899538021846692,"Chad"
209,"MLI","Mali",1.7052707872326,0.933267361228082,"Chad"
210,"MLI","Mali",1.72272364622938,0.966568878992585,"Chad"
211,"MLI","Mali",1.73912725257986,0.999412895353338,"Chad"
212,"MLI","Mali",1.75446575989785,1.03177006886211,"Chad"
213,"MLI","Mali",1.76872428898142,1.06361142834443,"Chad"
214,"MLI","Mali",1.78188894446995,1.09490840445714,"Chad"
215,"MLI","Mali",1.79394683042272,1.12563286083175,"Chad"
216,"MLI","Mali",1.80488606480111,1.15575712476756,"Chad"
217,"MLI","Mali",1.81469579283735,1.18525401743886,"Chad"
218,"MLI","Mali",1.82336619927422,1.21409688358132,"Chad"
219,"MLI","Mali",1.83088851946137,1.24225962062296,"Chad"
220,"MLI","Mali",1.83725504929527,1.26971670722602,"Chad"
221,"MLI","Mali",1.84245915399118,1.2964432312066,"Chad"
222,"MLI","Mali",1.84649527567678,1.32241491679965,"Chad"
223,"MLI","Mali",1.84935893979856,1.3476081512376,"Chad"
224,"MLI","Mali",1.85104676033355,1.37200001061194,"Chad"
225,"MLI","Mali",1.85155644379997,1.39556828498759,"Chad"
226,"MLI","Mali",1.85088679206239,1.41829150274092,"Chad"
227,"MLI","Mali",1.84903770392773,1.44014895409324,"Chad"
228,"MLI","Mali",1.84601017553039,1.46112071381234,"Chad"
229,"MLI","Mali",1.84180629950585,1.48118766305582,"Chad"
230,"MLI","Mali",1.83642926295366,1.50033151033072,"Chad"
231,"MLI","Mali",1.82988334419209,1.51853481154525,"Chad"
232,"MLI","Mali",1.82217390830813,1.53578098912924,"Chad"
233,"MLI","Mali",1.81330740150791,1.55205435020116,"Chad"
234,"MLI","Mali",1.80329134427411,1.56734010376053,"Chad"
235,"MLI","Mali",1.79213432333808,1.58162437688595,"Chad"
236,"MLI","Mali",1.77984598247612,1.59489422991973,"Chad"
237,"MLI","Mali",1.76643701214032,1.60713767062159,"Chad"
238,"MLI","Mali",1.75191913793616,1.61834366727508,"Chad"
239,"MLI","Mali",1.73630510795996,1.62850216073137,"Chad"
240,"MLI","Mali",1.71960867901104,1.63760407537653,"Chad"
241,"MLI","Mali",1.70184460169439,1.64564132900958,"Chad"
242,"MLI","Mali",1.68302860443109,1.65260684161986,"Chad"
243,"MLI","Mali",1.66317737639513,1.65849454305349,"Chad"
244,"MLI","Mali",1.64230854939624,1.66329937956018,"Chad"
245,"MLI","Mali",1.62044067872971,1.66701731921265,"Chad"
246,"MLI","Mali",1.59759322301552,1.66964535619261,"Chad"
247,"MLI","Mali",1.57378652304999,1.67118151393815,"Chad"
248,"MLI","Mali",1.54904177969449,1.67162484714913,"Chad"
249,"MLI","Mali",1.52338103082688,1.67097544264813,"Chad"
250,"MLI","Mali",1.49682712738225,1.66923441909616,"Chad"
251,"MLI","Mali",1.46940370851091,1.66640392556336,"Chad"
252,"MLI","Mali",1.44113517588221,1.6624871389566,"Chad"
253,"MLI","Mali",1.41204666716408,1.65748826030689,"Chad"
254,"MLI","Mali",1.38216402870898,1.65141250992102,"Chad"
255,"MLI","Mali",1.35151378747789,1.64426612140322,"Chad"
256,"MLI","Mali",1.32012312223488,1.6360563345537,"Chad"
257,"MLI","Mali",1.28801983404554,1.62679138715259,"Chad"
258,"MLI","Mali",1.25523231611359,1.61648050563876,"Chad"
259,"MLI","Mali",1.22178952299043,1.60513389469452,"Chad"
260,"MLI","Mali",1.18772093919338,1.59276272574837,"Chad"
261,"MLI","Mali",1.15305654726882,1.57937912440921,"Chad"
262,"MLI","Mali",1.11782679533742,1.56499615684679,"Chad"
263,"MLI","Mali",1.08206256415869,1.54962781513419,"Chad"
264,"MLI","Mali",1.04579513375326,1.53328900156963,"Chad"
265,"MLI","Mali",1.00905614962122,1.51599551199575,"Chad"
266,"MLI","Mali",0.971877588595881,1.49776401813593,"Chad"
267,"MLI","Mali",0.934291724372118,1.4786120489683,"Chad"
268,"MLI","Mali",0.896331092749378,1.45855797115909,"Chad"
269,"MLI","Mali",0.858028456629374,1.4376209685782,"Chad"
270,"MLI","Mali",0.819416770808976,1.41582102092091,"Chad"
271,"MLI","Mali",0.780529146608885,1.39317888146066,"Chad"
272,"MLI","Mali",0.741398816378968,1.36971605395875,"Chad"
273,"MLI","Mali",0.702059097921198,1.34545476875804,"Chad"
274,"MLI","Mali",0.66254335887123,1.32041795808839,"Chad"
275,"MLI","Mali",0.622884981079672,1.29462923061262,"Chad"
276,"MLI","Mali",0.58311732503414,1.26811284524279,"Chad"
277,"MLI","Mali",0.543273694363032,1.24089368425709,"Chad"
278,"MLI","Mali",0.503387300461937,1.2129972257488,"Chad"
279,"MLI","Mali",0.463491227283364,1.18444951543936,"Chad"
280,"MLI","Mali",0.42361839633029,1.15527713788836,"Chad"
281,"MLI","Mali",0.383801531893802,1.12550718713388,"Chad"
282,"MLI","Mali",0.344073126574722,1.09516723679752,"Chad"
283,"MLI","Mali",0.304465407128857,1.0642853096887,"Chad"
284,"MLI","Mali",0.265010300675019,1.03288984694371,"Chad"
285,"MLI","Mali",0.225739401304578,1.0010096767353,"Chad"
286,"MLI","Mali",0.186683937130823,0.968673982589254,"Chad"
287,"MLI","Mali",0.14787473781581,0.935912271344753,"Chad"
288,"MLI","Mali",0.109342202611873,0.902754340795646,"Chad"
289,"MLI","Mali",0.071116268954318,0.869230247050357,"Chad"
290,"MLI","Mali",0.0332263816411168,0.835370271648209,"Chad"
291,"MLI","Mali",-0.00429853736519024,0.801204888470382,"Chad"
292,"MLI","Mali",-0.0414301184790573,0.76676473048385,"Chad"
293,"MLI","Mali",-0.0781405733432787,0.73208055635692,"Chad"
294,"MLI","Mali",-0.11440272295741,0.697183216985013,"Chad"
295,"MLI","Mali",-0.150190025051271,0.662103621965536,"Chad"
296,"MLI","Mali",-0.185476600672617,0.626872706060616,"Chad"
297,"MLI","Mali",-0.220237259958809,0.591521395686594,"Chad"
298,"MLI","Mali",-0.25444752706347,0.556080575469001,"Chad"
299,"MLI","Mali",-0.288083664209997,0.520581054901751,"Chad"
300,"MLI","Mali",-0.321122694844921,0.485053535149054,"Chad"
301,"MLI","Mali",-0.353542425865112,0.449528576028472,"Chad"
302,"MLI","Mali",-0.385321468894016,0.414036563213178,"Chad"
303,"MLI","Mali",-0.416439260583148,0.378607675691347,"Chad"
304,"MLI","Mali",-0.44687608191632,0.343271853520155,"Chad"
305,"MLI","Mali",-0.476613076495182,0.308058765911619,"Chad"
306,"MLI","Mali",-0.505632267785958,0.272997779686991,"Chad"
307,"MLI","Mali",-0.533916575308404,0.23811792813606,"Chad"
308,"MLI","Mali",-0.561449829749355,0.203447880317153,"Chad"
309,"MLI","Mali",-0.58821678698443,0.16901591083317,"Chad"
310,"MLI","Mali",-0.614203140992845,0.134849870118286,"Chad"
311,"MLI","Mali",-0.639395535651504,0.100977155269495,"Chad"
312,"MLI","Mali",-0.663781575395974,0.067424681456357,"Chad"
313,"MLI","Mali",-0.687349834737182,0.0342188539417403,"Chad"
314,"MLI","Mali",-0.710089866624143,0.00138554074550412,"Chad"
315,"MLI","Mali",-0.7319922096443,-0.0310499540175956,"Chad"
316,"MLI","Mali",-0.7530483940545,-0.0630629160954124,"Chad"
317,"MLI","Mali",-0.773250946636989,-0.0946292463217246,"Chad"
318,"MLI","Mali",-0.79259339437621,-0.125725485076692,"Chad"
319,"MLI","Mali",-0.811070266953559,-0.156328835956651,"Chad"
320,"MLI","Mali",-0.828677098058718,-0.18641718862646,"Chad"
321,"MLI","Mali",-0.845410425517501,-0.215969140828503,"Chad"
322,"MLI","Mali",-0.861267790237622,-0.244964019523547,"Chad"
323,"MLI","Mali",-0.876247733975139,-0.27338190113961,"Chad"
324,"MLI","Mali",-0.890349795925778,-0.30120363090615,"Chad"
325,"MLI","Mali",-0.903574508146657,-0.328410841251873,"Chad"
326,"MLI","Mali",-0.9159233898154,-0.354985969245674,"Chad"
327,"MLI","Mali",-0.927398940334922,-0.38091227306131,"Chad"
328,"MLI","Mali",-0.938004631293588,-0.406173847447556,"Chad"
329,"MLI","Mali",-0.947744897291773,-0.430755638186855,"Chad"
330,"MLI","Mali",-0.956625125647195,-0.454643455526565,"Chad"
331,"MLI","Mali",-0.964651644992716,-0.477823986568258,"Chad"
332,"MLI","Mali",-0.971831712781609,-0.500284806601632,"Chad"
333,"MLI","Mali",-0.97817350171658,-0.522014389370973,"Chad"
334,"MLI","Mali",-0.98368608512011,-0.543002116263308,"Chad"
335,"MLI","Mali",-0.988379421264907,-0.563238284408648,"Chad"
336,"MLI","Mali",-0.992264336684507,-0.582714113684114,"Chad"
337,"MLI","Mali",-0.995352508485246,-0.601421752614913,"Chad"
338,"MLI","Mali",-0.997656445682013,-0.619354283166556,"Chad"
339,"MLI","Mali",-0.999189469581325,-0.636505724423933,"Chad"
340,"MLI","Mali",-0.999965693236403,-0.65287103515427,"Chad"
341,"MLI","Mali",-1,-0.668446115252218,"Chad"
342,"MLI","Mali",-0.999308021201807,-0.68322780606676,"Chad"
343,"MLI","Mali",-0.997906112978275,-0.697213889610837,"Chad"
344,"MLI","Mali",-0.99581133228369,-0.710403086656018,"Chad"
345,"MLI","Mali",-0.993041412112309,-0.722795053715795,"Chad"
346,"MLI","Mali",-0.989614735962251,-0.73439037892241,"Chad"
347,"MLI","Mali",-0.985550311572777,-0.745190576803479,"Chad"
348,"MLI","Mali",-0.980867743967388,-0.755198081965905,"Chad"
349,"MLI","Mali",-0.975587207836014,-0.764416241695934,"Chad"
350,"MLI","Mali",-0.969729419290324,-0.772849307485441,"Chad"
351,"MLI","Mali",-0.96331560702691,-0.780502425495857,"Chad"
352,"MLI","Mali",-0.956367482933808,-0.78738162597232,"Chad"
353,"MLI","Mali",-0.94890721217642,-0.793493811621981,"Chad"
354,"MLI","Mali",-0.940957382799568,-0.798846744971526,"Chad"
355,"MLI","Mali",-0.932540974882887,-0.803449034720239,"Chad"
356,"MLI","Mali",-0.92368132928736,-0.807310121106091,"Chad"
357,"MLI","Mali",-0.914402116031206,-0.810440260303516,"Chad"
358,"MLI","Mali",-0.904727302333775,-0.812850507872666,"Chad"
359,"MLI","Mali",-0.894681120366491,-0.814552701281071,"Chad"
360,"MLI","Mali",-0.884288034750197,-0.815559441519719,"Chad"
361,"MLI","Mali",-0.873572709838546,-0.815884073836623,"Chad"
362,"MLI","Mali",-0.862559976827314,-0.815540667611995,"Chad"
363,"MLI","Mali",-0.851274800729708,-0.814543995400174,"Chad"
364,"MLI","Mali",-0.839742247257866,-0.812909511164388,"Chad"
365,"MLI","Mali",-0.827987449650851,-0.810653327731431,"Chad"
1,"MOZ","Mozambique",1.5769313411236,-0.270542929789853,NA
2,"MOZ","Mozambique",1.60236124702425,-0.253568497532495,NA
3,"MOZ","Mozambique",1.6269637340806,-0.236042378412849,NA
4,"MOZ","Mozambique",1.6507183065065,-0.21797295365772,NA
5,"MOZ","Mozambique",1.67360515332884,-0.199369326514072,NA
6,"MOZ","Mozambique",1.69560516939536,-0.180241315108368,NA
7,"MOZ","Mozambique",1.71669997564141,-0.160599444434411,NA
8,"MOZ","Mozambique",1.73687193859252,-0.140454937478104,NA
9,"MOZ","Mozambique",1.75610418908027,-0.1198197054886,NA
10,"MOZ","Mozambique",1.77438064014986,-0.0987063374062935,NA
11,"MOZ","Mozambique",1.79168600413897,-0.0771280884591425,NA
12,"MOZ","Mozambique",1.80800580890797,-0.0550988679397958,NA
13,"MOZ","Mozambique",1.82332641320309,-0.0326332261769755,NA
14,"MOZ","Mozambique",1.8376350211347,-0.00974634071553176,NA
15,"MOZ","Mozambique",1.85091969575406,0.0135459982794634,NA
16,"MOZ","Mozambique",1.86316937171298,0.0372274033782916,NA
17,"MOZ","Mozambique",1.87437386699179,0.061280905984627,NA
18,"MOZ","Mozambique",1.88452389368209,0.0856889731579459,NA
19,"MOZ","Mozambique",1.893611067812,0.110433525141343,NA
20,"MOZ","Mozambique",1.90162791820245,0.135495953574945,NA
21,"MOZ","Mozambique",1.90856789434451,0.160857140374282,NA
22,"MOZ","Mozambique",1.91442537328853,0.186497477252196,NA
23,"MOZ","Mozambique",1.91919566553738,0.212396885862065,NA
24,"MOZ","Mozambique",1.9228750199369,0.238534838539392,NA
25,"MOZ","Mozambique",1.92546062755792,0.264890379618081,NA
26,"MOZ","Mozambique",1.9269506245656,0.291442147297038,NA
27,"MOZ","Mozambique",1.92734409407269,0.31816839603204,NA
28,"MOZ","Mozambique",1.92664106697459,0.345047019427216,NA
29,"MOZ","Mozambique",1.9248425217654,0.372055573599868,NA
30,"MOZ","Mozambique",1.9219503833352,0.399171300991758,NA
31,"MOZ","Mozambique",1.9179675207499,0.426371154599489,NA
32,"MOZ","Mozambique",1.91289774401636,0.453631822596064,NA
33,"MOZ","Mozambique",1.90674579983664,0.480929753315239,NA
34,"MOZ","Mozambique",1.89951736635611,0.508241180569846,NA
35,"MOZ","Mozambique",1.89121904691174,0.535542149274847,NA
36,"MOZ","Mozambique",1.88185836278775,0.562808541345505,NA
37,"MOZ","Mozambique",1.87144374498706,0.59001610184071,NA
38,"MOZ","Mozambique",1.85998452502806,0.617140465321212,NA
39,"MOZ","Mozambique",1.84749092477734,0.644157182392214,NA
40,"MOZ","Mozambique",1.83397404533035,0.671041746399569,NA
41,"MOZ","Mozambique",1.81944585495258,0.697769620248611,NA
42,"MOZ","Mozambique",1.8039191760955,0.7243162633145,NA
43,"MOZ","Mozambique",1.78740767150214,0.750657158412824,NA
44,"MOZ","Mozambique",1.76992582941842,0.776767838799119,NA
45,"MOZ","Mozambique",1.75148894792735,0.802623915165927,NA
46,"MOZ","Mozambique",1.73211311842425,0.828201102605977,NA
47,"MOZ","Mozambique",1.71181520825206,0.853475247510108,NA
48,"MOZ","Mozambique",1.69061284251681,0.878422354368624,NA
49,"MOZ","Mozambique",1.66852438510428,0.903018612444845,NA
50,"MOZ","Mozambique",1.64556891891984,0.927240422289774,NA
51,"MOZ","Mozambique",1.62176622537418,0.951064422066947,NA
52,"MOZ","Mozambique",1.59713676313873,0.974467513656768,NA
53,"MOZ","Mozambique",1.57170164619519,0.997426888509855,NA
54,"MOZ","Mozambique",1.54548262120466,1.01992005321919,NA
55,"MOZ","Mozambique",1.51850204422229,1.04192485478125,NA
56,"MOZ","Mozambique",1.49078285678448,1.06341950551648,NA
57,"MOZ","Mozambique",1.4623485613961,1.08438260762015,NA
58,"MOZ","Mozambique",1.43322319644604,1.10479317731468,NA
59,"MOZ","Mozambique",1.40343131057996,1.1246306685753,NA
60,"MOZ","Mozambique",1.37299793655981,1.14387499640121,NA
61,"MOZ","Mozambique",1.34194856464021,1.16250655960496,NA
62,"MOZ","Mozambique",1.3103091154923,1.18050626309346,NA
63,"MOZ","Mozambique",1.27810591270631,1.19785553961428,NA
64,"MOZ","Mozambique",1.24536565490437,1.21453637094192,NA
65,"MOZ","Mozambique",1.21211538749575,1.23053130847916,NA
66,"MOZ","Mozambique",1.17838247410691,1.24582349324915,NA
67,"MOZ","Mozambique",1.14419456771924,1.2603966752549,NA
68,"MOZ","Mozambique",1.10957958154757,1.27423523218342,NA
69,"MOZ","Mozambique",1.07456565969302,1.28732418743231,NA
70,"MOZ","Mozambique",1.03918114760371,1.29964922743789,NA
71,"MOZ","Mozambique",1.00345456237726,1.31119671828409,NA
72,"MOZ","Mozambique",0.967414562939233,1.32195372157292,NA
73,"MOZ","Mozambique",0.931089920131492,1.3319080095374,NA
74,"MOZ","Mozambique",0.894509486744879,1.34104807937945,NA
75,"MOZ","Mozambique",0.857702167530431,1.34936316681554,NA
76,"MOZ","Mozambique",0.82069688922346,1.35684325881419,NA
77,"MOZ","Mozambique",0.783522570614735,1.36347910551027,NA
78,"MOZ","Mozambique",0.746208092702966,1.36926223128179,NA
79,"MOZ","Mozambique",0.708782268962638,1.37418494497624,NA
80,"MOZ","Mozambique",0.671273815761114,1.37824034927412,NA
81,"MOZ","Mozambique",0.6337113229587,1.38142234917866,NA
82,"MOZ","Mozambique",0.596123224725161,1.38372565962134,NA
83,"MOZ","Mozambique",0.558537770605868,1.38514581217438,NA
84,"MOZ","Mozambique",0.520982996870469,1.38567916086184,NA
85,"MOZ","Mozambique",0.483486698176597,1.38532288706245,NA
86,"MOZ","Mozambique",0.446076399580755,1.38407500349819,NA
87,"MOZ","Mozambique",0.408779328928097,1.38193435730353,NA
88,"MOZ","Mozambique",0.371622389652313,1.37890063217175,NA
89,"MOZ","Mozambique",0.33463213401638,1.37497434957532,NA
90,"MOZ","Mozambique",0.297834736824371,1.37015686905873,NA
91,"MOZ","Mozambique",0.261255969633921,1.36445038760331,NA
92,"MOZ","Mozambique",0.224921175498392,1.35785793806416,NA
93,"MOZ","Mozambique",0.188855244267094,1.35038338668106,NA
94,"MOZ","Mozambique",0.153082588471243,1.34203142966586,NA
95,"MOZ","Mozambique",0.117627119822659,1.33280758886995,NA
96,"MOZ","Mozambique",0.0825122263514374,1.32271820653679,NA
97,"MOZ","Mozambique",0.0477607502080688,1.31177043914512,NA
98,"MOZ","Mozambique",0.0133949661546829,1.2999722503499,NA
99,"MOZ","Mozambique",-0.020563439230748,1.28733240302885,NA
100,"MOZ","Mozambique",-0.0540933876142463,1.27386045044359,NA
101,"MOZ","Mozambique",-0.0871744282076197,1.2595667265254,NA
102,"MOZ","Mozambique",-0.119786756290997,1.24446233529664,NA
103,"MOZ","Mozambique",-0.151911230935864,1.22855913943991,NA
104,"MOZ","Mozambique",-0.183529391909285,1.21186974802784,NA
105,"MOZ","Mozambique",-0.214623475740997,1.19440750342774,NA
106,"MOZ","Mozambique",-0.245176430936054,1.17618646739593,NA
107,"MOZ","Mozambique",-0.27517193231672,1.1572214063777,NA
108,"MOZ","Mozambique",-0.304594394478353,1.13752777602972,NA
109,"MOZ","Mozambique",-0.333428984345077,1.11712170498275,NA
110,"MOZ","Mozambique",-0.361661632812121,1.09601997786309,NA
111,"MOZ","Mozambique",-0.389279045462767,1.07424001759252,NA
112,"MOZ","Mozambique",-0.416268712349002,1.0517998669867,NA
113,"MOZ","Mozambique",-0.442618916826016,1.02871816967361,NA
114,"MOZ","Mozambique",-0.468318743431887,1.00501415035352,NA
115,"MOZ","Mozambique",-0.493358084804861,0.980707594423566,NA
116,"MOZ","Mozambique",-0.517727647631837,0.955818826990123,NA
117,"MOZ","Mozambique",-0.541418957622787,0.930368691293188,NA
118,"MOZ","Mozambique",-0.564424363506992,0.904378526567652,NA
119,"MOZ","Mozambique",-0.586737040048176,0.877870145366878,NA
120,"MOZ","Mozambique",-0.608350990076725,0.850865810374705,NA
121,"MOZ","Mozambique",-0.629261045538413,0.823388210732576,NA
122,"MOZ","Mozambique",-0.649462867560157,0.795460437909041,NA
123,"MOZ","Mozambique",-0.668952945534536,0.767105961139407,NA
124,"MOZ","Mozambique",-0.687728595225946,0.73834860246383,NA
125,"MOZ","Mozambique",-0.705787955902443,0.709212511392572,NA
126,"MOZ","Mozambique",-0.723129986498439,0.679722139227595,NA
127,"MOZ","Mozambique",-0.739754460814623,0.649902213070063,NA
128,"MOZ","Mozambique",-0.755661961762557,0.619777709543655,NA
129,"MOZ","Mozambique",-0.770853874662568,0.589373828263952,NA
130,"MOZ","Mozambique",-0.785332379604658,0.558715965084426,NA
131,"MOZ","Mozambique",-0.799100442883251,0.527829685149804,NA
132,"MOZ","Mozambique",-0.812161807517727,0.496740695787841,NA
133,"MOZ","Mozambique",-0.824520982871717,0.465474819270649,NA
134,"MOZ","Mozambique",-0.83618323338524,0.434057965476933,NA
135,"MOZ","Mozambique",-0.847154566434791,0.402516104486558,NA
136,"MOZ","Mozambique",-0.857441719337506,0.370875239138952,NA
137,"MOZ","Mozambique",-0.867052145516565,0.339161377586869,NA
138,"MOZ","Mozambique",-0.875993999845945,0.307400505877063,NA
139,"MOZ","Mozambique",-0.884276123193634,0.275618560589337,NA
140,"MOZ","Mozambique",-0.891908026183321,0.2438414015654,NA
141,"MOZ","Mozambique",-0.898899872195545,0.212094784758802,NA
142,"MOZ","Mozambique",-0.905262459630111,0.180404335237107,NA
143,"MOZ","Mozambique",-0.911007203452512,0.14879552036725,NA
144,"MOZ","Mozambique",-0.916146116047886,0.117293623214809,NA
145,"MOZ","Mozambique",-0.920691787406875,0.0859237161876347,NA
146,"MOZ","Mozambique",-0.924657364668513,0.0547106349540501,NA
147,"MOZ","Mozambique",-0.928056531046035,0.0236789526654093,NA
148,"MOZ","Mozambique",-0.930903484162214,-0.00714704548748363,NA
149,"MOZ","Mozambique",-0.93321291382151,-0.0377433873550549,NA
150,"MOZ","Mozambique",-0.934999979246977,-0.0680864385180918,NA
151,"MOZ","Mozambique",-0.936280285810502,-0.098152926557178,NA
152,"MOZ","Mozambique",-0.937069861285512,-0.127919964874774,NA
153,"MOZ","Mozambique",-0.937385131651865,-0.157365076042826,NA
154,"MOZ","Mozambique",-0.937242896483127,-0.186466214649343,NA
155,"MOZ","Mozambique",-0.93666030394695,-0.215201789617999,NA
156,"MOZ","Mozambique",-0.935654825449665,-0.243550685975432,NA
157,"MOZ","Mozambique",-0.934244229956649,-0.271492286041569,NA
158,"MOZ","Mozambique",-0.932446558020372,-0.299006490019003,NA
159,"MOZ","Mozambique",-0.930280095548354,-0.326073735958157,NA
160,"MOZ","Mozambique",-0.927763347343571,-0.352675019075728,NA
161,"MOZ","Mozambique",-0.924915010450074,-0.378791910404634,NA
162,"MOZ","Mozambique",-0.92175394733683,-0.404406574754534,NA
163,"MOZ","Mozambique",-0.918299158952924,-0.429501787962772,NA
164,"MOZ","Mozambique",-0.914569757687444,-0.45406095341645,NA
165,"MOZ","Mozambique",-0.910584940267406,-0.478068117827212,NA
166,"MOZ","Mozambique",-0.906363960627187,-0.501507986241181,NA
167,"MOZ","Mozambique",-0.9019261027829,-0.524365936267424,NA
168,"MOZ","Mozambique",-0.897290653745144,-0.546628031509248,NA
169,"MOZ","Mozambique",-0.892476876503487,-0.568281034183534,NA
170,"MOZ","Mozambique",-0.887503983115928,-0.589312416914336,NA
171,"MOZ","Mozambique",-0.882391107936441,-0.609710373687908,NA
172,"MOZ","Mozambique",-0.877157281013534,-0.629463829957332,NA
173,"MOZ","Mozambique",-0.87182140169248,-0.648562451885918,NA
174,"MOZ","Mozambique",-0.866402212453686,-0.666996654719584,NA
175,"MOZ","Mozambique",-0.860918273019283,-0.684757610279423,NA
176,"MOZ","Mozambique",-0.855387934759751,-0.701837253566739,NA
177,"MOZ","Mozambique",-0.84982931543195,-0.718228288473862,NA
178,"MOZ","Mozambique",-0.844260274279553,-0.733924192595104,NA
179,"MOZ","Mozambique",-0.838698387526405,-0.748919221133307,NA
180,"MOZ","Mozambique",-0.833160924292841,-0.763208409898476,NA
181,"MOZ","Mozambique",-0.82766482296447,-0.776787577396074,NA
182,"MOZ","Mozambique",-0.822226668042374,-0.789653326003624,NA
183,"MOZ","Mozambique",-0.816862667503065,-0.80180304223536,NA
184,"MOZ","Mozambique",-0.811588630695923,-0.813234896095702,NA
185,"MOZ","Mozambique",-0.806419946805162,-0.82394783952346,NA
186,"MOZ","Mozambique",-0.801371563902689,-0.833941603929682,NA
187,"MOZ","Mozambique",-0.796457968617471,-0.843216696833198,NA
188,"MOZ","Mozambique",-0.791693166446297,-0.851774397598906,NA
189,"MOZ","Mozambique",-0.78709066273001,-0.859616752284959,NA
190,"MOZ","Mozambique",-0.782663444318464,-0.866746567606024,NA
191,"MOZ","Mozambique",-0.778423961946652,-0.873167404020841,NA
192,"MOZ","Mozambique",-0.774384113343526,-0.878883567953346,NA
193,"MOZ","Mozambique",-0.770555227094176,-0.883900103157615,NA
194,"MOZ","Mozambique",-0.766948047275103,-0.888222781237932,NA
195,"MOZ","Mozambique",-0.763572718881355,-0.891858091336226,NA
196,"MOZ","Mozambique",-0.760438774063357,-0.894813229000158,NA
197,"MOZ","Mozambique",-0.757555119190247,-0.897096084246053,NA
198,"MOZ","Mozambique",-0.754930022755559,-0.898715228831832,NA
199,"MOZ","Mozambique",-0.752571104140023,-0.899679902756049,NA
200,"MOZ","Mozambique",-0.750485323245226,-0.9,NA
201,"MOZ","Mozambique",-0.748678971010836,-0.899686053530797,NA
202,"MOZ","Mozambique",-0.747157660826974,-0.89874921958415,NA
203,"MOZ","Mozambique",-0.745926320852252,-0.897201261246434,NA
204,"MOZ","Mozambique",-0.74498918724689,-0.89505453135646,NA
205,"MOZ","Mozambique",-0.744349798329213,-0.892321954748137,NA
206,"MOZ","Mozambique",-0.744010989662672,-0.889017009856,NA
207,"MOZ","Mozambique",-0.743974890079462,-0.885153709706323,NA
208,"MOZ","Mozambique",-0.744242918645601,-0.880746582317232,NA
209,"MOZ","Mozambique",-0.744815782571229,-0.875810650531944,NA
210,"MOZ","Mozambique",-0.745693476068739,-0.870361411309911,NA
211,"MOZ","Mozambique",-0.746875280160153,-0.864414814501256,NA
212,"MOZ","Mozambique",-0.748359763434062,-0.857987241130523,NA
213,"MOZ","Mozambique",-0.750144783751239,-0.851095481216307,NA
214,"MOZ","Mozambique",-0.752227490896913,-0.843756711153862,NA
215,"MOZ","Mozambique",-0.754604330176517,-0.835988470688316,NA
216,"MOZ","Mozambique",-0.757271046950597,-0.82780863950656,NA
217,"MOZ","Mozambique",-0.760222692103396,-0.819235413476338,NA
218,"MOZ","Mozambique",-0.763453628438523,-0.810287280561456,NA
219,"MOZ","Mozambique",-0.766957537993948,-0.800982996442412,NA
220,"MOZ","Mozambique",-0.770727430267494,-0.791341559872062,NA
221,"MOZ","Mozambique",-0.774755651342827,-0.781382187796245,NA
222,"MOZ","Mozambique",-0.779033893904903,-0.771124290269566,NA
223,"MOZ","Mozambique",-0.783553208132713,-0.760587445196742,NA
224,"MOZ","Mozambique",-0.788304013456103,-0.749791372930111,NA
225,"MOZ","Mozambique",-0.793276111162398,-0.738755910754076,NA
226,"MOZ","Mozambique",-0.798458697837519,-0.727500987287347,NA
227,"MOZ","Mozambique",-0.803840379625258,-0.716046596833946,NA
228,"MOZ","Mozambique",-0.809409187287378,-0.704412773713971,NA
229,"MOZ","Mozambique",-0.815152592046238,-0.692619566605131,NA
230,"MOZ","Mozambique",-0.821057522190662,-0.680687012926018,NA
231,"MOZ","Mozambique",-0.827110380424859,-0.668635113292052,NA
232,"MOZ","Mozambique",-0.83329706193928,-0.656483806074869,NA
233,"MOZ","Mozambique",-0.839602973181413,-0.644252942095854,NA
234,"MOZ","Mozambique",-0.84601305130366,-0.631962259484288,NA
235,"MOZ","Mozambique",-0.85251178426462,-0.619631358730387,NA
236,"MOZ","Mozambique",-0.859083231559262,-0.607279677963273,NA
237,"MOZ","Mozambique",-0.86571104555276,-0.594926468483602,NA
238,"MOZ","Mozambique",-0.87237849339194,-0.582590770580288,NA
239,"MOZ","Mozambique",-0.879068479467658,-0.570291389660374,NA
240,"MOZ","Mozambique",-0.88576356840068,-0.558046872720744,NA
241,"MOZ","Mozambique",-0.892446008523026,-0.545875485189911,NA
242,"MOZ","Mozambique",-0.8990977558261,-0.533795188167694,NA
243,"MOZ","Mozambique",-0.905700498346391,-0.521823616090075,NA
244,"MOZ","Mozambique",-0.912235680958916,-0.50997805484603,NA
245,"MOZ","Mozambique",-0.918684530548127,-0.498275420372548,NA
246,"MOZ","Mozambique",-0.925028081525506,-0.486732237753494,NA
247,"MOZ","Mozambique",-0.93124720166263,-0.475364620847325,NA
248,"MOZ","Mozambique",-0.937322618208097,-0.464188252468055,NA
249,"MOZ","Mozambique",-0.943234944256339,-0.45321836514315,NA
250,"MOZ","Mozambique",-0.948964705336031,-0.442469722471377,NA
251,"MOZ","Mozambique",-0.954492366185498,-0.431956601102857,NA
252,"MOZ","Mozambique",-0.959798357682309,-0.421692773362844,NA
253,"MOZ","Mozambique",-0.964863103894013,-0.411691490539953,NA
254,"MOZ","Mozambique",-0.969667049216808,-0.401965466858768,NA
255,"MOZ","Mozambique",-0.97419068556883,-0.39252686415591,NA
256,"MOZ","Mozambique",-0.978414579604614,-0.383387277277811,NA
257,"MOZ","Mozambique",-0.982319399917295,-0.374557720217551,NA
258,"MOZ","Mozambique",-0.985885944195036,-0.366048613007233,NA
259,"MOZ","Mozambique",-0.989095166298273,-0.357869769381426,NA
260,"MOZ","Mozambique",-0.991928203224381,-0.350030385226327,NA
261,"MOZ","Mozambique",-0.994366401926513,-0.342539027828274,NA
262,"MOZ","Mozambique",-0.996391345953502,-0.335403625934332,NA
263,"MOZ","Mozambique",-0.997984881877908,-0.328631460636661,NA
264,"MOZ","Mozambique",-0.999129145479526,-0.322229157091379,NA
265,"MOZ","Mozambique",-0.999806587651938,-0.316202677081647,NA
266,"MOZ","Mozambique",-1,-0.310557312433656,NA
267,"MOZ","Mozambique",-0.999692540096512,-0.305297679293178,NA
268,"MOZ","Mozambique",-0.998867756366679,-0.300427713269306,NA
269,"MOZ","Mozambique",-0.997509612569437,-0.295950665450952,NA
270,"MOZ","Mozambique",-0.995602511845126,-0.291869099300623,NA
271,"MOZ","Mozambique",-0.993131320299532,-0.288184888428944,NA
272,"MOZ","Mozambique",-0.990081390094829,-0.284899215252305,NA
273,"MOZ","Mozambique",-0.986438582018529,-0.282012570534987,NA
274,"MOZ","Mozambique",-0.982189287502144,-0.279524753816011,NA
275,"MOZ","Mozambique",-0.977320450061903,-0.277434874719914,NA
276,"MOZ","Mozambique",-0.971819586134556,-0.275741355149578,NA
277,"MOZ","Mozambique",-0.965674805281952,-0.274441932358184,NA
278,"MOZ","Mozambique",-0.958874829738868,-0.273533662896271,NA
279,"MOZ","Mozambique",-0.951409013279289,-0.273012927428881,NA
280,"MOZ","Mozambique",-0.94326735937716,-0.272875436416658,NA
281,"MOZ","Mozambique",-0.934440538638431,-0.273116236653766,NA
282,"MOZ","Mozambique",-0.924919905482092,-0.273729718654455,NA
283,"MOZ","Mozambique",-0.914697514048753,-0.274709624879055,NA
284,"MOZ","Mozambique",-0.90376613331624,-0.27604905878919,NA
285,"MOZ","Mozambique",-0.8921192614026,-0.277740494721001,NA
286,"MOZ","Mozambique",-0.879751139037876,-0.279775788564155,NA
287,"MOZ","Mozambique",-0.866656762186955,-0.282146189233474,NA
288,"MOZ","Mozambique",-0.852831893806832,-0.284842350919056,NA
289,"MOZ","Mozambique",-0.838273074722619,-0.287854346099789,NA
290,"MOZ","Mozambique",-0.822977633607675,-0.291171679304283,NA
291,"MOZ","Mozambique",-0.806943696054284,-0.294783301602311,NA
292,"MOZ","Mozambique",-0.790170192722387,-0.298677625808973,NA
293,"MOZ","Mozambique",-0.772656866554947,-0.302842542382944,NA
294,"MOZ","Mozambique",-0.754404279049636,-0.307265435999312,NA
295,"MOZ","Mozambique",-0.735413815577647,-0.311933202776721,NA
296,"MOZ","Mozambique",-0.71568768974154,-0.316832268137716,NA
297,"MOZ","Mozambique",-0.695228946765201,-0.321948605280428,NA
298,"MOZ","Mozambique",-0.674041465910087,-0.327267754239017,NA
299,"MOZ","Mozambique",-0.652129961913138,-0.332774841509541,NA
300,"MOZ","Mozambique",-0.629499985442835,-0.338454600217269,NA
301,"MOZ","Mozambique",-0.606157922571098,-0.344291390800774,NA
302,"MOZ","Mozambique",-0.582110993259828,-0.350269222187525,NA
303,"MOZ","Mozambique",-0.557367248862128,-0.356371773435106,NA
304,"MOZ","Mozambique",-0.531935568639331,-0.362582415811601,NA
305,"MOZ","Mozambique",-0.505825655296208,-0.368884235288185,NA
306,"MOZ","Mozambique",-0.47904802953781,-0.375260055416417,NA
307,"MOZ","Mozambique",-0.451614023652635,-0.381692460562295,NA
308,"MOZ","Mozambique",-0.42353577412791,-0.388163819468686,NA
309,"MOZ","Mozambique",-0.394826213303972,-0.394656309117317,NA
310,"MOZ","Mozambique",-0.365499060075808,-0.401151938861207,NA
311,"MOZ","Mozambique",-0.335568809651049,-0.407632574798002,NA
312,"MOZ","Mozambique",-0.305050722374704,-0.414079964354453,NA
313,"MOZ","Mozambique",-0.27396081163217,-0.420475761051973,NA
314,"MOZ","Mozambique",-0.242315830843016,-0.42680154942299,NA
315,"MOZ","Mozambique",-0.210133259559235,-0.43303887004763,NA
316,"MOZ","Mozambique",-0.177431288682649,-0.439169244680103,NA
317,"MOZ","Mozambique",-0.144228804817241,-0.445174201434045,NA
318,"MOZ","Mozambique",-0.110545373773191,-0.45103529999601,NA
319,"MOZ","Mozambique",-0.0764012232404565,-0.456734156836216,NA
320,"MOZ","Mozambique",-0.0418172246506497,-0.462252470385703,NA
321,"MOZ","Mozambique",-0.00681487424702556,-0.467572046149034,NA
322,"MOZ","Mozambique",0.0285837266167512,-0.472674821721778,NA
323,"MOZ","Mozambique",0.0643558919273694,-0.477542891682086,NA
324,"MOZ","Mozambique",0.100478372189686,-0.482158532325842,NA
325,"MOZ","Mozambique",0.136927376308126,-0.486504226215023,NA
326,"MOZ","Mozambique",0.173678594147464,-0.490562686509118,NA
327,"MOZ","Mozambique",0.210707219747896,-0.494316881049728,NA
328,"MOZ","Mozambique",0.247987975168531,-0.497750056168716,NA
329,"MOZ","Mozambique",0.285495134932735,-0.500845760190634,NA
330,"MOZ","Mozambique",0.323202551047925,-0.503587866600475,NA
331,"MOZ","Mozambique",0.361083678571857,-0.505960596848225,NA
332,"MOZ","Mozambique",0.399111601696633,-0.507948542762068,NA
333,"MOZ","Mozambique",0.437259060321165,-0.509536688542603,NA
334,"MOZ","Mozambique",0.475498477082173,-0.510710432310888,NA
335,"MOZ","Mozambique",0.513801984813206,-0.511455607183655,NA
336,"MOZ","Mozambique",0.552141454400739,-0.511758501849621,NA
337,"MOZ","Mozambique",0.59048852300582,-0.511605880621359,NA
338,"MOZ","Mozambique",0.628814622619386,-0.510985002937863,NA
339,"MOZ","Mozambique",0.667091008918837,-0.509883642293542,NA
340,"MOZ","Mozambique",0.705288790393221,-0.50829010457009,NA
341,"MOZ","Mozambique",0.743378957703914,-0.506193245748354,NA
342,"MOZ","Mozambique",0.78133241324749,-0.503582488978071,NA
343,"MOZ","Mozambique",0.819120000887136,-0.5004478409841,NA
344,"MOZ","Mozambique",0.856712535818803,-0.496779907788564,NA
345,"MOZ","Mozambique",0.894080834538099,-0.492569909729095,NA
346,"MOZ","Mozambique",0.931195744873718,-0.487809695754269,NA
347,"MOZ","Mozambique",0.968028176053248,-0.482491756978094,NA
348,"MOZ","Mozambique",1.00454912876697,-0.476609239476368,NA
349,"MOZ","Mozambique",1.04072972519536,-0.470155956308562,NA
350,"MOZ","Mozambique",1.07654123896605,-0.46312639874984,NA
351,"MOZ","Mozambique",1.11195512500585,-0.455515746718734,NA
352,"MOZ","Mozambique",1.14694304925386,-0.447319878386973,NA
353,"MOZ","Mozambique",1.18147691820165,-0.438535378958915,NA
354,"MOZ","Mozambique",1.21552890822652,-0.429159548609024,NA
355,"MOZ","Mozambique",1.24907149468452,-0.419190409566831,NA
356,"MOZ","Mozambique",1.28207748072969,-0.408626712339827,NA
357,"MOZ","Mozambique",1.31452002582659,-0.397467941065781,NA
358,"MOZ","Mozambique",1.34637267392338,-0.385714317986961,NA
359,"MOZ","Mozambique",1.3776093812532,-0.373366807039842,NA
360,"MOZ","Mozambique",1.40820454373184,-0.360427116554883,NA
361,"MOZ","Mozambique",1.43813302392044,-0.346897701062049,NA
362,"MOZ","Mozambique",1.46737017752202,-0.33278176219879,NA
363,"MOZ","Mozambique",1.4958918793817,-0.318083248718281,NA
364,"MOZ","Mozambique",1.52367454896045,-0.302806855596786,NA
365,"MOZ","Mozambique",1.55069517525336,-0.286958022240062,NA
1,"MRT","Mauritania",-0.876831704069663,-0.432075432390864,"Burkina Faso"
2,"MRT","Mauritania",-0.864395764220346,-0.423273339824774,"Burkina Faso"
3,"MRT","Mauritania",-0.851542074216738,-0.414769675915422,"Burkina Faso"
4,"MRT","Mauritania",-0.838298572364415,-0.406580873110645,"Burkina Faso"
5,"MRT","Mauritania",-0.824693475421552,-0.398722751718156,"Burkina Faso"
6,"MRT","Mauritania",-0.810755241446343,-0.391210499343345,"Burkina Faso"
7,"MRT","Mauritania",-0.796512532413928,-0.384058651148309,"Burkina Faso"
8,"MRT","Mauritania",-0.781994176648205,-0.37728107095602,"Burkina Faso"
9,"MRT","Mauritania",-0.767229131114124,-0.370890933222519,"Burkina Faso"
10,"MRT","Mauritania",-0.752246443616213,-0.364900705898984,"Burkina Faso"
11,"MRT","Mauritania",-0.737075214949145,-0.359322134204419,"Burkina Faso"
12,"MRT","Mauritania",-0.721744561046254,-0.35416622532865,"Burkina Faso"
13,"MRT","Mauritania",-0.706283575171821,-0.34944323408414,"Burkina Faso"
14,"MRT","Mauritania",-0.690721290202946,-0.345162649524039,"Burkina Faso"
15,"MRT","Mauritania",-0.675086641046651,-0.341333182542669,"Burkina Faso"
16,"MRT","Mauritania",-0.65940842723771,-0.337962754473502,"Burkina Faso"
17,"MRT","Mauritania",-0.643715275762445,-0.335058486698457,"Burkina Faso"
18,"MRT","Mauritania",-0.628035604153454,-0.332626691281117,"Burkina Faso"
19,"MRT","Mauritania",-0.612397583899905,-0.330672862635266,"Burkina Faso"
20,"MRT","Mauritania",-0.5968291042176,-0.329201670238844,"Burkina Faso"
21,"MRT","Mauritania",-0.581357736222621,-0.328216952402211,"Burkina Faso"
22,"MRT","Mauritania",-0.566010697551808,-0.327721711098291,"Burkina Faso"
23,"MRT","Mauritania",-0.550814817472829,-0.327718107860926,"Burkina Faso"
24,"MRT","Mauritania",-0.535796502525961,-0.328207460756448,"Burkina Faso"
25,"MRT","Mauritania",-0.520981702739057,-0.3291902424322,"Burkina Faso"
26,"MRT","Mauritania",-0.506395878456493,-0.33066607924444,"Burkina Faso"
27,"MRT","Mauritania",-0.492063967822109,-0.332633751466752,"Burkina Faso"
28,"MRT","Mauritania",-0.47801035495539,-0.335091194578777,"Burkina Faso"
29,"MRT","Mauritania",-0.464258838859265,-0.338035501633796,"Burkina Faso"
30,"MRT","Mauritania",-0.450832603097038,-0.341462926702379,"Burkina Faso"
31,"MRT","Mauritania",-0.437754186275001,-0.345368889388013,"Burkina Faso"
32,"MRT","Mauritania",-0.425045453366328,-0.349747980409338,"Burkina Faso"
33,"MRT","Mauritania",-0.412727567910819,-0.354593968242335,"Burkina Faso"
34,"MRT","Mauritania",-0.400820965123991,-0.359899806814518,"Burkina Faso"
35,"MRT","Mauritania",-0.389345325947942,-0.365657644241918,"Burkina Faso"
36,"MRT","Mauritania",-0.378319552075234,-0.371858832598401,"Burkina Faso"
37,"MRT","Mauritania",-0.367761741975897,-0.378493938705591,"Burkina Faso"
38,"MRT","Mauritania",-0.357689167956437,-0.385552755930457,"Burkina Faso"
39,"MRT","Mauritania",-0.348118254278463,-0.393024316976396,"Burkina Faso"
40,"MRT","Mauritania",-0.339064556363308,-0.400896907652446,"Burkina Faso"
41,"MRT","Mauritania",-0.330542741107654,-0.409158081604086,"Burkina Faso"
42,"MRT","Mauritania",-0.322566568333897,-0.417794675987908,"Burkina Faso"
43,"MRT","Mauritania",-0.315148873397546,-0.426792828071308,"Burkina Faso"
44,"MRT","Mauritania",-0.308301550972621,-0.436137992737234,"Burkina Faso"
45,"MRT","Mauritania",-0.30203554003455,-0.445814960872919,"Burkina Faso"
46,"MRT","Mauritania",-0.296360810058633,-0.455807878620465,"Burkina Faso"
47,"MRT","Mauritania",-0.291286348450683,-0.466100267466103,"Burkina Faso"
48,"MRT","Mauritania",-0.286820149224977,-0.476675045143932,"Burkina Faso"
49,"MRT","Mauritania",-0.282969202943107,-0.487514547328949,"Burkina Faso"
50,"MRT","Mauritania",-0.279739487925851,-0.498600550093246,"Burkina Faso"
51,"MRT","Mauritania",-0.277135962748627,-0.509914293098291,"Burkina Faso"
52,"MRT","Mauritania",-0.275162560029534,-0.521436503495344,"Burkina Faso"
53,"MRT","Mauritania",-0.273822181517464,-0.533147420505181,"Burkina Faso"
54,"MRT","Mauritania",-0.273116694486154,-0.545026820647494,"Burkina Faso"
55,"MRT","Mauritania",-0.273046929438526,-0.557054043589505,"Burkina Faso"
56,"MRT","Mauritania",-0.273612679124051,-0.569208018582619,"Burkina Faso"
57,"MRT","Mauritania",-0.27481269887029,-0.581467291455208,"Burkina Faso"
58,"MRT","Mauritania",-0.276644708228216,-0.593810052128918,"Burkina Faso"
59,"MRT","Mauritania",-0.279105393929293,-0.606214162625284,"Burkina Faso"
60,"MRT","Mauritania",-0.282190414150751,-0.618657185528816,"Burkina Faso"
61,"MRT","Mauritania",-0.285894404083892,-0.631116412872156,"Burkina Faso"
62,"MRT","Mauritania",-0.290210982798702,-0.6435688954084,"Burkina Faso"
63,"MRT","Mauritania",-0.295132761396485,-0.655991472235192,"Burkina Faso"
64,"MRT","Mauritania",-0.300651352440686,-0.668360800734752,"Burkina Faso"
65,"MRT","Mauritania",-0.306757380654514,-0.680653386793627,"Burkina Faso"
66,"MRT","Mauritania",-0.313440494872482,-0.69284561526559,"Burkina Faso"
67,"MRT","Mauritania",-0.320689381231421,-0.70491378064079,"Burkina Faso"
68,"MRT","Mauritania",-0.328491777585094,-0.716834117884039,"Burkina Faso"
69,"MRT","Mauritania",-0.336834489125,-0.728582833404848,"Burkina Faso"
70,"MRT","Mauritania",-0.345703405188547,-0.740136136121691,"Burkina Faso"
71,"MRT","Mauritania",-0.355083517234328,-0.751470268582819,"Burkina Faso"
72,"MRT","Mauritania",-0.364958937962809,-0.762561538105885,"Burkina Faso"
73,"MRT","Mauritania",-0.375312921559388,-0.773386347898585,"Burkina Faso"
74,"MRT","Mauritania",-0.386127885035413,-0.783921228122525,"Burkina Faso"
75,"MRT","Mauritania",-0.397385430641412,-0.794142866862586,"Burkina Faso"
76,"MRT","Mauritania",-0.409066369325518,-0.80402814096415,"Burkina Faso"
77,"MRT","Mauritania",-0.421150745208781,-0.813554146700675,"Burkina Faso"
78,"MRT","Mauritania",-0.433617861047864,-0.82269823023432,"Burkina Faso"
79,"MRT","Mauritania",-0.446446304654392,-0.831438017832531,"Burkina Faso"
80,"MRT","Mauritania",-0.459613976239087,-0.839751445803775,"Burkina Faso"
81,"MRT","Mauritania",-0.473098116647709,-0.847616790115925,"Burkina Faso"
82,"MRT","Mauritania",-0.486875336454705,-0.855012695661181,"Burkina Faso"
83,"MRT","Mauritania",-0.500921645879496,-0.861918205131778,"Burkina Faso"
84,"MRT","Mauritania",-0.515212485489251,-0.868312787471223,"Burkina Faso"
85,"MRT","Mauritania",-0.529722757651126,-0.87417636586625,"Burkina Faso"
86,"MRT","Mauritania",-0.544426858695961,-0.879489345245246,"Burkina Faso"
87,"MRT","Mauritania",-0.559298711754635,-0.884232639249456,"Burkina Faso"
88,"MRT","Mauritania",-0.574311800227386,-0.88838769664389,"Burkina Faso"
89,"MRT","Mauritania",-0.589439201845695,-0.891936527135506,"Burkina Faso"
90,"MRT","Mauritania",-0.604653623285572,-0.894861726566934,"Burkina Faso"
91,"MRT","Mauritania",-0.619927435290425,-0.897146501454736,"Burkina Faso"
92,"MRT","Mauritania",-0.635232708261051,-0.898774692841962,"Burkina Faso"
93,"MRT","Mauritania",-0.650541248269743,-0.899730799435552,"Burkina Faso"
94,"MRT","Mauritania",-0.665824633454947,-0.9,"Burkina Faso"
95,"MRT","Mauritania",-0.681054250752464,-0.89956817497952,"Burkina Faso"
96,"MRT","Mauritania",-0.696201332918755,-0.898421927321914,"Burkina Faso"
97,"MRT","Mauritania",-0.711236995801555,-0.896548602478227,"Burkina Faso"
98,"MRT","Mauritania",-0.726132275812665,-0.893936307553283,"Burkina Faso"
99,"MRT","Mauritania",-0.740858167557574,-0.890573929583154,"Burkina Faso"
100,"MRT","Mauritania",-0.755385661576307,-0.88645115291668,"Burkina Faso"
101,"MRT","Mauritania",-0.769685782149796,-0.881558475679181,"Burkina Faso"
102,"MRT","Mauritania",-0.783729625125932,-0.875887225297594,"Burkina Faso"
103,"MRT","Mauritania",-0.797488395719449,-0.869429573067369,"Burkina Faso"
104,"MRT","Mauritania",-0.81093344623978,-0.862178547742598,"Burkina Faso"
105,"MRT","Mauritania",-0.82403631370111,-0.854128048131984,"Burkina Faso"
106,"MRT","Mauritania",-0.836768757268954,-0.845272854684432,"Burkina Faso"
107,"MRT","Mauritania",-0.849102795497806,-0.835608640049261,"Burkina Faso"
108,"MRT","Mauritania",-0.861010743314571,-0.825131978597196,"Burkina Faso"
109,"MRT","Mauritania",-0.872465248702849,-0.813840354889588,"Burkina Faso"
110,"MRT","Mauritania",-0.883439329043427,-0.801732171084478,"Burkina Faso"
111,"MRT","Mauritania",-0.893906407066746,-0.788806753269458,"Burkina Faso"
112,"MRT","Mauritania",-0.903840346373571,-0.775064356712475,"Burkina Faso"
113,"MRT","Mauritania",-0.913215486480549,-0.760506170023051,"Burkina Faso"
114,"MRT","Mauritania",-0.922006677347939,-0.745134318217665,"Burkina Faso"
115,"MRT","Mauritania",-0.930189313347346,-0.72895186468433,"Burkina Faso"
116,"MRT","Mauritania",-0.937739366627993,-0.711962812042716,"Burkina Faso"
117,"MRT","Mauritania",-0.944633419840723,-0.694172101897465,"Burkina Faso"
118,"MRT","Mauritania",-0.950848698179696,-0.675585613483656,"Burkina Faso"
119,"MRT","Mauritania",-0.956363100702528,-0.656210161204697,"Burkina Faso"
120,"MRT","Mauritania",-0.961155230890478,-0.636053491064223,"Burkina Faso"
121,"MRT","Mauritania",-0.965204426411164,-0.61512427599489,"Burkina Faso"
122,"MRT","Mauritania",-0.968490788047226,-0.593432110088277,"Burkina Faso"
123,"MRT","Mauritania",-0.97099520775534,-0.570987501731378,"Burkina Faso"
124,"MRT","Mauritania",-0.972699395821,-0.547801865656506,"Burkina Faso"
125,"MRT","Mauritania",-0.973585907075545,-0.52388751391268,"Burkina Faso"
126,"MRT","Mauritania",-0.973638166143015,-0.499257645767873,"Burkina Faso"
127,"MRT","Mauritania",-0.972840491685562,-0.473926336552745,"Burkina Faso"
128,"MRT","Mauritania",-0.971178119617314,-0.447908525457768,"Burkina Faso"
129,"MRT","Mauritania",-0.968637225257809,-0.421220002296866,"Burkina Faso"
130,"MRT","Mauritania",-0.96520494439736,-0.393877393251944,"Burkina Faso"
131,"MRT","Mauritania",-0.960869393248004,-0.365898145613867,"Burkina Faso"
132,"MRT","Mauritania",-0.955619687254989,-0.337300511536675,"Burkina Faso"
133,"MRT","Mauritania",-0.949445958745103,-0.308103530822956,"Burkina Faso"
134,"MRT","Mauritania",-0.942339373389532,-0.278327012759482,"Burkina Faso"
135,"MRT","Mauritania",-0.934292145460302,-0.247991517023328,"Burkina Faso"
136,"MRT","Mauritania",-0.925297551860832,-0.21711833367981,"Burkina Faso"
137,"MRT","Mauritania",-0.915349944912511,-0.185729462294648,"Burkina Faso"
138,"MRT","Mauritania",-0.90444476388076,-0.153847590183824,"Burkina Faso"
139,"MRT","Mauritania",-0.892578545225441,-0.121496069825635,"Burkina Faso"
140,"MRT","Mauritania",-0.879748931562065,-0.0886988954604437,"Burkina Faso"
141,"MRT","Mauritania",-0.865954679321717,-0.0554806789045711,"Burkina Faso"
142,"MRT","Mauritania",-0.851195665099189,-0.0218666246057664,"Burkina Faso"
143,"MRT","Mauritania",-0.835472890680346,0.0121174960314582,"Burkina Faso"
144,"MRT","Mauritania",-0.818788486741326,0.0464453710214245,"Burkina Faso"
145,"MRT","Mauritania",-0.801145715213735,0.0810901748438095,"Burkina Faso"
146,"MRT","Mauritania",-0.782548970311592,0.116024596130244,"Burkina Faso"
147,"MRT","Mauritania",-0.763003778217352,0.151220865959402,"Burkina Faso"
148,"MRT","Mauritania",-0.742516795425933,0.18665078672825,"Burkina Faso"
149,"MRT","Mauritania",-0.721095805747249,0.22228576156644,"Burkina Faso"
150,"MRT","Mauritania",-0.698749715969371,0.258096824260158,"Burkina Faso"
151,"MRT","Mauritania",-0.675488550185988,0.294054669651157,"Burkina Faso"
152,"MRT","Mauritania",-0.651323442793454,0.330129684476092,"Burkina Faso"
153,"MRT","Mauritania",-0.626266630164279,0.366291978610778,"Burkina Faso"
154,"MRT","Mauritania",-0.600331441005479,0.402511416683464,"Burkina Faso"
155,"MRT","Mauritania",-0.573532285411775,0.4387576500208,"Burkina Faso"
156,"MRT","Mauritania",-0.545884642625189,0.475000148889745,"Burkina Faso"
157,"MRT","Mauritania",-0.517405047514093,0.511208234998303,"Burkina Faso"
158,"MRT","Mauritania",-0.488111075786321,0.547351114217671,"Burkina Faso"
159,"MRT","Mauritania",-0.458021327952435,0.58339790948808,"Burkina Faso"
160,"MRT","Mauritania",-0.427155412056732,0.619317693870407,"Burkina Faso"
161,"MRT","Mauritania",-0.395533925195052,0.655079523705426,"Burkina Faso"
162,"MRT","Mauritania",-0.363178433839871,0.690652471842436,"Burkina Faso"
163,"MRT","Mauritania",-0.330111452994603,0.726005660898904,"Burkina Faso"
164,"MRT","Mauritania",-0.296356424200414,0.761108296512713,"Burkina Faso"
165,"MRT","Mauritania",-0.261937692420228,0.795929700548594,"Burkina Faso"
166,"MRT","Mauritania",-0.226880481825938,0.830439344220355,"Burkina Faso"
167,"MRT","Mauritania",-0.191210870516146,0.864606881090617,"Burkina Faso"
168,"MRT","Mauritania",-0.15495576419302,0.898402179909894,"Burkina Faso"
169,"MRT","Mauritania",-0.11814286882812,0.931795357257002,"Burkina Faso"
170,"MRT","Mauritania",-0.0808006623482375,0.964756809943046,"Burkina Faso"
171,"MRT","Mauritania",-0.0429583653734572,0.997257247141459,"Burkina Faso"
172,"MRT","Mauritania",-0.00464591104079979,1.02926772220689,"Burkina Faso"
173,"MRT","Mauritania",0.0341060860521104,1.0607596641461,"Burkina Faso"
174,"MRT","Mauritania",0.0732663617478572,1.09170490870436,"Burkina Faso"
175,"MRT","Mauritania",0.112803035038013,1.12207572903142,"Burkina Faso"
176,"MRT","Mauritania",0.152683641542409,1.15184486589144,"Burkina Faso"
177,"MRT","Mauritania",0.192875167720493,1.18098555738182,"Burkina Faso"
178,"MRT","Mauritania",0.23334408577548,1.20947156812663,"Burkina Faso"
179,"MRT","Mauritania",0.274056389211209,1.23727721791059,"Burkina Faso"
180,"MRT","Mauritania",0.314977629000763,1.26437740972058,"Burkina Faso"
181,"MRT","Mauritania",0.356072950325243,1.29074765716202,"Burkina Faso"
182,"MRT","Mauritania",0.39730712984034,1.31636411121836,"Burkina Faso"
183,"MRT","Mauritania",0.438644613427764,1.34120358632265,"Burkina Faso"
184,"MRT","Mauritania",0.480049554387938,1.36524358571093,"Burkina Faso"
185,"MRT","Mauritania",0.521485852029888,1.38846232602803,"Burkina Faso"
186,"MRT","Mauritania",0.562917190613727,1.41083876115719,"Burkina Faso"
187,"MRT","Mauritania",0.604307078600739,1.43235260524588,"Burkina Faso"
188,"MRT","Mauritania",0.645618888165633,1.4529843549011,"Burkina Faso"
189,"MRT","Mauritania",0.686815894925288,1.47271531052841,"Burkina Faso"
190,"MRT","Mauritania",0.727861317837955,1.49152759678986,"Burkina Faso"
191,"MRT","Mauritania",0.768718359226732,1.50940418215716,"Burkina Faso"
192,"MRT","Mauritania",0.809350244880903,1.52632889753737,"Burkina Faso"
193,"MRT","Mauritania",0.849720264188695,1.54228645394947,"Burkina Faso"
194,"MRT","Mauritania",0.889791810254858,1.55726245923132,"Burkina Faso"
195,"MRT","Mauritania",0.929528419956584,1.57124343375769,"Burkina Faso"
196,"MRT","Mauritania",0.968893813891224,1.58421682515097,"Burkina Faso"
197,"MRT","Mauritania",1.00785193616946,1.5961710219677,"Burkina Faso"
198,"MRT","Mauritania",1.04636699400772,1.60709536634488,"Burkina Faso"
199,"MRT","Mauritania",1.08440349707379,1.61698016559147,"Burkina Faso"
200,"MRT","Mauritania",1.12192629653999,1.62581670271175,"Burkina Faso"
201,"MRT","Mauritania",1.15890062379847,1.6335972458481,"Burkina Faso"
202,"MRT","Mauritania",1.19529212879355,1.64031505663258,"Burkina Faso"
203,"MRT","Mauritania",1.23106691792669,1.64596439743739,"Burkina Faso"
204,"MRT","Mauritania",1.2661915914898,1.65054053751599,"Burkina Faso"
205,"MRT","Mauritania",1.30063328058351,1.65403975802778,"Burkina Faso"
206,"MRT","Mauritania",1.3343596834773,1.65645935594045,"Burkina Faso"
207,"MRT","Mauritania",1.36733910136928,1.6577976468057,"Burkina Faso"
208,"MRT","Mauritania",1.39954047350383,1.65805396640497,"Burkina Faso"
209,"MRT","Mauritania",1.43093341160644,1.65722867126354,"Burkina Faso"
210,"MRT","Mauritania",1.46148823359537,1.65532313803227,"Burkina Faso"
211,"MRT","Mauritania",1.49117599653109,1.65233976173791,"Burkina Faso"
212,"MRT","Mauritania",1.51996852876496,1.64828195290408,"Burkina Faso"
213,"MRT","Mauritania",1.54783846124978,1.64315413354622,"Burkina Faso"
214,"MRT","Mauritania",1.57475925797559,1.63696173204543,"Burkina Faso"
215,"MRT","Mauritania",1.60070524549547,1.62971117690709,"Burkina Faso"
216,"MRT","Mauritania",1.62565164150659,1.62140988941165,"Burkina Faso"
217,"MRT","Mauritania",1.64957458245356,1.61206627516628,"Burkina Faso"
218,"MRT","Mauritania",1.67245115012151,1.6016897145672,"Burkina Faso"
219,"MRT","Mauritania",1.69425939718821,1.59029055218388,"Burkina Faso"
220,"MRT","Mauritania",1.71497837170519,1.57788008507763,"Burkina Faso"
221,"MRT","Mauritania",1.73458814047943,1.56447055006817,"Burkina Faso"
222,"MRT","Mauritania",1.75306981132829,1.55007510996306,"Burkina Faso"
223,"MRT","Mauritania",1.77040555418168,1.53470783876616,"Burkina Faso"
224,"MRT","Mauritania",1.78657862100696,1.51838370588244,"Burkina Faso"
225,"MRT","Mauritania",1.80157336453311,1.50111855933743,"Burkina Faso"
226,"MRT","Mauritania",1.81537525575256,1.48292910803112,"Burkina Faso"
227,"MRT","Mauritania",1.82797090018001,1.46383290304689,"Burkina Faso"
228,"MRT","Mauritania",1.83934805284942,1.44384831803736,"Burkina Faso"
229,"MRT","Mauritania",1.84949563203159,1.42299452871006,"Burkina Faso"
230,"MRT","Mauritania",1.85840373165632,1.40129149143681,"Burkina Faso"
231,"MRT","Mauritania",1.86606363242458,1.37875992101177,"Burkina Faso"
232,"MRT","Mauritania",1.87246781159786,1.35542126758422,"Burkina Faso"
233,"MRT","Mauritania",1.87760995145306,1.33129769279275,"Burkina Faso"
234,"MRT","Mauritania",1.88148494639319,1.30641204512896,"Burkina Faso"
235,"MRT","Mauritania",1.88408890870551,1.28078783455907,"Burkina Faso"
236,"MRT","Mauritania",1.88541917296032,1.25444920643334,"Burkina Faso"
237,"MRT","Mauritania",1.88547429904538,1.22742091471343,"Burkina Faso"
238,"MRT","Mauritania",1.88425407383225,1.19972829454903,"Burkina Faso"
239,"MRT","Mauritania",1.88175951147268,1.17139723423571,"Burkina Faso"
240,"MRT","Mauritania",1.8779928523247,1.14245414658645,"Burkina Faso"
241,"MRT","Mauritania",1.87295756050953,1.11292593975047,"Burkina Faso"
242,"MRT","Mauritania",1.86665832010229,1.08283998751305,"Burkina Faso"
243,"MRT","Mauritania",1.85910102996084,1.05222409911098,"Burkina Faso"
244,"MRT","Mauritania",1.85029279719881,1.02110648859888,"Burkina Faso"
245,"MRT","Mauritania",1.84024192931035,0.98951574380172,"Burkina Faso"
246,"MRT","Mauritania",1.82895792495589,0.957480794889963,"Burkina Faso"
247,"MRT","Mauritania",1.81645146341956,0.925030882613545,"Burkina Faso"
248,"MRT","Mauritania",1.80273439275051,0.892195526231819,"Burkina Faso"
249,"MRT","Mauritania",1.7878197166021,0.859004491176568,"Burkina Faso"
250,"MRT","Mauritania",1.77172157978415,0.825487756485706,"Burkina Faso"
251,"MRT","Mauritania",1.75445525254512,0.791675482045405,"Burkina Faso"
252,"MRT","Mauritania",1.73603711360264,0.757597975678712,"Burkina Faso"
253,"MRT","Mauritania",1.71648463194203,0.72328566011874,"Burkina Faso"
254,"MRT","Mauritania",1.69581634740407,0.688769039904818,"Burkina Faso"
255,"MRT","Mauritania",1.6740518500847,0.654078668239868,"Burkina Faso"
256,"MRT","Mauritania",1.65121175857063,0.619245113847471,"Burkina Faso"
257,"MRT","Mauritania",1.6273176970361,0.584298927866922,"Burkina Faso"
258,"MRT","Mauritania",1.60239227122777,0.549270610824667,"Burkina Faso"
259,"MRT","Mauritania",1.57645904336535,0.514190579720238,"Burkina Faso"
260,"MRT","Mauritania",1.54954250598758,0.47908913526481,"Burkina Faso"
261,"MRT","Mauritania",1.52166805477371,0.443996429310183,"Burkina Faso"
262,"MRT","Mauritania",1.49286196037248,0.408942432505842,"Burkina Faso"
263,"MRT","Mauritania",1.46315133927101,0.373956902221381,"Burkina Faso"
264,"MRT","Mauritania",1.432564123738,0.339069350771333,"Burkina Faso"
265,"MRT","Mauritania",1.40112903087575,0.304309013978983,"Burkina Faso"
266,"MRT","Mauritania",1.36887553081755,0.269704820115428,"Burkina Faso"
267,"MRT","Mauritania",1.335833814107,0.235285359249577,"Burkina Faso"
268,"MRT","Mauritania",1.30203475829756,0.201078853044388,"Burkina Faso"
269,"MRT","Mauritania",1.26750989381109,0.167113125034009,"Burkina Faso"
270,"MRT","Mauritania",1.23229136909513,0.133415571415981,"Burkina Faso"
271,"MRT","Mauritania",1.19641191511944,0.100013132391983,"Burkina Faso"
272,"MRT","Mauritania",1.15990480925315,0.0669322640899472,"Burkina Faso"
273,"MRT","Mauritania",1.12280383856454,0.0341989110997201,"Burkina Faso"
274,"MRT","Mauritania",1.08514326258613,0.00183847965362406,"Burkina Faso"
275,"MRT","Mauritania",1.04695777558831,-0.0301241885174422,"Burkina Faso"
276,"MRT","Mauritania",1.00828246840548,-0.0616648416225354,"Burkina Faso"
277,"MRT","Mauritania",0.969152789859057,-0.0927598425149101,"Burkina Faso"
278,"MRT","Mauritania",0.929604507822035,-0.123386192633842,"Burkina Faso"
279,"MRT","Mauritania",0.889673669970549,-0.1535215551569,"Burkina Faso"
280,"MRT","Mauritania",0.849396564267844,-0.183144277336435,"Burkina Faso"
281,"MRT","Mauritania",0.808809679226649,-0.212233411995009,"Burkina Faso"
282,"MRT","Mauritania",0.767949663996014,-0.240768738155577,"Burkina Faso"
283,"MRT","Mauritania",0.726853288318986,-0.268730780783159,"Burkina Faso"
284,"MRT","Mauritania",0.685557402407514,-0.296100829615898,"Burkina Faso"
285,"MRT","Mauritania",0.644098896781164,-0.322860957064424,"Burkina Faso"
286,"MRT","Mauritania",0.602514662116194,-0.348994035159572,"Burkina Faso"
287,"MRT","Mauritania",0.560841549151491,-0.374483751529665,"Burkina Faso"
288,"MRT","Mauritania",0.519116328697834,-0.399314624389688,"Burkina Faso"
289,"MRT","Mauritania",0.477375651796807,-0.423472016525867,"Burkina Faso"
290,"MRT","Mauritania",0.43565601007542,-0.446942148260411,"Burkina Faso"
291,"MRT","Mauritania",0.393993696342369,-0.469712109382293,"Burkina Faso"
292,"MRT","Mauritania",0.352424765471426,-0.491769870031289,"Burkina Faso"
293,"MRT","Mauritania",0.310984995617238,-0.513104290523644,"Burkina Faso"
294,"MRT","Mauritania",0.269709849808257,-0.533705130109062,"Burkina Faso"
295,"MRT","Mauritania",0.228634437961216,-0.553563054649924,"Burkina Faso"
296,"MRT","Mauritania",0.187793479360883,-0.572669643215001,"Burkina Faso"
297,"MRT","Mauritania",0.147221265648445,-0.591017393581124,"Burkina Faso"
298,"MRT","Mauritania",0.106951624361077,-0.60859972663765,"Burkina Faso"
299,"MRT","Mauritania",0.067017883064737,-0.625410989689815,"Burkina Faso"
300,"MRT","Mauritania",0.0274528341213872,-0.641446458658405,"Burkina Faso"
301,"MRT","Mauritania",-0.0117112998688092,-0.656702339174458,"Burkina Faso"
302,"MRT","Mauritania",-0.050442899910692,-0.671175766569045,"Burkina Faso"
303,"MRT","Mauritania",-0.088710983703825,-0.684864804759467,"Burkina Faso"
304,"MRT","Mauritania",-0.126485237940879,-0.69776844403454,"Burkina Faso"
305,"MRT","Mauritania",-0.163736049777644,-0.709886597742909,"Burkina Faso"
306,"MRT","Mauritania",-0.200434537438749,-0.721220097889666,"Burkina Faso"
307,"MRT","Mauritania",-0.236552579924104,-0.731770689647827,"Burkina Faso"
308,"MRT","Mauritania",-0.272062845782233,-0.7415410247925,"Burkina Faso"
309,"MRT","Mauritania",-0.3069388209177,-0.750534654066854,"Burkina Faso"
310,"MRT","Mauritania",-0.341154835401088,-0.758756018490287,"Burkina Faso"
311,"MRT","Mauritania",-0.374686089251064,-0.7662104396204,"Burkina Faso"
312,"MRT","Mauritania",-0.4075086771594,-0.772904108781665,"Burkina Faso"
313,"MRT","Mauritania",-0.439599612130984,-0.778844075274856,"Burkina Faso"
314,"MRT","Mauritania",-0.470936848012234,-0.784038233582558,"Burkina Faso"
315,"MRT","Mauritania",-0.501499300882582,-0.78849530958721,"Burkina Faso"
316,"MRT","Mauritania",-0.531266869285088,-0.792224845819354,"Burkina Faso"
317,"MRT","Mauritania",-0.560220453273628,-0.795237185754854,"Burkina Faso"
318,"MRT","Mauritania",-0.58834197225548,-0.797543457181019,"Burkina Faso"
319,"MRT","Mauritania",-0.615614381609586,-0.799155554652627,"Burkina Faso"
320,"MRT","Mauritania",-0.642021688062232,-0.800086121059943,"Burkina Faso"
321,"MRT","Mauritania",-0.667548963803328,-0.800348528331851,"Burkina Faso"
322,"MRT","Mauritania",-0.692182359328027,-0.799956857298261,"Burkina Faso"
323,"MRT","Mauritania",-0.715909114989858,-0.798925876736918,"Burkina Faso"
324,"MRT","Mauritania",-0.738717571253161,-0.797271021630714,"Burkina Faso"
325,"MRT","Mauritania",-0.76059717763408,-0.795008370662533,"Burkina Faso"
326,"MRT","Mauritania",-0.781538500320997,-0.792154622975544,"Burkina Faso"
327,"MRT","Mauritania",-0.801533228466797,-0.788727074227727,"Burkina Faso"
328,"MRT","Mauritania",-0.820574179146959,-0.784743591970242,"Burkina Faso"
329,"MRT","Mauritania",-0.838655300979066,-0.78022259038005,"Burkina Faso"
330,"MRT","Mauritania",-0.855771676400858,-0.775183004377939,"Burkina Faso"
331,"MRT","Mauritania",-0.871919522605622,-0.76964426316383,"Burkina Faso"
332,"MRT","Mauritania",-0.887096191135223,-0.763626263201931,"Burkina Faso"
333,"MRT","Mauritania",-0.901300166132719,-0.757149340688934,"Burkina Faso"
334,"MRT","Mauritania",-0.914531061258103,-0.750234243539044,"Burkina Faso"
335,"MRT","Mauritania",-0.926789615272225,-0.742902102920228,"Burkina Faso"
336,"MRT","Mauritania",-0.938077686295625,-0.735174404376542,"Burkina Faso"
337,"MRT","Mauritania",-0.94839824475048,-0.72707295857192,"Burkina Faso"
338,"MRT","Mauritania",-0.957755364995496,-0.718619871691193,"Burkina Faso"
339,"MRT","Mauritania",-0.966154215665087,-0.709837515534568,"Burkina Faso"
340,"MRT","Mauritania",-0.973601048725715,-0.700748497342073,"Burkina Faso"
341,"MRT","Mauritania",-0.980103187263807,-0.691375629384847,"Burkina Faso"
342,"MRT","Mauritania",-0.985669012021121,-0.681741898360354,"Burkina Faso"
343,"MRT","Mauritania",-0.990307946694964,-0.671870434628887,"Burkina Faso"
344,"MRT","Mauritania",-0.994030442022074,-0.661784481328835,"Burkina Faso"
345,"MRT","Mauritania",-0.996847958666453,-0.651507363408365,"Burkina Faso"
346,"MRT","Mauritania",-0.99877294893282,-0.641062456611231,"Burkina Faso"
347,"MRT","Mauritania",-0.999818837328763,-0.630473156454455,"Burkina Faso"
348,"MRT","Mauritania",-1,-0.619762847235657,"Burkina Faso"
349,"MRT","Mauritania",-0.999331743064521,-0.608954871107701,"Burkina Faso"
350,"MRT","Mauritania",-0.997830279872635,-0.598072497258297,"Burkina Faso"
351,"MRT","Mauritania",-0.995512707221263,-0.587138891231977,"Burkina Faso"
352,"MRT","Mauritania",-0.992396980552,-0.576177084431778,"Burkina Faso"
353,"MRT","Mauritania",-0.9885018881637,-0.565209943837625,"Burkina Faso"
354,"MRT","Mauritania",-0.983847024471476,-0.554260141978234,"Burkina Faso"
355,"MRT","Mauritania",-0.978452762345137,-0.543350127192964,"Burkina Faso"
356,"MRT","Mauritania",-0.972340224561157,-0.53250209421971,"Burkina Faso"
357,"MRT","Mauritania",-0.965531254403327,-0.521737955144563,"Burkina Faso"
358,"MRT","Mauritania",-0.958048385448205,-0.51107931074843,"Burkina Faso"
359,"MRT","Mauritania",-0.949914810572487,-0.500547422285416,"Burkina Faso"
360,"MRT","Mauritania",-0.941154350220273,-0.490163183727158,"Burkina Faso"
361,"MRT","Mauritania",-0.931791419969113,-0.479947094506787,"Burkina Faso"
362,"MRT","Mauritania",-0.921850997434504,-0.469919232795549,"Burkina Faso"
363,"MRT","Mauritania",-0.911358588553324,-0.460099229344477,"Burkina Faso"
364,"MRT","Mauritania",-0.900340193287334,-0.45050624192283,"Burkina Faso"
365,"MRT","Mauritania",-0.888822270788655,-0.441158930384246,"Burkina Faso"
1,"MWI","Malawi",1.51120431159908,0.969512582912687,NA
2,"MWI","Malawi",1.53703067075582,1.00164592806977,NA
3,"MWI","Malawi",1.56208208415548,1.03325603804733,NA
4,"MWI","Malawi",1.58633811151504,1.06431410798838,NA
5,"MWI","Malawi",1.60977894232884,1.09479178801493,NA
6,"MWI","Malawi",1.63238541669948,1.12466121432128,NA
7,"MWI","Malawi",1.65413904549122,1.15389503975112,NA
8,"MWI","Malawi",1.67502202978258,1.18246646382266,NA
9,"MWI","Malawi",1.69501727959593,1.21034926216726,NA
10,"MWI","Malawi",1.71410843188258,1.237517815347,NA
11,"MWI","Malawi",1.73227986774257,1.26394713701801,NA
12,"MWI","Malawi",1.74951672885961,1.28961290140662,NA
13,"MWI","Malawi",1.76580493313217,1.31449147006651,NA
14,"MWI","Malawi",1.7811311894828,1.33855991788574,NA
15,"MWI","Malawi",1.79548301182872,1.36179605831341,NA
16,"MWI","Malawi",1.80884873219762,1.38417846777663,NA
17,"MWI","Malawi",1.82121751297363,1.40568650925948,NA
18,"MWI","Malawi",1.83257935825944,1.4263003550164,NA
19,"MWI","Malawi",1.8429251243415,1.44600100839386,NA
20,"MWI","Malawi",1.85224652924633,1.46477032473462,NA
21,"MWI","Malawi",1.86053616137703,1.48259103134059,NA
22,"MWI","Malawi",1.86778748721998,1.49944674647085,NA
23,"MWI","Malawi",1.8739948581131,1.51532199735297,NA
24,"MWI","Malawi",1.87915351606777,1.53020223718644,NA
25,"MWI","Malawi",1.88325959863787,1.54407386111869,NA
26,"MWI","Malawi",1.88631014283034,1.55692422117501,NA
27,"MWI","Malawi",1.88830308805285,1.56874164012507,NA
28,"MWI","Malawi",1.88923727809528,1.57951542426991,NA
29,"MWI","Malawi",1.88911246214274,1.58923587513463,NA
30,"MWI","Malawi",1.88792929481906,1.59789430005306,NA
31,"MWI","Malawi",1.88568933526081,1.60548302163239,NA
32,"MWI","Malawi",1.88239504522288,1.61199538608644,NA
33,"MWI","Malawi",1.8780497862181,1.61742577042831,NA
34,"MWI","Malawi",1.87265781569397,1.62176958851375,NA
35,"MWI","Malawi",1.86622428225126,1.62502329592849,NA
36,"MWI","Malawi",1.8587552199099,1.62718439371381,NA
37,"MWI","Malawi",1.85025754142892,1.62825143092613,NA
38,"MWI","Malawi",1.84073903068818,1.62822400602757,NA
39,"MWI","Malawi",1.83020833414081,1.62710276710614,NA
40,"MWI","Malawi",1.81867495134618,1.62488941092522,NA
41,"MWI","Malawi",1.80614922459452,1.62158668080352,NA
42,"MWI","Malawi",1.7926423276351,1.61719836332813,NA
43,"MWI","Malawi",1.77816625352117,1.61172928390458,NA
44,"MWI","Malawi",1.76273380158559,1.60518530114902,NA
45,"MWI","Malawi",1.7463585635624,1.59757330012934,NA
46,"MWI","Malawi",1.72905490887023,1.58890118446304,NA
47,"MWI","Malawi",1.71083796907471,1.5791778672812,NA
48,"MWI","Malawi",1.69172362154782,1.56841326106914,NA
49,"MWI","Malawi",1.67172847234298,1.55661826639568,NA
50,"MWI","Malawi",1.65086983830587,1.54380475954431,NA
51,"MWI","Malawi",1.6291657284414,1.52998557906059,NA
52,"MWI","Malawi",1.60663482455862,1.5151745112317,NA
53,"MWI","Malawi",1.58329646121567,1.49938627451508,NA
54,"MWI","Malawi",1.55917060498815,1.4826365029344,NA
55,"MWI","Malawi",1.53427783308461,1.46494172846222,NA
56,"MWI","Malawi",1.50863931133406,1.44631936241012,NA
57,"MWI","Malawi",1.48227677157066,1.42678767584784,NA
58,"MWI","Malawi",1.45521248844183,1.40636577907454,NA
59,"MWI","Malawi",1.42746925566646,1.38507360016599,NA
60,"MWI","Malawi",1.39907036177048,1.36293186262294,NA
61,"MWI","Malawi",1.37003956532791,1.3399620621466,NA
62,"MWI","Malawi",1.34040106973573,1.31618644256855,NA
63,"MWI","Malawi",1.31017949755164,1.29162797096301,NA
64,"MWI","Malawi",1.27939986442433,1.26631031197068,NA
65,"MWI","Malawi",1.24808755264609,1.24025780136401,NA
66,"MWI","Malawi",1.21626828435823,1.21349541888485,NA
67,"MWI","Malawi",1.18396809444008,1.18604876038605,NA
68,"MWI","Malawi",1.15121330311276,1.15794400930971,NA
69,"MWI","Malawi",1.11803048828902,1.12920790753508,NA
70,"MWI","Malawi",1.08444645770103,1.09986772563035,NA
71,"MWI","Malawi",1.050488220838,1.06995123254285,NA
72,"MWI","Malawi",1.01618296072574,1.03948666476309,NA
73,"MWI","Malawi",0.981558005580652,1.00850269499848,NA
74,"MWI","Malawi",0.946640800370384,0.977028400393303,NA
75,"MWI","Malawi",0.911458878313864,0.945093230331907,NA
76,"MWI","Malawi",0.876039832353189,0.912726973862611,NA
77,"MWI","Malawi",0.840411286630022,0.879959726780264,NA
78,"MWI","Malawi",0.804600867999037,0.84682185840575,NA
79,"MWI","Malawi",0.76863617761091,0.813343978101077,NA
80,"MWI","Malawi",0.73254476259729,0.779556901559014,NA
81,"MWI","Malawi",0.696354087889949,0.745491616906442,NA
82,"MWI","Malawi",0.660091508206249,0.711179250660849,NA
83,"MWI","Malawi",0.62378424023273,0.676651033579485,NA
84,"MWI","Malawi",0.587459335038463,0.641938266440873,NA
85,"MWI","Malawi",0.551143650749451,0.607072285798378,NA
86,"MWI","Malawi",0.51486382551508,0.572084429745598,NA
87,"MWI","Malawi",0.478646250797233,0.537006003733272,NA
88,"MWI","Malawi",0.442517045012275,0.501868246477363,NA
89,"MWI","Malawi",0.406502027555704,0.466702295997807,NA
90,"MWI","Malawi",0.370626693238776,0.431539155827291,NA
91,"MWI","Malawi",0.334916187165893,0.396409661429173,NA
92,"MWI","Malawi",0.299395280081043,0.361344446863412,NA
93,"MWI","Malawi",0.264088344210969,0.326373911739071,NA
94,"MWI","Malawi",0.229019329632167,0.291528188491584,NA
95,"MWI","Malawi",0.194211741188159,0.256837110022595,NA
96,"MWI","Malawi",0.159688615982823,0.22233017773973,NA
97,"MWI","Malawi",0.125472501474888,0.188036530033167,NA
98,"MWI","Malawi",0.0915854341979381,0.153984911225366,NA
99,"MWI","Malawi",0.0580489191295397,0.120203641029694,NA
100,"MWI","Malawi",0.02488390973232,0.08672058455313,NA
101,"MWI","Malawi",-0.00788921131098933,0.0535631228775264,NA
102,"MWI","Malawi",-0.0402506506473561,0.0207581242532326,NA
103,"MWI","Malawi",-0.0721812220677837,-0.0116680840618616,NA
104,"MWI","Malawi",-0.10366236356673,-0.0436897432855762,NA
105,"MWI","Malawi",-0.134676153628076,-0.0752816898855107,NA
106,"MWI","Malawi",-0.165205326720043,-0.106419381613322,NA
107,"MWI","Malawi",-0.195233287982383,-0.137078922769471,NA
108,"MWI","Malawi",-0.224744127090151,-0.167237088669624,NA
109,"MWI","Malawi",-0.253722631279364,-0.196871349284866,NA
110,"MWI","Malawi",-0.282154297520802,-0.225959892028845,NA
111,"MWI","Malawi",-0.310025343829296,-0.254481643666003,NA
112,"MWI","Malawi",-0.337322719696817,-0.282416291316114,NA
113,"MWI","Malawi",-0.364034115638757,-0.30974430253138,NA
114,"MWI","Malawi",-0.39014797184384,-0.336446944423503,NA
115,"MWI","Malawi",-0.415653485919179,-0.362506301819243,NA
116,"MWI","Malawi",-0.440540619723049,-0.387905294424136,NA
117,"MWI","Malawi",-0.464800105279071,-0.412627692975256,NA
118,"MWI","Malawi",-0.488423449766535,-0.436658134365067,NA
119,"MWI","Malawi",-0.511402939582765,-0.459982135719673,NA
120,"MWI","Malawi",-0.533731643474454,-0.482586107415998,NA
121,"MWI","Malawi",-0.555403414736067,-0.504457365023699,NA
122,"MWI","Malawi",-0.576412892474461,-0.525584140158892,NA
123,"MWI","Malawi",-0.596755501940041,-0.545955590238063,NA
124,"MWI","Malawi",-0.616427453925813,-0.565561807121859,NA
125,"MWI","Malawi",-0.635425743236847,-0.584393824639738,NA
126,"MWI","Malawi",-0.65374814623375,-0.60244362498783,NA
127,"MWI","Malawi",-0.67139321745483,-0.619704143993676,NA
128,"MWI","Malawi",-0.688360285322754,-0.636169275242848,NA
129,"MWI","Malawi",-0.704649446942555,-0.65183387306384,NA
130,"MWI","Malawi",-0.720261561998937,-0.66669375436892,NA
131,"MWI","Malawi",-0.735198245761882,-0.680745699350066,NA
132,"MWI","Malawi",-0.749461861210623,-0.693987451030376,NA
133,"MWI","Malawi",-0.763055510287078,-0.706417713672791,NA
134,"MWI","Malawi",-0.775983024290884,-0.718036150049252,NA
135,"MWI","Malawi",-0.788248953429161,-0.728843377574799,NA
136,"MWI","Malawi",-0.799858555535143,-0.738840963312468,NA
137,"MWI","Malawi",-0.810817783970805,-0.748031417856161,NA
138,"MWI","Malawi",-0.821133274729542,-0.756418188099992,NA
139,"MWI","Malawi",-0.830812332755935,-0.764005648903966,NA
140,"MWI","Malawi",-0.839862917500523,-0.770799093667095,NA
141,"MWI","Malawi",-0.848293627728443,-0.776804723820413,NA
142,"MWI","Malawi",-0.856113685601613,-0.782029637253568,NA
143,"MWI","Malawi",-0.863332920055054,-0.786481815689982,NA
144,"MWI","Malawi",-0.869961749488719,-0.790170111026778,NA
145,"MWI","Malawi",-0.876011163797031,-0.793104230656914,NA
146,"MWI","Malawi",-0.881492705759092,-0.795294721792148,NA
147,"MWI","Malawi",-0.886418451813262,-0.796752954806682,NA
148,"MWI","Malawi",-0.890800992240566,-0.797491105622413,NA
149,"MWI","Malawi",-0.89465341078201,-0.797522137157932,NA
150,"MWI","Malawi",-0.897989263715611,-0.796859779864464,NA
151,"MWI","Malawi",-0.900822558419531,-0.795518511373026,NA
152,"MWI","Malawi",-0.903167731448311,-0.793513535278149,NA
153,"MWI","Malawi",-0.905039626149773,-0.790860759084496,NA
154,"MWI","Malawi",-0.906453469850679,-0.787576771343728,NA
155,"MWI","Malawi",-0.907424850639728,-0.783678818009878,NA
156,"MWI","Malawi",-0.907969693776951,-0.779184778042466,NA
157,"MWI","Malawi",-0.908104237758967,-0.77411313828742,NA
158,"MWI","Malawi",-0.907845010069973,-0.768482967666746,NA
159,"MWI","Malawi",-0.907208802648699,-0.762313890708701,NA
160,"MWI","Malawi",-0.906212647101846,-0.75562606045097,NA
161,"MWI","Malawi",-0.904873789694858,-0.748440130750118,NA
162,"MWI","Malawi",-0.903209666151085,-0.740777228031252,NA
163,"MWI","Malawi",-0.901237876290611,-0.732658922512492,NA
164,"MWI","Malawi",-0.898976158540207,-0.724107198939474,NA
165,"MWI","Malawi",-0.896442364345992,-0.715144426865653,NA
166,"MWI","Malawi",-0.893654432520464,-0.705793330514723,NA
167,"MWI","Malawi",-0.890630363555667,-0.696076958261953,NA
168,"MWI","Malawi",-0.887388193934212,-0.686018651771653,NA
169,"MWI","Malawi",-0.883945970469923,-0.675642014828423,NA
170,"MWI","Malawi",-0.880321724709771,-0.664970881900145,NA
171,"MWI","Malawi",-0.876533447428677,-0.654029286471015,NA
172,"MWI","Malawi",-0.872599063248658,-0.642841429183154,NA
173,"MWI","Malawi",-0.86853640541358,-0.631431645825557,NA
174,"MWI","Malawi",-0.8643631907506,-0.619824375209304,NA
175,"MWI","Malawi",-0.860096994849145,-0.608044126968093,NA
176,"MWI","Malawi",-0.855755227487943,-0.596115449323186,NA
177,"MWI","Malawi",-0.851355108340383,-0.584062896851957,NA
178,"MWI","Malawi",-0.84691364298805,-0.571910998299138,NA
179,"MWI","Malawi",-0.842447599271929,-0.559684224469849,NA
180,"MWI","Malawi",-0.837973484010361,-0.547406956243347,NA
181,"MWI","Malawi",-0.83350752011233,-0.535103452746314,NA
182,"MWI","Malawi",-0.829065624114207,-0.522797819724241,NA
183,"MWI","Malawi",-0.824663384167528,-0.510513978149277,NA
184,"MWI","Malawi",-0.820316038504826,-0.498275633102559,NA
185,"MWI","Malawi",-0.816038454409951,-0.486106242968747,NA
186,"MWI","Malawi",-0.811845107718678,-0.474028988980057,NA
187,"MWI","Malawi",-0.807750062874749,-0.46206674514669,NA
188,"MWI","Malawi",-0.803766953565824,-0.450242048610057,NA
189,"MWI","Malawi",-0.799908963963075,-0.438577070454689,NA
190,"MWI","Malawi",-0.796188810587443,-0.427093587014161,NA
191,"MWI","Malawi",-0.792618724824774,-0.415812951705756,NA
192,"MWI","Malawi",-0.789210436111303,-0.404756067427947,NA
193,"MWI","Malawi",-0.785975155810063,-0.393943359554091,NA
194,"MWI","Malawi",-0.782923561798024,-0.383394749555001,NA
195,"MWI","Malawi",-0.780065783782824,-0.373129629282313,NA
196,"MWI","Malawi",-0.777411389367135,-0.363166835943735,NA
197,"MWI","Malawi",-0.774969370877708,-0.353524627800459,NA
198,"MWI","Malawi",-0.772748132975288,-0.344220660616105,NA
199,"MWI","Malawi",-0.770755481060579,-0.335271964885702,NA
200,"MWI","Malawi",-0.768998610490478,-0.326694923872215,NA
201,"MWI","Malawi",-0.767484096617834,-0.318505252477195,NA
202,"MWI","Malawi",-0.766217885666943,-0.310717976971091,NA
203,"MWI","Malawi",-0.765205286455991,-0.30334741560774,NA
204,"MWI","Malawi",-0.764450962976626,-0.296407160146478,NA
205,"MWI","Malawi",-0.763958927839792,-0.289910058304214,NA
206,"MWI","Malawi",-0.763732536595874,-0.283868197158697,NA
207,"MWI","Malawi",-0.763774482936195,-0.27829288752305,NA
208,"MWI","Malawi",-0.764086794781759,-0.273194649310471,NA
209,"MWI","Malawi",-0.764670831264116,-0.268583197906822,NA
210,"MWI","Malawi",-0.7655272806021,-0.264467431567586,NA
211,"MWI","Malawi",-0.766656158877105,-0.260855419854469,NA
212,"MWI","Malawi",-0.768056809708469,-0.257754393125633,NA
213,"MWI","Malawi",-0.769727904829463,-0.25517073309232,NA
214,"MWI","Malawi",-0.771667445563227,-0.253109964453292,NA
215,"MWI","Malawi",-0.773872765196968,-0.251576747617265,NA
216,"MWI","Malawi",-0.776340532251581,-0.250574872522158,NA
217,"MWI","Malawi",-0.779066754642791,-0.250107253558692,NA
218,"MWI","Malawi",-0.78204678472883,-0.250175925604518,NA
219,"MWI","Malawi",-0.785275325238561,-0.250782041173735,NA
220,"MWI","Malawi",-0.788746436072905,-0.251925868685298,NA
221,"MWI","Malawi",-0.792453541971356,-0.253606791852479,NA
222,"MWI","Malawi",-0.796389441034308,-0.255823310194203,NA
223,"MWI","Malawi",-0.800546314090874,-0.258573040667696,NA
224,"MWI","Malawi",-0.804915734900863,-0.261852720420571,NA
225,"MWI","Malawi",-0.80948868117853,-0.265658210659103,NA
226,"MWI","Malawi",-0.81425554642473,-0.269984501628116,NA
227,"MWI","Malawi",-0.819206152553127,-0.274825718696542,NA
228,"MWI","Malawi",-0.824329763295104,-0.280175129541419,NA
229,"MWI","Malawi",-0.829615098367115,-0.28602515242172,NA
230,"MWI","Malawi",-0.835050348383235,-0.29236736553215,NA
231,"MWI","Malawi",-0.840623190494798,-0.299192517425688,NA
232,"MWI","Malawi",-0.846320804738081,-0.306490538492407,NA
233,"MWI","Malawi",-0.852129891070162,-0.314250553480812,NA
234,"MWI","Malawi",-0.858036687072193,-0.322460895046681,NA
235,"MWI","Malawi",-0.864026986298555,-0.33110911831315,NA
236,"MWI","Malawi",-0.870086157249526,-0.34018201642458,NA
237,"MWI","Malawi",-0.876199162944344,-0.349665637075521,NA
238,"MWI","Malawi",-0.882350581070823,-0.359545299994937,NA
239,"MWI","Malawi",-0.888524624686929,-0.36980561536467,NA
240,"MWI","Malawi",-0.894705163449072,-0.380430503150032,NA
241,"MWI","Malawi",-0.900875745341215,-0.391403213319281,NA
242,"MWI","Malawi",-0.907019618878257,-0.40270634692766,NA
243,"MWI","Malawi",-0.913119755756594,-0.414321878040679,NA
244,"MWI","Malawi",-0.919158873924157,-0.426231176470237,NA
245,"MWI","Malawi",-0.925119461041761,-0.438415031296243,NA
246,"MWI","Malawi",-0.930983798307041,-0.45085367514544,NA
247,"MWI","Malawi",-0.936733984611865,-0.463526809198196,NA
248,"MWI","Malawi",-0.94235196100362,-0.476413628893164,NA
249,"MWI","Malawi",-0.947819535420463,-0.489492850298851,NA
250,"MWI","Malawi",-0.953118407670178,-0.502742737120345,NA
251,"MWI","Malawi",-0.95823019462208,-0.516141128308648,NA
252,"MWI","Malawi",-0.963136455581021,-0.529665466239358,NA
253,"MWI","Malawi",-0.967818717812394,-0.543292825426731,NA
254,"MWI","Malawi",-0.972258502186785,-0.5569999417385,NA
255,"MWI","Malawi",-0.97643734891276,-0.570763242076229,NA
256,"MWI","Malawi",-0.980336843326168,-0.584558874485394,NA
257,"MWI","Malawi",-0.983938641704226,-0.598362738658865,NA
258,"MWI","Malawi",-0.98722449707261,-0.612150516796967,NA
259,"MWI","Malawi",-0.990176284973761,-0.625897704786877,NA
260,"MWI","Malawi",-0.992776029164646,-0.639579643663691,NA
261,"MWI","Malawi",-0.995005927212251,-0.653171551315168,NA
262,"MWI","Malawi",-0.996848375955219,-0.666648554391828,NA
263,"MWI","Malawi",-0.998285996800139,-0.679985720383845,NA
264,"MWI","Malawi",-0.999301660821222,-0.69315808982594,NA
265,"MWI","Malawi",-0.999878513632252,-0.70614070859132,NA
266,"MWI","Malawi",-1,-0.718908660235576,NA
267,"MWI","Malawi",-0.99964988816854,-0.731437098351415,NA
268,"MWI","Malawi",-0.998812293864259,-0.743701278894997,NA
269,"MWI","Malawi",-0.997471703951685,-0.755676592444752,NA
270,"MWI","Malawi",-0.995612999710677,-0.767338596353554,NA
271,"MWI","Malawi",-0.993221479705917,-0.778663046755263,NA
272,"MWI","Malawi",-0.990282882220173,-0.78962593038681,NA
273,"MWI","Malawi",-0.986783407223207,-0.800203496187177,NA
274,"MWI","Malawi",-0.982709737848845,-0.810372286634911,NA
275,"MWI","Malawi",-0.978049061353189,-0.820109168786073,NA
276,"MWI","Malawi",-0.972789089527629,-0.829391364974883,NA
277,"MWI","Malawi",-0.966918078540901,-0.838196483139696,NA
278,"MWI","Malawi",-0.960424848185111,-0.846502546737383,NA
279,"MWI","Malawi",-0.953298800501336,-0.854288024209669,NA
280,"MWI","Malawi",-0.945529937761132,-0.861531857965479,NA
281,"MWI","Malawi",-0.937108879781042,-0.86821349284392,NA
282,"MWI","Malawi",-0.928026880547947,-0.874312904023141,NA
283,"MWI","Malawi",-0.918275844133935,-0.879810624340907,NA
284,"MWI","Malawi",-0.90784833988018,-0.884687770993488,NA
285,"MWI","Malawi",-0.896737616830172,-0.888926071580111,NA
286,"MWI","Malawi",-0.884937617393539,-0.892507889461032,NA
287,"MWI","Malawi",-0.872442990222567,-0.895416248398087,NA
288,"MWI","Malawi",-0.859249102284491,-0.897634856447395,NA
289,"MWI","Malawi",-0.845352050113543,-0.899148129074779,NA
290,"MWI","Malawi",-0.830748670227694,-0.899941211465401,NA
291,"MWI","Malawi",-0.815436548696075,-0.9,NA
292,"MWI","Malawi",-0.799414029843959,-0.899311162871162,NA
293,"MWI","Malawi",-0.782680224083296,-0.89786215981401,NA
294,"MWI","Malawi",-0.76523501485776,-0.895641260926783,NA
295,"MWI","Malawi",-0.747079064692348,-0.892637564557805,NA
296,"MWI","Malawi",-0.728213820338579,-0.888841014236486,NA
297,"MWI","Malawi",-0.708641517007483,-0.88424241462708,NA
298,"MWI","Malawi",-0.688365181683554,-0.878833446485109,NA
299,"MWI","Malawi",-0.667388635514008,-0.872606680597518,NA
300,"MWI","Malawi",-0.645716495268719,-0.865555590688833,NA
301,"MWI","Malawi",-0.623354173867349,-0.85767456527681,NA
302,"MWI","Malawi",-0.600307879971243,-0.848958918462299,NA
303,"MWI","Malawi",-0.576584616638828,-0.839404899639312,NA
304,"MWI","Malawi",-0.552192179044287,-0.829009702112561,NA
305,"MWI","Malawi",-0.527139151260469,-0.817771470610996,NA
306,"MWI","Malawi",-0.501434902108027,-0.805689307687227,NA
307,"MWI","Malawi",-0.475089580073946,-0.79276327899397,NA
308,"MWI","Malawi",-0.448114107303683,-0.778994417430036,NA
309,"MWI","Malawi",-0.420520172672269,-0.764384726149696,NA
310,"MWI","Malawi",-0.392320223940779,-0.748937180430583,NA
311,"MWI","Malawi",-0.363527459005724,-0.732655728396687,NA
312,"MWI","Malawi",-0.334155816249906,-0.715545290594301,NA
313,"MWI","Malawi",-0.304219964004457,-0.697611758420185,NA
314,"MWI","Malawi",-0.273735289132711,-0.678861991402515,NA
315,"MWI","Malawi",-0.242717884747741,-0.659303813336621,NA
316,"MWI","Malawi",-0.211184537076295,-0.638946007278786,NA
317,"MWI","Malawi",-0.179152711482977,-0.617798309402808,NA
318,"MWI","Malawi",-0.146640537669457,-0.59587140172531,NA
319,"MWI","Malawi",-0.113666794064544,-0.573176903707204,NA
320,"MWI","Malawi",-0.0802508914218223,-0.549727362739938,NA
321,"MWI","Malawi",-0.0464128556426181,-0.525536243526602,NA
322,"MWI","Malawi",-0.0121733098428739,-0.500617916369165,NA
323,"MWI","Malawi",0.022446544316484,-0.474987644374512,NA
324,"MWI","Malawi",0.0574249460153222,-0.448661569593147,NA
325,"MWI","Malawi",0.0927395953548905,-0.421656698105784,NA
326,"MWI","Malawi",0.128367674111164,-0.393990884074201,NA
327,"MWI","Malawi",0.164285867138005,-0.365682812774048,NA
328,"MWI","Malawi",0.200470384396431,-0.336751982628477,NA
329,"MWI","Malawi",0.236896983585582,-0.307218686262613,NA
330,"MWI","Malawi",0.273540993350168,-0.277103990600142,NA
331,"MWI","Malawi",0.310377337038568,-0.246429716024316,NA
332,"MWI","Malawi",0.347380556985016,-0.215218414626909,NA
333,"MWI","Malawi",0.384524839288718,-0.183493347569634,NA
334,"MWI","Malawi",0.421784039062155,-0.151278461583665,NA
335,"MWI","Malawi",0.459131706120176,-0.118598364633929,NA
336,"MWI","Malawi",0.496541111081061,-0.0854783007757585,NA
337,"MWI","Malawi",0.53398527185013,-0.0519441242325784,NA
338,"MWI","Malawi",0.571436980456093,-0.0180222727241038,NA
339,"MWI","Malawi",0.608868830209807,0.01626025992446,NA
340,"MWI","Malawi",0.646253243154814,0.0508759518609757,NA
341,"MWI","Malawi",0.683562497778561,0.0857967819405152,NA
342,"MWI","Malawi",0.720768756952994,0.120994259082235,NA
343,"MWI","Malawi",0.757844096072798,0.156439452215281,NA
344,"MWI","Malawi",0.794760531359437,0.192103020779407,NA
345,"MWI","Malawi",0.831490048298833,0.227955245745262,NA
346,"MWI","Malawi",0.868004630180369,0.263966061118671,NA
347,"MWI","Malawi",0.904276286704823,0.300105085892734,NA
348,"MWI","Malawi",0.940277082628625,0.336341656410883,NA
349,"MWI","Malawi",0.975979166411899,0.372644859103702,NA
350,"MWI","Malawi",1.01135479883758,0.408983563561698,NA
351,"MWI","Malawi",1.04637638156907,0.445326455905982,NA
352,"MWI","Malawi",1.08101648561381,0.48164207241822,NA
353,"MWI","Malawi",1.1152478796603,0.517898833391184,NA
354,"MWI","Malawi",1.14904355825624,0.554065077160646,NA
355,"MWI","Malawi",1.18237676979557,0.590109094279423,NA
356,"MWI","Malawi",1.21522104428251,0.625999161793977,NA
357,"MWI","Malawi",1.24755022084074,0.661703577583937,NA
358,"MWI","Malawi",1.27933847493635,0.697190694724864,NA
359,"MWI","Malawi",1.31056034528345,0.732428955834393,NA
360,"MWI","Malawi",1.34119076040148,0.767386927362079,NA
361,"MWI","Malawi",1.37120506479406,0.802033333783143,NA
362,"MWI","Malawi",1.40057904471915,0.83633709165657,NA
363,"MWI","Malawi",1.42928895352121,0.870267343508024,NA
364,"MWI","Malawi",1.4573115364962,0.903793491498345,NA
365,"MWI","Malawi",1.48462405526096,0.93688523083857,NA
1,"NAM","Namibia",1.4161277119185,0.51381958321125,NA
2,"NAM","Namibia",1.44405651152083,0.536831431700965,NA
3,"NAM","Namibia",1.47132563788403,0.559436296994236,NA
4,"NAM","Namibia",1.49791250369787,0.581615772911639,NA
5,"NAM","Namibia",1.5237950157054,0.603351887022692,NA
6,"NAM","Namibia",1.54895159809729,0.624627119482939,NA
7,"NAM","Namibia",1.57336121538685,0.645424421356231,NA
8,"NAM","Namibia",1.59700339473957,0.66572723240121,NA
9,"NAM","Namibia",1.61985824773138,0.685519498301628,NA
10,"NAM","Namibia",1.64190649151059,0.704785687320794,NA
11,"NAM","Namibia",1.66312946933923,0.723510806361113,NA
12,"NAM","Namibia",1.68350917049001,0.741680416410378,NA
13,"NAM","Namibia",1.7030282494761,0.759280647357193,NA
14,"NAM","Namibia",1.72167004459148,0.776298212158663,NA
15,"NAM","Namibia",1.73941859574041,0.792720420344212,NA
16,"NAM","Namibia",1.75625866153575,0.808535190840202,NA
17,"NAM","Namibia",1.77217573564601,0.823731064100814,NA
18,"NAM","Namibia",1.78715606237256,0.838297213531442,NA
19,"NAM","Namibia",1.80118665143894,0.852223456191727,NA
20,"NAM","Namibia",1.81425529197506,0.865500262766158,NA
21,"NAM","Namibia",1.82635056568037,0.878118766791046,NA
22,"NAM","Namibia",1.83746185915054,0.890070773127554,NA
23,"NAM","Namibia",1.84757937535364,0.90134876567135,NA
24,"NAM","Namibia",1.85669414424229,0.911945914290315,NA
25,"NAM","Namibia",1.86479803248972,0.921856080982695,NA
26,"NAM","Namibia",1.87188375233837,0.931073825248958,NA
27,"NAM","Namibia",1.87794486955072,0.939594408671549,NA
28,"NAM","Namibia",1.8829758104533,0.947413798697684,NA
29,"NAM","Namibia",1.88697186806548,0.95452867162123,NA
30,"NAM","Namibia",1.88992920730611,0.960936414760671,NA
31,"NAM","Namibia",1.89184486927187,0.966635127831106,NA
32,"NAM","Namibia",1.89271677458229,0.971623623509164,NA
33,"NAM","Namibia",1.89254372578766,0.975901427190654,NA
34,"NAM","Namibia",1.89132540883684,0.979468775941748,NA
35,"NAM","Namibia",1.88906239360329,0.982326616645393,NA
36,"NAM","Namibia",1.88575613346869,0.984476603345635,NA
37,"NAM","Namibia",1.88140896396449,0.985921093793446,NA
38,"NAM","Namibia",1.87602410047294,0.986663145198594,NA
39,"NAM","Namibia",1.86960563499014,0.986706509193017,NA
40,"NAM","Namibia",1.86215853195483,0.986055626012102,NA
41,"NAM","Namibia",1.85368862314767,0.984715617901153,NA
42,"NAM","Namibia",1.84420260166673,0.982692281755273,NA
43,"NAM","Namibia",1.83370801498618,0.97999208100176,NA
44,"NAM","Namibia",1.82221325710602,0.976622136735001,NA
45,"NAM","Namibia",1.80972755980195,0.972590218114743,NA
46,"NAM","Namibia",1.79626098298519,0.967904732039444,NA
47,"NAM","Namibia",1.78182440418357,0.962574712107302,NA
48,"NAM","Namibia",1.76642950715568,0.956609806878331,NA
49,"NAM","Namibia",1.75008876965124,0.950020267451734,NA
50,"NAM","Namibia",1.73281545033183,0.942816934373566,NA
51,"NAM","Namibia",1.71462357486669,0.93501122389049,NA
52,"NAM","Namibia",1.69552792121989,0.926615113566194,NA
53,"NAM","Namibia",1.67554400414536,0.917641127277746,NA
54,"NAM","Namibia",1.65468805890797,0.908102319609939,NA
55,"NAM","Namibia",1.63297702424892,0.898012259666321,NA
56,"NAM","Namibia",1.6104285246153,0.887385014316324,NA
57,"NAM","Namibia",1.58706085167406,0.87623513089854,NA
58,"NAM","Namibia",1.56289294513148,0.86457761940084,NA
59,"NAM","Namibia",1.53794437288045,0.852427934138605,NA
60,"NAM","Namibia",1.51223531049791,0.839801954952972,NA
61,"NAM","Namibia",1.48578652011633,0.826715967951491,NA
62,"NAM","Namibia",1.45861932869318,0.81318664581418,NA
63,"NAM","Namibia",1.43075560570346,0.799231027688403,NA
64,"NAM","Namibia",1.40221774028069,0.784866498696534,NA
65,"NAM","Namibia",1.37302861783275,0.770110769080757,NA
66,"NAM","Namibia",1.34321159615917,0.754981853009809,NA
67,"NAM","Namibia",1.31279048109727,0.739498047072836,NA
68,"NAM","Namibia",1.28178950172512,0.723677908485903,NA
69,"NAM","Namibia",1.2502332851495,0.707540233037018,NA
70,"NAM","Namibia",1.21814683090795,0.691104032795822,NA
71,"NAM","Namibia",1.18555548501396,0.67438851361438,NA
72,"NAM","Namibia",1.1524849136751,0.657413052445711,NA
73,"NAM","Namibia",1.11896107671411,0.640197174506938,NA
74,"NAM","Namibia",1.08501020072326,0.622760530314063,NA
75,"NAM","Namibia",1.05065875198274,0.605122872615545,NA
76,"NAM","Namibia",1.01593340917382,0.587304033251958,NA
77,"NAM","Namibia",0.980861035918095,0.569323899969064,NA
78,"NAM","Namibia",0.94546865317405,0.551202393211687,NA
79,"NAM","Namibia",0.909783411522352,0.532959442925802,NA
80,"NAM","Namibia",0.873832563371531,0.514614965396186,NA
81,"NAM","Namibia",0.837643435115644,0.496188840146965,NA
82,"NAM","Namibia",0.801243399275601,0.477700886932279,NA
83,"NAM","Namibia",0.764659846655847,0.459170842844169,NA
84,"NAM","Namibia",0.727920158548028,0.440618339564649,NA
85,"NAM","Namibia",0.691051679013186,0.422062880788722,NA
86,"NAM","Namibia",0.654081687273969,0.4035238198449,NA
87,"NAM","Namibia",0.617037370248112,0.385020337539538,NA
88,"NAM","Namibia",0.579945795254334,0.366571420250994,NA
89,"NAM","Namibia",0.542833882921522,0.348195838299356,NA
90,"NAM","Namibia",0.505728380331833,0.329912124617089,NA
91,"NAM","Namibia",0.468655834428056,0.311738553745625,NA
92,"NAM","Namibia",0.431642565715228,0.293693121182503,NA
93,"NAM","Namibia",0.394714642286156,0.275793523103234,NA
94,"NAM","Namibia",0.357897854200068,0.258057136481615,NA
95,"NAM","Namibia",0.321217688243202,0.240500999631728,NA
96,"NAM","Namibia",0.284699303099675,0.223141793194357,NA
97,"NAM","Namibia",0.248367504960458,0.205995821589989,NA
98,"NAM","Namibia",0.212246723597758,0.18907899496005,NA
99,"NAM","Namibia",0.176360988931538,0.172406811617363,NA
100,"NAM","Namibia",0.140733908114334,0.155994341026282,NA
101,"NAM","Namibia",0.105388643159837,0.139856207332243,NA
102,"NAM","Namibia",0.0703478891401418,0.124006573459855,NA
103,"NAM","Namibia",0.0356338529757895,0.108459125797958,NA
104,"NAM","Namibia",0.00126823284207851,0.09322705948935,NA
105,"NAM","Namibia",-0.0327278017856507,0.0783230643421791,NA
106,"NAM","Namibia",-0.0663336294258175,0.0637593113792395,NA
107,"NAM","Namibia",-0.0995291952023376,0.0495474400406368,NA
108,"NAM","Namibia",-0.132295028753961,0.0356985460545132,NA
109,"NAM","Namibia",-0.164612261421722,0.0222231699897102,NA
110,"NAM","Namibia",-0.196462642695885,0.0091312865034342,NA
111,"NAM","Namibia",-0.227828555904625,-0.00356770570384674,NA
112,"NAM","Namibia",-0.258693033127638,-0.0158649932149001,NA
113,"NAM","Namibia",-0.289039769318743,-0.0277523564930983,NA
114,"NAM","Namibia",-0.318853135622542,-0.0392221777410203,NA
115,"NAM","Namibia",-0.348118191871107,-0.050267448011533,NA
116,"NAM","Namibia",-0.376820698247688,-0.0608817735634842,NA
117,"NAM","Namibia",-0.404947126105407,-0.0710593814550639,NA
118,"NAM","Namibia",-0.432484667929902,-0.0807951243687814,NA
119,"NAM","Namibia",-0.459421246435912,-0.0900844846629462,NA
120,"NAM","Namibia",-0.485745522788845,-0.0989235776454516,NA
121,"NAM","Namibia",-0.511446903943361,-0.107309154066604,NA
122,"NAM","Namibia",-0.536515549092096,-0.115238601828658,NA
123,"NAM","Namibia",-0.5609423752187,-0.122709946910687,NA
124,"NAM","Namibia",-0.584719061750398,-0.129721853508305,NA
125,"NAM","Namibia",-0.607838054306386,-0.136273623388754,NA
126,"NAM","Namibia",-0.630292567539433,-0.142365194462775,NA
127,"NAM","Namibia",-0.652076587069115,-0.147997138575604,NA
128,"NAM","Namibia",-0.673184870506224,-0.15317065852042,NA
129,"NAM","Namibia",-0.693612947568924,-0.157887584278441,NA
130,"NAM","Namibia",-0.713357119292337,-0.162150368490834,NA
131,"NAM","Namibia",-0.732414456334294,-0.165962081168487,NA
132,"NAM","Namibia",-0.750782796381065,-0.169326403646643,NA
133,"NAM","Namibia",-0.768460740657936,-0.172247621792255,NA
134,"NAM","Namibia",-0.78544764955056,-0.174730618472833,NA
135,"NAM","Namibia",-0.801743637344068,-0.17678086529645,NA
136,"NAM","Namibia",-0.817349566087953,-0.178404413633416,NA
137,"NAM","Namibia",-0.832267038595775,-0.179607884931004,NA
138,"NAM","Namibia",-0.846498390589762,-0.180398460333453,NA
139,"NAM","Namibia",-0.860046682001376,-0.1807838696203,NA
140,"NAM","Namibia",-0.87291568743991,-0.180772379476906,NA
141,"NAM","Namibia",-0.885109885842173,-0.180372781111838,NA
142,"NAM","Namibia",-0.896634449317263,-0.179594377236556,NA
143,"NAM","Namibia",-0.907495231201378,-0.178446968423593,NA
144,"NAM","Namibia",-0.917698753338559,-0.176940838860189,NA
145,"NAM","Namibia",-0.927252192604138,-0.17508674151503,NA
146,"NAM","Namibia",-0.936163366688581,-0.172895882736459,NA
147,"NAM","Namibia",-0.944440719160251,-0.170379906301208,NA
148,"NAM","Namibia",-0.952093303826492,-0.167550876933335,NA
149,"NAM","Namibia",-0.959130768413225,-0.164421263313705,NA
150,"NAM","Namibia",-0.965563337584058,-0.161003920600942,NA
151,"NAM","Namibia",-0.971401795320691,-0.157312072485377,NA
152,"NAM","Namibia",-0.976657466687106,-0.153359292798049,NA
153,"NAM","Namibia",-0.981342199000796,-0.149159486697386,NA
154,"NAM","Namibia",-0.985468342434932,-0.14472687145664,NA
155,"NAM","Namibia",-0.989048730076056,-0.140075956875692,NA
156,"NAM","Namibia",-0.992096657462505,-0.135221525341216,NA
157,"NAM","Namibia",-0.994625861629374,-0.130178611559687,NA
158,"NAM","Namibia",-0.996650499686383,-0.124962481988027,NA
159,"NAM","Namibia",-0.998185126955589,-0.119588613987121,NA
160,"NAM","Namibia",-0.999244674696322,-0.114072674723696,NA
161,"NAM","Namibia",-0.999844427445266,-0.108430499846399,NA
162,"NAM","Namibia",-1,-0.102678071962167,NA
163,"NAM","Namibia",-0.999727314074726,-0.0968314989392012,NA
164,"NAM","Namibia",-0.999042574657294,-0.0909069920630902,NA
165,"NAM","Namibia",-0.997962246096949,-0.0849208440727797,NA
166,"NAM","Namibia",-0.996503027952554,-0.0788894071032384,NA
167,"NAM","Namibia",-0.994681830631267,-0.0728290705617771,NA
168,"NAM","Namibia",-0.992515750847906,-0.0667562389650504,NA
169,"NAM","Namibia",-0.990022046935432,-0.0606873097638268,NA
170,"NAM","Namibia",-0.987218114037105,-0.0546386511826124,NA
171,"NAM","Namibia",-0.98412145921102,-0.0486265801012056,NA
172,"NAM","Namibia",-0.980749676477791,-0.0426673400051993,NA
173,"NAM","Namibia",-0.977120421842196,-0.0367770790323694,NA
174,"NAM","Namibia",-0.973251388319625,-0.0309718281417686,NA
175,"NAM","Namibia",-0.969160280998114,-0.0252674794321975,NA
176,"NAM","Namibia",-0.964864792166707,-0.0196797646365441,NA
177,"NAM","Namibia",-0.960382576540767,-0.0142242338182717,NA
178,"NAM","Namibia",-0.95573122661474,-0.00891623429609352,NA
179,"NAM","Namibia",-0.950928248172672,-0.00377088982259145,NA
180,"NAM","Namibia",-0.94599103598659,0.00119691995775724,NA
181,"NAM","Namibia",-0.94093684973261,0.00597257974602825,NA
182,"NAM","Namibia",-0.935782790154317,0.0105417584970151,NA
183,"NAM","Namibia",-0.930545775502712,0.0148904289737492,NA
184,"NAM","Namibia",-0.925242518281577,0.0190048869244386,NA
185,"NAM","Namibia",-0.919889502326812,0.0228717698583398,NA
186,"NAM","Namibia",-0.914502960247801,0.0264780753975588,NA
187,"NAM","Namibia",-0.909098851258452,0.0298111791822871,NA
188,"NAM","Namibia",-0.903692839425055,0.03285885230751,NA
189,"NAM","Namibia",-0.898300272357577,0.0356092782697893,NA
190,"NAM","Namibia",-0.89293616037046,0.0380510694033086,NA
191,"NAM","Namibia",-0.887615156138402,0.0401732827849796,NA
192,"NAM","Namibia",-0.882351534872009,0.0419654355890458,NA
193,"NAM","Namibia",-0.877159175037515,0.0434175198722785,NA
194,"NAM","Namibia",-0.872051539644136,0.0445200167715421,NA
195,"NAM","Namibia",-0.867041658121914,0.0452639100962091,NA
196,"NAM","Namibia",-0.86214210881215,0.0456406992986312,NA
197,"NAM","Namibia",-0.857365002091811,0.045642411806616,NA
198,"NAM","Namibia",-0.852721964152484,0.045261614702625,NA
199,"NAM","Namibia",-0.848224121453657,0.0444914257351884,NA
200,"NAM","Namibia",-0.843882085869285,0.0433255236488356,NA
201,"NAM","Namibia",-0.839705940545719,0.0417581578196519,NA
202,"NAM","Namibia",-0.835705226488254,0.0397841571844085,NA
203,"NAM","Namibia",-0.831888929892592,0.0373989384520551,NA
204,"NAM","Namibia",-0.828265470236669,0.0345985135872268,NA
205,"NAM","Namibia",-0.824842689147305,0.0313794965562872,NA
206,"NAM","Namibia",-0.821627840055241,0.027739109327314,NA
207,"NAM","Namibia",-0.818627578651115,0.0236751871163277,NA
208,"NAM","Namibia",-0.815847954153974,0.0191861828729663,NA
209,"NAM","Namibia",-0.81329440140293,0.0142711709997209,NA
210,"NAM","Namibia",-0.810971733781536,0.00892985029976434,NA
211,"NAM","Namibia",-0.808884136983474,0.00316254614933192,NA
212,"NAM","Namibia",-0.807035163627081,-0.00302978810845828,NA
213,"NAM","Namibia",-0.805427728725242,-0.00964557055052562,NA
214,"NAM","Namibia",-0.804064106016096,-0.0166825908427313,NA
215,"NAM","Namibia",-0.80294592515898,-0.0241380111910698,NA
216,"NAM","Namibia",-0.802074169798959,-0.032008368074518,NA
217,"NAM","Namibia",-0.801449176502241,-0.0402895747579671,NA
218,"NAM","Namibia",-0.80107063456371,-0.0489769245827351,NA
219,"NAM","Namibia",-0.800937586686734,-0.0580650950312174,NA
220,"NAM","Namibia",-0.801048430534372,-0.0675481525613058,NA
221,"NAM","Namibia",-0.801400921149984,-0.0774195582052881,NA
222,"NAM","Namibia",-0.801992174244261,-0.0876721739270098,NA
223,"NAM","Namibia",-0.802818670344556,-0.098298269730182,NA
224,"NAM","Namibia",-0.80387625980141,-0.109289531509808,NA
225,"NAM","Namibia",-0.805160168646072,-0.120637069637815,NA
226,"NAM","Namibia",-0.806665005291806,-0.132331428273084,NA
227,"NAM","Namibia",-0.808384768070727,-0.144362595385216,NA
228,"NAM","Namibia",-0.810312853596895,-0.1567200134805,NA
229,"NAM","Namibia",-0.812442065945381,-0.169392591017705,NA
230,"NAM","Namibia",-0.814764626636033,-0.182368714500497,NA
231,"NAM","Namibia",-0.817272185409668,-0.195636261232462,NA
232,"NAM","Namibia",-0.819955831783472,-0.20918261271991,NA
233,"NAM","Namibia",-0.8228061073714,-0.222994668706864,NA
234,"NAM","Namibia",-0.82581301895447,-0.237058861825878,NA
235,"NAM","Namibia",-0.828966052284902,-0.251361172847572,NA
236,"NAM","Namibia",-0.832254186607159,-0.265887146511055,NA
237,"NAM","Namibia",-0.835665909878077,-0.28062190791672,NA
238,"NAM","Namibia",-0.839189234667387,-0.295550179462182,NA
239,"NAM","Namibia",-0.842811714719149,-0.310656298301508,NA
240,"NAM","Namibia",-0.846520462153729,-0.32592423430723,NA
241,"NAM","Namibia",-0.850302165289241,-0.341337608514036,NA
242,"NAM","Namibia",-0.854143107060562,-0.356879712022434,NA
243,"NAM","Namibia",-0.858029184013302,-0.372533525340152,NA
244,"NAM","Namibia",-0.861945925849417,-0.388281738138469,NA
245,"NAM","Namibia",-0.865878515500461,-0.404106769400202,NA
246,"NAM","Namibia",-0.869811809703805,-0.419990787935557,NA
247,"NAM","Namibia",-0.873730360056566,-0.435915733241656,NA
248,"NAM","Namibia",-0.87761843452135,-0.451863336681063,NA
249,"NAM","Namibia",-0.881460039357388,-0.4678151429543,NA
250,"NAM","Namibia",-0.885238941450095,-0.483752531840947,NA
251,"NAM","Namibia",-0.88893869101158,-0.499656740183603,NA
252,"NAM","Namibia",-0.892542644624192,-0.515508884088662,NA
253,"NAM","Namibia",-0.896033988598725,-0.53128998131764,NA
254,"NAM","Namibia",-0.899395762618525,-0.546980973842458,NA
255,"NAM","Namibia",-0.902610883640387,-0.562562750537981,NA
256,"NAM","Namibia",-0.905662170022764,-0.578016169984856,NA
257,"NAM","Namibia",-0.908532365851572,-0.593322083355593,NA
258,"NAM","Namibia",-0.911204165433557,-0.608461357356698,NA
259,"NAM","Namibia",-0.913660237927017,-0.623414897199596,NA
260,"NAM","Namibia",-0.915883252079455,-0.638163669573032,NA
261,"NAM","Namibia",-0.917855901041609,-0.652688725589626,NA
262,"NAM","Namibia",-0.91956092722717,-0.666971223679259,NA
263,"NAM","Namibia",-0.920981147187454,-0.68099245240204,NA
264,"NAM","Namibia",-0.922099476470217,-0.694733853153672,NA
265,"NAM","Namibia",-0.922898954431835,-0.708177042736142,NA
266,"NAM","Namibia",-0.923362768972085,-0.721303835766816,NA
267,"NAM","Namibia",-0.923474281160826,-0.734096266899208,NA
268,"NAM","Namibia",-0.923217049726022,-0.746536612828867,NA
269,"NAM","Namibia",-0.922574855372652,-0.758607414058116,NA
270,"NAM","Namibia",-0.921531724902261,-0.770291496393592,NA
271,"NAM","Namibia",-0.920071955103117,-0.781571992150901,NA
272,"NAM","Namibia",-0.918180136381175,-0.792432361040983,NA
273,"NAM","Namibia",-0.915841176102377,-0.802856410713168,NA
274,"NAM","Namibia",-0.913040321617099,-0.812828316930313,NA
275,"NAM","Namibia",-0.909763182937937,-0.822332643351804,NA
276,"NAM","Namibia",-0.905995755042428,-0.831354360900665,NA
277,"NAM","Namibia",-0.901724439772695,-0.83987886669153,NA
278,"NAM","Namibia",-0.89693606730452,-0.847892002496673,NA
279,"NAM","Namibia",-0.891617917158785,-0.855380072727911,NA
280,"NAM","Namibia",-0.885757738728792,-0.862329861912676,NA
281,"NAM","Namibia",-0.87934377129752,-0.868728651643195,NA
282,"NAM","Namibia",-0.872364763519455,-0.874564236978301,NA
283,"NAM","Namibia",-0.864809992342273,-0.879824942278045,NA
284,"NAM","Namibia",-0.856669281344279,-0.884499636451933,NA
285,"NAM","Namibia",-0.847933018464219,-0.888577747602304,NA
286,"NAM","Namibia",-0.838592173100759,-0.892049277045053,NA
287,"NAM","Namibia",-0.828638312559677,-0.894904812690654,NA
288,"NAM","Namibia",-0.818063617827569,-0.897135541769154,NA
289,"NAM","Namibia",-0.806860898651675,-0.898733262883613,NA
290,"NAM","Namibia",-0.79502360790621,-0.899690397377197,NA
291,"NAM","Namibia",-0.782545855226463,-0.9,NA
292,"NAM","Namibia",-0.769422419892736,-0.899655768862418,NA
293,"NAM","Namibia",-0.75564876294714,-0.898652054662799,NA
294,"NAM","Namibia",-0.741221038527095,-0.896983869177886,NA
295,"NAM","Namibia",-0.726136104400366,-0.894646893005479,NA
296,"NAM","Namibia",-0.710391531687352,-0.891637482549578,NA
297,"NAM","Namibia",-0.693985613757352,-0.887952676239194,NA
298,"NAM","Namibia",-0.676917374286462,-0.883590199972876,NA
299,"NAM","Namibia",-0.659186574465778,-0.878548471781947,NA
300,"NAM","Namibia",-0.640793719349559,-0.872826605706318,NA
301,"NAM","Namibia",-0.621740063334033,-0.866424414877714,NA
302,"NAM","Namibia",-0.602027614758553,-0.859342413806042,NA
303,"NAM","Namibia",-0.581659139621848,-0.851581819865579,NA
304,"NAM","Namibia",-0.560638164407142,-0.84314455397861,NA
305,"NAM","Namibia",-0.538968978011012,-0.834033240495062,NA
306,"NAM","Namibia",-0.516656632771865,-0.824251206267641,NA
307,"NAM","Namibia",-0.49370694459501,-0.813802478922929,NA
308,"NAM","Namibia",-0.47012649217237,-0.80269178432982,NA
309,"NAM","Namibia",-0.445922615295954,-0.790924543267647,NA
310,"NAM","Namibia",-0.421103412265247,-0.778506867297256,NA
311,"NAM","Namibia",-0.395677736389829,-0.765445553839269,NA
312,"NAM","Namibia",-0.369655191589512,-0.751748080464646,NA
313,"NAM","Namibia",-0.343046127095438,-0.737422598403654,NA
314,"NAM","Namibia",-0.315861631256598,-0.722477925280197,NA
315,"NAM","Namibia",-0.288113524457324,-0.706923537079446,NA
316,"NAM","Namibia",-0.259814351152341,-0.69076955935754,NA
317,"NAM","Namibia",-0.230977371027041,-0.67402675770307,NA
318,"NAM","Namibia",-0.201616549291652,-0.65670652746092,NA
319,"NAM","Namibia",-0.171746546119056,-0.638820882729906,NA
320,"NAM","Namibia",-0.141382705236949,-0.620382444646502,NA
321,"NAM","Namibia",-0.11054104168616,-0.601404428967825,NA
322,"NAM","Namibia",-0.0792382287578069,-0.581900632967785,NA
323,"NAM","Namibia",-0.0474915841230852,-0.561885421661237,NA
324,"NAM","Namibia",-0.0153190551703205,-0.541373713371648,NA
325,"NAM","Namibia",0.0172607964350178,-0.520380964658641,NA
326,"NAM","Namibia",0.0502288109508129,-0.498923154622503,NA
327,"NAM","Namibia",0.0835652475018083,-0.477016768603477,NA
328,"NAM","Namibia",0.117249801747736,-0.45467878129438,NA
329,"NAM","Namibia",0.151261624256865,-0.431926639285774,NA
330,"NAM","Namibia",0.185579339564828,-0.408778243063593,NA
331,"NAM","Namibia",0.220181065897868,-0.385251928479759,NA
332,"NAM","Namibia",0.255044435538733,-0.361366447716965,NA
333,"NAM","Namibia",0.29014661581278,-0.337140949769386,NA
334,"NAM","Namibia",0.325464330671042,-0.312594960461623,NA
335,"NAM","Namibia",0.360973882846259,-0.287748362028806,NA
336,"NAM","Namibia",0.396651176557299,-0.262621372281206,NA
337,"NAM","Namibia",0.432471740736573,-0.237234523377269,NA
338,"NAM","Namibia",0.468410752754566,-0.211608640229401,NA
339,"NAM","Namibia",0.504443062614871,-0.185764818567312,NA
340,"NAM","Namibia",0.540543217592647,-0.159724402684061,NA
341,"NAM","Namibia",0.576685487288789,-0.133508962890418,NA
342,"NAM","Namibia",0.612843889071674,-0.107140272703394,NA
343,"NAM","Namibia",0.648992213877776,-0.0806402857952098,NA
344,"NAM","Namibia",0.685104052342098,-0.0540311127291633,NA
345,"NAM","Namibia",0.7211528212289,-0.0273349975091765,NA
346,"NAM","Namibia",0.757111790132805,-0.000574293970004192,NA
347,"NAM","Namibia",0.792954108420124,0.0262285579647595,NA
348,"NAM","Namibia",0.828652832379809,0.0530510561295116,NA
349,"NAM","Namibia",0.864180952553302,0.0798706600409044,NA
350,"NAM","Namibia",0.899511421212173,0.106664814871948,NA
351,"NAM","Namibia",0.934617179952444,0.133410975448424,NA
352,"NAM","Namibia",0.969471187374053,0.160086630239879,NA
353,"NAM","Namibia",1.00404644681414,0.18666932531769,NA
354,"NAM","Namibia",1.03831603410238,0.213136688252499,NA
355,"NAM","Namibia",1.07225312530688,0.239466451923592,NA
356,"NAM","Namibia",1.10583102443889,0.26563647821275,NA
357,"NAM","Namibia",1.13902319108476,0.291624781555296,NA
358,"NAM","Namibia",1.1718032679335,0.317409552321253,NA
359,"NAM","Namibia",1.20414510816863,0.342969179999648,NA
360,"NAM","Namibia",1.23602280269283,0.36828227615932,NA
361,"NAM","Namibia",1.26741070715431,0.393327697159761,NA
362,"NAM","Namibia",1.29828346874406,0.418084566585901,NA
363,"NAM","Namibia",1.32861605273305,0.442532297380974,NA
364,"NAM","Namibia",1.35838376871921,0.466650613652053,NA
365,"NAM","Namibia",1.38756229655395,0.490419572123157,NA
1,"NER","Niger",-0.681923836359121,-0.877072143088518,NA
2,"NER","Niger",-0.666292802981657,-0.871381194221947,NA
3,"NER","Niger",-0.650627046849359,-0.86512233771894,NA
4,"NER","Niger",-0.634954302207289,-0.858315102732751,NA
5,"NER","Niger",-0.619302085153973,-0.850979527019504,NA
6,"NER","Niger",-0.603697658380014,-0.843136129642548,NA
7,"NER","Niger",-0.588167996274925,-0.834805883149313,NA
8,"NER","Niger",-0.5727397504443,-0.826010185254657,NA
9,"NER","Niger",-0.557439215678945,-0.816770830065301,NA
10,"NER","Niger",-0.542292296417011,-0.807109978880473,NA
11,"NER","Niger",-0.527324473739594,-0.797050130604358,NA
12,"NER","Niger",-0.512560772939601,-0.786614091806408,NA
13,"NER","Niger",-0.498025731702972,-0.775824946465967,NA
14,"NER","Niger",-0.483743368940613,-0.764706025438033,NA
15,"NER","Niger",-0.469737154308606,-0.753280875677267,NA
16,"NER","Niger",-0.456029978453402,-0.741573229257676,NA
17,"NER","Niger",-0.442644124017852,-0.729606972225576,NA
18,"NER","Niger",-0.42960123744298,-0.71740611332366,NA
19,"NER","Niger",-0.416922301599459,-0.704994752624113,NA
20,"NER","Niger",-0.404627609281726,-0.692397050108808,NA
21,"NER","Niger",-0.392736737596638,-0.679637194234675,NA
22,"NER","Niger",-0.381268523277492,-0.666739370522335,NA
23,"NER","Niger",-0.370241038953097,-0.653727730206014,NA
24,"NER","Niger",-0.359671570400449,-0.640626358982729,NA
25,"NER","Niger",-0.349576594808353,-0.627459245898522,NA
26,"NER","Niger",-0.339971760078138,-0.614250252409414,NA
27,"NER","Niger",-0.330871865186324,-0.60102308165446,NA
28,"NER","Niger",-0.322290841632865,-0.587801247978074,NA
29,"NER","Niger",-0.314241735997229,-0.574608046738433,NA
30,"NER","Niger",-0.306736693623283,-0.561466524438446,NA
31,"NER","Niger",-0.299786943452572,-0.548399449215342,NA
32,"NER","Niger",-0.293402784024181,-0.535429281724525,NA
33,"NER","Niger",-0.287593570657996,-0.522578146452812,NA
34,"NER","Niger",-0.282367703836725,-0.509867803495683,NA
35,"NER","Niger",-0.277732618800611,-0.497319620832583,NA
36,"NER","Niger",-0.273694776367295,-0.484954547133699,NA
37,"NER","Niger",-0.27025965498783,-0.472793085131005,NA
38,"NER","Niger",-0.267431744048333,-0.460855265585665,NA
39,"NER","Niger",-0.265214538425282,-0.449160621883164,NA
40,"NER","Niger",-0.263610534300953,-0.437728165286763,NA
41,"NER","Niger",-0.262621226243953,-0.426576360879087,NA
42,"NER","Niger",-0.262247105558316,-0.415723104220818,NA
43,"NER","Niger",-0.26248765990307,-0.405185698754567,NA
44,"NER","Niger",-0.263341374182672,-0.394980833981144,NA
45,"NER","Niger",-0.26480573270717,-0.385124564434458,NA
46,"NER","Niger",-0.266877222619423,-0.375632289480354,NA
47,"NER","Niger",-0.269551338585186,-0.366518733963664,NA
48,"NER","Niger",-0.27282258874035,-0.357797929726736,NA
49,"NER","Niger",-0.276684501888096,-0.349483198021658,NA
50,"NER","Niger",-0.281129635937241,-0.341587132837302,NA
51,"NER","Niger",-0.286149587571543,-0.334121585161212,NA
52,"NER","Niger",-0.291735003138256,-0.32709764819522,NA
53,"NER","Niger",-0.297875590742739,-0.320525643542544,NA
54,"NER","Niger",-0.304560133534517,-0.314415108382937,NA
55,"NER","Niger",-0.311776504168689,-0.308774783651246,NA
56,"NER","Niger",-0.319511680425228,-0.303612603233562,NA
57,"NER","Niger",-0.327751761967272,-0.298935684193889,NA
58,"NER","Niger",-0.336481988218157,-0.29475031804303,NA
59,"NER","Niger",-0.345686757335592,-0.291061963060118,NA
60,"NER","Niger",-0.355349646260052,-0.287875237675968,NA
61,"NER","Niger",-0.365453431813153,-0.285193914926128,NA
62,"NER","Niger",-0.375980112820531,-0.283020917980229,NA
63,"NER","Niger",-0.386910933232498,-0.281358316752929,NA
64,"NER","Niger",-0.398226406214536,-0.280207325600453,NA
65,"NER","Niger",-0.409906339178528,-0.279568302105401,NA
66,"NER","Niger",-0.421929859724498,-0.279440746951211,NA
67,"NER","Niger",-0.434275442461489,-0.279823304886336,NA
68,"NER","Niger",-0.446920936675215,-0.280713766776866,NA
69,"NER","Niger",-0.459843594809011,-0.282109072745058,NA
70,"NER","Niger",-0.473020101723707,-0.284005316389869,NA
71,"NER","Niger",-0.486426604701038,-0.286397750084343,NA
72,"NER","Niger",-0.500038744154332,-0.28928079134335,NA
73,"NER","Niger",-0.513831685009373,-0.29264803025393,NA
74,"NER","Niger",-0.527780148717474,-0.296492237959184,NA
75,"NER","Niger",-0.54185844586208,-0.300805376185395,NA
76,"NER","Niger",-0.556040509319453,-0.30557860780081,NA
77,"NER","Niger",-0.570299927933344,-0.310802308393253,NA
78,"NER","Niger",-0.584609980662916,-0.316466078852524,NA
79,"NER","Niger",-0.598943671162591,-0.322558758942332,NA
80,"NER","Niger",-0.613273762751994,-0.329068441845289,NA
81,"NER","Niger",-0.627572813733649,-0.335982489663352,NA
82,"NER","Niger",-0.641813213015681,-0.343287549854926,NA
83,"NER","Niger",-0.655967215996378,-0.350969572588706,NA
84,"NER","Niger",-0.670006980667147,-0.359013828993249,NA
85,"NER","Niger",-0.683904603890128,-0.36740493028017,NA
86,"NER","Niger",-0.697632157806488,-0.376126847717796,NA
87,"NER","Niger",-0.711161726331263,-0.385162933431102,NA
88,"NER","Niger",-0.72446544169048,-0.394495942002736,NA
89,"NER","Niger",-0.737515520956247,-0.404108052848977,NA
90,"NER","Niger",-0.750284302535447,-0.413980893343541,NA
91,"NER","Niger",-0.762744282567767,-0.424095562661217,NA
92,"NER","Niger",-0.774868151188821,-0.434432656312487,NA
93,"NER","Niger",-0.786628828614319,-0.44497229133939,NA
94,"NER","Niger",-0.797999501001409,-0.455694132142139,NA
95,"NER","Niger",-0.808953656043578,-0.466577416905204,NA
96,"NER","Niger",-0.819465118255789,-0.477600984590849,NA
97,"NER","Niger",-0.829508083906886,-0.488743302467425,NA
98,"NER","Niger",-0.83905715555672,-0.49998249413907,NA
99,"NER","Niger",-0.848087376155877,-0.511296368042849,NA
100,"NER","Niger",-0.856574262666414,-0.522662446378796,NA
101,"NER","Niger",-0.864493839162561,-0.534057994437795,NA
102,"NER","Niger",-0.871822669370943,-0.545460050291745,NA
103,"NER","Niger",-0.878537888610536,-0.556845454810001,NA
104,"NER","Niger",-0.884617235093267,-0.568190881965692,NA
105,"NER","Niger",-0.890039080546915,-0.579472869395144,NA
106,"NER","Niger",-0.894782460122766,-0.590667849173332,NA
107,"NER","Niger",-0.898827101551307,-0.601752178768001,NA
108,"NER","Niger",-0.902153453510126,-0.612702172134879,NA
109,"NER","Niger",-0.904742713169111,-0.623494130916209,NA
110,"NER","Niger",-0.906576852879005,-0.634104375704709,NA
111,"NER","Niger",-0.907638645970386,-0.644509277334952,NA
112,"NER","Niger",-0.907911691631174,-0.654685288164135,NA
113,"NER","Niger",-0.907380438831859,-0.664608973304185,NA
114,"NER","Niger",-0.906030209268774,-0.674257041767201,NA
115,"NER","Niger",-0.903847219296869,-0.683606377486324,NA
116,"NER","Niger",-0.900818600824664,-0.692634070174255,NA
117,"NER","Niger",-0.896932421145246,-0.70131744598182,NA
118,"NER","Niger",-0.892177701678466,-0.709634097919208,NA
119,"NER","Niger",-0.886544435600755,-0.717561916002777,NA
120,"NER","Niger",-0.880023604340287,-0.725079117090631,NA
121,"NER","Niger",-0.872607192916581,-0.732164274370535,NA
122,"NER","Niger",-0.864288204104966,-0.738796346464125,NA
123,"NER","Niger",-0.855060671407759,-0.74495470611183,NA
124,"NER","Niger",-0.844919670815375,-0.750619168403387,NA
125,"NER","Niger",-0.833861331342056,-0.755770018519376,NA
126,"NER","Niger",-0.821882844322332,-0.760388038949762,NA
127,"NER","Niger",-0.808982471455804,-0.764454536156047,NA
128,"NER","Niger",-0.795159551589316,-0.767951366644271,NA
129,"NER","Niger",-0.780414506227071,-0.770860962416812,NA
130,"NER","Niger",-0.764748843760779,-0.773166355771642,NA
131,"NER","Niger",-0.748165162413396,-0.774851203418465,NA
132,"NER","Niger",-0.73066715189159,-0.775899809881982,NA
133,"NER","Niger",-0.71225959374355,-0.776297150163328,NA
134,"NER","Niger",-0.692948360420325,-0.776028891631646,NA
135,"NER","Niger",-0.672740413040404,-0.775081415118618,NA
136,"NER","Niger",-0.651643797858783,-0.77344183518975,NA
137,"NER","Niger",-0.629667641443305,-0.771098019567153,NA
138,"NER","Niger",-0.606822144562593,-0.768038607679584,NA
139,"NER","Niger",-0.583118574791433,-0.764253028316501,NA
140,"NER","Niger",-0.558569257840971,-0.759731516363994,NA
141,"NER","Niger",-0.533187567622616,-0.754465128601489,NA
142,"NER","Niger",-0.506987915056037,-0.748445758539268,NA
143,"NER","Niger",-0.479985735633143,-0.741666150277946,NA
144,"NER","Niger",-0.452197475751413,-0.734119911372238,NA
145,"NER","Niger",-0.423640577831381,-0.725801524682493,NA
146,"NER","Niger",-0.394333464234579,-0.716706359198682,NA
147,"NER","Niger",-0.364295519999615,-0.706830679822753,NA
148,"NER","Niger",-0.333547074415509,-0.696171656096472,NA
149,"NER","Niger",-0.30210938145276,-0.684727369863145,NA
150,"NER","Niger",-0.270004599074015,-0.672496821852849,NA
151,"NER","Niger",-0.237255767447515,-0.659479937182107,NA
152,"NER","Niger",-0.203886786087822,-0.645677569760195,NA
153,"NER","Niger",-0.16992238994959,-0.631091505595584,NA
154,"NER","Niger",-0.135388124501422,-0.61572446499733,NA
155,"NER","Niger",-0.100310319808029,-0.599580103667497,NA
156,"NER","Niger",-0.0647160636501464,-0.58266301268207,NA
157,"NER","Niger",-0.0286331737127599,-0.564978717359078,NA
158,"NER","Niger",0.00790983112665221,-0.54653367501401,NA
159,"NER","Niger",0.0448837603771002,-0.527335271603888,NA
160,"NER","Niger",0.0822587823464879,-0.507391817262728,NA
161,"NER","Niger",0.12000445535262,-0.486712540732379,NA
162,"NER","Niger",0.158089759697062,-0.465307582694101,NA
163,"NER","Niger",0.196483130365174,-0.443187988007501,NA
164,"NER","Niger",0.235152490414755,-0.420365696864768,NA
165,"NER","Niger",0.274065285014931,-0.396853534869441,NA
166,"NER","Niger",0.313188516096121,-0.372665202050202,NA
167,"NER","Niger",0.352488777571157,-0.347815260821484,NA
168,"NER","Niger",0.391932291087018,-0.322319122903892,NA
169,"NER","Niger",0.431484942265875,-0.296193035218731,NA
170,"NER","Niger",0.47111231739368,-0.269454064772109,NA
171,"NER","Niger",0.51077974051388,-0.2421200825453,NA
172,"NER","Niger",0.55045231088342,-0.21420974640925,NA
173,"NER","Niger",0.590094940747697,-0.185742483082259,NA
174,"NER","Niger",0.629672393390771,-0.156738469151015,NA
175,"NER","Niger",0.669149321416781,-0.127218611176274,NA
176,"NER","Niger",0.708490305218226,-0.0972045249055772,NA
177,"NER","Niger",0.747659891586533,-0.0667185136164571,NA
178,"NER","Niger",0.786622632420142,-0.0357835456146325,NA
179,"NER","Niger",0.825343123485236,-0.00442323091267714,NA
180,"NER","Niger",0.863786043184108,0.0273382028843244,NA
181,"NER","Niger",0.901916191286189,0.0594759354587233,NA
182,"NER","Niger",0.939698527576742,0.0919645793974932,NA
183,"NER","Niger",0.977098210378348,0.124778206517425,NA
184,"NER","Niger",1.01408063490039,0.157890374868242,NA
185,"NER","Niger",1.050611471372,0.191274156382741,NA
186,"NER","Niger",1.08665670291404,0.224902165142268,NA
187,"NER","Niger",1.12218266310623,0.258746586225137,NA
188,"NER","Niger",1.15715607320546,0.292779205104833,NA
189,"NER","Niger",1.1915440789723,0.326971437564247,NA
190,"NER","Niger",1.22531428706247,0.361294360091516,NA
191,"NER","Niger",1.25843480094124,0.395718740722479,NA
192,"NER","Niger",1.29087425627863,0.430215070294209,NA
193,"NER","Niger",1.32260185578441,0.464753594073598,NA
194,"NER","Niger",1.35358740344217,0.499304343724478,NA
195,"NER","Niger",1.3838013381026,0.533837169576391,NA
196,"NER","Niger",1.41321476639677,0.568321773157715,NA
197,"NER","Niger",1.44179949493115,0.602727739955528,NA
198,"NER","Niger",1.46952806172668,0.637024572364333,NA
199,"NER","Niger",1.49637376686527,0.671181722785503,NA
200,"NER","Niger",1.52231070230804,0.705168626839117,NA
201,"NER","Niger",1.54731378085034,0.738954736649717,NA
202,"NER","Niger",1.57135876417993,0.772509554167398,NA
203,"NER","Niger",1.59442229000546,0.80580266448561,NA
204,"NER","Niger",1.61648189822353,0.838803769116998,NA
205,"NER","Niger",1.63751605609394,0.871482719188691,NA
206,"NER","Niger",1.65750418239348,0.90380954851847,NA
207,"NER","Niger",1.67642667052029,0.935754506533432,NA
208,"NER","Niger",1.69426491052157,0.96728809099288,NA
209,"NER","Niger",1.71100131001904,0.998381080477417,NA
210,"NER","Niger",1.7266193140076,1.02900456660648,NA
211,"NER","Niger",1.74110342350409,1.05912998594683,NA
212,"NER","Niger",1.75443921302431,1.08872915157488,NA
213,"NER","Niger",1.76661334686784,1.11777428425616,NA
214,"NER","Niger",1.77761359419161,1.14623804320557,NA
215,"NER","Niger",1.7874288428546,1.17409355639268,NA
216,"NER","Niger",1.79604911201743,1.20131445035667,NA
217,"NER","Niger",1.803465563482,1.22787487949635,NA
218,"NER","Niger",1.80967051175809,1.25374955480089,NA
219,"NER","Niger",1.81465743284489,1.27891377198806,NA
220,"NER","Niger",1.81842097171721,1.30334343901685,NA
221,"NER","Niger",1.82095694850774,1.32701510294273,NA
222,"NER","Niger",1.82226236337779,1.34990597608387,NA
223,"NER","Niger",1.82233540007098,1.37199396146817,NA
224,"NER","Niger",1.82117542814563,1.39325767753098,NA
225,"NER","Niger",1.81878300388309,1.41367648203512,NA
226,"NER","Niger",1.81515986987102,1.43323049518488,NA
227,"NER","Niger",1.81030895326187,1.45190062190731,NA
228,"NER","Niger",1.80423436270875,1.46966857327455,NA
229,"NER","Niger",1.79694138398197,1.48651688704232,NA
230,"NER","Niger",1.78843647427151,1.50242894728047,NA
231,"NER","Niger",1.77872725518181,1.51738900307268,NA
232,"NER","Niger",1.76782250442716,1.53138218626348,NA
233,"NER","Niger",1.75573214623721,1.54439452823172,NA
234,"NER","Niger",1.74246724048377,1.55641297567095,NA
235,"NER","Niger",1.72803997054152,1.56742540535826,NA
236,"NER","Niger",1.71246362989673,1.57742063789418,NA
237,"NER","Niger",1.69575260751957,1.58638845039762,NA
238,"NER","Niger",1.67792237201691,1.59431958814095,NA
239,"NER","Niger",1.65898945458426,1.60120577511155,NA
240,"NER","Niger",1.63897143077637,1.60703972348754,NA
241,"NER","Niger",1.617886901118,1.61181514201633,NA
242,"NER","Niger",1.59575547057713,1.61552674328638,NA
243,"NER","Niger",1.57259772692476,1.61817024988351,NA
244,"NER","Niger",1.5484352180062,1.61974239942443,NA
245,"NER","Niger",1.52329042795055,1.62024094846163,NA
246,"NER","Niger",1.49718675234587,1.61966467525496,NA
247,"NER","Niger",1.47014847240899,1.61801338140658,NA
248,"NER","Niger",1.44220072818001,1.61528789235725,NA
249,"NER","Niger",1.41336949077264,1.6114900567434,NA
250,"NER","Niger",1.38368153371278,1.60662274461549,NA
251,"NER","Niger",1.35316440339846,1.60068984451979,NA
252,"NER","Niger",1.32184638871576,1.59369625944682,NA
253,"NER","Niger",1.28975648984584,1.58564790165109,NA
254,"NER","Niger",1.25692438629948,1.57655168634815,NA
255,"NER","Niger",1.22338040421625,1.56641552429612,NA
256,"NER","Niger",1.18915548296637,1.55524831327034,NA
257,"NER","Niger",1.15428114109406,1.54305992844096,NA
258,"NER","Niger",1.11878944164194,1.52986121166459,NA
259,"NER","Niger",1.08271295689689,1.51566395970243,NA
260,"NER","Niger",1.0460847325982,1.50048091137854,NA
261,"NER","Niger",1.00893825164972,1.48432573369305,NA
262,"NER","Niger",0.971307397378115,1.46721300690658,NA
263,"NER","Niger",0.933226416379821,1.44915820861289,NA
264,"NER","Niger",0.894729881000026,1.4301776968186,NA
265,"NER","Niger",0.855852651487051,1.41028869204923,NA
266,"NER","Niger",0.816629837866196,1.38950925850268,NA
267,"NER","Niger",0.777096761577185,1.3678582842717,NA
268,"NER","Niger",0.737288916919815,1.3453554606586,NA
269,"NER","Niger",0.697241932352431,1.32202126060596,NA
270,"NER","Niger",0.656991531688174,1.29787691626858,NA
271,"NER","Niger",0.616573495233922,1.27294439575255,NA
272,"NER","Niger",0.576023620916983,1.24724637904859,NA
273,"NER","Niger",0.535377685444562,1.22080623318745,NA
274,"NER","Niger",0.494671405540959,1.19364798664635,NA
275,"NER","Niger",0.453940399307368,1.16579630303607,NA
276,"NER","Niger",0.413220147748995,1.13727645409929,NA
277,"NER","Niger",0.37254595651395,1.10811429205153,NA
278,"NER","Niger",0.331952917888177,1.07833622129669,NA
279,"NER","Niger",0.291475873090296,1.04796916955018,NA
280,"NER","Niger",0.251149374909903,1.01704055840303,NA
281,"NER","Niger",0.211007650732463,0.985578273361126,NA
282,"NER","Niger",0.171084565993397,0.953610633394422,NA
283,"NER","Niger",0.131413588103545,0.921166360031359,NA
284,"NER","Niger",0.0920277508874979,0.88827454603438,NA
285,"NER","Niger",0.0529596195757614,0.854964623692834,NA
286,"NER","Niger",0.0142412563910272,0.821266332770058,NA
287,"NER","Niger",-0.0240958132319385,0.787209688141762,NA
288,"NER","Niger",-0.0620206337539789,0.752824947163213,NA
289,"NER","Niger",-0.0995028519288128,0.718142576803061,NA
290,"NER","Niger",-0.136512748452801,0.683193220581814,NA
291,"NER","Niger",-0.173021268830926,0.648007665353305,NA
292,"NER","Niger",-0.209000053423752,0.612616807967546,NA
293,"NER","Niger",-0.244421466641,0.577051621853603,NA
294,"NER","Niger",-0.279258625248498,0.541343123561087,NA
295,"NER","Niger",-0.313485425756216,0.505522339299021,NA
296,"NER","Niger",-0.34707657085633,0.469620271510686,NA
297,"NER","Niger",-0.380007594881223,0.433667865523156,NA
298,"NER","Niger",-0.412254888252667,0.397695976309959,NA
299,"NER","Niger",-0.44379572089451,0.361735335405308,NA
300,"NER","Niger",-0.474608264582499,0.325816518008028,NA
301,"NER","Niger",-0.504671614206091,0.28996991031317,NA
302,"NER","Niger",-0.533965807918438,0.254225677108924,NA
303,"NER","Niger",-0.562471846152011,0.218613729676216,NA
304,"NER","Niger",-0.590171709478734,0.183163694027904,NA
305,"NER","Niger",-0.617048375294801,0.147904879524169,NA
306,"NER","Niger",-0.643085833311821,0.112866247900148,NA
307,"NER","Niger",-0.6682690998373,0.0780763827414368,NA
308,"NER","Niger",-0.692584230828932,0.0435634594424944,NA
309,"NER","Niger",-0.716018333708609,0.00935521568243602,NA
310,"NER","Niger",-0.738559577923576,-0.0245210775479755,NA
311,"NER","Niger",-0.760197204243563,-0.0580386443349029,NA
312,"NER","Niger",-0.780921532784334,-0.0911712316131533,NA
313,"NER","Niger",-0.800723969749483,-0.123893136289242,NA
314,"NER","Niger",-0.819597012883947,-0.156179231684895,NA
315,"NER","Niger",-0.837534255634123,-0.188004993270784,NA
316,"NER","Niger",-0.854530390011102,-0.219346523661247,NA
317,"NER","Niger",-0.870581208155001,-0.250180576841535,NA
318,"NER","Niger",-0.885683602599953,-0.280484581600114,NA
319,"NER","Niger",-0.899835565240831,-0.310236664139443,NA
320,"NER","Niger",-0.913036185004339,-0.339415669839693,NA
321,"NER","Niger",-0.925285644228617,-0.3680011841508,NA
322,"NER","Niger",-0.936585213757051,-0.39597355258938,NA
323,"NER","Niger",-0.946937246753473,-0.423313899818,NA
324,"NER","Niger",-0.956345171247509,-0.450004147785489,NA
325,"NER","Niger",-0.964813481420239,-0.476027032907995,NA
326,"NER","Niger",-0.972347727641919,-0.501366122271726,NA
327,"NER","Niger",-0.97895450527493,-0.526005828839409,NA
328,"NER","Niger",-0.984641442256584,-0.549931425643705,NA
329,"NER","Niger",-0.989417185477886,-0.573129058952055,NA
330,"NER","Niger",-0.993291385975736,-0.595585760388588,NA
331,"NER","Niger",-0.996274682957485,-0.617289458000031,NA
332,"NER","Niger",-0.99837868667812,-0.638228986253751,NA
333,"NER","Niger",-0.999615960191696,-0.658394094957384,NA
334,"NER","Niger",-1,-0.677775457090745,NA
335,"NER","Niger",-0.999545215622681,-0.696364675542003,NA
336,"NER","Niger",-0.998266908114379,-0.714154288741447,NA
337,"NER","Niger",-0.996181247555629,-0.731137775187412,NA
338,"NER","Niger",-0.9933052495455,-0.747309556860312,NA
339,"NER","Niger",-0.989656750725128,-0.762665001521982,NA
340,"NER","Niger",-0.985254383362425,-0.777200423898911,NA
341,"NER","Niger",-0.98011754902935,-0.790913085749211,NA
342,"NER","Niger",-0.9742663914042,-0.803801194814547,NA
343,"NER","Niger",-0.967721768232407,-0.815863902659509,NA
344,"NER","Niger",-0.96050522248029,-0.82710130140229,NA
345,"NER","Niger",-0.952638952717186,-0.837514419341788,NA
346,"NER","Niger",-0.944145782762282,-0.847105215487584,NA
347,"NER","Niger",-0.935049130633292,-0.855876573000548,NA
348,"NER","Niger",-0.925372976835001,-0.863832291553091,NA
349,"NER","Niger",-0.9151418320264,-0.870977078619372,NA
350,"NER","Niger",-0.904380704105928,-0.877316539707032,NA
351,"NER","Niger",-0.893115064754931,-0.882857167543278,NA
352,"NER","Niger",-0.881370815480174,-0.887606330229354,NA
353,"NER","Niger",-0.869174253196718,-0.891572258378686,NA
354,"NER","Niger",-0.8565520353931,-0.894764031255157,NA
355,"NER","Niger",-0.843531144921157,-0.897191561929159,NA
356,"NER","Niger",-0.830138854453304,-0.898865581470233,NA
357,"NER","Niger",-0.816402690650466,-0.899797622196223,NA
358,"NER","Niger",-0.802350398084142,-0.9,NA
359,"NER","Niger",-0.788009902956407,-0.899485795775888,NA
360,"NER","Niger",-0.77340927666184,-0.89826883596898,NA
361,"NER","Niger",-0.75857669923558,-0.896363672271569,NA
362,"NER","Niger",-0.743540422731763,-0.893785560491921,NA
363,"NER","Niger",-0.728328734576748,-0.890550438621582,NA
364,"NER","Niger",-0.712969920941455,-0.886674904128355,NA
365,"NER","Niger",-0.697492230177182,-0.882176190502992,NA
1,"NGA","Nigeria",-0.991627793987574,-0.891005465806787,NA
2,"NGA","Nigeria",-0.988906220047894,-0.887877234322797,NA
3,"NGA","Nigeria",-0.985837831480415,-0.884316632734686,NA
4,"NGA","Nigeria",-0.982435079541103,-0.880336852757229,NA
5,"NGA","Nigeria",-0.978710564625828,-0.875951396554494,NA
6,"NGA","Nigeria",-0.974677018797678,-0.871174058133818,NA
7,"NGA","Nigeria",-0.970347288232197,-0.866018904449879,NA
8,"NGA","Nigeria",-0.9657343156021,-0.86050025624202,NA
9,"NGA","Nigeria",-0.960851122423045,-0.854632668628274,NA
10,"NGA","Nigeria",-0.955710791382067,-0.848430911479817,NA
11,"NGA","Nigeria",-0.950326448670295,-0.841909949599798,NA
12,"NGA","Nigeria",-0.944711246341521,-0.835084922730741,NA
13,"NGA","Nigeria",-0.938878344718143,-0.827971125414873,NA
14,"NGA","Nigeria",-0.932840894865948,-0.820583986731904,NA
15,"NGA","Nigeria",-0.926612021159052,-0.812939049938895,NA
16,"NGA","Nigeria",-0.920204803956232,-0.805051952036974,NA
17,"NGA","Nigeria",-0.91363226240969,-0.79693840328971,NA
18,"NGA","Nigeria",-0.90690733742713,-0.788614166717984,NA
19,"NGA","Nigeria",-0.900042874807822,-0.780095037596236,NA
20,"NGA","Nigeria",-0.893051608573082,-0.771396822974921,NA
21,"NGA","Nigeria",-0.885946144511363,-0.762535321253962,NA
22,"NGA","Nigeria",-0.87873894395786,-0.753526301831915,NA
23,"NGA","Nigeria",-0.871442307828227,-0.744385484855448,NA
24,"NGA","Nigeria",-0.864068360925692,-0.735128521093591,NA
25,"NGA","Nigeria",-0.856629036540497,-0.725770971961065,NA
26,"NGA","Nigeria",-0.849136061360216,-0.716328289714775,NA
27,"NGA","Nigeria",-0.841600940709121,-0.706815797847354,NA
28,"NGA","Nigeria",-0.834034944134346,-0.697248671701367,NA
29,"NGA","Nigeria",-0.826449091356164,-0.687641919327524,NA
30,"NGA","Nigeria",-0.818854138599218,-0.678010362609923,NA
31,"NGA","Nigeria",-0.811260565321116,-0.668368618681023,NA
32,"NGA","Nigeria",-0.803678561354251,-0.65873108164867,NA
33,"NGA","Nigeria",-0.796118014476215,-0.649111904657114,NA
34,"NGA","Nigeria",-0.788588498423663,-0.639524982303549,NA
35,"NGA","Nigeria",-0.781099261363892,-0.629983933431234,NA
36,"NGA","Nigeria",-0.773659214837858,-0.620502084319837,NA
37,"NGA","Nigeria",-0.766276923187769,-0.611092452293093,NA
38,"NGA","Nigeria",-0.758960593481786,-0.601767729763404,NA
39,"NGA","Nigeria",-0.751718065947743,-0.592540268732439,NA
40,"NGA","Nigeria",-0.744556804927188,-0.583422065766234,NA
41,"NGA","Nigeria",-0.737483890360389,-0.574424747462721,NA
42,"NGA","Nigeria",-0.730506009812287,-0.565559556429004,NA
43,"NGA","Nigeria",-0.723629451048746,-0.556837337785066,NA
44,"NGA","Nigeria",-0.716860095171734,-0.548268526209963,NA
45,"NGA","Nigeria",-0.710203410321394,-0.539863133545873,NA
46,"NGA","Nigeria",-0.703664445952284,-0.531630736974724,NA
47,"NGA","Nigeria",-0.697247827690337,-0.523580467781374,NA
48,"NGA","Nigeria",-0.690957752776385,-0.515721000716649,NA
49,"NGA","Nigeria",-0.684797986101379,-0.508060543972777,NA
50,"NGA","Nigeria",-0.678771856837699,-0.500606829783031,NA
51,"NGA","Nigeria",-0.672882255670232,-0.493367105656623,NA
52,"NGA","Nigeria",-0.667131632630134,-0.486348126259113,NA
53,"NGA","Nigeria",-0.661521995533493,-0.479556145947831,NA
54,"NGA","Nigeria",-0.656054909026324,-0.472996911970986,NA
55,"NGA","Nigeria",-0.650731494236619,-0.466675658338339,NA
56,"NGA","Nigeria",-0.645552429033413,-0.460597100370523,NA
57,"NGA","Nigeria",-0.640517948892094,-0.454765429933216,NA
58,"NGA","Nigeria",-0.635627848364421,-0.449184311361603,NA
59,"NGA","Nigeria",-0.630881483151017,-0.443856878079671,NA
60,"NGA","Nigeria",-0.626277772773308,-0.438785729918062,NA
61,"NGA","Nigeria",-0.621815203841201,-0.433972931133372,NA
62,"NGA","Nigeria",-0.617491833912023,-0.429420009130894,NA
63,"NGA","Nigeria",-0.613305295935539,-0.425127953891998,NA
64,"NGA","Nigeria",-0.609252803279159,-0.421097218106431,NA
65,"NGA","Nigeria",-0.605331155326696,-0.417327718009024,NA
66,"NGA","Nigeria",-0.601536743643378,-0.413818834919383,NA
67,"NGA","Nigeria",-0.597865558699106,-0.410569417482325,NA
68,"NGA","Nigeria",-0.594313197141241,-0.407577784605955,NA
69,"NGA","Nigeria",-0.590874869607586,-0.404841729093427,NA
70,"NGA","Nigeria",-0.587545409069509,-0.402358521963618,NA
71,"NGA","Nigeria",-0.58431927969454,-0.400124917455069,NA
72,"NGA","Nigeria",-0.581190586217124,-0.398137158706745,NA
73,"NGA","Nigeria",-0.578153083805593,-0.396390984108345,NA
74,"NGA","Nigeria",-0.575200188412807,-0.394881634312064,NA
75,"NGA","Nigeria",-0.572324987597317,-0.393603859896916,NA
76,"NGA","Nigeria",-0.569520251801353,-0.392551929675942,NA
77,"NGA","Nigeria",-0.56677844607132,-0.391719639635836,NA
78,"NGA","Nigeria",-0.564091742206009,-0.391100322497746,NA
79,"NGA","Nigeria",-0.56145203131716,-0.39068685788729,NA
80,"NGA","Nigeria",-0.558850936786507,-0.39047168310103,NA
81,"NGA","Nigeria",-0.556279827602977,-0.390446804455985,NA
82,"NGA","Nigeria",-0.55372983206321,-0.390603809207998,NA
83,"NGA","Nigeria",-0.551191851818136,-0.390933878024123,NA
84,"NGA","Nigeria",-0.548656576247925,-0.391427797993507,NA
85,"NGA","Nigeria",-0.546114497147192,-0.392075976160581,NA
86,"NGA","Nigeria",-0.543555923701984,-0.392868453563748,NA
87,"NGA","Nigeria",-0.540970997739695,-0.393794919762153,NA
88,"NGA","Nigeria",-0.538349709232718,-0.394844727832482,NA
89,"NGA","Nigeria",-0.535681912036322,-0.396006909817224,NA
90,"NGA","Nigeria",-0.532957339840973,-0.397270192605223,NA
91,"NGA","Nigeria",-0.530165622319007,-0.398623014224868,NA
92,"NGA","Nigeria",-0.527296301445342,-0.400053540529711,NA
93,"NGA","Nigeria",-0.524338847971712,-0.401549682255893,NA
94,"NGA","Nigeria",-0.521282678033658,-0.403099112430223,NA
95,"NGA","Nigeria",-0.518117169869398,-0.404689284107396,NA
96,"NGA","Nigeria",-0.514831680629505,-0.406307448414381,NA
97,"NGA","Nigeria",-0.511415563256229,-0.407940672879671,NA
98,"NGA","Nigeria",-0.507858183411191,-0.409575860024691,NA
99,"NGA","Nigeria",-0.504148936430108,-0.411199766194398,NA
100,"NGA","Nigeria",-0.50027726428317,-0.412799020603737,NA
101,"NGA","Nigeria",-0.496232672519657,-0.414360144576414,NA
102,"NGA","Nigeria",-0.492004747175414,-0.41586957095217,NA
103,"NGA","Nigeria",-0.487583171621804,-0.417313663638534,NA
104,"NGA","Nigeria",-0.482957743334852,-0.418678737282855,NA
105,"NGA","Nigeria",-0.478118390563341,-0.419951077040265,NA
106,"NGA","Nigeria",-0.473055188874771,-0.421116958413085,NA
107,"NGA","Nigeria",-0.467758377558178,-0.422162667137095,NA
108,"NGA","Nigeria",-0.462218375863025,-0.423074519090035,NA
109,"NGA","Nigeria",-0.456425799053513,-0.423838880197656,NA
110,"NGA","Nigeria",-0.450371474257903,-0.424442186312634,NA
111,"NGA","Nigeria",-0.444046456092668,-0.424870963041681,NA
112,"NGA","Nigeria",-0.43744204204153,-0.425111845496247,NA
113,"NGA","Nigeria",-0.430549787569762,-0.42515159794229,NA
114,"NGA","Nigeria",-0.423361520954405,-0.424977133324679,NA
115,"NGA","Nigeria",-0.415869357811398,-0.42457553264197,NA
116,"NGA","Nigeria",-0.408065715300972,-0.423934064147442,NA
117,"NGA","Nigeria",-0.399943325993025,-0.42304020235247,NA
118,"NGA","Nigeria",-0.391495251374603,-0.421881646808579,NA
119,"NGA","Nigeria",-0.382714894982033,-0.420446340644725,NA
120,"NGA","Nigeria",-0.373596015140675,-0.41872248883668,NA
121,"NGA","Nigeria",-0.364132737295751,-0.416698576185676,NA
122,"NGA","Nigeria",-0.354319565918164,-0.414363384983818,NA
123,"NGA","Nigeria",-0.344151395969741,-0.411706012344143,NA
124,"NGA","Nigeria",-0.333623523912829,-0.408715887173586,NA
125,"NGA","Nigeria",-0.322731658249745,-0.405382786767536,NA
126,"NGA","Nigeria",-0.311471929578102,-0.401696853005106,NA
127,"NGA","Nigeria",-0.29984090014863,-0.397648608124729,NA
128,"NGA","Nigeria",-0.287835572912683,-0.393228970060145,NA
129,"NGA","Nigeria",-0.275453400047246,-0.388429267317412,NA
130,"NGA","Nigeria",-0.262692290945857,-0.383241253374073,NA
131,"NGA","Nigeria",-0.249550619664496,-0.3776571205822,NA
132,"NGA","Nigeria",-0.236027231812157,-0.371669513557615,NA
133,"NGA","Nigeria",-0.222121450876455,-0.365271542038181,NA
134,"NGA","Nigeria",-0.207833083975306,-0.358456793194713,NA
135,"NGA","Nigeria",-0.193162427026389,-0.351219343378682,NA
136,"NGA","Nigeria",-0.178110269326821,-0.343553769291557,NA
137,"NGA","Nigeria",-0.162677897536122,-0.335455158561321,NA
138,"NGA","Nigeria",-0.146867099056321,-0.326919119712401,NA
139,"NGA","Nigeria",-0.130680164803735,-0.317941791515957,NA
140,"NGA","Nigeria",-0.114119891367679,-0.308519851708224,NA
141,"NGA","Nigeria",-0.0971895825521115,-0.298650525065353,NA
142,"NGA","Nigeria",-0.0798930502969504,-0.288331590823944,NA
143,"NGA","Nigeria",-0.0622346149765288,-0.277561389437256,NA
144,"NGA","Nigeria",-0.0442191050734165,-0.266338828657872,NA
145,"NGA","Nigeria",-0.0258518562265635,-0.254663388938374,NA
146,"NGA","Nigeria",-0.00713870965349068,-0.242535128142428,NA
147,"NGA","Nigeria",0.0119139900530158,-0.229954685559472,NA
148,"NGA","Nigeria",0.0312993977524894,-0.216923285217038,NA
149,"NGA","Nigeria",0.0510101712066934,-0.20344273848558,NA
150,"NGA","Nigeria",0.071038475149139,-0.189515445971522,NA
151,"NGA","Nigeria",0.0913759859707686,-0.175144398695075,NA
152,"NGA","Nigeria",0.112013897017612,-0.160333178550246,NA
153,"NGA","Nigeria",0.13294292449549,-0.145085958045298,NA
154,"NGA","Nigeria",0.154153313976109,-0.129407499322799,NA
155,"NGA","Nigeria",0.175634847498168,-0.113303152459228,NA
156,"NGA","Nigeria",0.197376851256394,-0.096778853045006,NA
157,"NGA","Nigeria",0.219368203870679,-0.079841119046646,NA
158,"NGA","Nigeria",0.241597345226843,-0.0624970469535825,NA
159,"NGA","Nigeria",0.264052285879812,-0.0447543072131146,NA
160,"NGA","Nigeria",0.286720617009353,-0.0266211389577171,NA
161,"NGA","Nigeria",0.309589520917814,-0.00810634402985086,NA
162,"NGA","Nigeria",0.33264578205869,0.0107807196897786,NA
163,"NGA","Nigeria",0.355875798584156,0.030030145643714,NA
164,"NGA","Nigeria",0.379265594399131,0.0496314866413757,NA
165,"NGA","Nigeria",0.402800831708757,0.069573763576389,NA
166,"NGA","Nigeria",0.426466824045642,0.0898454748083614,NA
167,"NGA","Nigeria",0.450248549762575,0.110434606199066,NA
168,"NGA","Nigeria",0.474130665975916,0.13132864179221,NA
169,"NGA","Nigeria",0.498097522944237,0.152514575125173,NA
170,"NGA","Nigeria",0.522133178866336,0.173978921160358,NA
171,"NGA","Nigeria",0.546221415082179,0.195707728823051,NA
172,"NGA","Nigeria",0.570345751659847,0.217686594131939,NA
173,"NGA","Nigeria",0.594489463351107,0.239900673907746,NA
174,"NGA","Nigeria",0.618635595897728,0.262334700044724,NA
175,"NGA","Nigeria",0.6427669826703,0.284972994329075,NA
176,"NGA","Nigeria",0.666866261620808,0.307799483787719,NA
177,"NGA","Nigeria",0.690915892529926,0.33079771655015,NA
178,"NGA","Nigeria",0.71489817452953,0.353950878205557,NA
179,"NGA","Nigeria",0.738795263880668,0.377241808636737,NA
180,"NGA","Nigeria",0.762589191986843,0.400653019311763,NA
181,"NGA","Nigeria",0.786261883622194,0.424166711013822,NA
182,"NGA","Nigeria",0.809795175353877,0.4477647919891,NA
183,"NGA","Nigeria",0.833170834137715,0.471428896492069,NA
184,"NGA","Nigeria",0.856370576065926,0.495140403707071,NA
185,"NGA","Nigeria",0.879376085245574,0.518880457024594,NA
186,"NGA","Nigeria",0.902169032786181,0.542629983650239,NA
187,"NGA","Nigeria",0.924731095874818,0.566369714523949,NA
188,"NGA","Nigeria",0.947043976916838,0.590080204526672,NA
189,"NGA","Nigeria",0.969089422720338,0.613741852951307,NA
190,"NGA","Nigeria",0.990849243702344,0.637334924214426,NA
191,"NGA","Nigeria",1.01230533309469,0.660839568784964,NA
192,"NGA","Nigeria",1.03343968612751,0.684235844305819,NA
193,"NGA","Nigeria",1.05423441916829,0.707503736884023,NA
194,"NGA","Nigeria",1.07467178879445,0.730623182524956,NA
195,"NGA","Nigeria",1.09473421077746,0.75357408868588,NA
196,"NGA","Nigeria",1.11440427895664,0.776336355923898,NA
197,"NGA","Nigeria",1.13366478398083,0.798889899613319,NA
198,"NGA","Nigeria",1.15249873189621,0.821214671707339,NA
199,"NGA","Nigeria",1.17088936255896,0.843290682518816,NA
200,"NGA","Nigeria",1.18882016785123,0.865098022494938,NA
201,"NGA","Nigeria",1.20627490967948,0.886616883960535,NA
202,"NGA","Nigeria",1.22323763773424,0.907827582804806,NA
203,"NGA","Nigeria",1.23969270699069,0.928710580086312,NA
204,"NGA","Nigeria",1.2556247949298,0.949246503531106,NA
205,"NGA","Nigeria",1.27101891845992,0.969416168899046,NA
206,"NGA","Nigeria",1.28586045051919,0.989200601193416,NA
207,"NGA","Nigeria",1.3001351363394,1.00858105568918,NA
208,"NGA","Nigeria",1.31382910935236,1.02753903875538,NA
209,"NGA","Nigeria",1.32692890672027,1.04605632844741,NA
210,"NGA","Nigeria",1.33942148447183,1.06411499484514,NA
211,"NGA","Nigeria",1.35129423222651,1.0816974201132,NA
212,"NGA","Nigeria",1.36253498748969,1.09878631825994,NA
213,"NGA","Nigeria",1.37313204950193,1.11536475457205,NA
214,"NGA","Nigeria",1.38307419262612,1.13141616470202,NA
215,"NGA","Nigeria",1.39235067925683,1.14692437338626,NA
216,"NGA","Nigeria",1.40095127223657,1.16187361277177,NA
217,"NGA","Nigeria",1.40886624676446,1.1762485403301,NA
218,"NGA","Nigeria",1.41608640178322,1.1900342563374,NA
219,"NGA","Nigeria",1.42260307083091,1.20321632090023,NA
220,"NGA","Nigeria",1.42840813234482,1.21578077050697,NA
221,"NGA","Nigeria",1.43349401940507,1.22771413408552,NA
222,"NGA","Nigeria",1.43785372890635,1.23900344854835,NA
223,"NGA","Nigeria",1.44148083014707,1.24963627380654,NA
224,"NGA","Nigeria",1.44436947282544,1.25960070723525,NA
225,"NGA","Nigeria",1.44651439443291,1.26888539757342,NA
226,"NGA","Nigeria",1.44791092703625,1.27747955824142,NA
227,"NGA","Nigeria",1.44855500343989,1.28537298006078,NA
228,"NGA","Nigeria",1.44844316272104,1.292556043361,NA
229,"NGA","Nigeria",1.44757255513097,1.29901972945919,NA
230,"NGA","Nigeria",1.44594094635623,1.30475563149865,NA
231,"NGA","Nigeria",1.44354672113458,1.30975596463381,NA
232,"NGA","Nigeria",1.44038888622105,1.31401357554918,NA
233,"NGA","Nigeria",1.43646707270034,1.31752195130099,NA
234,"NGA","Nigeria",1.43178153764236,1.320275227471,NA
235,"NGA","Nigeria",1.42633316509875,1.32226819562259,NA
236,"NGA","Nigeria",1.42012346643867,1.32349631005024,NA
237,"NGA","Nigeria",1.41315458002318,1.32395569381413,NA
238,"NGA","Nigeria",1.40542927021802,1.3236431440526,NA
239,"NGA","Nigeria",1.39695092574566,1.32255613656591,NA
240,"NGA","Nigeria",1.38772355737794,1.32069282966569,NA
241,"NGA","Nigeria",1.37775179497163,1.31805206728515,NA
242,"NGA","Nigeria",1.36704088384985,1.31463338134624,NA
243,"NGA","Nigeria",1.35559668053314,1.31043699338056,NA
244,"NGA","Nigeria",1.3434256478245,1.30546381540176,NA
245,"NGA","Nigeria",1.3305348492539,1.29971545002819,NA
246,"NGA","Nigeria",1.31693194288793,1.29319418985513,NA
247,"NGA","Nigeria",1.3026251745115,1.2859030160771,NA
248,"NGA","Nigeria",1.28762337018887,1.27784559636147,NA
249,"NGA","Nigeria",1.27193592821218,1.26902628197531,NA
250,"NGA","Nigeria",1.25557281044635,1.25945010416875,NA
251,"NGA","Nigeria",1.23854453307981,1.24912276981837,NA
252,"NGA","Nigeria",1.22086215679122,1.23805065633553,NA
253,"NGA","Nigeria",1.20253727634327,1.22624080584504,NA
254,"NGA","Nigeria",1.18358200961479,1.21370091864067,NA
255,"NGA","Nigeria",1.16400898608358,1.20043934592459,NA
256,"NGA","Nigeria",1.14383133477268,1.18646508183892,NA
257,"NGA","Nigeria",1.12306267167352,1.17178775479822,NA
258,"NGA","Nigeria",1.1017170866599,1.1564176181325,NA
259,"NGA","Nigeria",1.07980912990754,1.14036554005143,NA
260,"NGA","Nigeria",1.05735379783428,1.12364299294084,NA
261,"NGA","Nigeria",1.03436651857662,1.10626204200364,NA
262,"NGA","Nigeria",1.01086313701897,1.08823533325794,NA
263,"NGA","Nigeria",0.986859899392269,1.06957608090591,NA
264,"NGA","Nigeria",0.962373437459215,1.05029805408763,NA
265,"NGA","Nigeria",0.937420752303938,1.030415563035,NA
266,"NGA","Nigeria",0.912019197744193,1.00994344464126,NA
267,"NGA","Nigeria",0.886186463384702,0.988897047462539,NA
268,"NGA","Nigeria",0.85994055733068,0.967292216168526,NA
269,"NGA","Nigeria",0.833299788580912,0.945145275459714,NA
270,"NGA","Nigeria",0.806282749120169,0.922473013469668,NA
271,"NGA","Nigeria",0.778908295731042,0.899292664671067,NA
272,"NGA","Nigeria",0.751195531545617,0.875621892304975,NA
273,"NGA","Nigeria",0.723163787357714,0.851478770353337,NA
274,"NGA","Nigeria",0.694832602716642,0.826881765075188,NA
275,"NGA","Nigeria",0.666221706823708,0.801849716127568,NA
276,"NGA","Nigeria",0.637350999252925,0.776401817292673,NA
277,"NGA","Nigeria",0.608240530517528,0.750557596833119,NA
278,"NGA","Nigeria",0.578910482504132,0.724336897497741,NA
279,"NGA","Nigeria",0.549381148796456,0.697759856200642,NA
280,"NGA","Nigeria",0.519672914910671,0.670846883396655,NA
281,"NGA","Nigeria",0.489806238464558,0.643618642176706,NA
282,"NGA","Nigeria",0.459801629302657,0.616096027106854,NA
283,"NGA","Nigeria",0.429679629599701,0.588300142835136,NA
284,"NGA","Nigeria",0.399460793964583,0.56025228249054,NA
285,"NGA","Nigeria",0.369165669567125,0.531973905898716,NA
286,"NGA","Nigeria",0.338814776309904,0.503486617639226,NA
287,"NGA","Nigeria",0.308428587067232,0.474812144969287,NA
288,"NGA","Nigeria",0.278027508013416,0.445972315639125,NA
289,"NGA","Nigeria",0.247631859062232,0.416989035624214,NA
290,"NGA","Nigeria",0.217261854439413,0.38788426679966,NA
291,"NGA","Nigeria",0.186937583409825,0.358680004582181,NA
292,"NGA","Nigeria",0.156678991180747,0.329398255565035,NA
293,"NGA","Nigeria",0.126505860002543,0.300061015171356,NA
294,"NGA","Nigeria",0.0964377904876557,0.270690245351226,NA
295,"NGA","Nigeria",0.0664941831687293,0.241307852347858,NA
296,"NGA","Nigeria",0.0366942203162082,0.211935664558045,NA
297,"NGA","Nigeria",0.00705684803562924,0.182595410512068,NA
298,"NGA","Nigeria",-0.0223992413356832,0.153308696997932,NA
299,"NGA","Nigeria",-0.0516556265130381,0.124096987354786,NA
300,"NGA","Nigeria",-0.0806941742109169,0.0949815799600276,NA
301,"NGA","Nigeria",-0.109497055732949,0.0659835869344978,NA
302,"NGA","Nigeria",-0.13804676318716,0.0371239130897597,NA
303,"NGA","Nigeria",-0.166326125308686,0.00842323514130677,NA
304,"NGA","Nigeria",-0.194318322872706,-0.0200980187889043,NA
305,"NGA","Nigeria",-0.222006903680737,-0.0484196893574416,NA
306,"NGA","Nigeria",-0.249375797104054,-0.0765219058492155,NA
307,"NGA","Nigeria",-0.27640932816841,-0.10438510566977,NA
308,"NGA","Nigeria",-0.303092231164887,-0.131990053458173,NA
309,"NGA","Nigeria",-0.329409662772163,-0.159317859799022,NA
310,"NGA","Nigeria",-0.35534721467617,-0.186349999512656,NA
311,"NGA","Nigeria",-0.38089092567361,-0.21306832950304,NA
312,"NGA","Nigeria",-0.406027293246506,-0.239455106143458,NA
313,"NGA","Nigeria",-0.430743284595491,-0.265493002180568,NA
314,"NGA","Nigeria",-0.455026347120284,-0.291165123138047,NA
315,"NGA","Nigeria",-0.47886441833636,-0.316455023201588,NA
316,"NGA","Nigeria",-0.502245935217554,-0.34134672056766,NA
317,"NGA","Nigeria",-0.525159842954991,-0.36582471223906,NA
318,"NGA","Nigeria",-0.547595603123422,-0.389873988250957,NA
319,"NGA","Nigeria",-0.569543201246745,-0.41348004531178,NA
320,"NGA","Nigeria",-0.590993153755224,-0.436628899844045,NA
321,"NGA","Nigeria",-0.611936514327587,-0.459307100410847,NA
322,"NGA","Nigeria",-0.632364879611964,-0.481501739514571,NA
323,"NGA","Nigeria",-0.652270394320311,-0.503200464755019,NA
324,"NGA","Nigeria",-0.671645755691744,-0.524391489334991,NA
325,"NGA","Nigeria",-0.690484217320905,-0.545063601902065,NA
326,"NGA","Nigeria",-0.708779592348275,-0.56520617571616,NA
327,"NGA","Nigeria",-0.726526256010067,-0.584809177133221,NA
328,"NGA","Nigeria",-0.743719147546085,-0.603863173396192,NA
329,"NGA","Nigeria",-0.760353771464727,-0.622359339725265,NA
330,"NGA","Nigeria",-0.776426198164993,-0.640289465700205,NA
331,"NGA","Nigeria",-0.791933063916199,-0.657645960928405,NA
332,"NGA","Nigeria",-0.80687157019677,-0.674421859993144,NA
333,"NGA","Nigeria",-0.821239482394299,-0.690610826677386,NA
334,"NGA","Nigeria",-0.835035127869769,-0.706207157459335,NA
335,"NGA","Nigeria",-0.848257393389591,-0.721205784276738,NA
336,"NGA","Nigeria",-0.860905721929855,-0.7356022765579,NA
337,"NGA","Nigeria",-0.872980108857908,-0.749392842518144,NA
338,"NGA","Nigeria",-0.884481097497132,-0.762574329721375,NA
339,"NGA","Nigeria",-0.895409774081471,-0.775144224907225,NA
340,"NGA","Nigeria",-0.905767762107014,-0.78710065308517,NA
341,"NGA","Nigeria",-0.915557216088594,-0.79844237589781,NA
342,"NGA","Nigeria",-0.924780814730115,-0.809168789256437,NA
343,"NGA","Nigeria",-0.933441753517935,-0.819279920252779,NA
344,"NGA","Nigeria",-0.94154373674737,-0.828776423351757,NA
345,"NGA","Nigeria",-0.94909096899298,-0.837659575870852,NA
346,"NGA","Nigeria",-0.956088146033993,-0.84593127275256,NA
347,"NGA","Nigeria",-0.962540445246825,-0.853594020637237,NA
348,"NGA","Nigeria",-0.968453515477287,-0.860650931244439,NA
349,"NGA","Nigeria",-0.973833466405661,-0.867105714071695,NA
350,"NGA","Nigeria",-0.97868685741841,-0.872962668420421,NA
351,"NGA","Nigeria",-0.983020686000882,-0.878226674759501,NA
352,"NGA","Nigeria",-0.986842375665886,-0.882903185437815,NA
353,"NGA","Nigeria",-0.990159763433561,-0.886998214757752,NA
354,"NGA","Nigeria",-0.992981086878503,-0.890518328422511,NA
355,"NGA","Nigeria",-0.995314970760565,-0.89347063237071,NA
356,"NGA","Nigeria",-0.99717041325625,-0.895862761012525,NA
357,"NGA","Nigeria",-0.998556771808075,-0.897702864882314,NA
358,"NGA","Nigeria",-0.999483748609701,-0.898999597723318,NA
359,"NGA","Nigeria",-0.999961375745046,-0.899762103020726,NA
360,"NGA","Nigeria",-1,-0.9,NA
361,"NGA","Nigeria",-0.999610267365709,-0.899723369108012,NA
362,"NGA","Nigeria",-0.998803107252762,-0.898942736995107,NA
363,"NGA","Nigeria",-0.997589716435921,-0.897669061016815,NA
364,"NGA","Nigeria",-0.995981542749352,-0.895913713274462,NA
365,"NGA","Nigeria",-0.993990268552569,-0.893688464214491,NA
1,"RWA","Rwanda",0.10276956445326,-0.031799244321784,NA
2,"RWA","Rwanda",0.0949043917288613,-0.000172247795272414,NA
3,"RWA","Rwanda",0.0873748166529015,0.0317735002382892,NA
4,"RWA","Rwanda",0.0801909647902428,0.0640158200690544,NA
5,"RWA","Rwanda",0.0733624188238303,0.0965320814512475,NA
6,"RWA","Rwanda",0.0668982068807222,0.129299225806828,NA
7,"RWA","Rwanda",0.0608067915549235,0.162293788967529,NA
8,"RWA","Rwanda",0.0550960596401122,0.195491924429677,NA
9,"RWA","Rwanda",0.0497733125845021,0.22886942709558,NA
10,"RWA","Rwanda",0.0448452576792073,0.262401757474684,NA
11,"RWA","Rwanda",0.0403179999906049,0.296064066317142,NA
12,"RWA","Rwanda",0.0361970350462884,0.329831219651934,NA
13,"RWA","Rwanda",0.0324872422833053,0.363677824201144,NA
14,"RWA","Rwanda",0.0291928792664564,0.397578253141594,NA
15,"RWA","Rwanda",0.026317576683506,0.431506672184572,NA
16,"RWA","Rwanda",0.0238643341232249,0.465437065944024,NA
17,"RWA","Rwanda",0.021835516641246,0.499343264563214,NA
18,"RWA","Rwanda",0.0202328521177648,0.533198970569541,NA
19,"RWA","Rwanda",0.019057429410171,0.566977785926921,NA
20,"RWA","Rwanda",0.0183096973027394,0.600653239254885,NA
21,"RWA","Rwanda",0.0179894642545563,0.634198813183348,NA
22,"RWA","Rwanda",0.0180958989458938,0.667587971811808,NA
23,"RWA","Rwanda",0.0186275316222931,0.700794188241615,NA
24,"RWA","Rwanda",0.0195822562346547,0.733790972149834,NA
25,"RWA","Rwanda",0.0209573333726839,0.766551897373172,NA
26,"RWA","Rwanda",0.0227493939880828,0.799050629470402,NA
27,"RWA","Rwanda",0.0249544439029358,0.831260953231735,NA
28,"RWA","Rwanda",0.0275678690977931,0.863156800103627,NA
29,"RWA","Rwanda",0.0305844417730204,0.894712275497605,NA
30,"RWA","Rwanda",0.0339983271760538,0.925901685951799,NA
31,"RWA","Rwanda",0.0378030911862837,0.956699566114045,NA
32,"RWA","Rwanda",0.041991708648377,0.987080705515597,NA
33,"RWA","Rwanda",0.0465565724439534,1.01702017510473,NA
34,"RWA","Rwanda",0.0514895032906424,1.04649335350979,NA
35,"RWA","Rwanda",0.0567817602566744,1.07547595300147,NA
36,"RWA","Rwanda",0.0624240519783027,1.10394404512467,NA
37,"RWA","Rwanda",0.0684065485665045,1.13187408597022,NA
38,"RWA","Rwanda",0.0747188941885879,1.15924294105769,NA
39,"RWA","Rwanda",0.0813502203095136,1.1860279098006,NA
40,"RWA","Rwanda",0.0882891595769522,1.21220674952578,NA
41,"RWA","Rwanda",0.0955238603333254,1.23775769901953,NA
42,"RWA","Rwanda",0.103042001737319,1.26265950157326,NA
43,"RWA","Rwanda",0.110830809476632,1.28689142750221,NA
44,"RWA","Rwanda",0.118877072053005,1.31043329611145,NA
45,"RWA","Rwanda",0.127167157619893,1.33326549708369,NA
46,"RWA","Rwanda",0.135687031352474,1.35536901126446,NA
47,"RWA","Rwanda",0.144422273329045,1.3767254308207,NA
48,"RWA","Rwanda",0.153358096902249,1.39731697874962,NA
49,"RWA","Rwanda",0.162479367537974,1.41712652771527,NA
50,"RWA","Rwanda",0.171770622099207,1.43613761819131,NA
51,"RWA","Rwanda",0.181216088551595,1.45433447588899,NA
52,"RWA","Rwanda",0.190799706066945,1.47170202845042,NA
53,"RWA","Rwanda",0.200505145500412,1.48822592138782,NA
54,"RWA","Rwanda",0.210315830216694,1.50389253325047,NA
55,"RWA","Rwanda",0.2202149572401,1.51868899000202,NA
56,"RWA","Rwanda",0.230185518702983,1.53260317859151,NA
57,"RWA","Rwanda",0.240210323566669,1.54562375970256,NA
58,"RWA","Rwanda",0.250272019588662,1.55774017966615,NA
59,"RWA","Rwanda",0.260353115509634,1.56894268152328,NA
60,"RWA","Rwanda",0.270436003433405,1.57922231522478,NA
61,"RWA","Rwanda",0.280502981372923,1.5885709469567,NA
62,"RWA","Rwanda",0.290536275934995,1.59698126758051,NA
63,"RWA","Rwanda",0.300518065116415,1.60444680017849,NA
64,"RWA","Rwanda",0.310430501183918,1.6109619066957,NA
65,"RWA","Rwanda",0.320255733610359,1.61652179367099,NA
66,"RWA","Rwanda",0.32997593203938,1.62112251705052,NA
67,"RWA","Rwanda",0.339573309250819,1.62476098607828,NA
68,"RWA","Rwanda",0.349030144099103,1.62743496625939,NA
69,"RWA","Rwanda",0.35832880439688,1.62914308139265,NA
70,"RWA","Rwanda",0.367451769716226,1.62988481467037,NA
71,"RWA","Rwanda",0.376381654079818,1.62966050884413,NA
72,"RWA","Rwanda",0.385101228514625,1.62847136545645,NA
73,"RWA","Rwanda",0.393593443440803,1.6263194431395,NA
74,"RWA","Rwanda",0.40184145086868,1.62320765498281,NA
75,"RWA","Rwanda",0.409828626376921,1.6191397649732,NA
76,"RWA","Rwanda",0.417538590845247,1.61412038351127,NA
77,"RWA","Rwanda",0.424955231915335,1.60815496200957,NA
78,"RWA","Rwanda",0.432062725153861,1.60124978657912,NA
79,"RWA","Rwanda",0.438845554891993,1.59341197081136,NA
80,"RWA","Rwanda",0.445288534716014,1.58464944766442,NA
81,"RWA","Rwanda",0.451376827584174,1.57497096046283,NA
82,"RWA","Rwanda",0.457095965545287,1.5643860530216,NA
83,"RWA","Rwanda",0.462431869035087,1.55290505890586,NA
84,"RWA","Rwanda",0.467370865726823,1.54053908983896,NA
85,"RWA","Rwanda",0.471899708913118,1.52730002327233,NA
86,"RWA","Rwanda",0.476005595396657,1.5132004891317,NA
87,"RWA","Rwanda",0.479676182867852,1.49825385575522,NA
88,"RWA","Rwanda",0.482899606748234,1.4824742150397,NA
89,"RWA","Rwanda",0.485664496478956,1.46587636681248,NA
90,"RWA","Rwanda",0.487959991234437,1.44847580244698,NA
91,"RWA","Rwanda",0.489775755041864,1.43028868774107,NA
92,"RWA","Rwanda",0.49110199128797,1.41133184507822,NA
93,"RWA","Rwanda",0.491929456595212,1.39162273489207,NA
94,"RWA","Rwanda",0.49224947405025,1.37117943645615,NA
95,"RWA","Rwanda",0.49205394576836,1.35002062802086,NA
96,"RWA","Rwanda",0.491335364778227,1.32816556632095,NA
97,"RWA","Rwanda",0.49008682621234,1.30563406547728,NA
98,"RWA","Rwanda",0.48830203778906,1.28244647531729,NA
99,"RWA","Rwanda",0.485975329573245,1.25862365913938,NA
100,"RWA","Rwanda",0.483101663003193,1.23418697094699,NA
101,"RWA","Rwanda",0.479676639172514,1.20915823217876,NA
102,"RWA","Rwanda",0.475696506356425,1.18355970796185,NA
103,"RWA","Rwanda",0.471158166772876,1.15741408291576,NA
104,"RWA","Rwanda",0.466059182569799,1.1307444365348,NA
105,"RWA","Rwanda",0.4603977810307,1.10357421817772,NA
106,"RWA","Rwanda",0.454172858991734,1.07592722169339,NA
107,"RWA","Rwanda",0.447383986464352,1.0478275597119,NA
108,"RWA","Rwanda",0.440031409458525,1.01929963763083,NA
109,"RWA","Rwanda",0.432116052002531,0.990368127326785,NA
110,"RWA","Rwanda",0.423639517356209,0.961057940622494,NA
111,"RWA","Rwanda",0.414604088415576,0.931394202540206,NA
112,"RWA","Rwanda",0.40501272730762,0.901402224372187,NA
113,"RWA","Rwanda",0.394869074175099,0.871107476599437,NA
114,"RWA","Rwanda",0.384177445152077,0.840535561689842,NA
115,"RWA","Rwanda",0.372942829531937,0.809712186807113,NA
116,"RWA","Rwanda",0.36117088613054,0.778663136461961,NA
117,"RWA","Rwanda",0.348867938848172,0.747414245136993,NA
118,"RWA","Rwanda",0.336040971434863,0.715991369916826,NA
119,"RWA","Rwanda",0.322697621464616,0.684420363154909,NA
120,"RWA","Rwanda",0.308846173525018,0.65272704520845,NA
121,"RWA","Rwanda",0.294495551629637,0.62093717727277,NA
122,"RWA","Rwanda",0.27965531086155,0.589076434346273,NA
123,"RWA","Rwanda",0.264335628257222,0.557170378357004,NA
124,"RWA","Rwanda",0.248547292940924,0.525244431481642,NA
125,"RWA","Rwanda",0.232301695520692,0.493323849687429,NA
126,"RWA","Rwanda",0.215610816757776,0.46143369652734,NA
127,"RWA","Rwanda",0.198487215522357,0.429598817218433,NA
128,"RWA","Rwanda",0.180944016049158,0.397843813032972,NA
129,"RWA","Rwanda",0.162994894507436,0.366193016031561,NA
130,"RWA","Rwanda",0.144654064900633,0.334670464167057,NA
131,"RWA","Rwanda",0.125936264311772,0.303299876787617,NA
132,"RWA","Rwanda",0.106856737511472,0.272104630566729,NA
133,"RWA","Rwanda",0.0874312209462014,0.241107735887539,NA
134,"RWA","Rwanda",0.0676759261251452,0.210331813708279,NA
135,"RWA","Rwanda",0.0476075224247668,0.179799072934967,NA
136,"RWA","Rwanda",0.0272431193308524,0.14953128832697,NA
137,"RWA","Rwanda",0.0066002481384807,0.11954977896035,NA
138,"RWA","Rwanda",-0.0143031568689642,0.0898753872732734,NA
139,"RWA","Rwanda",-0.0354487777400205,0.0605284587170165,NA
140,"RWA","Rwanda",-0.0568179326522867,0.0315288220354218,NA
141,"RWA","Rwanda",-0.0783915961635799,0.0028957701948466,NA
142,"RWA","Rwanda",-0.100150419893664,-0.0253519580140816,NA
143,"RWA","Rwanda",-0.122074753612596,-0.053196195682436,NA
144,"RWA","Rwanda",-0.14414466671124,-0.0806193647770299,NA
145,"RWA","Rwanda",-0.166339970029039,-0.107604492403737,NA
146,"RWA","Rwanda",-0.188640238013716,-0.134135226322156,NA
147,"RWA","Rwanda",-0.21102483118715,-0.160195849694614,NA
148,"RWA","Rwanda",-0.23347291889132,-0.185771295053383,NA
149,"RWA","Rwanda",-0.255963502287885,-0.210847157470949,NA
150,"RWA","Rwanda",-0.278475437584617,-0.235409706919108,NA
151,"RWA","Rwanda",-0.300987459461658,-0.259445899803639,NA
152,"RWA","Rwanda",-0.323478204670339,-0.282943389662283,NA
153,"RWA","Rwanda",-0.345926235777032,-0.305890537014774,NA
154,"RWA","Rwanda",-0.368310065024399,-0.328276418354636,NA
155,"RWA","Rwanda",-0.390608178282187,-0.350090834273551,NA
156,"RWA","Rwanda",-0.412799059059647,-0.371324316710062,NA
157,"RWA","Rwanda",-0.434861212551553,-0.391968135315481,NA
158,"RWA","Rwanda",-0.45677318968975,-0.412014302930876,NA
159,"RWA","Rwanda",-0.478513611172155,-0.431455580170097,NA
160,"RWA","Rwanda",-0.500061191441141,-0.450285479104868,NA
161,"RWA","Rwanda",-0.521394762583282,-0.468498266049004,NA
162,"RWA","Rwanda",-0.542493298122534,-0.486088963439923,NA
163,"RWA","Rwanda",-0.563335936679037,-0.503053350816677,NA
164,"RWA","Rwanda",-0.58390200546586,-0.519387964894799,NA
165,"RWA","Rwanda",-0.604171043596222,-0.535090098739339,NA
166,"RWA","Rwanda",-0.624122825173906,-0.550157800038525,NA
167,"RWA","Rwanda",-0.643737382139841,-0.564589868481562,NA
168,"RWA","Rwanda",-0.662995026848128,-0.578385852245148,NA
169,"RWA","Rwanda",-0.681876374345046,-0.591546043594315,NA
170,"RWA","Rwanda",-0.700362364324968,-0.604071473604283,NA
171,"RWA","Rwanda",-0.718434282737464,-0.615963906011045,NA
172,"RWA","Rwanda",-0.736073783020262,-0.627225830199425,NA
173,"RWA","Rwanda",-0.753262906933193,-0.637860453338389,NA
174,"RWA","Rwanda",-0.769984104968692,-0.647871691674364,NA
175,"RWA","Rwanda",-0.786220256314934,-0.65726416099437,NA
176,"RWA","Rwanda",-0.801954688348171,-0.666043166271688,NA
177,"RWA","Rwanda",-0.81717119563143,-0.674214690507802,NA
178,"RWA","Rwanda",-0.831854058397255,-0.681785382785278,NA
179,"RWA","Rwanda",-0.845988060492833,-0.688762545547173,NA
180,"RWA","Rwanda",-0.859558506766402,-0.695154121119496,NA
181,"RWA","Rwanda",-0.872551239874558,-0.70096867749411,NA
182,"RWA","Rwanda",-0.884952656490702,-0.706215393390364,NA
183,"RWA","Rwanda",-0.896749722895596,-0.710904042614556,NA
184,"RWA","Rwanda",-0.907929989931705,-0.715044977737206,NA
185,"RWA","Rwanda",-0.918481607303746,-0.718649113108853,NA
186,"RWA","Rwanda",-0.928393337208625,-0.721727907235938,NA
187,"RWA","Rwanda",-0.937654567278749,-0.724293344539013,NA
188,"RWA","Rwanda",-0.946255322823455,-0.726357916516321,NA
189,"RWA","Rwanda",-0.95418627835418,-0.727934602336402,NA
190,"RWA","Rwanda",-0.96143876837977,-0.729036848884115,NA
191,"RWA","Rwanda",-0.968004797459227,-0.729678550285081,NA
192,"RWA","Rwanda",-0.973877049500048,-0.729874026934145,NA
193,"RWA","Rwanda",-0.97904889629117,-0.729638004054059,NA
194,"RWA","Rwanda",-0.983514405260464,-0.728985589811112,NA
195,"RWA","Rwanda",-0.987268346447607,-0.727932253014979,NA
196,"RWA","Rwanda",-0.990306198684092,-0.726493800430486,NA
197,"RWA","Rwanda",-0.99262415497304,-0.724686353729508,NA
198,"RWA","Rwanda",-0.994219127062451,-0.722526326111572,NA
199,"RWA","Rwanda",-0.995088749206448,-0.720030398622145,NA
200,"RWA","Rwanda",-0.995231381110019,-0.717215496197931,NA
201,"RWA","Rwanda",-0.99464611005374,-0.71409876346881,NA
202,"RWA","Rwanda",-0.993332752195891,-0.710697540346314,NA
203,"RWA","Rwanda",-0.991291853050371,-0.707029337428799,NA
204,"RWA","Rwanda",-0.988524687139759,-0.703111811253646,NA
205,"RWA","Rwanda",-0.985033256823844,-0.698962739427024,NA
206,"RWA","Rwanda",-0.980820290304922,-0.694599995661839,NA
207,"RWA","Rwanda",-0.975889238812094,-0.690041524754628,NA
208,"RWA","Rwanda",-0.970244272967798,-0.68530531753217,NA
209,"RWA","Rwanda",-0.963890278340733,-0.680409385798657,NA
210,"RWA","Rwanda",-0.9568328501903,-0.675371737314194,NA
211,"RWA","Rwanda",-0.949078287408635,-0.670210350835393,NA
212,"RWA","Rwanda",-0.940633585667242,-0.664943151248706,NA
213,"RWA","Rwanda",-0.93150642977617,-0.659587984827021,NA
214,"RWA","Rwanda",-0.921705185264587,-0.654162594639894,NA
215,"RWA","Rwanda",-0.911238889192535,-0.648684596147567,NA
216,"RWA","Rwanda",-0.900117240204548,-0.643171453008703,NA
217,"RWA","Rwanda",-0.888350587836667,-0.637640453131503,NA
218,"RWA","Rwanda",-0.875949921089325,-0.632108684997532,NA
219,"RWA","Rwanda",-0.862926856279363,-0.62659301428728,NA
220,"RWA","Rwanda",-0.84929362418534,-0.621110060836075,NA
221,"RWA","Rwanda",-0.835063056501085,-0.615676175948561,NA
222,"RWA","Rwanda",-0.820248571613278,-0.610307420099529,NA
223,"RWA","Rwanda",-0.804864159719608,-0.605019541048376,NA
224,"RWA","Rwanda",-0.788924367304867,-0.599827952393996,NA
225,"RWA","Rwanda",-0.77244428099304,-0.594747712596319,NA
226,"RWA","Rwanda",-0.75543951079422,-0.589793504490189,NA
227,"RWA","Rwanda",-0.737926172765876,-0.584979615316629,NA
228,"RWA","Rwanda",-0.719920871108654,-0.580319917295921,NA
229,"RWA","Rwanda",-0.701440679717611,-0.575827848766273,NA
230,"RWA","Rwanda",-0.682503123210352,-0.571516395911135,NA
231,"RWA","Rwanda",-0.663126157454198,-0.567398075097522,NA
232,"RWA","Rwanda",-0.643328149615079,-0.563484915846944,NA
233,"RWA","Rwanda",-0.623127857751391,-0.559788444459785,NA
234,"RWA","Rwanda",-0.602544409976621,-0.556319668313157,NA
235,"RWA","Rwanda",-0.581597283214995,-0.553089060851449,NA
236,"RWA","Rwanda",-0.560306281574936,-0.550106547287946,NA
237,"RWA","Rwanda",-0.5386915143655,-0.547381491035009,NA
238,"RWA","Rwanda",-0.516773373781437,-0.544922680879458,NA
239,"RWA","Rwanda",-0.49457251228284,-0.542738318918836,NA
240,"RWA","Rwanda",-0.472109819695766,-0.540836009273383,NA
241,"RWA","Rwanda",-0.449406400060471,-0.539222747587517,NA
242,"RWA","Rwanda",-0.426483548254258,-0.537904911333744,NA
243,"RWA","Rwanda",-0.403362726416113,-0.536888250930873,NA
244,"RWA","Rwanda",-0.380065540200628,-0.536177881687491,NA
245,"RWA","Rwanda",-0.356613714888813,-0.53577827658057,NA
246,"RWA","Rwanda",-0.333029071383631,-0.535693259878149,NA
247,"RWA","Rwanda",-0.309333502118164,-0.535926001613947,NA
248,"RWA","Rwanda",-0.285548946904466,-0.536479012920746,NA
249,"RWA","Rwanda",-0.261697368751161,-0.537354142228364,NA
250,"RWA","Rwanda",-0.23780072967795,-0.53855257233095,NA
251,"RWA","Rwanda",-0.213880966555094,-0.540074818327304,NA
252,"RWA","Rwanda",-0.189959966996018,-0.54192072643686,NA
253,"RWA","Rwanda",-0.166059545330967,-0.544089473692904,NA
254,"RWA","Rwanda",-0.142201418689708,-0.546579568513529,NA
255,"RWA","Rwanda",-0.118407183220978,-0.549388852149786,NA
256,"RWA","Rwanda",-0.0946982904763405,-0.552514501009385,NA
257,"RWA","Rwanda",-0.0710960239858003,-0.555953029853291,NA
258,"RWA","Rwanda",-0.0476214760523984,-0.559700295861443,NA
259,"RWA","Rwanda",-0.0242955247926447,-0.563751503562818,NA
260,"RWA","Rwanda",-0.00113881144943689,-0.568101210623975,NA
261,"RWA","Rwanda",0.0218282819962934,-0.572743334489199,NA
262,"RWA","Rwanda",0.044585654889251,-0.577671159864314,NA
263,"RWA","Rwanda",0.0671135096132669,-0.582877347035212,NA
264,"RWA","Rwanda",0.089392372929474,-0.588353941011132,NA
265,"RWA","Rwanda",0.111403116914527,-0.594092381481733,NA
266,"RWA","Rwanda",0.133126979474662,-0.600083513575982,NA
267,"RWA","Rwanda",0.154545584411956,-0.606317599409941,NA
268,"RWA","Rwanda",0.175640961019601,-0.61278433040955,NA
269,"RWA","Rwanda",0.19639556318367,-0.619472840393582,NA
270,"RWA","Rwanda",0.216792287969333,-0.626371719400988,NA
271,"RWA","Rwanda",0.236814493670187,-0.633469028245985,NA
272,"RWA","Rwanda",0.256446017299957,-0.640752313783309,NA
273,"RWA","Rwanda",0.275671191506478,-0.64820862486523,NA
274,"RWA","Rwanda",0.294474860888609,-0.655824528971043,NA
275,"RWA","Rwanda",0.312842397697389,-0.663586129488971,NA
276,"RWA","Rwanda",0.330759716903485,-0.671479083629559,NA
277,"RWA","Rwanda",0.348213290613778,-0.679488620948941,NA
278,"RWA","Rwanda",0.36519016182064,-0.687599562459539,NA
279,"RWA","Rwanda",0.381677957468313,-0.695796340305091,NA
280,"RWA","Rwanda",0.397664900821565,-0.704063017976182,NA
281,"RWA","Rwanda",0.413139823122643,-0.712383311041795,NA
282,"RWA","Rwanda",0.428092174523405,-0.720740608371767,NA
283,"RWA","Rwanda",0.442512034280336,-0.729117993824425,NA
284,"RWA","Rwanda",0.456390120201065,-0.737498268373108,NA
285,"RWA","Rwanda",0.469717797331874,-0.745863972644735,NA
286,"RWA","Rwanda",0.48248708587656,-0.754197409843065,NA
287,"RWA","Rwanda",0.494690668337996,-0.762480669028822,NA
288,"RWA","Rwanda",0.506321895874572,-0.77069564872841,NA
289,"RWA","Rwanda",0.51737479386469,-0.778824080842528,NA
290,"RWA","Rwanda",0.527844066673403,-0.786847554825628,NA
291,"RWA","Rwanda",0.537725101616227,-0.794747542106802,NA
292,"RWA","Rwanda",0.547013972116117,-0.802505420722395,NA
293,"RWA","Rwanda",0.55570744005055,-0.810102500130334,NA
294,"RWA","Rwanda",0.563802957286623,-0.817520046175985,NA
295,"RWA","Rwanda",0.571298666403014,-0.824739306179077,NA
296,"RWA","Rwanda",0.578193400598647,-0.831741534111144,NA
297,"RWA","Rwanda",0.584486682788834,-0.83850801583273,NA
298,"RWA","Rwanda",0.590178723890664,-0.845020094359586,NA
299,"RWA","Rwanda",0.595270420300314,-0.85125919512698,NA
300,"RWA","Rwanda",0.599763350565988,-0.857206851221244,NA
301,"RWA","Rwanda",0.603659771261051,-0.862844728547706,NA
302,"RWA","Rwanda",0.606962612062964,-0.868154650904208,NA
303,"RWA","Rwanda",0.609675470044477,-0.873118624929488,NA
304,"RWA","Rwanda",0.611802603184542,-0.877718864895865,NA
305,"RWA","Rwanda",0.613348923107272,-0.881937817315804,NA
306,"RWA","Rwanda",0.614319987058224,-0.885758185332157,NA
307,"RWA","Rwanda",0.614721989128163,-0.889162952862107,NA
308,"RWA","Rwanda",0.614561750735349,-0.89213540846513,NA
309,"RWA","Rwanda",0.61384671037829,-0.894659168905567,NA
310,"RWA","Rwanda",0.612584912671731,-0.8967182023808,NA
311,"RWA","Rwanda",0.610784996679518,-0.898296851386338,NA
312,"RWA","Rwanda",0.608456183558794,-0.899379855189597,NA
313,"RWA","Rwanda",0.6056082635308,-0.899952371884558,NA
314,"RWA","Rwanda",0.602251582194346,-0.9,NA
315,"RWA","Rwanda",0.598397026198784,-0.899508799634501,NA
316,"RWA","Rwanda",0.594056008294087,-0.898465313091956,NA
317,"RWA","Rwanda",0.589240451776349,-0.89685658499193,NA
318,"RWA","Rwanda",0.583962774347748,-0.89467018182979,NA
319,"RWA","Rwanda",0.578235871410695,-0.891894210962182,NA
320,"RWA","Rwanda",0.57207309881655,-0.888517338994073,NA
321,"RWA","Rwanda",0.565488255089955,-0.884528809544337,NA
322,"RWA","Rwanda",0.558495563150404,-0.879918460367501,NA
323,"RWA","Rwanda",0.551109651553296,-0.874676739810088,NA
324,"RWA","Rwanda",0.543345535273273,-0.868794722580736,NA
325,"RWA","Rwanda",0.535218596053163,-0.862264124814092,NA
326,"RWA","Rwanda",0.526744562342376,-0.855077318409288,NA
327,"RWA","Rwanda",0.517939488849066,-0.847227344624666,NA
328,"RWA","Rwanda",0.508819735730847,-0.838707926911307,NA
329,"RWA","Rwanda",0.499401947449222,-0.82951348296877,NA
330,"RWA","Rwanda",0.489703031313343,-0.819639136007403,NA
331,"RWA","Rwanda",0.479740135739011,-0.809080725202488,NA
332,"RWA","Rwanda",0.469530628249218,-0.797834815326462,NA
333,"RWA","Rwanda",0.459092073242782,-0.785898705546388,NA
334,"RWA","Rwanda",0.448442209557904,-0.773270437374849,NA
335,"RWA","Rwanda",0.437598927857757,-0.759948801763457,NA
336,"RWA","Rwanda",0.426580247865326,-0.745933345329121,NA
337,"RWA","Rwanda",0.415404295474997,-0.731224375704304,NA
338,"RWA","Rwanda",0.404089279768432,-0.715822966003485,NA
339,"RWA","Rwanda",0.392653469962445,-0.699730958399107,NA
340,"RWA","Rwanda",0.381115172316621,-0.682950966801337,NA
341,"RWA","Rwanda",0.369492707028483,-0.665486378637016,NA
342,"RWA","Rwanda",0.357804385143994,-0.647341355724244,NA
343,"RWA","Rwanda",0.346068485511188,-0.628520834240135,NA
344,"RWA","Rwanda",0.334303231804627,-0.609030523780294,NA
345,"RWA","Rwanda",0.322526769648303,-0.588876905509703,NA
346,"RWA","Rwanda",0.310757143864491,-0.56806722940574,NA
347,"RWA","Rwanda",0.299012275875873,-0.546609510595142,NA
348,"RWA","Rwanda",0.287309941288084,-0.524512524787789,NA
349,"RWA","Rwanda",0.275667747679584,-0.501785802811259,NA
350,"RWA","Rwanda",0.264103112625547,-0.478439624251185,NA
351,"RWA","Rwanda",0.252633241982099,-0.454485010203444,NA
352,"RWA","Rwanda",0.241275108457003,-0.429933715145386,NA
353,"RWA","Rwanda",0.230045430492461,-0.404798217934167,NA
354,"RWA","Rwanda",0.218960651485392,-0.379091711941511,NA
355,"RWA","Rwanda",0.208036919370062,-0.352828094335033,NA
356,"RWA","Rwanda",0.197290066587566,-0.326021954517427,NA
357,"RWA","Rwanda",0.186735590466174,-0.298688561735764,NA
358,"RWA","Rwanda",0.176388634036008,-0.270843851874096,NA
359,"RWA","Rwanda",0.166263967301078,-0.242504413443621,NA
360,"RWA","Rwanda",0.156375968991068,-0.213687472785517,NA
361,"RWA","Rwanda",0.146738608814748,-0.18441087850259,NA
362,"RWA","Rwanda",0.137365430236228,-0.154693085136708,NA
363,"RWA","Rwanda",0.128269533794685,-0.124553136109971,NA
364,"RWA","Rwanda",0.119463560987512,-0.094010645948382,NA
365,"RWA","Rwanda",0.11095967873616,-0.06308578180767,NA
1,"SEN","Senegal",-0.892090206305168,-0.432075432390864,"Burkina Faso"
2,"SEN","Senegal",-0.881280222004165,-0.423273339824774,"Burkina Faso"
3,"SEN","Senegal",-0.870127270449801,-0.414769675915422,"Burkina Faso"
4,"SEN","Senegal",-0.858657581604967,-0.406580873110645,"Burkina Faso"
5,"SEN","Senegal",-0.846897549096606,-0.398722751718156,"Burkina Faso"
6,"SEN","Senegal",-0.834873695141179,-0.391210499343345,"Burkina Faso"
7,"SEN","Senegal",-0.822612635381589,-0.384058651148309,"Burkina Faso"
8,"SEN","Senegal",-0.810141043678349,-0.37728107095602,"Burkina Faso"
9,"SEN","Senegal",-0.7974856168978,-0.370890933222519,"Burkina Faso"
10,"SEN","Senegal",-0.784673039740195,-0.364900705898984,"Burkina Faso"
11,"SEN","Senegal",-0.77172994965036,-0.359322134204419,"Burkina Faso"
12,"SEN","Senegal",-0.758682901853558,-0.35416622532865,"Burkina Faso"
13,"SEN","Senegal",-0.745558334559006,-0.34944323408414,"Burkina Faso"
14,"SEN","Senegal",-0.732382534373254,-0.345162649524039,"Burkina Faso"
15,"SEN","Senegal",-0.719181601965398,-0.341333182542669,"Burkina Faso"
16,"SEN","Senegal",-0.705981418025754,-0.337962754473502,"Burkina Faso"
17,"SEN","Senegal",-0.69280760955926,-0.335058486698457,"Burkina Faso"
18,"SEN","Senegal",-0.679685516554454,-0.332626691281117,"Burkina Faso"
19,"SEN","Senegal",-0.66664015906842,-0.330672862635266,"Burkina Faso"
20,"SEN","Senegal",-0.653696204767537,-0.329201670238844,"Burkina Faso"
21,"SEN","Senegal",-0.640877936963372,-0.328216952402211,"Burkina Faso"
22,"SEN","Senegal",-0.62820922318238,-0.327721711098291,"Burkina Faso"
23,"SEN","Senegal",-0.615713484307455,-0.327718107860926,"Burkina Faso"
24,"SEN","Senegal",-0.603413664328672,-0.328207460756448,"Burkina Faso"
25,"SEN","Senegal",-0.591332200739811,-0.3291902424322,"Burkina Faso"
26,"SEN","Senegal",-0.579490995616454,-0.33066607924444,"Burkina Faso"
27,"SEN","Senegal",-0.567911387410621,-0.332633751466752,"Burkina Faso"
28,"SEN","Senegal",-0.556614123496066,-0.335091194578777,"Burkina Faso"
29,"SEN","Senegal",-0.545619333497373,-0.338035501633796,"Burkina Faso"
30,"SEN","Senegal",-0.534946503435117,-0.341462926702379,"Burkina Faso"
31,"SEN","Senegal",-0.524614450718297,-0.345368889388013,"Burkina Faso"
32,"SEN","Senegal",-0.514641300014269,-0.349747980409338,"Burkina Faso"
33,"SEN","Senegal",-0.505044460025295,-0.354593968242335,"Burkina Faso"
34,"SEN","Senegal",-0.495840601199779,-0.359899806814518,"Burkina Faso"
35,"SEN","Senegal",-0.487045634405064,-0.365657644241918,"Burkina Faso"
36,"SEN","Senegal",-0.478674690587563,-0.371858832598401,"Burkina Faso"
37,"SEN","Senegal",-0.470742101444744,-0.378493938705591,"Burkina Faso"
38,"SEN","Senegal",-0.46326138113231,-0.385552755930457,"Burkina Faso"
39,"SEN","Senegal",-0.456245209028628,-0.393024316976396,"Burkina Faso"
40,"SEN","Senegal",-0.449705413577206,-0.400896907652446,"Burkina Faso"
41,"SEN","Senegal",-0.443652957226691,-0.409158081604086,"Burkina Faso"
42,"SEN","Senegal",-0.438097922486561,-0.417794675987908,"Burkina Faso"
43,"SEN","Senegal",-0.433049499115303,-0.426792828071308,"Burkina Faso"
44,"SEN","Senegal",-0.428515972456533,-0.436137992737234,"Burkina Faso"
45,"SEN","Senegal",-0.424504712937091,-0.445814960872919,"Burkina Faso"
46,"SEN","Senegal",-0.42102216673979,-0.455807878620465,"Burkina Faso"
47,"SEN","Senegal",-0.418073847662011,-0.466100267466103,"Burkina Faso"
48,"SEN","Senegal",-0.415664330169977,-0.476675045143932,"Burkina Faso"
49,"SEN","Senegal",-0.413797243657037,-0.487514547328949,"Burkina Faso"
50,"SEN","Senegal",-0.412475267912868,-0.498600550093246,"Burkina Faso"
51,"SEN","Senegal",-0.411700129809034,-0.509914293098291,"Burkina Faso"
52,"SEN","Senegal",-0.411472601204871,-0.521436503495344,"Burkina Faso"
53,"SEN","Senegal",-0.411792498076187,-0.533147420505181,"Burkina Faso"
54,"SEN","Senegal",-0.412658680867807,-0.545026820647494,"Burkina Faso"
55,"SEN","Senegal",-0.414069056069501,-0.557054043589505,"Burkina Faso"
56,"SEN","Senegal",-0.416020579013353,-0.569208018582619,"Burkina Faso"
57,"SEN","Senegal",-0.41850925788918,-0.581467291455208,"Burkina Faso"
58,"SEN","Senegal",-0.421530158973102,-0.593810052128918,"Burkina Faso"
59,"SEN","Senegal",-0.425077413062927,-0.606214162625284,"Burkina Faso"
60,"SEN","Senegal",-0.429144223112556,-0.618657185528816,"Burkina Faso"
61,"SEN","Senegal",-0.433722873056145,-0.631116412872156,"Burkina Faso"
62,"SEN","Senegal",-0.43880473781135,-0.6435688954084,"Burkina Faso"
63,"SEN","Senegal",-0.444380294449538,-0.655991472235192,"Burkina Faso"
64,"SEN","Senegal",-0.450439134519447,-0.668360800734752,"Burkina Faso"
65,"SEN","Senegal",-0.456969977509379,-0.680653386793627,"Burkina Faso"
66,"SEN","Senegal",-0.463960685431645,-0.69284561526559,"Burkina Faso"
67,"SEN","Senegal",-0.471398278511603,-0.70491378064079,"Burkina Faso"
68,"SEN","Senegal",-0.479268951962319,-0.716834117884039,"Burkina Faso"
69,"SEN","Senegal",-0.487558093824556,-0.728582833404848,"Burkina Faso"
70,"SEN","Senegal",-0.496250303850504,-0.740136136121691,"Burkina Faso"
71,"SEN","Senegal",-0.505329413408415,-0.751470268582819,"Burkina Faso"
72,"SEN","Senegal",-0.514778506384045,-0.762561538105885,"Burkina Faso"
73,"SEN","Senegal",-0.524579941053644,-0.773386347898585,"Burkina Faso"
74,"SEN","Senegal",-0.534715372901996,-0.783921228122525,"Burkina Faso"
75,"SEN","Senegal",-0.545165778357928,-0.794142866862586,"Burkina Faso"
76,"SEN","Senegal",-0.555911479418552,-0.80402814096415,"Burkina Faso"
77,"SEN","Senegal",-0.566932169132437,-0.813554146700675,"Burkina Faso"
78,"SEN","Senegal",-0.578206937910878,-0.82269823023432,"Burkina Faso"
79,"SEN","Senegal",-0.589714300635408,-0.831438017832531,"Burkina Faso"
80,"SEN","Senegal",-0.601432224528732,-0.839751445803775,"Burkina Faso"
81,"SEN","Senegal",-0.61333815775535,-0.847616790115925,"Burkina Faso"
82,"SEN","Senegal",-0.625409058717216,-0.855012695661181,"Burkina Faso"
83,"SEN","Senegal",-0.637621426008969,-0.861918205131778,"Burkina Faso"
84,"SEN","Senegal",-0.649951328996436,-0.868312787471223,"Burkina Faso"
85,"SEN","Senegal",-0.66237443898137,-0.87417636586625,"Burkina Faso"
86,"SEN","Senegal",-0.674866060914637,-0.879489345245246,"Burkina Faso"
87,"SEN","Senegal",-0.687401165619441,-0.884232639249456,"Burkina Faso"
88,"SEN","Senegal",-0.699954422485491,-0.88838769664389,"Burkina Faso"
89,"SEN","Senegal",-0.712500232594485,-0.891936527135506,"Burkina Faso"
90,"SEN","Senegal",-0.725012762236715,-0.894861726566934,"Burkina Faso"
91,"SEN","Senegal",-0.737465976778144,-0.897146501454736,"Burkina Faso"
92,"SEN","Senegal",-0.749833674836842,-0.898774692841962,"Burkina Faso"
93,"SEN","Senegal",-0.762089522727285,-0.899730799435552,"Burkina Faso"
94,"SEN","Senegal",-0.774207089130714,-0.9,"Burkina Faso"
95,"SEN","Senegal",-0.786159879949406,-0.89956817497952,"Burkina Faso"
96,"SEN","Senegal",-0.797921373302528,-0.898421927321914,"Burkina Faso"
97,"SEN","Senegal",-0.809465054621014,-0.896548602478227,"Burkina Faso"
98,"SEN","Senegal",-0.820764451798803,-0.893936307553283,"Burkina Faso"
99,"SEN","Senegal",-0.831793170357649,-0.890573929583154,"Burkina Faso"
100,"SEN","Senegal",-0.842524928582729,-0.88645115291668,"Burkina Faso"
101,"SEN","Senegal",-0.852933592586245,-0.881558475679181,"Burkina Faso"
102,"SEN","Senegal",-0.862993211256314,-0.875887225297594,"Burkina Faso"
103,"SEN","Senegal",-0.872678051048536,-0.869429573067369,"Burkina Faso"
104,"SEN","Senegal",-0.881962630577824,-0.862178547742598,"Burkina Faso"
105,"SEN","Senegal",-0.890821754968273,-0.854128048131984,"Burkina Faso"
106,"SEN","Senegal",-0.899230549919129,-0.845272854684432,"Burkina Faso"
107,"SEN","Senegal",-0.907164495445244,-0.835608640049261,"Burkina Faso"
108,"SEN","Senegal",-0.914599459250762,-0.825131978597196,"Burkina Faso"
109,"SEN","Senegal",-0.921511729695191,-0.813840354889588,"Burkina Faso"
110,"SEN","Senegal",-0.927878048311528,-0.801732171084478,"Burkina Faso"
111,"SEN","Senegal",-0.933675641836545,-0.788806753269458,"Burkina Faso"
112,"SEN","Senegal",-0.938882253713995,-0.775064356712475,"Burkina Faso"
113,"SEN","Senegal",-0.943476175032029,-0.760506170023051,"Burkina Faso"
114,"SEN","Senegal",-0.947436274856823,-0.745134318217665,"Burkina Faso"
115,"SEN","Senegal",-0.9507420299251,-0.72895186468433,"Burkina Faso"
116,"SEN","Senegal",-0.953373553658966,-0.711962812042716,"Burkina Faso"
117,"SEN","Senegal",-0.955311624467298,-0.694172101897465,"Burkina Faso"
118,"SEN","Senegal",-0.956537713298725,-0.675585613483656,"Burkina Faso"
119,"SEN","Senegal",-0.95703401041214,-0.656210161204697,"Burkina Faso"
120,"SEN","Senegal",-0.956783451331587,-0.636053491064223,"Burkina Faso"
121,"SEN","Senegal",-0.955769741953325,-0.61512427599489,"Burkina Faso"
122,"SEN","Senegal",-0.95397738277387,-0.593432110088277,"Burkina Faso"
123,"SEN","Senegal",-0.95139169220883,-0.570987501731378,"Burkina Faso"
124,"SEN","Senegal",-0.947998828973449,-0.547801865656506,"Burkina Faso"
125,"SEN","Senegal",-0.943785813496839,-0.52388751391268,"Burkina Faso"
126,"SEN","Senegal",-0.938740548343052,-0.499257645767873,"Burkina Faso"
127,"SEN","Senegal",-0.932851837613282,-0.473926336552745,"Burkina Faso"
128,"SEN","Senegal",-0.926109405304713,-0.447908525457768,"Burkina Faso"
129,"SEN","Senegal",-0.918503912602735,-0.421220002296866,"Burkina Faso"
130,"SEN","Senegal",-0.910026974084533,-0.393877393251944,"Burkina Faso"
131,"SEN","Senegal",-0.900671172813301,-0.365898145613867,"Burkina Faso"
132,"SEN","Senegal",-0.89043007430369,-0.337300511536675,"Burkina Faso"
133,"SEN","Senegal",-0.879298239340377,-0.308103530822956,"Burkina Faso"
134,"SEN","Senegal",-0.867271235633048,-0.278327012759482,"Burkina Faso"
135,"SEN","Senegal",-0.854345648292426,-0.247991517023328,"Burkina Faso"
136,"SEN","Senegal",-0.840519089113376,-0.21711833367981,"Burkina Faso"
137,"SEN","Senegal",-0.825790204652551,-0.185729462294648,"Burkina Faso"
138,"SEN","Senegal",-0.810158683089424,-0.153847590183824,"Burkina Faso"
139,"SEN","Senegal",-0.793625259861043,-0.121496069825635,"Burkina Faso"
140,"SEN","Senegal",-0.776191722062256,-0.0886988954604437,"Burkina Faso"
141,"SEN","Senegal",-0.757860911604629,-0.0554806789045711,"Burkina Faso"
142,"SEN","Senegal",-0.738636727128753,-0.0218666246057664,"Burkina Faso"
143,"SEN","Senegal",-0.718524124666109,0.0121174960314582,"Burkina Faso"
144,"SEN","Senegal",-0.697529117048142,0.0464453710214245,"Burkina Faso"
145,"SEN","Senegal",-0.675658772061671,0.0810901748438095,"Burkina Faso"
146,"SEN","Senegal",-0.652921209351266,0.116024596130244,"Burkina Faso"
147,"SEN","Senegal",-0.629325596070693,0.151220865959402,"Burkina Faso"
148,"SEN","Senegal",-0.604882141287028,0.18665078672825,"Burkina Faso"
149,"SEN","Senegal",-0.579602089142485,0.22228576156644,"Burkina Faso"
150,"SEN","Senegal",-0.553497710780542,0.258096824260158,"Burkina Faso"
151,"SEN","Senegal",-0.526582295044341,0.294054669651157,"Burkina Faso"
152,"SEN","Senegal",-0.498870137956858,0.330129684476092,"Burkina Faso"
153,"SEN","Senegal",-0.470376530993745,0.366291978610778,"Burkina Faso"
154,"SEN","Senegal",-0.441117748161217,0.402511416683464,"Burkina Faso"
155,"SEN","Senegal",-0.411111031892724,0.4387576500208,"Burkina Faso"
156,"SEN","Senegal",-0.380374577779633,0.475000148889745,"Burkina Faso"
157,"SEN","Senegal",-0.348927518152438,0.511208234998303,"Burkina Faso"
158,"SEN","Senegal",-0.316789904530477,0.547351114217671,"Burkina Faso"
159,"SEN","Senegal",-0.283982688959404,0.58339790948808,"Burkina Faso"
160,"SEN","Senegal",-0.250527704257036,0.619317693870407,"Burkina Faso"
161,"SEN","Senegal",-0.216447643189489,0.655079523705426,"Burkina Faso"
162,"SEN","Senegal",-0.181766036600774,0.690652471842436,"Burkina Faso"
163,"SEN","Senegal",-0.146507230520294,0.726005660898904,"Burkina Faso"
164,"SEN","Senegal",-0.110696362273888,0.761108296512713,"Burkina Faso"
165,"SEN","Senegal",-0.0743593356252661,0.795929700548594,"Burkina Faso"
166,"SEN","Senegal",-0.0375227949758364,0.830439344220355,"Burkina Faso"
167,"SEN","Senegal",-0.000214098652054018,0.864606881090617,"Burkina Faso"
168,"SEN","Senegal",0.0375387086895104,0.898402179909894,"Burkina Faso"
169,"SEN","Senegal",0.075706924508075,0.931795357257002,"Burkina Faso"
170,"SEN","Senegal",0.114261217643258,0.964756809943046,"Burkina Faso"
171,"SEN","Senegal",0.153171658365107,0.997257247141459,"Burkina Faso"
172,"SEN","Senegal",0.192407749175333,1.02926772220689,"Burkina Faso"
173,"SEN","Senegal",0.231938456324623,1.0607596641461,"Burkina Faso"
174,"SEN","Senegal",0.271732242010054,1.09170490870436,"Burkina Faso"
175,"SEN","Senegal",0.311757097215799,1.12207572903142,"Burkina Faso"
176,"SEN","Senegal",0.351980575159557,1.15184486589144,"Burkina Faso"
177,"SEN","Senegal",0.392369825306386,1.18098555738182,"Burkina Faso"
178,"SEN","Senegal",0.432891627910947,1.20947156812663,"Burkina Faso"
179,"SEN","Senegal",0.473512429048529,1.23727721791059,"Burkina Faso"
180,"SEN","Senegal",0.514198376094608,1.26437740972058,"Burkina Faso"
181,"SEN","Senegal",0.554915353612169,1.29074765716202,"Burkina Faso"
182,"SEN","Senegal",0.595629019605512,1.31636411121836,"Burkina Faso"
183,"SEN","Senegal",0.636304842098806,1.34120358632265,"Burkina Faso"
184,"SEN","Senegal",0.67690813599728,1.36524358571093,"Burkina Faso"
185,"SEN","Senegal",0.717404100188532,1.38846232602803,"Burkina Faso"
186,"SEN","Senegal",0.757757854841209,1.41083876115719,"Burkina Faso"
187,"SEN","Senegal",0.797934478858004,1.43235260524588,"Burkina Faso"
188,"SEN","Senegal",0.837899047439719,1.4529843549011,"Burkina Faso"
189,"SEN","Senegal",0.87761666971704,1.47271531052841,"Burkina Faso"
190,"SEN","Senegal",0.917052526406506,1.49152759678986,"Burkina Faso"
191,"SEN","Senegal",0.95617190744715,1.50940418215716,"Burkina Faso"
192,"SEN","Senegal",0.994940249574284,1.52632889753737,"Burkina Faso"
193,"SEN","Senegal",1.03332317378695,1.54228645394947,"Burkina Faso"
194,"SEN","Senegal",1.07128652266566,1.55726245923132,"Burkina Faso"
195,"SEN","Senegal",1.10879639749723,1.57124343375769,"Burkina Faso"
196,"SEN","Senegal",1.14581919516365,1.58421682515097,"Burkina Faso"
197,"SEN","Senegal",1.18232164475237,1.5961710219677,"Burkina Faso"
198,"SEN","Senegal",1.21827084384536,1.60709536634488,"Burkina Faso"
199,"SEN","Senegal",1.2536342944451,1.61698016559147,"Burkina Faso"
200,"SEN","Senegal",1.28837993849563,1.62581670271175,"Burkina Faso"
201,"SEN","Senegal",1.32247619295757,1.6335972458481,"Burkina Faso"
202,"SEN","Senegal",1.35589198439635,1.64031505663258,"Burkina Faso"
203,"SEN","Senegal",1.38859678304358,1.64596439743739,"Burkina Faso"
204,"SEN","Senegal",1.42056063629182,1.65054053751599,"Burkina Faso"
205,"SEN","Senegal",1.4517542015841,1.65403975802778,"Burkina Faso"
206,"SEN","Senegal",1.48214877865976,1.65645935594045,"Burkina Faso"
207,"SEN","Senegal",1.51171634111935,1.6577976468057,"Burkina Faso"
208,"SEN","Senegal",1.54042956727167,1.65805396640497,"Burkina Faso"
209,"SEN","Senegal",1.56826187022731,1.65722867126354,"Burkina Faso"
210,"SEN","Senegal",1.59518742720359,1.65532313803227,"Burkina Faso"
211,"SEN","Senegal",1.62118120800679,1.65233976173791,"Burkina Faso"
212,"SEN","Senegal",1.64621900265866,1.64828195290408,"Burkina Faso"
213,"SEN","Senegal",1.670277448135,1.64315413354622,"Burkina Faso"
214,"SEN","Senegal",1.69333405418511,1.63696173204543,"Burkina Faso"
215,"SEN","Senegal",1.71536722820229,1.62971117690709,"Burkina Faso"
216,"SEN","Senegal",1.73635629911622,1.62140988941165,"Burkina Faso"
217,"SEN","Senegal",1.75628154027951,1.61206627516628,"Burkina Faso"
218,"SEN","Senegal",1.77512419132178,1.6016897145672,"Burkina Faso"
219,"SEN","Senegal",1.79286647894575,1.59029055218388,"Burkina Faso"
220,"SEN","Senegal",1.80949163664126,1.57788008507763,"Burkina Faso"
221,"SEN","Senegal",1.82498392329405,1.56447055006817,"Burkina Faso"
222,"SEN","Senegal",1.83932864066779,1.55007510996306,"Burkina Faso"
223,"SEN","Senegal",1.85251214973896,1.53470783876616,"Burkina Faso"
224,"SEN","Senegal",1.86452188586542,1.51838370588244,"Burkina Faso"
225,"SEN","Senegal",1.87534637277118,1.50111855933743,"Burkina Faso"
226,"SEN","Senegal",1.88497523533089,1.48292910803112,"Burkina Faso"
227,"SEN","Senegal",1.89339921113925,1.46383290304689,"Burkina Faso"
228,"SEN","Senegal",1.90061016085178,1.44384831803736,"Burkina Faso"
229,"SEN","Senegal",1.90660107728493,1.42299452871006,"Burkina Faso"
230,"SEN","Senegal",1.91136609326489,1.40129149143681,"Burkina Faso"
231,"SEN","Senegal",1.9149004882159,1.37875992101177,"Burkina Faso"
232,"SEN","Senegal",1.91720069348041,1.35542126758422,"Burkina Faso"
233,"SEN","Senegal",1.91826429636484,1.33129769279275,"Burkina Faso"
234,"SEN","Senegal",1.91809004290621,1.30641204512896,"Burkina Faso"
235,"SEN","Senegal",1.91667783935637,1.28078783455907,"Burkina Faso"
236,"SEN","Senegal",1.91402875238206,1.25444920643334,"Burkina Faso"
237,"SEN","Senegal",1.91014500798063,1.22742091471343,"Burkina Faso"
238,"SEN","Senegal",1.90502998911252,1.19972829454903,"Burkina Faso"
239,"SEN","Senegal",1.8986882320533,1.17139723423571,"Burkina Faso"
240,"SEN","Senegal",1.89112542146951,1.14245414658645,"Burkina Faso"
241,"SEN","Senegal",1.88234838422387,1.11292593975047,"Burkina Faso"
242,"SEN","Senegal",1.8723650819173,1.08283998751305,"Burkina Faso"
243,"SEN","Senegal",1.86118460217606,1.05222409911098,"Burkina Faso"
244,"SEN","Senegal",1.84881714869442,1.02110648859888,"Burkina Faso"
245,"SEN","Senegal",1.83527403004427,0.98951574380172,"Burkina Faso"
246,"SEN","Senegal",1.82056764726468,0.957480794889963,"Burkina Faso"
247,"SEN","Senegal",1.80471148024584,0.925030882613545,"Burkina Faso"
248,"SEN","Senegal",1.78772007292325,0.892195526231819,"Burkina Faso"
249,"SEN","Senegal",1.76960901729924,0.859004491176568,"Burkina Faso"
250,"SEN","Senegal",1.75039493631048,0.825487756485706,"Burkina Faso"
251,"SEN","Senegal",1.73009546556141,0.791675482045405,"Burkina Faso"
252,"SEN","Senegal",1.70872923394467,0.757597975678712,"Burkina Faso"
253,"SEN","Senegal",1.68631584317122,0.72328566011874,"Burkina Faso"
254,"SEN","Senegal",1.66287584623383,0.688769039904818,"Burkina Faso"
255,"SEN","Senegal",1.63843072482897,0.654078668239868,"Burkina Faso"
256,"SEN","Senegal",1.6130028657634,0.619245113847471,"Burkina Faso"
257,"SEN","Senegal",1.58661553637276,0.584298927866922,"Burkina Faso"
258,"SEN","Senegal",1.55929285898082,0.549270610824667,"Burkina Faso"
259,"SEN","Senegal",1.531059784429,0.514190579720238,"Burkina Faso"
260,"SEN","Senegal",1.50194206470691,0.47908913526481,"Burkina Faso"
261,"SEN","Senegal",1.47196622471574,0.443996429310183,"Burkina Faso"
262,"SEN","Senegal",1.44115953319719,0.408942432505842,"Burkina Faso"
263,"SEN","Senegal",1.4095499728618,0.373956902221381,"Burkina Faso"
264,"SEN","Senegal",1.37716620975134,0.339069350771333,"Burkina Faso"
265,"SEN","Senegal",1.34403756187072,0.304309013978983,"Burkina Faso"
266,"SEN","Senegal",1.310193967126,0.269704820115428,"Burkina Faso"
267,"SEN","Senegal",1.27566595060551,0.235285359249577,"Burkina Faso"
268,"SEN","Senegal",1.24048459124222,0.201078853044388,"Burkina Faso"
269,"SEN","Senegal",1.20468148789592,0.167113125034009,"Burkina Faso"
270,"SEN","Senegal",1.1682887248945,0.133415571415981,"Burkina Faso"
271,"SEN","Senegal",1.1313388370745,0.100013132391983,"Burkina Faso"
272,"SEN","Senegal",1.09386477436118,0.0669322640899472,"Burkina Faso"
273,"SEN","Senegal",1.05589986592937,0.0341989110997201,"Burkina Faso"
274,"SEN","Senegal",1.01747778398647,0.00183847965362406,"Burkina Faso"
275,"SEN","Senegal",0.978632507219733,-0.0301241885174422,"Burkina Faso"
276,"SEN","Senegal",0.93939828394993,-0.0616648416225354,"Burkina Faso"
277,"SEN","Senegal",0.899809595034264,-0.0927598425149101,"Burkina Faso"
278,"SEN","Senegal",0.859901116561336,-0.123386192633842,"Burkina Faso"
279,"SEN","Senegal",0.819707682381366,-0.1535215551569,"Burkina Faso"
280,"SEN","Senegal",0.779264246514988,-0.183144277336435,"Burkina Faso"
281,"SEN","Senegal",0.738605845484114,-0.212233411995009,"Burkina Faso"
282,"SEN","Senegal",0.697767560608332,-0.240768738155577,"Burkina Faso"
283,"SEN","Senegal",0.656784480310472,-0.268730780783159,"Burkina Faso"
284,"SEN","Senegal",0.615691662474793,-0.296100829615898,"Burkina Faso"
285,"SEN","Senegal",0.574524096901272,-0.322860957064424,"Burkina Faso"
286,"SEN","Senegal",0.533316667899319,-0.348994035159572,"Burkina Faso"
287,"SEN","Senegal",0.492104117064008,-0.374483751529665,"Burkina Faso"
288,"SEN","Senegal",0.450921006277745,-0.399314624389688,"Burkina Faso"
289,"SEN","Senegal",0.409801680980005,-0.423472016525867,"Burkina Faso"
290,"SEN","Senegal",0.368780233747356,-0.446942148260411,"Burkina Faso"
291,"SEN","Senegal",0.327890468225745,-0.469712109382293,"Burkina Faso"
292,"SEN","Senegal",0.287165863456429,-0.491769870031289,"Burkina Faso"
293,"SEN","Senegal",0.246639538636596,-0.513104290523644,"Burkina Faso"
294,"SEN","Senegal",0.206344218355072,-0.533705130109062,"Burkina Faso"
295,"SEN","Senegal",0.166312198343047,-0.553563054649924,"Burkina Faso"
296,"SEN","Senegal",0.126575311778988,-0.572669643215001,"Burkina Faso"
297,"SEN","Senegal",0.0871648961864063,-0.591017393581124,"Burkina Faso"
298,"SEN","Senegal",0.0481117609622626,-0.60859972663765,"Burkina Faso"
299,"SEN","Senegal",0.00944615557317432,-0.625410989689815,"Burkina Faso"
300,"SEN","Senegal",-0.028802261544336,-0.641446458658405,"Burkina Faso"
301,"SEN","Senegal",-0.066604453344037,-0.656702339174458,"Burkina Faso"
302,"SEN","Senegal",-0.103932033756133,-0.671175766569045,"Burkina Faso"
303,"SEN","Senegal",-0.140757296465653,-0.684864804759467,"Burkina Faso"
304,"SEN","Senegal",-0.177053242850492,-0.69776844403454,"Burkina Faso"
305,"SEN","Senegal",-0.21279360904736,-0.709886597742909,"Burkina Faso"
306,"SEN","Senegal",-0.247952892115111,-0.721220097889666,"Burkina Faso"
307,"SEN","Senegal",-0.282506375265836,-0.731770689647827,"Burkina Faso"
308,"SEN","Senegal",-0.316430152135356,-0.7415410247925,"Burkina Faso"
309,"SEN","Senegal",-0.349701150065789,-0.750534654066854,"Burkina Faso"
310,"SEN","Senegal",-0.382297152374142,-0.758756018490287,"Burkina Faso"
311,"SEN","Senegal",-0.414196819581991,-0.7662104396204,"Burkina Faso"
312,"SEN","Senegal",-0.445379709582644,-0.772904108781665,"Burkina Faso"
313,"SEN","Senegal",-0.475826296723363,-0.778844075274856,"Burkina Faso"
314,"SEN","Senegal",-0.505517989781596,-0.784038233582558,"Burkina Faso"
315,"SEN","Senegal",-0.534437148815395,-0.78849530958721,"Burkina Faso"
316,"SEN","Senegal",-0.562567100869633,-0.792224845819354,"Burkina Faso"
317,"SEN","Senegal",-0.589892154520916,-0.795237185754854,"Burkina Faso"
318,"SEN","Senegal",-0.616397613245505,-0.797543457181019,"Burkina Faso"
319,"SEN","Senegal",-0.642069787595953,-0.799155554652627,"Burkina Faso"
320,"SEN","Senegal",-0.666896006173586,-0.800086121059943,"Burkina Faso"
321,"SEN","Senegal",-0.690864625385364,-0.800348528331851,"Burkina Faso"
322,"SEN","Senegal",-0.713965037975142,-0.799956857298261,"Burkina Faso"
323,"SEN","Senegal",-0.736187680320746,-0.798925876736918,"Burkina Faso"
324,"SEN","Senegal",-0.757524038489817,-0.797271021630714,"Burkina Faso"
325,"SEN","Senegal",-0.777966653048777,-0.795008370662533,"Burkina Faso"
326,"SEN","Senegal",-0.797509122620808,-0.792154622975544,"Burkina Faso"
327,"SEN","Senegal",-0.816146106190175,-0.788727074227727,"Burkina Faso"
328,"SEN","Senegal",-0.83387332415173,-0.784743591970242,"Burkina Faso"
329,"SEN","Senegal",-0.850687558105937,-0.78022259038005,"Burkina Faso"
330,"SEN","Senegal",-0.866586649401183,-0.775183004377939,"Burkina Faso"
331,"SEN","Senegal",-0.881569496426724,-0.76964426316383,"Burkina Faso"
332,"SEN","Senegal",-0.89563605066097,-0.763626263201931,"Burkina Faso"
333,"SEN","Senegal",-0.9087873114814,-0.757149340688934,"Burkina Faso"
334,"SEN","Senegal",-0.921025319743799,-0.750234243539044,"Burkina Faso"
335,"SEN","Senegal",-0.932353150139958,-0.742902102920228,"Burkina Faso"
336,"SEN","Senegal",-0.942774902344475,-0.735174404376542,"Burkina Faso"
337,"SEN","Senegal",-0.952295690962668,-0.72707295857192,"Burkina Faso"
338,"SEN","Senegal",-0.960921634293072,-0.718619871691193,"Burkina Faso"
339,"SEN","Senegal",-0.968659841919346,-0.709837515534568,"Burkina Faso"
340,"SEN","Senegal",-0.975518401147864,-0.700748497342073,"Burkina Faso"
341,"SEN","Senegal",-0.981506362308541,-0.691375629384847,"Burkina Faso"
342,"SEN","Senegal",-0.986633722937868,-0.681741898360354,"Burkina Faso"
343,"SEN","Senegal",-0.990911410864382,-0.671870434628887,"Burkina Faso"
344,"SEN","Senegal",-0.99435126621815,-0.661784481328835,"Burkina Faso"
345,"SEN","Senegal",-0.996966022387047,-0.651507363408365,"Burkina Faso"
346,"SEN","Senegal",-0.998769285943909,-0.641062456611231,"Burkina Faso"
347,"SEN","Senegal",-0.999775515569825,-0.630473156454455,"Burkina Faso"
348,"SEN","Senegal",-1,-0.619762847235657,"Burkina Faso"
349,"SEN","Senegal",-0.9994588350198,-0.608954871107701,"Burkina Faso"
350,"SEN","Senegal",-0.998168899539685,-0.598072497258297,"Burkina Faso"
351,"SEN","Senegal",-0.996147830778817,-0.587138891231977,"Burkina Faso"
352,"SEN","Senegal",-0.993413998588194,-0.576177084431778,"Burkina Faso"
353,"SEN","Senegal",-0.989986478945145,-0.565209943837625,"Burkina Faso"
354,"SEN","Senegal",-0.985885026652006,-0.554260141978234,"Burkina Faso"
355,"SEN","Senegal",-0.981130047272731,-0.543350127192964,"Burkina Faso"
356,"SEN","Senegal",-0.975742568342064,-0.53250209421971,"Burkina Faso"
357,"SEN","Senegal",-0.969744209882776,-0.521737955144563,"Burkina Faso"
358,"SEN","Senegal",-0.963157154267248,-0.51107931074843,"Burkina Faso"
359,"SEN","Senegal",-0.956004115460459,-0.500547422285416,"Burkina Faso"
360,"SEN","Senegal",-0.948308307682169,-0.490163183727158,"Burkina Faso"
361,"SEN","Senegal",-0.940093413526731,-0.479947094506787,"Burkina Faso"
362,"SEN","Senegal",-0.931383551579615,-0.469919232795549,"Burkina Faso"
363,"SEN","Senegal",-0.922203243570314,-0.460099229344477,"Burkina Faso"
364,"SEN","Senegal",-0.912577381101807,-0.45050624192283,"Burkina Faso"
365,"SEN","Senegal",-0.902531191997272,-0.441158930384246,"Burkina Faso"
1,"SLE","Sierra Leone",-0.97842360536717,-0.652494252839643,NA
2,"SLE","Sierra Leone",-0.981833458373052,-0.637369625435594,NA
3,"SLE","Sierra Leone",-0.984927493589192,-0.621952159347806,NA
4,"SLE","Sierra Leone",-0.987712057962284,-0.606269805985729,NA
5,"SLE","Sierra Leone",-0.990193611019858,-0.590350690765102,NA
6,"SLE","Sierra Leone",-0.992378714322424,-0.574223076947218,NA
7,"SLE","Sierra Leone",-0.994274020870864,-0.557915329357132,NA
8,"SLE","Sierra Leone",-0.995886264482474,-0.541455878024614,NA
9,"SLE","Sierra Leone",-0.99722224914904,-0.524873181791771,NA
10,"SLE","Sierra Leone",-0.998288838390377,-0.508195691931258,NA
11,"SLE","Sierra Leone",-0.99909294461668,-0.491451815818984,NA
12,"SLE","Sierra Leone",-0.999641518513066,-0.474669880705149,NA
13,"SLE","Sierra Leone",-0.999941538459596,-0.4578780976273,NA
14,"SLE","Sierra Leone",-1,-0.441104525508926,NA
15,"SLE","Sierra Leone",-0.999823905372276,-0.424377035486871,NA
16,"SLE","Sierra Leone",-0.999420253114198,-0.407723275510563,NA
17,"SLE","Sierra Leone",-0.99879602775669,-0.39117063525571,NA
18,"SLE","Sierra Leone",-0.99795818961786,-0.374746211394747,NA
19,"SLE","Sierra Leone",-0.996913664710385,-0.358476773265858,NA
20,"SLE","Sierra Leone",-0.995669334774725,-0.342388728981914,NA
21,"SLE","Sierra Leone",-0.994232027450525,-0.326508092020153,NA
22,"SLE","Sierra Leone",-0.992608506598342,-0.310860448332809,NA
23,"SLE","Sierra Leone",-0.990805462783628,-0.295470924018285,NA
24,"SLE","Sierra Leone",-0.988829503934704,-0.280364153591788,NA
25,"SLE","Sierra Leone",-0.986687146186211,-0.265564248893594,NA
26,"SLE","Sierra Leone",-0.984384804919281,-0.251094768672374,NA
27,"SLE","Sierra Leone",-0.981928786009417,-0.236978688880155,NA
28,"SLE","Sierra Leone",-0.979325277292795,-0.223238373714666,NA
29,"SLE","Sierra Leone",-0.97658034026141,-0.209895547443897,NA
30,"SLE","Sierra Leone",-0.973699901997214,-0.196971267046754,NA
31,"SLE","Sierra Leone",-0.970689747355035,-0.184485895702723,NA
32,"SLE","Sierra Leone",-0.967555511403818,-0.172459077162415,NA
33,"SLE","Sierra Leone",-0.964302672135318,-0.160909711029817,NA
34,"SLE","Sierra Leone",-0.960936543449089,-0.149855928985964,NA
35,"SLE","Sierra Leone",-0.957462268422234,-0.139315071982628,NA
36,"SLE","Sierra Leone",-0.953884812872014,-0.129303668433434,NA
37,"SLE","Sierra Leone",-0.950208959219056,-0.119837413428632,NA
38,"SLE","Sierra Leone",-0.946439300658505,-0.110931148998511,NA
39,"SLE","Sierra Leone",-0.942580235646068,-0.102598845449177,NA
40,"SLE","Sierra Leone",-0.93863596270552,-0.0948535837931442,NA
41,"SLE","Sierra Leone",-0.934610475563813,-0.0877075392958594,NA
42,"SLE","Sierra Leone",-0.93050755861951,-0.0811719661579309,NA
43,"SLE","Sierra Leone",-0.926330782749879,-0.0752571833514992,NA
44,"SLE","Sierra Leone",-0.922083501461509,-0.0699725616277617,NA
45,"SLE","Sierra Leone",-0.917768847388905,-0.0653265117112889,NA
46,"SLE","Sierra Leone",-0.913389729145071,-0.0613264736953263,NA
47,"SLE","Sierra Leone",-0.908948828527652,-0.057978907650837,NA
48,"SLE","Sierra Leone",-0.904448598083737,-0.0552892854605912,NA
49,"SLE","Sierra Leone",-0.89989125903601,-0.053262083888126,NA
50,"SLE","Sierra Leone",-0.895278799572439,-0.0519007788899257,NA
51,"SLE","Sierra Leone",-0.890612973501278,-0.0512078411776749,NA
52,"SLE","Sierra Leone",-0.885895299272657,-0.0511847330359402,NA
53,"SLE","Sierra Leone",-0.881127059367606,-0.0518319063991255,NA
54,"SLE","Sierra Leone",-0.87630930005488,-0.053148802190038,NA
55,"SLE","Sierra Leone",-0.871442831515498,-0.0551338509208844,NA
56,"SLE","Sierra Leone",-0.866528228334436,-0.0577844745560057,NA
57,"SLE","Sierra Leone",-0.861565830358477,-0.0610970896341398,NA
58,"SLE","Sierra Leone",-0.856555743918722,-0.0650671116464921,NA
59,"SLE","Sierra Leone",-0.85149784341586,-0.0696889606653881,NA
60,"SLE","Sierra Leone",-0.846391773265782,-0.0749560682167764,NA
61,"SLE","Sierra Leone",-0.84123695020272,-0.0808608853883627,NA
62,"SLE","Sierra Leone",-0.836032565936624,-0.0873948921636668,NA
63,"SLE","Sierra Leone",-0.830777590161028,-0.0945486079708285,NA
64,"SLE","Sierra Leone",-0.825470773907248,-0.102311603433521,NA
65,"SLE","Sierra Leone",-0.820110653240308,-0.110672513309898,NA
66,"SLE","Sierra Leone",-0.814695553291535,-0.119619050604065,NA
67,"SLE","Sierra Leone",-0.809223592622389,-0.129138021833161,NA
68,"SLE","Sierra Leone",-0.803692687913632,-0.139215343431744,NA
69,"SLE","Sierra Leone",-0.798100558973562,-0.149836059273814,NA
70,"SLE","Sierra Leone",-0.792444734058613,-0.160984359291461,NA
71,"SLE","Sierra Leone",-0.786722555499251,-0.172643599167807,NA
72,"SLE","Sierra Leone",-0.780931185623687,-0.184796321080607,NA
73,"SLE","Sierra Leone",-0.775067612971576,-0.197424275471647,NA
74,"SLE","Sierra Leone",-0.769128658789483,-0.210508443815794,NA
75,"SLE","Sierra Leone",-0.763110983799556,-0.224029062362384,NA
76,"SLE","Sierra Leone",-0.757011095232494,-0.237965646820462,NA
77,"SLE","Sierra Leone",-0.750825354115563,-0.252297017958228,NA
78,"SLE","Sierra Leone",-0.744549982806084,-0.26700132808597,NA
79,"SLE","Sierra Leone",-0.738181072760524,-0.282056088390674,NA
80,"SLE","Sierra Leone",-0.731714592528985,-0.297438197089509,NA
81,"SLE","Sierra Leone",-0.725146395964642,-0.313123968368343,NA
82,"SLE","Sierra Leone",-0.718472230637372,-0.329089162070567,NA
83,"SLE","Sierra Leone",-0.71168774644056,-0.345309014100524,NA
84,"SLE","Sierra Leone",-0.704788504379839,-0.361758267505046,NA
85,"SLE","Sierra Leone",-0.69776998553226,-0.378411204195727,NA
86,"SLE","Sierra Leone",-0.690627600164177,-0.395241677273807,NA
87,"SLE","Sierra Leone",-0.683356696995936,-0.412223143918825,NA
88,"SLE","Sierra Leone",-0.675952572601243,-0.429328698801478,NA
89,"SLE","Sierra Leone",-0.668410480928924,-0.446531107980516,NA
90,"SLE","Sierra Leone",-0.660725642934625,-0.463802843242904,NA
91,"SLE","Sierra Leone",-0.652893256309845,-0.481116116845944,NA
92,"SLE","Sierra Leone",-0.644908505295562,-0.498442916619536,NA
93,"SLE","Sierra Leone",-0.636766570567615,-0.515755041386357,NA
94,"SLE","Sierra Leone",-0.628462639180871,-0.533024136657295,NA
95,"SLE","Sierra Leone",-0.61999191455915,-0.550221730559185,NA
96,"SLE","Sierra Leone",-0.611349626517783,-0.567319269951554,NA
97,"SLE","Sierra Leone",-0.602531041305659,-0.584288156688878,NA
98,"SLE","Sierra Leone",-0.593531471653542,-0.601099783984656,NA
99,"SLE","Sierra Leone",-0.584346286815439,-0.617725572833471,NA
100,"SLE","Sierra Leone",-0.574970922589794,-0.634137008447114,NA
101,"SLE","Sierra Leone",-0.565400891307278,-0.650305676660845,NA
102,"SLE","Sierra Leone",-0.55563179177199,-0.666203300265853,NA
103,"SLE","Sierra Leone",-0.54565931914291,-0.681801775224073,NA
104,"SLE","Sierra Leone",-0.535479274742516,-0.697073206721645,NA
105,"SLE","Sierra Leone",-0.525087575779537,-0.711989945017449,NA
106,"SLE","Sierra Leone",-0.514480264972927,-0.726524621043438,NA
107,"SLE","Sierra Leone",-0.503653520064212,-0.740650181713697,NA
108,"SLE","Sierra Leone",-0.492603663205538,-0.754339924899563,NA
109,"SLE","Sierra Leone",-0.48132717021082,-0.767567534028465,NA
110,"SLE","Sierra Leone",-0.469820679657609,-0.780307112264622,NA
111,"SLE","Sierra Leone",-0.45808100182741,-0.792533216230189,NA
112,"SLE","Sierra Leone",-0.446105127472386,-0.804220889225995,NA
113,"SLE","Sierra Leone",-0.433890236396601,-0.815345693911588,NA
114,"SLE","Sierra Leone",-0.421433705840119,-0.825883744404937,NA
115,"SLE","Sierra Leone",-0.408733118654543,-0.835811737762815,NA
116,"SLE","Sierra Leone",-0.395786271258803,-0.845106984803616,NA
117,"SLE","Sierra Leone",-0.382591181364252,-0.853747440235123,NA
118,"SLE","Sierra Leone",-0.369146095458394,-0.861711732050564,NA
119,"SLE","Sierra Leone",-0.355449496036865,-0.868979190157138,NA
120,"SLE","Sierra Leone",-0.34150010857356,-0.87552987420212,NA
121,"SLE","Sierra Leone",-0.327296908219109,-0.881344600562559,NA
122,"SLE","Sierra Leone",-0.312839126218242,-0.886404968465605,NA
123,"SLE","Sierra Leone",-0.298126256036872,-0.89069338520749,NA
124,"SLE","Sierra Leone",-0.28315805919011,-0.894193090440274,NA
125,"SLE","Sierra Leone",-0.267934570762742,-0.896888179496544,NA
126,"SLE","Sierra Leone",-0.252456104614082,-0.898763625723403,NA
127,"SLE","Sierra Leone",-0.236723258259469,-0.899805301798242,NA
128,"SLE","Sierra Leone",-0.220736917421071,-0.9,NA
129,"SLE","Sierra Leone",-0.204498260241045,-0.899335451410826,NA
130,"SLE","Sierra Leone",-0.188008761150499,-0.897800344024354,NA
131,"SLE","Sierra Leone",-0.171270194388101,-0.895384339738055,NA
132,"SLE","Sierra Leone",-0.154284637162629,-0.892078090208475,NA
133,"SLE","Sierra Leone",-0.137054472454117,-0.88787325154949,NA
134,"SLE","Sierra Leone",-0.119582391448756,-0.882762497855103,NA
135,"SLE","Sierra Leone",-0.101871395603076,-0.876739533529653,NA
136,"SLE","Sierra Leone",-0.0839247983334217,-0.869799104409764,NA
137,"SLE","Sierra Leone",-0.0657462263271596,-0.861937007663762,NA
138,"SLE","Sierra Leone",-0.047339620472511,-0.853150100455729,NA
139,"SLE","Sierra Leone",-0.0287092364043587,-0.843436307362845,NA
140,"SLE","Sierra Leone",-0.0098596446638392,-0.832794626536134,NA
141,"SLE","Sierra Leone",0.00920426953002068,-0.821225134596199,NA
142,"SLE","Sierra Leone",0.0284773068978765,-0.808728990257071,NA
143,"SLE","Sierra Leone",0.04795395510766,-0.795308436672754,NA
144,"SLE","Sierra Leone",0.0676283901725181,-0.780966802502588,NA
145,"SLE","Sierra Leone",0.0874944782389739,-0.765708501693075,NA
146,"SLE","Sierra Leone",0.107545777764691,-0.749539031975307,NA
147,"SLE","Sierra Leone",0.127775542084782,-0.73246497207868,NA
148,"SLE","Sierra Leone",0.14817672236511,-0.714493977663092,NA
149,"SLE","Sierra Leone",0.168741970940592,-0.695634775973335,NA
150,"SLE","Sierra Leone",0.189463645036018,-0.67589715922092,NA
151,"SLE","Sierra Leone",0.210333810866459,-0.655291976700068,NA
152,"SLE","Sierra Leone",0.231344248113885,-0.633831125646109,NA
153,"SLE","Sierra Leone",0.252486454776129,-0.61152754084603,NA
154,"SLE","Sierra Leone",0.273751652383908,-0.588395183012378,NA
155,"SLE","Sierra Leone",0.295130791581163,-0.564449025933194,NA
156,"SLE","Sierra Leone",0.316614558063529,-0.539705042412133,NA
157,"SLE","Sierra Leone",0.338193378869309,-0.51418018901432,NA
158,"SLE","Sierra Leone",0.359857429016914,-0.487892389634943,NA
159,"SLE","Sierra Leone",0.38159663848229,-0.460860517908968,NA
160,"SLE","Sierra Leone",0.40340069950945,-0.433104378481739,NA
161,"SLE","Sierra Leone",0.425259074246814,-0.404644687161595,NA
162,"SLE","Sierra Leone",0.447161002701662,-0.375503049976929,NA
163,"SLE","Sierra Leone",0.469095511004623,-0.345701941161468,NA
164,"SLE","Sierra Leone",0.491051419975724,-0.315264680092786,NA
165,"SLE","Sierra Leone",0.513017353983177,-0.284215407210317,NA
166,"SLE","Sierra Leone",0.534981750085693,-0.252579058940377,NA
167,"SLE","Sierra Leone",0.556932867448772,-0.220381341656853,NA
168,"SLE","Sierra Leone",0.578858797025099,-0.187648704707361,NA
169,"SLE","Sierra Leone",0.600747471488805,-0.154408312535855,NA
170,"SLE","Sierra Leone",0.622586675413065,-0.120688015933652,NA
171,"SLE","Sierra Leone",0.644364055680201,-0.0865163224519444,NA
172,"SLE","Sierra Leone",0.666067132113149,-0.0519223660098561,NA
173,"SLE","Sierra Leone",0.687683308316876,-0.0169358757330528,NA
174,"SLE","Sierra Leone",0.709199882718075,0.0184128559411628,NA
175,"SLE","Sierra Leone",0.730604059791201,0.0540930058554542,NA
176,"SLE","Sierra Leone",0.751882961458685,0.0900732533831065,NA
177,"SLE","Sierra Leone",0.773023638652915,0.126321814299301,NA
178,"SLE","Sierra Leone",0.794013083027391,0.162806475233819,NA
179,"SLE","Sierra Leone",0.814838238804256,0.199494628665312,NA
180,"SLE","Sierra Leone",0.835486014745194,0.236353308416589,NA
181,"SLE","Sierra Leone",0.855943296232573,0.273349225609796,NA
182,"SLE","Sierra Leone",0.876196957447521,0.310448805039789,NA
183,"SLE","Sierra Leone",0.896233873631491,0.347618221923515,NA
184,"SLE","Sierra Leone",0.916040933417771,0.384823438982744,NA
185,"SLE","Sierra Leone",0.935605051219278,0.422030243817079,NA
186,"SLE","Sierra Leone",0.954913179658877,0.459204286523846,NA
187,"SLE","Sierra Leone",0.97395232202842,0.496311117521148,NA
188,"SLE","Sierra Leone",0.992709544762612,0.533316225530081,NA
189,"SLE","Sierra Leone",1.01117198991381,0.570185075671983,NA
190,"SLE","Sierra Leone",1.02932688761379,0.606883147636352,NA
191,"SLE","Sierra Leone",1.04716156850856,0.643375973875051,NA
192,"SLE","Sierra Leone",1.06466347615226,0.679629177778308,NA
193,"SLE","Sierra Leone",1.08182017934625,0.715608511788081,NA
194,"SLE","Sierra Leone",1.09861938440953,0.75127989540438,NA
195,"SLE","Sierra Leone",1.1150489473666,0.786609453040277,NA
196,"SLE","Sierra Leone",1.13109688603918,0.82156355168148,NA
197,"SLE","Sierra Leone",1.14675139202794,0.856108838306585,NA
198,"SLE","Sierra Leone",1.16200084257088,0.89021227702437,NA
199,"SLE","Sierra Leone",1.17683381226481,0.923841185884828,NA
200,"SLE","Sierra Leone",1.1912390846367,0.956963273321016,NA
201,"SLE","Sierra Leone",1.20520566355178,0.989546674179188,NA
202,"SLE","Sierra Leone",1.21872278444544,1.02155998529518,NA
203,"SLE","Sierra Leone",1.231779925366,1.05297230057555,NA
204,"SLE","Sierra Leone",1.2443668178161,1.08375324554251,NA
205,"SLE","Sierra Leone",1.25647345737989,1.11387301130231,NA
206,"SLE","Sierra Leone",1.26809011412438,1.14330238789746,NA
207,"SLE","Sierra Leone",1.27920734276259,1.17201279700378,NA
208,"SLE","Sierra Leone",1.2898159925672,1.19997632393424,NA
209,"SLE","Sierra Leone",1.29990721702318,1.22716574891195,NA
210,"SLE","Sierra Leone",1.30947248320829,1.25355457757607,NA
211,"SLE","Sierra Leone",1.31850358089078,1.27911707068481,NA
212,"SLE","Sierra Leone",1.32699263133363,1.30382827298088,NA
213,"SLE","Sierra Leone",1.33493209579542,1.32766404118563,NA
214,"SLE","Sierra Leone",1.34231478371769,1.35060107108928,NA
215,"SLE","Sierra Leone",1.34913386058963,1.37261692370541,NA
216,"SLE","Sierra Leone",1.35538285548069,1.39369005045933,NA
217,"SLE","Sierra Leone",1.36105566823256,1.41379981738073,NA
218,"SLE","Sierra Leone",1.36614657630205,1.43292652827243,NA
219,"SLE","Sierra Leone",1.37065024124681,1.4510514468282,NA
220,"SLE","Sierra Leone",1.37456171484645,1.46815681767362,NA
221,"SLE","Sierra Leone",1.37787644485176,1.48422588630557,NA
222,"SLE","Sierra Leone",1.38059028035518,1.49924291790698,NA
223,"SLE","Sierra Leone",1.3826994767764,1.5131932150148,NA
224,"SLE","Sierra Leone",1.38420070045688,1.5260631340206,NA
225,"SLE","Sierra Leone",1.38509103285801,1.53784010048453,NA
226,"SLE","Sierra Leone",1.38536797435772,1.54851262324469,NA
227,"SLE","Sierra Leone",1.38502944764109,1.55807030730542,NA
228,"SLE","Sierra Leone",1.3840738006806,1.56650386548954,NA
229,"SLE","Sierra Leone",1.38249980930262,1.57380512884082,NA
230,"SLE","Sierra Leone",1.38030667933659,1.57996705576456,NA
231,"SLE","Sierra Leone",1.37749404834442,1.58498373989572,NA
232,"SLE","Sierra Leone",1.3740619869277,1.58885041668515,NA
233,"SLE","Sierra Leone",1.37001099961085,1.59156346869662,NA
234,"SLE","Sierra Leone",1.36534202529903,1.59312042960805,NA
235,"SLE","Sierra Leone",1.36005643730982,1.59351998691265,NA
236,"SLE","Sierra Leone",1.3541560429784,1.59276198331661,NA
237,"SLE","Sierra Leone",1.34764308283619,1.59084741683179,NA
238,"SLE","Sierra Leone",1.34052022936372,1.58777843956338,NA
239,"SLE","Sierra Leone",1.33279058531864,1.58355835519388,NA
240,"SLE","Sierra Leone",1.32445768164043,1.5781916151665,NA
241,"SLE","Sierra Leone",1.31552547493396,1.5716838135723,NA
242,"SLE","Sierra Leone",1.30599834453416,1.56404168074725,NA
243,"SLE","Sierra Leone",1.29588108915496,1.55527307558666,NA
244,"SLE","Sierra Leone",1.28517892312581,1.54538697658594,NA
245,"SLE","Sierra Leone",1.27389747221975,1.53439347161837,NA
246,"SLE","Sierra Leone",1.26204276907729,1.52230374646167,NA
247,"SLE","Sierra Leone",1.249621248231,1.50913007208695,NA
248,"SLE","Sierra Leone",1.23663974073597,1.49488579072498,NA
249,"SLE","Sierra Leone",1.22310546841191,1.47958530072596,NA
250,"SLE","Sierra Leone",1.20902603770298,1.46324404023067,NA
251,"SLE","Sierra Leone",1.19440943316192,1.44587846967212,NA
252,"SLE","Sierra Leone",1.1792640105655,1.42750605312808,NA
253,"SLE","Sierra Leone",1.16359848966857,1.40814523854653,NA
254,"SLE","Sierra Leone",1.14742194660469,1.38781543686701,NA
255,"SLE","Sierra Leone",1.13074380594134,1.36653700006248,NA
256,"SLE","Sierra Leone",1.11357383239845,1.34433119812724,NA
257,"SLE","Sierra Leone",1.09592212223916,1.32122019503804,NA
258,"SLE","Sierra Leone",1.07779909434206,1.29722702371634,NA
259,"SLE","Sierra Leone",1.05921548096468,1.27237556002117,NA
260,"SLE","Sierra Leone",1.0401823182083,1.24669049580296,NA
261,"SLE","Sierra Leone",1.02071093619425,1.22019731104991,NA
262,"SLE","Sierra Leone",1.00081294896259,1.19292224515945,NA
263,"SLE","Sierra Leone",0.980500244103975,1.16489226736848,NA
264,"SLE","Sierra Leone",0.959784972136186,1.13613504637685,NA
265,"SLE","Sierra Leone",0.938679535636663,1.10667891919982,NA
266,"SLE","Sierra Leone",0.917196578143063,1.07655285928566,NA
267,"SLE","Sierra Leone",0.895348972833821,1.04578644393597,NA
268,"SLE","Sierra Leone",0.873149811001099,1.0144098210665,NA
269,"SLE","Sierra Leone",0.850612390328642,0.982453675347651,NA
270,"SLE","Sierra Leone",0.827750202987341,0.949949193763929,NA
271,"SLE","Sierra Leone",0.80457692356145,0.916928030632818,NA
272,"SLE","Sierra Leone",0.781106396818607,0.883422272123833,NA
273,"SLE","Sierra Leone",0.757352625336994,0.849464400319258,NA
274,"SLE","Sierra Leone",0.733329757003078,0.815087256858497,NA
275,"SLE","Sierra Leone",0.709052072393554,0.780324006208521,NA
276,"SLE","Sierra Leone",0.684533972055216,0.745208098603311,NA
277,"SLE","Sierra Leone",0.659789963696574,0.709773232695495,NA
278,"SLE","Sierra Leone",0.63483464930515,0.674053317963831,NA
279,"SLE","Sierra Leone",0.609682712204434,0.638082436920355,NA
280,"SLE","Sierra Leone",0.584348904064541,0.601894807161272,NA
281,"SLE","Sierra Leone",0.558848031880685,0.565524743305888,NA
282,"SLE","Sierra Leone",0.533194944933538,0.529006618867884,NA
283,"SLE","Sierra Leone",0.507404521745632,0.492374828103445,NA
284,"SLE","Sierra Leone",0.481491657047893,0.45566374788063,NA
285,"SLE","Sierra Leone",0.45547124877038,0.41890769961443,NA
286,"SLE","Sierra Leone",0.429358185071312,0.382140911311836,NA
287,"SLE","Sierra Leone",0.403167331418318,0.34539747977108,NA
288,"SLE","Sierra Leone",0.376913517735854,0.308711332979024,NA
289,"SLE","Sierra Leone",0.350611525632603,0.272116192750471,NA
290,"SLE","Sierra Leone",0.324276075722551,0.235645537652774,NA
291,"SLE","Sierra Leone",0.297921815053372,0.19933256625889,NA
292,"SLE","Sierra Leone",0.271563304655524,0.1632101607715,NA
293,"SLE","Sierra Leone",0.245215007225419,0.127310851060498,NA
294,"SLE","Sierra Leone",0.218891274955739,0.0916667791554953,NA
295,"SLE","Sierra Leone",0.192606337525912,0.0563096642346192,NA
296,"SLE","Sierra Leone",0.166374290265425,0.0212707681500794,NA
297,"SLE","Sierra Leone",0.140209082502598,-0.0134191384694565,NA
298,"SLE","Sierra Leone",0.114124506111051,-0.0477298095005277,NA
299,"SLE","Sierra Leone",0.088134184265997,-0.0816315559520142,NA
300,"SLE","Sierra Leone",0.0622515604221214,-0.115095277900084,NA
301,"SLE","Sierra Leone",0.0364898875246465,-0.148092495694009,NA
302,"SLE","Sierra Leone",0.0108622174647879,-0.180595380396903,NA
303,"SLE","Sierra Leone",-0.0146186092093757,-0.212576783426214,NA
304,"SLE","Sierra Leone",-0.0399399733160087,-0.244010265359897,NA
305,"SLE","Sierra Leone",-0.0650894867862164,-0.274870123875079,NA
306,"SLE","Sierra Leone",-0.0900550021243636,-0.305131420787129,NA
307,"SLE","Sierra Leone",-0.114824621572324,-0.334770008158104,NA
308,"SLE","Sierra Leone",-0.139386705968366,-0.363762553444646,NA
309,"SLE","Sierra Leone",-0.16372988329171,-0.392086563656529,NA
310,"SLE","Sierra Leone",-0.187843056884211,-0.419720408498314,NA
311,"SLE","Sierra Leone",-0.211715413340953,-0.446643342467665,NA
312,"SLE","Sierra Leone",-0.235336430061989,-0.472835525885232,NA
313,"SLE","Sierra Leone",-0.258695882457805,-0.498278044832198,NA
314,"SLE","Sierra Leone",-0.28178385080157,-0.522952929972942,NA
315,"SLE","Sierra Leone",-0.304590726721557,-0.546843174241555,NA
316,"SLE","Sierra Leone",-0.327107219327661,-0.569932749372338,NA
317,"SLE","Sierra Leone",-0.349324360966257,-0.592206621255747,NA
318,"SLE","Sierra Leone",-0.371233512598179,-0.613650764102673,NA
319,"SLE","Sierra Leone",-0.392826368794959,-0.634252173401345,NA
320,"SLE","Sierra Leone",-0.414094962349008,-0.6539988776526,NA
321,"SLE","Sierra Leone",-0.435031668493775,-0.672879948870681,NA
322,"SLE","Sierra Leone",-0.455629208730472,-0.690885511838235,NA
323,"SLE","Sierra Leone",-0.475880654258339,-0.708006752105606,NA
324,"SLE","Sierra Leone",-0.495779429005955,-0.724235922726077,NA
325,"SLE","Sierra Leone",-0.515319312261509,-0.739566349720141,NA
326,"SLE","Sierra Leone",-0.534494440900464,-0.753992436263457,NA
327,"SLE","Sierra Leone",-0.553299311209492,-0.767509665594617,NA
328,"SLE","Sierra Leone",-0.571728780306025,-0.780114602640368,NA
329,"SLE","Sierra Leone",-0.589778067153279,-0.791804894357505,NA
330,"SLE","Sierra Leone",-0.60744275317102,-0.802579268792089,NA
331,"SLE","Sierra Leone",-0.624718782442879,-0.812437532858249,NA
332,"SLE","Sierra Leone",-0.641602461521436,-0.821380568840283,NA
333,"SLE","Sierra Leone",-0.658090458832788,-0.829410329623309,NA
334,"SLE","Sierra Leone",-0.674179803682812,-0.836529832659242,NA
335,"SLE","Sierra Leone",-0.689867884867713,-0.842743152676319,NA
336,"SLE","Sierra Leone",-0.705152448892004,-0.848055413141946,NA
337,"SLE","Sierra Leone",-0.720031597797447,-0.852472776490053,NA
338,"SLE","Sierra Leone",-0.734503786606987,-0.856002433125663,NA
339,"SLE","Sierra Leone",-0.748567820388105,-0.858652589220787,NA
340,"SLE","Sierra Leone",-0.762222850940503,-0.860432453317195,NA
341,"SLE","Sierra Leone",-0.775468373113448,-0.861352221753045,NA
342,"SLE","Sierra Leone",-0.78830422075851,-0.861423062931716,NA
343,"SLE","Sierra Leone",-0.800730562323896,-0.860657100452565,NA
344,"SLE","Sierra Leone",-0.812747896096934,-0.859067395124701,NA
345,"SLE","Sierra Leone",-0.824357045101729,-0.856667925886132,NA
346,"SLE","Sierra Leone",-0.835559151659342,-0.853473569651995,NA
347,"SLE","Sierra Leone",-0.846355671618293,-0.849500080116799,NA
348,"SLE","Sierra Leone",-0.856748368263508,-0.84476406553687,NA
349,"SLE","Sierra Leone",-0.866739305912245,-0.83928296552037,NA
350,"SLE","Sierra Leone",-0.876330843205846,-0.833075026853463,NA
351,"SLE","Sierra Leone",-0.885525626106555,-0.826159278392283,NA
352,"SLE","Sierra Leone",-0.894326580608916,-0.818555505051544,NA
353,"SLE","Sierra Leone",-0.902736905175654,-0.810284220921589,NA
354,"SLE","Sierra Leone",-0.910760062908186,-0.801366641546805,NA
355,"SLE","Sierra Leone",-0.918399773462269,-0.791824655399236,NA
356,"SLE","Sierra Leone",-0.92566000471952,-0.78168079458223,NA
357,"SLE","Sierra Leone",-0.932544964225851,-0.770958204799814,NA
358,"SLE","Sierra Leone",-0.939059090408118,-0.759680614628395,NA
359,"SLE","Sierra Leone",-0.9452070435805,-0.747872304128171,NA
360,"SLE","Sierra Leone",-0.950993696752397,-0.735558072832414,NA
361,"SLE","Sierra Leone",-0.956424126249798,-0.722763207153553,NA
362,"SLE","Sierra Leone",-0.961503602162337,-0.70951344724559,NA
363,"SLE","Sierra Leone",-0.966237578628383,-0.695834953363108,NA
364,"SLE","Sierra Leone",-0.970631683970708,-0.68175427175764,NA
365,"SLE","Sierra Leone",-0.974691710695447,-0.667298300152748,NA
1,"SOM","Somalia",-0.518665997857593,-0.616200926801402,NA
2,"SOM","Somalia",-0.546838281010289,-0.61042497153772,NA
3,"SOM","Somalia",-0.574332823696571,-0.604216634060486,NA
4,"SOM","Somalia",-0.601117491890008,-0.597570818780213,NA
5,"SOM","Somalia",-0.627161001551867,-0.590482866038752,NA
6,"SOM","Somalia",-0.652432955572279,-0.582948561346681,NA
7,"SOM","Somalia",-0.676903879657685,-0.574964144116439,NA
8,"SOM","Somalia",-0.700545257122087,-0.566526315879764,NA
9,"SOM","Somalia",-0.72332956254091,-0.557632247978562,NA
10,"SOM","Somalia",-0.745230294227616,-0.548279588718991,NA
11,"SOM","Somalia",-0.766222005494644,-0.538466469979133,NA
12,"SOM","Somalia",-0.786280334661654,-0.528191513261309,NA
13,"SOM","Somalia",-0.805382033775558,-0.517453835180722,NA
14,"SOM","Somalia",-0.823504996008345,-0.506253052382763,NA
15,"SOM","Somalia",-0.840628281700282,-0.494589285882041,NA
16,"SOM","Somalia",-0.856732143017652,-0.482463164816802,NA
17,"SOM","Somalia",-0.871798047195873,-0.469875829613169,NA
18,"SOM","Somalia",-0.885808698340487,-0.456828934554266,NA
19,"SOM","Somalia",-0.898748057760233,-0.443324649750037,NA
20,"SOM","Somalia",-0.910601362808147,-0.42936566250425,NA
21,"SOM","Somalia",-0.921355144208422,-0.414955178075909,NA
22,"SOM","Somalia",-0.930997241848529,-0.400096919832994,NA
23,"SOM","Somalia",-0.939516819017944,-0.384795128797173,NA
24,"SOM","Somalia",-0.946904375076645,-0.369054562578865,NA
25,"SOM","Somalia",-0.953151756538431,-0.352880493702732,NA
26,"SOM","Somalia",-0.958252166555963,-0.336278707324413,NA
27,"SOM","Somalia",-0.962200172796352,-0.319255498340027,NA
28,"SOM","Somalia",-0.964991713698004,-0.301817667890713,NA
29,"SOM","Somalia",-0.96662410310137,-0.283972519265139,NA
30,"SOM","Somalia",-0.967096033248151,-0.26572785320371,NA
31,"SOM","Somalia",-0.966407576145478,-0.24709196260882,NA
32,"SOM","Somalia",-0.964560183293487,-0.228073626666279,NA
33,"SOM","Somalia",-0.96155668377668,-0.208682104383695,NA
34,"SOM","Somalia",-0.957401280721382,-0.188927127552305,NA
35,"SOM","Somalia",-0.952099546123557,-0.168818893139434,NA
36,"SOM","Somalia",-0.945658414053157,-0.148368055119426,NA
37,"SOM","Somalia",-0.938086172243129,-0.127585715751576,NA
38,"SOM","Somalia",-0.929392452073097,-0.106483416314245,NA
39,"SOM","Somalia",-0.919588216959648,-0.0850731273049799,NA
40,"SOM","Somalia",-0.908685749167047,-0.0633672381171015,NA
41,"SOM","Somalia",-0.89669863505406,-0.0413785462038655,NA
42,"SOM","Somalia",-0.883641748774433,-0.0191202457418819,NA
43,"SOM","Somalia",-0.869531234450414,0.00339408419389553,NA
44,"SOM","Somalia",-0.854384486840485,0.0261504919307295,NA
45,"SOM","Somalia",-0.838220130524287,0.0491346659607523,NA
46,"SOM","Somalia",-0.82105799762947,0.0723319481517032,NA
47,"SOM","Somalia",-0.802919104126916,0.0957273473912081,NA
48,"SOM","Somalia",-0.783825624722497,0.11930555364953,NA
49,"SOM","Somalia",-0.763800866375177,0.143050952445222,NA
50,"SOM","Somalia",-0.742869240472914,0.166947639697637,NA
51,"SOM","Somalia",-0.721056233699393,0.190979436949754,NA
52,"SOM","Somalia",-0.698388377626171,0.21512990694438,NA
53,"SOM","Somalia",-0.674893217066351,0.239382369536307,NA
54,"SOM","Somalia",-0.650599277227335,0.263719917922643,NA
55,"SOM","Somalia",-0.625536029701655,0.288125435173117,NA
56,"SOM","Somalia",-0.599733857336242,0.31258161104181,NA
57,"SOM","Somalia",-0.573224018021843,0.337070959041418,NA
58,"SOM","Somalia",-0.546038607445541,0.361575833760827,NA
59,"SOM","Somalia",-0.51821052085061,0.386078448406489,NA
60,"SOM","Somalia",-0.489773413849056,0.410560892547804,NA
61,"SOM","Somalia",-0.460761662333382,0.435005150046466,NA
62,"SOM","Somalia",-0.431210321535113,0.459393117149504,NA
63,"SOM","Somalia",-0.401155084278694,0.483706620725534,NA
64,"SOM","Somalia",-0.370632238480279,0.507927436623568,NA
65,"SOM","Somalia",-0.339678623941854,0.532037308133558,NA
66,"SOM","Somalia",-0.308331588491946,0.556017964527733,NA
67,"SOM","Somalia",-0.276628943524972,0.579851139661663,NA
68,"SOM","Somalia",-0.244608918991975,0.603518590613918,NA
69,"SOM","Somalia",-0.212310117896146,0.62700211634311,NA
70,"SOM","Somalia",-0.179771470347132,0.650283576341098,NA
71,"SOM","Somalia",-0.147032187228629,0.673344909261103,NA
72,"SOM","Somalia",-0.114131713534239,0.696168151499512,NA
73,"SOM","Somalia",-0.081109681426954,0.718735455710174,NA
74,"SOM","Somalia",-0.0480058630779509,0.741029109230089,NA
75,"SOM","Somalia",-0.0148601233406573,0.763031552395434,NA
76,"SOM","Somalia",0.0182876276837753,0.784725396727032,NA
77,"SOM","Somalia",0.0513974821333069,0.806093442964476,NA
78,"SOM","Somalia",0.084429581867821,0.827118698928305,NA
79,"SOM","Somalia",0.117344165891585,0.847784397189801,NA
80,"SOM","Somalia",0.150101617659093,0.868074012528205,NA
81,"SOM","Somalia",0.182662512208175,0.887971279155375,NA
82,"SOM","Somalia",0.21498766306446,0.907460207688163,NA
83,"SOM","Somalia",0.24703816886154,0.926525101849093,NA
84,"SOM","Somalia",0.278775459621537,0.9451505748762,NA
85,"SOM","Somalia",0.310161342641167,0.963321565623238,NA
86,"SOM","Somalia",0.341158047928864,0.981023354331809,NA
87,"SOM","Somalia",0.371728273139062,0.998241578057327,NA
88,"SOM","Somalia",0.401835227950332,1.01496224573115,NA
89,"SOM","Somalia",0.43144267783472,1.03117175284158,NA
90,"SOM","Somalia",0.460514987166369,1.04685689571693,NA
91,"SOM","Somalia",0.489017161618286,1.06200488539425,NA
92,"SOM","Somalia",0.516914889796945,1.07660336105782,NA
93,"SOM","Somalia",0.544174584065346,1.09064040303198,NA
94,"SOM","Somalia",0.570763420506095,1.10410454531333,NA
95,"SOM","Somalia",0.596649377977094,1.11698478762813,NA
96,"SOM","Somalia",0.621801276213515,1.12927060700075,NA
97,"SOM","Somalia",0.64618881293084,1.14095196882015,NA
98,"SOM","Somalia",0.669782599884957,1.15201933739157,NA
99,"SOM","Somalia",0.692554197846543,1.16246368596141,NA
100,"SOM","Somalia",0.71447615044821,1.17227650620362,NA
101,"SOM","Somalia",0.735522016864285,1.18144981715693,NA
102,"SOM","Somalia",0.755666403284438,1.18997617360257,NA
103,"SOM","Somalia",0.774884993143817,1.19784867387278,NA
104,"SOM","Somalia",0.79315457607382,1.2050609670814,NA
105,"SOM","Somalia",0.810453075539153,1.21160725976794,NA
106,"SOM","Somalia",0.826759575128391,1.21748232194779,NA
107,"SOM","Somalia",0.842054343466826,1.22268149256147,NA
108,"SOM","Somalia",0.856318857722057,1.22720068431678,NA
109,"SOM","Somalia",0.869535825674414,1.23103638791825,NA
110,"SOM","Somalia",0.88168920632604,1.2341856756791,NA
111,"SOM","Somalia",0.892764229024143,1.23664620451154,NA
112,"SOM","Somalia",0.902747411075761,1.23841621829211,NA
113,"SOM","Somalia",0.911626573833086,1.23949454959924,NA
114,"SOM","Somalia",0.91939085723029,1.23988062082121,NA
115,"SOM","Somalia",0.926030732754566,1.23957444463317,NA
116,"SOM","Somalia",0.931538014835996,1.23857662384276,NA
117,"SOM","Somalia",0.935905870642713,1.23688835060459,NA
118,"SOM","Somalia",0.939128828269726,1.23451140500447,NA
119,"SOM","Somalia",0.941202783311663,1.23144815301508,NA
120,"SOM","Somalia",0.942125003811628,1.22770154382553,NA
121,"SOM","Somalia",0.941894133580278,1.22327510654791,NA
122,"SOM","Somalia",0.94051019388116,1.21817294630461,NA
123,"SOM","Somalia",0.937974583480293,1.21239973970108,NA
124,"SOM","Somalia",0.934290077059905,1.20596072968924,NA
125,"SOM","Somalia",0.92946082199819,1.19886171982746,NA
126,"SOM","Somalia",0.923492333518887,1.19110906794389,NA
127,"SOM","Somalia",0.916391488216396,1.18270967921033,NA
128,"SOM","Somalia",0.908166515964098,1.17367099863485,NA
129,"SOM","Somalia",0.898826990215446,1.16400100298172,NA
130,"SOM","Somalia",0.888383816709317,1.15370819212805,NA
131,"SOM","Somalia",0.876849220592974,1.14280157986714,NA
132,"SOM","Somalia",0.864236731977911,1.13129068416923,NA
133,"SOM","Somalia",0.850561169945669,1.1191855169108,NA
134,"SOM","Somalia",0.835838625022571,1.10649657308444,NA
135,"SOM","Somalia",0.820086440144141,1.0932348195016,NA
136,"SOM","Somalia",0.803323190131755,1.07941168300141,NA
137,"SOM","Somalia",0.785568659705833,1.06503903817914,NA
138,"SOM","Somalia",0.766843820061631,1.05012919464838,NA
139,"SOM","Somalia",0.747170804035381,1.03469488385183,NA
140,"SOM","Somalia",0.726572879890213,1.01874924543571,NA
141,"SOM","Somalia",0.705074423752917,1.00230581320364,NA
142,"SOM","Somalia",0.682700890734209,0.985378500666149,NA
143,"SOM","Somalia",0.659478784766726,0.967981586202475,NA
144,"SOM","Somalia",0.635435627196506,0.950129697851714,NA
145,"SOM","Somalia",0.610599924165156,0.931837797750885,NA
146,"SOM","Somalia",0.585001132821386,0.913121166237806,NA
147,"SOM","Somalia",0.55866962640195,0.893995385637075,NA
148,"SOM","Somalia",0.531636658223375,0.874476323747831,NA
149,"SOM","Somalia",0.50393432462717,0.854580117052254,NA
150,"SOM","Somalia",0.475595526922423,0.834323153664138,NA
151,"SOM","Somalia",0.446653932370907,0.81372205603712,NA
152,"SOM","Somalia",0.417143934260944,0.792793663452417,NA
153,"SOM","Somalia",0.387100611117333,0.771555014306205,NA
154,"SOM","Somalia",0.356559685095726,0.750023328216935,NA
155,"SOM","Somalia",0.325557479610746,0.728215987973135,NA
156,"SOM","Somalia",0.294130876248086,0.706150521342387,NA
157,"SOM","Somalia",0.262317271011673,0.683844582762322,NA
158,"SOM","Somalia",0.230154529957753,0.661315934934604,NA
159,"SOM","Somalia",0.19768094426851,0.638582430342978,NA
160,"SOM","Somalia",0.164935184818451,0.61566199271651,NA
161,"SOM","Somalia",0.131956256287454,0.592572598459228,NA
162,"SOM","Somalia",0.0987834508748586,0.569332258067377,NA
163,"SOM","Somalia",0.0654563016694766,0.545958997555497,NA
164,"SOM","Somalia",0.032014535730814,0.522470839912523,NA
165,"SOM","Somalia",-0.00150197306287603,0.498885786609056,NA
166,"SOM","Somalia",-0.0350532513438007,0.475221799176859,NA
167,"SOM","Somalia",-0.0685992737049757,0.451496780881556,NA
168,"SOM","Somalia",-0.102100010215474,0.427728558509369,NA
169,"SOM","Somalia",-0.135515473944206,0.403934864288609,NA
170,"SOM","Somalia",-0.168805768435912,0.380133317966411,NA
171,"SOM","Somalia",-0.201931135083048,0.356341409061075,NA
172,"SOM","Somalia",-0.234852000337422,0.332576479310091,NA
173,"SOM","Somalia",-0.267529022705569,0.308855705333719,NA
174,"SOM","Somalia",-0.299923139472164,0.285196081533729,NA
175,"SOM","Somalia",-0.331995613096051,0.261614403246579,NA
176,"SOM","Somalia",-0.363708077223881,0.23812725017005,NA
177,"SOM","Somalia",-0.395022582266782,0.214750970081969,NA
178,"SOM","Somalia",-0.425901640486025,0.191501662869337,NA
179,"SOM","Somalia",-0.456308270534215,0.168395164885767,NA
180,"SOM","Somalia",-0.486206041399173,0.145447033654765,NA
181,"SOM","Somalia",-0.515559115698413,0.122672532935941,NA
182,"SOM","Somalia",-0.544332292272846,0.100086618170831,NA
183,"SOM","Somalia",-0.572491048029207,0.0777039223245065,NA
184,"SOM","Somalia",-0.600001578981583,0.0555387421387149,NA
185,"SOM","Somalia",-0.626830840443336,0.0336050248117704,NA
186,"SOM","Somalia",-0.652946586321779,0.0119163551199093,NA
187,"SOM","Somalia",-0.678317407468977,-0.00951405700571261,NA
188,"SOM","Somalia",-0.702912769043183,-0.0306733884327363,NA
189,"SOM","Somalia",-0.726703046836591,-0.0515492142989731,NA
190,"SOM","Somalia",-0.749659562526304,-0.0721295189889296,NA
191,"SOM","Somalia",-0.771754617806706,-0.0924027066035975,NA
192,"SOM","Somalia",-0.792961527362731,-0.112357610912209,NA
193,"SOM","Somalia",-0.813254650644913,-0.131983504775292,NA
194,"SOM","Somalia",-0.832609422408508,-0.151270109028979,NA
195,"SOM","Somalia",-0.85100238198046,-0.170207600821189,NA
196,"SOM","Somalia",-0.868411201219465,-0.188786621390921,NA
197,"SOM","Somalia",-0.88481471113595,-0.206998283282606,NA
198,"SOM","Somalia",-0.900192927140388,-0.224834176988096,NA
199,"SOM","Somalia",-0.914527072889954,-0.24228637700959,NA
200,"SOM","Somalia",-0.927799602705228,-0.259347447337452,NA
201,"SOM","Somalia",-0.939994222530322,-0.276010446337599,NA
202,"SOM","Somalia",-0.951095909411535,-0.292268931043823,NA
203,"SOM","Somalia",-0.961090929471421,-0.308116960851133,NA
204,"SOM","Somalia",-0.969966854356883,-0.323549100606905,NA
205,"SOM","Somalia",-0.977712576141787,-0.338560423097337,NA
206,"SOM","Somalia",-0.984318320666346,-0.353146510927457,NA
207,"SOM","Somalia",-0.989775659297442,-0.3673034577936,NA
208,"SOM","Somalia",-0.99407751909588,-0.381027869148049,NA
209,"SOM","Somalia",-0.997218191378468,-0.394316862256204,NA
210,"SOM","Somalia",-0.999193338664737,-0.407168065647399,NA
211,"SOM","Somalia",-1,-0.419579617961194,NA
212,"SOM","Somalia",-0.999636594648394,-0.431550166191671,NA
213,"SOM","Somalia",-0.998102924151476,-0.44307886333301,NA
214,"SOM","Somalia",-0.995400172749865,-0.454165365430285,NA
215,"SOM","Somalia",-0.991530906167397,-0.464809828040162,NA
216,"SOM","Somalia",-0.986499068759154,-0.475012902106867,NA
217,"SOM","Somalia",-0.980309979026714,-0.484775729259456,NA
218,"SOM","Somalia",-0.97297032350586,-0.494099936537158,NA
219,"SOM","Somalia",-0.964488149033955,-0.502987630550175,NA
220,"SOM","Somalia",-0.954872853406072,-0.511441391084035,NA
221,"SOM","Somalia",-0.944135174430916,-0.519464264156235,NA
222,"SOM","Somalia",-0.93228717739943,-0.527059754534543,NA
223,"SOM","Somalia",-0.9193422409809,-0.534231817726979,NA
224,"SOM","Somalia",-0.9053150415632,-0.540984851454121,NA
225,"SOM","Somalia",-0.890221536055692,-0.54732368661496,NA
226,"SOM","Somalia",-0.87407894317509,-0.553253577758164,NA
227,"SOM","Somalia",-0.856905723236428,-0.558780193071159,NA
228,"SOM","Somalia",-0.838721556473005,-0.563909603900019,NA
229,"SOM","Somalia",-0.819547319910961,-0.5686482738137,NA
230,"SOM","Somalia",-0.799405062825815,-0.573003047226679,NA
231,"SOM","Somalia",-0.778317980810017,-0.5769811375946,NA
232,"SOM","Somalia",-0.756310388482165,-0.580590115197998,NA
233,"SOM","Somalia",-0.733407690870191,-0.583837894529671,NA
234,"SOM","Somalia",-0.709636353502368,-0.586732721301725,NA
235,"SOM","Somalia",-0.685023871241517,-0.58928315908877,NA
236,"SOM","Somalia",-0.659598735899316,-0.591498075624145,NA
237,"SOM","Somalia",-0.633390402668997,-0.593386628766484,NA
238,"SOM","Somalia",-0.606429255416205,-0.594958252154281,NA
239,"SOM","Somalia",-0.57874657086904,-0.596222640566508,NA
240,"SOM","Somalia",-0.550374481749719,-0.597189735007651,NA
241,"SOM","Somalia",-0.521345938891445,-0.597869707535859,NA
242,"SOM","Somalia",-0.491694672385382,-0.59827294585319,NA
243,"SOM","Somalia",-0.461455151803642,-0.598410037677219,NA
244,"SOM","Somalia",-0.430662545545463,-0.598291754913498,NA
245,"SOM","Somalia",-0.399352679354622,-0.597929037648624,NA
246,"SOM","Somalia",-0.367561994057247,-0.597332977983813,NA
247,"SOM","Somalia",-0.335327502570012,-0.596514803729119,NA
248,"SOM","Somalia",-0.302686746229652,-0.595485861978545,NA
249,"SOM","Somalia",-0.269677750495456,-0.594257602586435,NA
250,"SOM","Somalia",-0.236338980077232,-0.592841561565652,NA
251,"SOM","Somalia",-0.202709293541801,-0.591249344428105,NA
252,"SOM","Somalia",-0.168827897451847,-0.589492609488264,NA
253,"SOM","Somalia",-0.134734300091324,-0.587583051150319,NA
254,"SOM","Somalia",-0.1004682648323,-0.585532383199653,NA
255,"SOM","Somalia",-0.066069763198377,-0.583352322119264,NA
256,"SOM","Somalia",-0.0315789276803179,-0.581054570451762,NA
257,"SOM","Somalia",0.00296399564031161,-0.578650800227448,NA
258,"SOM","Somalia",0.037518694603328,-0.57615263647894,NA
259,"SOM","Somalia",0.0720448385617486,-0.573571640862656,NA
260,"SOM","Somalia",0.106502125996835,-0.570919295407343,NA
261,"SOM","Somalia",0.140850332100041,-0.568206986409664,NA
262,"SOM","Somalia",0.175049356265463,-0.565445988496677,NA
263,"SOM","Somalia",0.209059269436617,-0.562647448874812,NA
264,"SOM","Somalia",0.24284036125144,-0.559822371784717,NA
265,"SOM","Somalia",0.27635318692972,-0.556981603181106,NA
266,"SOM","Somalia",0.3095586138474,-0.554135815656425,NA
267,"SOM","Somalia",0.342417867742663,-0.551295493626869,NA
268,"SOM","Somalia",0.374892578499022,-0.548470918798948,NA
269,"SOM","Somalia",0.406944825451264,-0.545672155934454,NA
270,"SOM","Somalia",0.438537182160557,-0.542909038931306,NA
271,"SOM","Somalia",0.469632760605724,-0.540191157237353,NA
272,"SOM","Somalia",0.500195254738363,-0.537527842613827,NA
273,"SOM","Somalia",0.530188983350215,-0.534928156264664,NA
274,"SOM","Somalia",0.559578932202049,-0.532400876347512,NA
275,"SOM","Somalia",0.588330795364173,-0.529954485881715,NA
276,"SOM","Somalia",0.6164110157196,-0.527597161068138,NA
277,"SOM","Somalia",0.64378682458195,-0.525336760035126,NA
278,"SOM","Somalia",0.670426280381143,-0.523180812024425,NA
279,"SOM","Somalia",0.696298306371092,-0.521136507030313,NA
280,"SOM","Somalia",0.721372727314762,-0.519210685904644,NA
281,"SOM","Somalia",0.745620305103126,-0.517409830939949,NA
282,"SOM","Somalia",0.769012773265891,-0.515740056942139,NA
283,"SOM","Somalia",0.79152287033308,-0.514207102803757,NA
284,"SOM","Somalia",0.813124372008026,-0.512816323588118,NA
285,"SOM","Somalia",0.833792122113646,-0.511572683134044,NA
286,"SOM","Somalia",0.853502062275381,-0.510480747190287,NA
287,"SOM","Somalia",0.872231260305645,-0.509544677088039,NA
288,"SOM","Somalia",0.889957937256199,-0.508768223959327,NA
289,"SOM","Somalia",0.906661493106402,-0.508154723508384,NA
290,"SOM","Somalia",0.922322531056955,-0.507707091342427,NA
291,"SOM","Somalia",0.936922880400354,-0.507427818867583,NA
292,"SOM","Somalia",0.950445617941012,-0.507318969755035,NA
293,"SOM","Somalia",0.962875087939665,-0.507382176981728,NA
294,"SOM","Somalia",0.974196920558486,-0.507618640449311,NA
295,"SOM","Somalia",0.984398048785055,-0.508029125184258,NA
296,"SOM","Somalia",0.993466723815178,-0.508613960121423,NA
297,"SOM","Somalia",1.00139252887634,-0.509373037472551,NA
298,"SOM","Somalia",1.00816639147544,-0.510305812680577,NA
299,"SOM","Somalia",1.01378059405635,-0.511411304959807,NA
300,"SOM","Somalia",1.01822878305461,-0.512688098421388,NA
301,"SOM","Somalia",1.02150597633871,-0.514134343782717,NA
302,"SOM","Somalia",1.02360856902895,-0.515747760658789,NA
303,"SOM","Somalia",1.02453433768725,-0.51752564043271,NA
304,"SOM","Somalia",1.02428244287275,-0.519464849701933,NA
305,"SOM","Somalia",1.02285343006035,-0.521561834296067,NA
306,"SOM","Somalia",1.02024922892102,-0.523812623861403,NA
307,"SOM","Somalia",1.01647315096486,-0.526212837006611,NA
308,"SOM","Somalia",1.01152988554959,-0.528757687003381,NA
309,"SOM","Somalia",1.00542549425934,-0.531441988035107,NA
310,"SOM","Somalia",0.998167403660384,-0.534260161986021,NA
311,"SOM","Somalia",0.989764396442369,-0.537206245762563,NA
312,"SOM","Somalia",0.98022660095564,-0.540273899138078,NA
313,"SOM","Somalia",0.96956547915702,-0.543456413111328,NA
314,"SOM","Somalia",0.957793812978354,-0.54674671876865,NA
315,"SOM","Somalia",0.944925689134016,-0.550137396638996,NA
316,"SOM","Somalia",0.93097648238536,-0.553620686530473,NA
317,"SOM","Somalia",0.915962837281985,-0.55718849783642,NA
318,"SOM","Somalia",0.899902648401464,-0.560832420298468,NA
319,"SOM","Somalia",0.882815039110957,-0.5645437352135,NA
320,"SOM","Somalia",0.864720338875895,-0.568313427070832,NA
321,"SOM","Somalia",0.845640059142634,-0.572132195605462,NA
322,"SOM","Somalia",0.825596867823671,-0.575990468252689,NA
323,"SOM","Somalia",0.804614562415671,-0.5798784129889,NA
324,"SOM","Somalia",0.782718041782161,-0.583785951542895,NA
325,"SOM","Somalia",0.75993327663435,-0.587702772961596,NA
326,"SOM","Somalia",0.736287278745054,-0.591618347513606,NA
327,"SOM","Somalia",0.711808068932213,-0.595521940913633,NA
328,"SOM","Somalia",0.686524643849966,-0.599402628850395,NA
329,"SOM","Somalia",0.660466941626614,-0.603249311800271,NA
330,"SOM","Somalia",0.633665806390226,-0.607050730108565,NA
331,"SOM","Somalia",0.606152951723894,-0.610795479319962,NA
332,"SOM","Somalia",0.577960923093989,-0.614472025739395,NA
333,"SOM","Somalia",0.549123059295908,-0.618068722204294,NA
334,"SOM","Somalia",0.519673452963006,-0.621573824048889,NA
335,"SOM","Somalia",0.489646910185546,-0.624975505241005,NA
336,"SOM","Somalia",0.459078909287459,-0.628261874671579,NA
337,"SOM","Somalia",0.428005558809826,-0.631420992576905,NA
338,"SOM","Somalia",0.396463554750817,-0.634440887073463,NA
339,"SOM","Somalia",0.364490137112799,-0.637309570785022,NA
340,"SOM","Somalia",0.332123045808062,-0.640015057541591,NA
341,"SOM","Somalia",0.299400475975454,-0.642545379129692,NA
342,"SOM","Somalia",0.266361032760821,-0.64488860207334,NA
343,"SOM","Somalia",0.233043685614881,-0.647032844425081,NA
344,"SOM","Somalia",0.199487722162645,-0.648966292546394,NA
345,"SOM","Somalia",0.165732701699054,-0.650677217856778,NA
346,"SOM","Somalia",0.131818408365954,-0.652153993530851,NA
347,"SOM","Somalia",0.0977848040658297,-0.653385111122853,NA
348,"SOM","Somalia",0.0636719811681601,-0.654359197097991,NA
349,"SOM","Somalia",0.0295201150643454,-0.655065029250193,NA
350,"SOM","Somalia",-0.00463058337249861,-0.655491552985936,NA
351,"SOM","Somalia",-0.038739915366659,-0.655627897453954,NA
352,"SOM","Somalia",-0.0727677418013577,-0.655463391500836,NA
353,"SOM","Somalia",-0.106674030706508,-0.654987579432661,NA
354,"SOM","Somalia",-0.140418904616276,-0.654190236563101,NA
355,"SOM","Somalia",-0.173962687740485,-0.6530613845286,NA
356,"SOM","Somalia",-0.207265952893898,-0.651591306351546,NA
357,"SOM","Somalia",-0.240289568127803,-0.649770561232628,NA
358,"SOM","Somalia",-0.272994743008687,-0.647589999053852,NA
359,"SOM","Somalia",-0.305343074489145,-0.645040774574079,NA
360,"SOM","Somalia",-0.337296592316723,-0.642114361299234,NA
361,"SOM","Somalia",-0.368817803926864,-0.63880256500977,NA
362,"SOM","Somalia",-0.399869738766842,-0.635097536928322,NA
363,"SOM","Somalia",-0.430415991998119,-0.630991786510935,NA
364,"SOM","Somalia",-0.460420767525411,-0.626478193845656,NA
365,"SOM","Somalia",-0.489848920301491,-0.62155002164277,NA
1,"SSD","South Sudan",-0.985782158395647,0.408322446189536,NA
2,"SSD","South Sudan",-0.988831514812986,0.415614253066181,NA
3,"SSD","South Sudan",-0.991502159744914,0.42249479714402,NA
4,"SSD","South Sudan",-0.993798644148472,0.428964487954903,NA
5,"SSD","South Sudan",-0.995725725091584,0.435024195337929,NA
6,"SSD","South Sudan",-0.997288357898845,0.440675245878598,NA
7,"SSD","South Sudan",-0.998491688133311,0.445919418815285,NA
8,"SSD","South Sudan",-0.999341043424451,0.450758941418611,NA
9,"SSD","South Sudan",-0.999841925152549,0.455196483849946,NA
10,"SSD","South Sudan",-1,0.459235153505868,NA
11,"SSD","South Sudan",-0.999821091380102,0.462878488856032,NA
12,"SSD","South Sudan",-0.999311170754031,0.466130452782475,NA
13,"SSD","South Sudan",-0.998476348846841,0.468995425428984,NA
14,"SSD","South Sudan",-0.997322866773377,0.47147819656974,NA
15,"SSD","South Sudan",-0.995857087085134,0.473583957506991,NA
16,"SSD","South Sudan",-0.994085484749109,0.475318292508083,NA
17,"SSD","South Sudan",-0.992014638069793,0.476687169792717,NA
18,"SSD","South Sudan",-0.989651219565459,0.477696932081808,NA
19,"SSD","South Sudan",-0.987001986809981,0.478354286719871,NA
20,"SSD","South Sudan",-0.984073773251382,0.478666295383325,NA
21,"SSD","South Sudan",-0.980873479018353,0.478640363387614,NA
22,"SSD","South Sudan",-0.977408061725963,0.478284228606509,NA
23,"SSD","South Sudan",-0.973684527291753,0.477605950017394,NA
24,"SSD","South Sudan",-0.969709920773387,0.47661389588681,NA
25,"SSD","South Sudan",-0.965491317238959,0.475316731610907,NA
26,"SSD","South Sudan",-0.961035812681019,0.473723407225896,NA
27,"SSD","South Sudan",-0.956350514985293,0.471843144603955,NA
28,"SSD","South Sudan",-0.951442534964977,0.469685424350414,NA
29,"SSD","South Sudan",-0.946318977471401,0.467259972418396,NA
30,"SSD","South Sudan",-0.940986932591734,0.464576746457416,NA
31,"SSD","South Sudan",-0.935453466944266,0.461645921912735,NA
32,"SSD","South Sudan",-0.929725615081687,0.45847787789259,NA
33,"SSD","South Sudan",-0.92381037101261,0.455083182820635,NA
34,"SSD","South Sudan",-0.917714679851423,0.45147257989123,NA
35,"SSD","South Sudan",-0.9114454296064,0.447656972345397,NA
36,"SSD","South Sudan",-0.90500944311578,0.443647408585494,NA
37,"SSD","South Sudan",-0.89841347014136,0.439455067146823,NA
38,"SSD","South Sudan",-0.891664179628903,0.435091241544569,NA
39,"SSD","South Sudan",-0.884768152144463,0.430567325014573,NA
40,"SSD","South Sudan",-0.877731872495499,0.425894795166607,NA
41,"SSD","South Sudan",-0.870561722545383,0.421085198568855,NA
42,"SSD","South Sudan",-0.863263974229683,0.416150135282441,NA
43,"SSD","South Sudan",-0.855844782782323,0.411101243364827,NA
44,"SSD","South Sudan",-0.848310180179442,0.405950183360997,NA
45,"SSD","South Sudan",-0.840666068808527,0.400708622801291,NA
46,"SSD","South Sudan",-0.832918215370053,0.395388220724779,NA
47,"SSD","South Sudan",-0.825072245018617,0.390000612246994,NA
48,"SSD","South Sudan",-0.817133635750197,0.3845573931908,NA
49,"SSD","South Sudan",-0.809107713041901,0.379070104799075,NA
50,"SSD","South Sudan",-0.800999644750202,0.373550218547785,NA
51,"SSD","South Sudan",-0.792814436273358,0.368009121077897,NA
52,"SSD","South Sudan",-0.784556925983363,0.362458099264425,NA
53,"SSD","South Sudan",-0.776231780932455,0.356908325440732,NA
54,"SSD","South Sudan",-0.767843492838814,0.351370842796011,NA
55,"SSD","South Sudan",-0.75939637435578,0.345856550963655,NA
56,"SSD","South Sudan",-0.750894555628542,0.340376191818001,NA
57,"SSD","South Sudan",-0.74234198114187,0.33494033549664,NA
58,"SSD","South Sudan",-0.733742406862118,0.329559366665249,NA
59,"SSD","South Sudan",-0.725099397676348,0.324243471041576,NA
60,"SSD","South Sudan",-0.716416325131047,0.319002622194884,NA
61,"SSD","South Sudan",-0.707696365472543,0.313846568636854,NA
62,"SSD","South Sudan",-0.698942497990816,0.308784821219552,NA
63,"SSD","South Sudan",-0.690157503668079,0.303826640855717,NA
64,"SSD","South Sudan",-0.681343964133048,0.298981026576221,NA
65,"SSD","South Sudan",-0.672504260921498,0.294256703939129,NA
66,"SSD","South Sudan",-0.663640575043286,0.289662113804394,NA
67,"SSD","South Sudan",-0.654754886855641,0.285205401487736,NA
68,"SSD","South Sudan",-0.645848976242153,0.280894406306809,NA
69,"SSD","South Sudan",-0.636924423096491,0.276736651532291,NA
70,"SSD","South Sudan",-0.627982608109513,0.272739334756032,NA
71,"SSD","South Sudan",-0.61902471385805,0.268909318687877,NA
72,"SSD","South Sudan",-0.610051726193255,0.265253122392282,NA
73,"SSD","South Sudan",-0.60106443592606,0.261776912975289,NA
74,"SSD","South Sudan",-0.592063440806886,0.258486497731893,NA
75,"SSD","South Sudan",-0.583049147796393,0.255387316763258,NA
76,"SSD","South Sudan",-0.574021775623717,0.252484436072694,NA
77,"SSD","South Sudan",-0.564981357628232,0.249782541148704,NA
78,"SSD","South Sudan",-0.55592774488057,0.247285931042827,NA
79,"SSD","South Sudan",-0.546860609578258,0.244998512949415,NA
80,"SSD","South Sudan",-0.537779448710989,0.242923797293853,NA
81,"SSD","South Sudan",-0.528683587990223,0.241064893335137,NA
82,"SSD","South Sudan",-0.519572186037458,0.239424505288079,NA
83,"SSD","South Sudan",-0.510444238825218,0.238004928969813,NA
84,"SSD","South Sudan",-0.501298584364461,0.236808048974591,NA
85,"SSD","South Sudan",-0.492133907631822,0.235835336380282,NA
86,"SSD","South Sudan",-0.482948745729803,0.23508784698928,NA
87,"SSD","South Sudan",-0.473741493272717,0.234566220105927,NA
88,"SSD","South Sudan",-0.464510407990928,0.234270677851895,NA
89,"SSD","South Sudan",-0.45525361654564,0.234201025020297,NA
90,"SSD","South Sudan",-0.445969120546249,0.234356649468688,NA
91,"SSD","South Sudan",-0.436654802761981,0.234736523050427,NA
92,"SSD","South Sudan",-0.427308433519322,0.235339203083241,NA
93,"SSD","South Sudan",-0.417927677276516,0.236162834353181,NA
94,"SSD","South Sudan",-0.408510099366162,0.237205151651489,NA
95,"SSD","South Sudan",-0.399053172896737,0.2384634828413,NA
96,"SSD","South Sudan",-0.389554285803695,0.239934752450398,NA
97,"SSD","South Sudan",-0.380010748040565,0.241615485785669,NA
98,"SSD","South Sudan",-0.370419798900311,0.243501813564216,NA
99,"SSD","South Sudan",-0.360778614457071,0.245589477055506,NA
100,"SSD","South Sudan",-0.351084315118198,0.247873833728288,NA
101,"SSD","South Sudan",-0.341333973276415,0.250349863395409,NA
102,"SSD","South Sudan",-0.331524621051765,0.253012174849057,NA
103,"SSD","South Sudan",-0.321653258112902,0.255855012978359,NA
104,"SSD","South Sudan",-0.311716859567184,0.258872266360696,NA
105,"SSD","South Sudan",-0.301712383908939,0.262057475317487,NA
106,"SSD","South Sudan",-0.291636781015173,0.26540384042468,NA
107,"SSD","South Sudan",-0.281487000177962,0.268904231467583,NA
108,"SSD","South Sudan",-0.271259998162691,0.272551196829187,NA
109,"SSD","South Sudan",-0.260952747281262,0.276336973300541,NA
110,"SSD","South Sudan",-0.250562243469403,0.280253496301291,NA
111,"SSD","South Sudan",-0.240085514357155,0.284292410497954,NA
112,"SSD","South Sudan",-0.229519627321638,0.288445080807033,NA
113,"SSD","South Sudan",-0.218861697511218,0.292702603769593,NA
114,"SSD","South Sudan",-0.208108895830214,0.297055819283505,NA
115,"SSD","South Sudan",-0.197258456873321,0.301495322679074,NA
116,"SSD","South Sudan",-0.186307686798998,0.306011477123401,NA
117,"SSD","South Sudan",-0.17525397113112,0.310594426338389,NA
118,"SSD","South Sudan",-0.164094782478289,0.315234107616945,NA
119,"SSD","South Sudan",-0.152827688160276,0.319920265121555,NA
120,"SSD","South Sudan",-0.141450357731193,0.32464246344905,NA
121,"SSD","South Sudan",-0.129960570389097,0.329390101445095,NA
122,"SSD","South Sudan",-0.118356222261873,0.334152426251574,NA
123,"SSD","South Sudan",-0.106635333559371,0.338918547569795,NA
124,"SSD","South Sudan",-0.0947960555819529,0.343677452122156,NA
125,"SSD","South Sudan",-0.0828366775757522,0.348418018294683,NA
126,"SSD","South Sudan",-0.0707556334251447,0.353129030942591,NA
127,"SSD","South Sudan",-0.0585515081731124,0.357799196340862,NA
128,"SSD","South Sudan",-0.0462230443603912,0.36241715726162,NA
129,"SSD","South Sudan",-0.0337691481745105,0.36697150815993,NA
130,"SSD","South Sudan",-0.0211888954000536,0.371450810449514,NA
131,"SSD","South Sudan",-0.00848153716170778,0.37584360784976,NA
132,"SSD","South Sudan",0.00435349454807656,0.380138441785299,NA
133,"SSD","South Sudan",0.0173165815647508,0.38432386681937,NA
134,"SSD","South Sudan",0.0304079144783072,0.388388466102112,NA
135,"SSD","South Sudan",0.0436274877982831,0.392320866814942,NA
136,"SSD","South Sudan",0.0569750953642177,0.396109755592127,NA
137,"SSD","South Sudan",0.070450326008373,0.399743893900698,NA
138,"SSD","South Sudan",0.0840525594772067,0.403212133359913,NA
139,"SSD","South Sudan",0.0977809626177917,0.406503430981493,NA
140,"SSD","South Sudan",0.111634485835044,0.409606864311988,NA
141,"SSD","South Sudan",0.125611859825309,0.412511646458706,NA
142,"SSD","South Sudan",0.139711592591498,0.415207140980789,NA
143,"SSD","South Sudan",0.153931966744669,0.417682876627151,NA
144,"SSD","South Sudan",0.168271037096537,0.419928561903195,NA
145,"SSD","South Sudan",0.182726628547124,0.421934099448383,NA
146,"SSD","South Sudan",0.19729633427133,0.423689600207002,NA
147,"SSD","South Sudan",0.211977514207892,0.425185397374649,NA
148,"SSD","South Sudan",0.226767293853805,0.426412060103268,NA
149,"SSD","South Sudan",0.241662563366932,0.427360406947814,NA
150,"SSD","South Sudan",0.256659976979126,0.428021519037947,NA
151,"SSD","South Sudan",0.271755952721833,0.428386752958457,NA
152,"SSD","South Sudan",0.286946672465767,0.428447753322476,NA
153,"SSD","South Sudan",0.302228082275833,0.42819646502188,NA
154,"SSD","South Sudan",0.317595893082139,0.427625145139671,NA
155,"SSD","South Sudan",0.333045581667506,0.426726374509517,NA
156,"SSD","South Sudan",0.348572391971534,0.425493068908045,NA
157,"SSD","South Sudan",0.364171336710874,0.423918489865902,NA
158,"SSD","South Sudan",0.379837199314969,0.42199625508408,NA
159,"SSD","South Sudan",0.395564536176162,0.419720348442404,NA
160,"SSD","South Sudan",0.411347679212665,0.417085129587625,NA
161,"SSD","South Sudan",0.427180738742492,0.414085343089018,NA
162,"SSD","South Sudan",0.443057606666103,0.410716127149895,NA
163,"SSD","South Sudan",0.458971959955113,0.406973021863979,NA
164,"SSD","South Sudan",0.474917264444025,0.402851977006114,NA
165,"SSD","South Sudan",0.49088677892161,0.398349359347331,NA
166,"SSD","South Sudan",0.50687355951816,0.393461959484862,NA
167,"SSD","South Sudan",0.522870464384474,0.388186998178257,NA
168,"SSD","South Sudan",0.538870158658103,0.38252213218333,NA
169,"SSD","South Sudan",0.554865119711974,0.376465459576298,NA
170,"SSD","South Sudan",0.570847642680233,0.370015524561014,NA
171,"SSD","South Sudan",0.586809846255724,0.363171321752862,NA
172,"SSD","South Sudan",0.602743678753243,0.355932299933472,NA
173,"SSD","South Sudan",0.61864092443235,0.348298365271043,NA
174,"SSD","South Sudan",0.634493210073191,0.340269884001702,NA
175,"SSD","South Sudan",0.650292011798485,0.331847684567955,NA
176,"SSD","South Sudan",0.66602866213449,0.323033059210934,NA
177,"SSD","South Sudan",0.681694357303512,0.313827765013789,NA
178,"SSD","South Sudan",0.697280164740157,0.304234024394235,NA
179,"SSD","South Sudan",0.712777030823328,0.294254525044888,NA
180,"SSD","South Sudan",0.728175788815604,0.283892419320719,NA
181,"SSD","South Sudan",0.743467167001452,0.273151323073574,NA
182,"SSD","South Sudan",0.758641797015415,0.26203531393439,NA
183,"SSD","South Sudan",0.773690222351205,0.250548929044371,NA
184,"SSD","South Sudan",0.788602907042379,0.238697162237065,NA
185,"SSD","South Sudan",0.803370244505058,0.226485460673917,NA
186,"SSD","South Sudan",0.817982566532942,0.213919720936529,NA
187,"SSD","South Sudan",0.832430152434663,0.201006284579504,NA
188,"SSD","South Sudan",0.846703238303341,0.187751933148392,NA
189,"SSD","South Sudan",0.860792026408015,0.17416388266789,NA
190,"SSD","South Sudan",0.874686694696474,0.160249777606086,NA
191,"SSD","South Sudan",0.888377406398844,0.146017684321147,NA
192,"SSD","South Sudan",0.901854319721151,0.131476083997476,NA
193,"SSD","South Sudan",0.915107597617964,0.116633865078982,NA
194,"SSD","South Sudan",0.928127417633083,0.101500315207679,NA
195,"SSD","South Sudan",0.940903981797156,0.086085112676438,NA
196,"SSD","South Sudan",0.953427526571006,0.0703983174053111,NA
197,"SSD","South Sudan",0.965688332823388,0.0544503614513691,NA
198,"SSD","South Sudan",0.977676735831802,0.0382520390626024,NA
199,"SSD","South Sudan",0.989383135294985,0.0218144962869472,NA
200,"SSD","South Sudan",1.00079800534562,0.00514922014803806,NA
201,"SSD","South Sudan",1.01191190455183,-0.0117319726001833,NA
202,"SSD","South Sudan",1.02271548589592,-0.0288169471273827,NA
203,"SSD","South Sudan",1.03319950671898,-0.0460932625761576,NA
204,"SSD","South Sudan",1.04335483861988,-0.0635481844931741,NA
205,"SSD","South Sudan",1.05317247729716,-0.0811686976280763,NA
206,"SSD","South Sudan",1.06264355232254,-0.0989415190856739,NA
207,"SSD","South Sudan",1.0717593368347,-0.116853111816496,NA
208,"SSD","South Sudan",1.08051125714204,-0.134889698430391,NA
209,"SSD","South Sudan",1.08889090222332,-0.153037275317453,NA
210,"SSD","South Sudan",1.09689003311509,-0.171281627060207,NA
211,"SSD","South Sudan",1.10450059217493,-0.189608341120609,NA
212,"SSD","South Sudan",1.11171471220976,-0.208002822785097,NA
213,"SSD","South Sudan",1.11852472545836,-0.226450310350606,NA
214,"SSD","South Sudan",1.12492317241775,-0.244935890534198,NA
215,"SSD","South Sudan",1.13090281050292,-0.263444514088625,NA
216,"SSD","South Sudan",1.13645662252969,-0.281961011605964,NA
217,"SSD","South Sudan",1.14157782501083,-0.300470109491168,NA
218,"SSD","South Sudan",1.14625987625537,-0.318956446087218,NA
219,"SSD","South Sudan",1.1504964842617,-0.337404587933329,NA
220,"SSD","South Sudan",1.15428161439501,-0.355799046137529,NA
221,"SSD","South Sudan",1.15760949683972,-0.37412429284479,NA
222,"SSD","South Sudan",1.16047463381837,-0.392364777781715,NA
223,"SSD","South Sudan",1.16287180656782,-0.410504944858758,NA
224,"SSD","South Sudan",1.1647960820648,-0.428529248810832,NA
225,"SSD","South Sudan",1.16624281949233,-0.4464221718571,NA
226,"SSD","South Sudan",1.16720767643946,-0.46416824036075,NA
227,"SSD","South Sudan",1.16768661482644,-0.481752041469503,NA
228,"SSD","South Sudan",1.16767590654847,-0.49915823971765,NA
229,"SSD","South Sudan",1.16717213883065,-0.51637159357042,NA
230,"SSD","South Sudan",1.16617221928794,-0.533376971891568,NA
231,"SSD","South Sudan",1.16467338068344,-0.550159370315123,NA
232,"SSD","South Sudan",1.16267318537929,-0.566703927502381,NA
233,"SSD","South Sudan",1.1601695294745,-0.582995941265293,NA
234,"SSD","South Sudan",1.15716064662439,-0.599020884537603,NA
235,"SSD","South Sudan",1.15364511153669,-0.614764421175247,NA
236,"SSD","South Sudan",1.14962184313994,-0.630212421567663,NA
237,"SSD","South Sudan",1.14509010741971,-0.645350978041983,NA
238,"SSD","South Sudan",1.14004951991908,-0.660166420042177,NA
239,"SSD","South Sudan",1.13450004789971,-0.67464532906561,NA
240,"SSD","South Sudan",1.12844201216065,-0.688774553339633,NA
241,"SSD","South Sudan",1.12187608851202,-0.702541222221212,NA
242,"SSD","South Sudan",1.11480330890134,-0.715932760302858,NA
243,"SSD","South Sudan",1.10722506219068,-0.7289369012085,NA
244,"SSD","South Sudan",1.09914309458297,-0.741541701063254,NA
245,"SSD","South Sudan",1.09055950969644,-0.753735551621465,NA
246,"SSD","South Sudan",1.08147676828644,-0.765507193037748,NA
247,"SSD","South Sudan",1.07189768761436,-0.776845726266203,NA
248,"SSD","South Sudan",1.06182544046368,-0.787740625073361,NA
249,"SSD","South Sudan",1.05126355380354,-0.79818174765093,NA
250,"SSD","South Sudan",1.04021590710086,-0.808159347814791,NA
251,"SSD","South Sudan",1.02868673028221,-0.817664085777253,NA
252,"SSD","South Sudan",1.01668060134695,-0.826687038479995,NA
253,"SSD","South Sudan",1.00420244363392,-0.8352197094757,NA
254,"SSD","South Sudan",0.991257522743966,-0.843254038346849,NA
255,"SSD","South Sudan",0.977851443121158,-0.850782409650724,NA
256,"SSD","South Sudan",0.96399014429596,-0.857797661380173,NA
257,"SSD","South Sudan",0.949679896793902,-0.864293092930317,NA
258,"SSD","South Sudan",0.934927297713763,-0.870262472561866,NA
259,"SSD","South Sudan",0.919739265979593,-0.875700044352373,NA
260,"SSD","South Sudan",0.904123037271297,-0.880600534627307,NA
261,"SSD","South Sudan",0.888086158638865,-0.884959157863431,NA
262,"SSD","South Sudan",0.87163648280569,-0.888771622057596,NA
263,"SSD","South Sudan",0.85478216216674,-0.892034133554687,NA
264,"SSD","South Sudan",0.837531642487757,-0.894743401329059,NA
265,"SSD","South Sudan",0.819893656311909,-0.896896640714465,NA
266,"SSD","South Sudan",0.801877216080743,-0.898491576578101,NA
267,"SSD","South Sudan",0.783491606976525,-0.899526445935042,NA
268,"SSD","South Sudan",0.76474637949343,-0.9,NA
269,"SSD","South Sudan",0.745651341745314,-0.899911505673977,NA
270,"SSD","South Sudan",0.726216551518122,-0.899260746464055,NA
271,"SSD","South Sudan",0.706452308075253,-0.898048022835212,NA
272,"SSD","South Sudan",0.68636914372448,-0.896274151993727,NA
273,"SSD","South Sudan",0.665977815155337,-0.893940467102378,NA
274,"SSD","South Sudan",0.645289294556068,-0.891048815928317,NA
275,"SSD","South Sudan",0.624314760519537,-0.88760155892516,NA
276,"SSD","South Sudan",0.603065588747735,-0.88360156675147,NA
277,"SSD","South Sudan",0.581553342564691,-0.879052217228498,NA
278,"SSD","South Sudan",0.559789763247892,-0.873957391740671,NA
279,"SSD","South Sudan",0.537786760188439,-0.868321471082971,NA
280,"SSD","South Sudan",0.51555640089041,-0.862149330760001,NA
281,"SSD","South Sudan",0.493110900820064,-0.855446335742166,NA
282,"SSD","South Sudan",0.470462613115684,-0.848218334685012,NA
283,"SSD","South Sudan",0.447624018169009,-0.840471653618418,NA
284,"SSD","South Sudan",0.424607713089362,-0.832213089112931,NA
285,"SSD","South Sudan",0.401426401061687,-0.823449900931141,NA
286,"SSD","South Sudan",0.378092880609854,-0.814189804172603,NA
287,"SSD","South Sudan",0.354620034776662,-0.804440960921397,NA
288,"SSD","South Sudan",0.331020820232077,-0.794211971405977,NA
289,"SSD","South Sudan",0.307308256321336,-0.783511864681554,NA
290,"SSD","South Sudan",0.283495414064556,-0.77235008884579,NA
291,"SSD","South Sudan",0.259595405119617,-0.760736500799129,NA
292,"SSD","South Sudan",0.23562137072003,-0.748681355561611,NA
293,"SSD","South Sudan",0.211586470599634,-0.736195295158549,NA
294,"SSD","South Sudan",0.187503871915847,-0.723289337087917,NA
295,"SSD","South Sudan",0.163386738183327,-0.709974862382813,NA
296,"SSD","South Sudan",0.139248218229754,-0.696263603282795,NA
297,"SSD","South Sudan",0.115101435185523,-0.682167630528381,NA
298,"SSD","South Sudan",0.0909594755189992,-0.667699340293389,NA
299,"SSD","South Sudan",0.0668353781290081,-0.652871440770269,NA
300,"SSD","South Sudan",0.0427421235060905,-0.637696938423916,NA
301,"SSD","South Sudan",0.0186926229740346,-0.622189123929892,NA
302,"SSD","South Sudan",-0.00530029197697082,-0.606361557813304,NA
303,"SSD","South Sudan",-0.0292238802542557,-0.590228055804959,NA
304,"SSD","South Sudan",-0.0530655016125535,-0.573802673931715,NA
305,"SSD","South Sudan",-0.0768126269788081,-0.557099693358286,NA
306,"SSD","South Sudan",-0.100452848641078,-0.540133604998,NA
307,"SSD","South Sudan",-0.123973890290819,-0.522919093910301,NA
308,"SSD","South Sudan",-0.147363616908047,-0.505471023503029,NA
309,"SSD","South Sudan",-0.170610044479012,-0.487804419557721,NA
310,"SSD","South Sudan",-0.193701349536301,-0.469934454096365,NA
311,"SSD","South Sudan",-0.216625878511388,-0.451876429108265,NA
312,"SSD","South Sudan",-0.239372156889975,-0.433645760155758,NA
313,"SSD","South Sudan",-0.261928898160615,-0.415257959877728,NA
314,"SSD","South Sudan",-0.284285012547422,-0.396728621409928,NA
315,"SSD","South Sudan",-0.306429615517867,-0.378073401741233,NA
316,"SSD","South Sudan",-0.328352036056968,-0.359308005024994,NA
317,"SSD","South Sudan",-0.35004182469943,-0.340448165864732,NA
318,"SSD","South Sudan",-0.371488761311591,-0.321509632593409,NA
319,"SSD","South Sudan",-0.392682862615295,-0.302508150565537,NA
320,"SSD","South Sudan",-0.413614389446167,-0.283459445481322,NA
321,"SSD","South Sudan",-0.434273853739004,-0.264379206762048,NA
322,"SSD","South Sudan",-0.454652025233395,-0.245283070995779,NA
323,"SSD","South Sudan",-0.474739937892927,-0.226186605472429,NA
324,"SSD","South Sudan",-0.494528896031742,-0.207105291827059,NA
325,"SSD","South Sudan",-0.514010480142494,-0.188054509810208,NA
326,"SSD","South Sudan",-0.533176552420139,-0.169049521203833,NA
327,"SSD","South Sudan",-0.552019261976329,-0.150105453901309,NA
328,"SSD","South Sudan",-0.570531049739533,-0.131237286169702,NA
329,"SSD","South Sudan",-0.588704653036403,-0.112459831112312,NA
330,"SSD","South Sudan",-0.606533109850223,-0.0937877213492715,NA
331,"SSD","South Sudan",-0.624009762752722,-0.0752353939336582,NA
332,"SSD","South Sudan",-0.64112826250582,-0.0568170755203555,NA
333,"SSD","South Sudan",-0.657882571330364,-0.0385467678045571,NA
334,"SSD","South Sudan",-0.674266965839204,-0.0204382332464755,NA
335,"SSD","South Sudan",-0.690276039632386,-0.00250498109852211,NA
336,"SSD","South Sudan",-0.705904705552655,0.0152397462492153,NA
337,"SSD","South Sudan",-0.721148197599786,0.0327829865896756,NA
338,"SSD","South Sudan",-0.736002072502732,0.0501120708706557,NA
339,"SSD","South Sudan",-0.750462210948899,0.0672146358030743,NA
340,"SSD","South Sudan",-0.764524818470315,0.0840786360914679,NA
341,"SSD","South Sudan",-0.778186425986811,0.100692356272912,NA
342,"SSD","South Sudan",-0.791443890006748,0.117044422151086,NA
343,"SSD","South Sudan",-0.804294392486202,0.133123811812633,NA
344,"SSD","South Sudan",-0.81673544034794,0.148919866213501,NA
345,"SSD","South Sudan",-0.828764864661866,0.164422299323457,NA
346,"SSD","South Sudan",-0.840380819489036,0.179621207817467,NA
347,"SSD","South Sudan",-0.851581780391729,0.194507080303225,NA
348,"SSD","South Sudan",-0.862366542612403,0.209070806074611,NA
349,"SSD","South Sudan",-0.872734218924793,0.223303683381474,NA
350,"SSD","South Sudan",-0.882684237160748,0.237197427206662,NA
351,"SSD","South Sudan",-0.892216337416785,0.250744176541872,NA
352,"SSD","South Sudan",-0.901330568944689,0.26393650115439,NA
353,"SSD","South Sudan",-0.910027286730881,0.276767407837532,NA
354,"SSD","South Sudan",-0.918307147769575,0.289230346138063,NA
355,"SSD","South Sudan",-0.926171107035144,0.30131921355462,NA
356,"SSD","South Sudan",-0.933620413159423,0.313028360201706,NA
357,"SSD","South Sudan",-0.940656603820004,0.324352592934499,NA
358,"SSD","South Sudan",-0.947281500845954,0.33528717893035,NA
359,"SSD","South Sudan",-0.953497205047619,0.345827848723485,NA
360,"SSD","South Sudan",-0.959306090777571,0.35597079869008,NA
361,"SSD","South Sudan",-0.964710800230003,0.365712692981522,NA
362,"SSD","South Sudan",-0.969714237486185,0.375050664904334,NA
363,"SSD","South Sudan",-0.974319562313875,0.383982317745887,NA
364,"SSD","South Sudan",-0.978530183728852,0.392505725045683,NA
365,"SSD","South Sudan",-0.982349753327006,0.400619430312648,NA
1,"SWZ","Eswatini",1.05502103058194,-0.820824975966524,NA
2,"SWZ","Eswatini",1.05972504682207,-0.80988572015149,NA
3,"SWZ","Eswatini",1.06403880219756,-0.798307444337873,NA
4,"SWZ","Eswatini",1.06795893209718,-0.786105436324301,NA
5,"SWZ","Eswatini",1.07148228138347,-0.7732956276157,NA
6,"SWZ","Eswatini",1.07460590769033,-0.759894574105793,NA
7,"SWZ","Eswatini",1.07732708454484,-0.745919436048016,NA
8,"SWZ","Eswatini",1.07964330430953,-0.731387957338702,NA
9,"SWZ","Eswatini",1.08155228094184,-0.716318444137213,NA
10,"SWZ","Eswatini",1.08305195256748,-0.700729742848448,NA
11,"SWZ","Eswatini",1.0841404838647,-0.68464121749393,NA
12,"SWZ","Eswatini",1.08481626825667,-0.668072726498365,NA
13,"SWZ","Eswatini",1.08507792990936,-0.651044598919278,NA
14,"SWZ","Eswatini",1.08492432553257,-0.633577610147958,NA
15,"SWZ","Eswatini",1.08435454598177,-0.615692957110574,NA
16,"SWZ","Eswatini",1.08336791765903,-0.597412232998907,NA
17,"SWZ","Eswatini",1.08196400371102,-0.578757401560692,NA
18,"SWZ","Eswatini",1.08014260502278,-0.559750770980071,NA
19,"SWZ","Eswatini",1.07790376100571,-0.540414967379147,NA
20,"SWZ","Eswatini",1.07524775017888,-0.520772907972054,NA
21,"SWZ","Eswatini",1.07217509054271,-0.500847773903378,NA
22,"SWZ","Eswatini",1.06868653974427,-0.480662982803111,NA
23,"SWZ","Eswatini",1.06478309503399,-0.460242161090669,NA
24,"SWZ","Eswatini",1.06046599301333,-0.439609116060776,NA
25,"SWZ","Eswatini",1.05573670917369,-0.418787807784263,NA
26,"SWZ","Eswatini",1.05059695722656,-0.397802320857068,NA
27,"SWZ","Eswatini",1.04504868822553,-0.376676836030864,NA
28,"SWZ","Eswatini",1.03909408948091,-0.355435601758892,NA
29,"SWZ","Eswatini",1.03273558326767,-0.334102905690655,NA
30,"SWZ","Eswatini",1.02597582532809,-0.312703046149197,NA
31,"SWZ","Eswatini",1.0188177031703,-0.291260303624692,NA
32,"SWZ","Eswatini",1.01126433416443,-0.269798912318037,NA
33,"SWZ","Eswatini",1.00331906343809,-0.248343031768084,NA
34,"SWZ","Eswatini",0.99498546157321,-0.226916718596037,NA
35,"SWZ","Eswatini",0.986267322106581,-0.205543898400388,NA
36,"SWZ","Eswatini",0.977168658836371,-0.18424833783558,NA
37,"SWZ","Eswatini",0.967693702937432,-0.163053616907362,NA
38,"SWZ","Eswatini",0.95784689988817,-0.14198310151754,NA
39,"SWZ","Eswatini",0.947632906212093,-0.121059916290499,NA
40,"SWZ","Eswatini",0.937056586037263,-0.100306917713578,NA
41,"SWZ","Eswatini",0.926123007477154,-0.0797466676229429,NA
42,"SWZ","Eswatini",0.91483743883654,-0.0594014070662204,NA
43,"SWZ","Eswatini",0.903205344646266,-0.0392930305727014,NA
44,"SWZ","Eswatini",0.891232381530929,-0.0194430608614058,NA
45,"SWZ","Eswatini",0.878924393913661,0.000127375983197009,NA
46,"SWZ","Eswatini",0.866287409562408,0.0193975748385999,NA
47,"SWZ","Eswatini",0.853327634982229,0.038347275346178,NA
48,"SWZ","Eswatini",0.840051450658346,0.0569566851596248,NA
49,"SWZ","Eswatini",0.826465406154796,0.0752065026125789,NA
50,"SWZ","Eswatini",0.812576215073714,0.0930779387788074,NA
51,"SWZ","Eswatini",0.798390749880417,0.110552738899044,NA
52,"SWZ","Eswatini",0.783916036599589,0.127613203149334,NA
53,"SWZ","Eswatini",0.769159249388017,0.144242206726533,NA
54,"SWZ","Eswatini",0.754127704989455,0.160423219227414,NA
55,"SWZ","Eswatini",0.738828857077299,0.176140323298685,NA
56,"SWZ","Eswatini",0.723270290490902,0.1913782325361,NA
57,"SWZ","Eswatini",0.707459715371428,0.206122308611728,NA
58,"SWZ","Eswatini",0.6914049612033,0.22035857760938,NA
59,"SWZ","Eswatini",0.675113970767326,0.234073745549124,NA
60,"SWZ","Eswatini",0.65859479401174,0.247255213082813,NA
61,"SWZ","Eswatini",0.641855581847436,0.259891089343502,NA
62,"SWZ","Eswatini",0.624904579873766,0.271970204932679,NA
63,"SWZ","Eswatini",0.607750122041323,0.283482124030236,NA
64,"SWZ","Eswatini",0.590400624258219,0.294417155613157,NA
65,"SWZ","Eswatini",0.572864577946392,0.304766363769986,NA
66,"SWZ","Eswatini",0.555150543554535,0.31452157709917,NA
67,"SWZ","Eswatini",0.537267144034277,0.32367539718052,NA
68,"SWZ","Eswatini",0.519223058286272,0.332221206110084,NA
69,"SWZ","Eswatini",0.501027014582886,0.34015317308989,NA
70,"SWZ","Eswatini",0.482687783974162,0.347466260065096,NA
71,"SWZ","Eswatini",0.464214173683785,0.35415622640227,NA
72,"SWZ","Eswatini",0.445615020501738,0.360219632603615,NA
73,"SWZ","Eswatini",0.426899184180351,0.365653843053137,NA
74,"SWZ","Eswatini",0.408075540840417,0.3704570277919,NA
75,"SWZ","Eswatini",0.389152976394048,0.374628163320651,NA
76,"SWZ","Eswatini",0.370140379990869,0.378167032429273,NA
77,"SWZ","Eswatini",0.351046637494175,0.38107422305369,NA
78,"SWZ","Eswatini",0.331880624993568,0.383351126161971,NA
79,"SWZ","Eswatini",0.312651202360563,0.384999932672586,NA
80,"SWZ","Eswatini",0.293367206853625,0.386023629408858,NA
81,"SWZ","Eswatini",0.274037446778953,0.386425994094874,NA
82,"SWZ","Eswatini",0.254670695213342,0.38621158939918,NA
83,"SWZ","Eswatini",0.235275683795299,0.385385756033789,NA
84,"SWZ","Eswatini",0.215861096590548,0.383954604917111,NA
85,"SWZ","Eswatini",0.196435564037938,0.381925008410529,NA
86,"SWZ","Eswatini",0.177007656981676,0.379304590639486,NA
87,"SWZ","Eswatini",0.157585880795692,0.376101716910979,NA
88,"SWZ","Eswatini",0.138178669605838,0.372325482240479,NA
89,"SWZ","Eswatini",0.118794380615484,0.367985699002336,NA
90,"SWZ","Eswatini",0.0994412885399692,0.363092883718757,NA
91,"SWZ","Eswatini",0.0801275801551984,0.357658243003501,NA
92,"SWZ","Eswatini",0.0608613489655774,0.351693658677412,NA
93,"SWZ","Eswatini",0.0416505899962947,0.345211672073907,NA
94,"SWZ","Eswatini",0.02250319471483,0.338225467553501,NA
95,"SWZ","Eswatini",0.00342694608640243,0.330748855247382,NA
96,"SWZ","Eswatini",-0.0155704862320855,0.322796253050983,NA
97,"SWZ","Eswatini",-0.0344815505552222,0.31438266788936,NA
98,"SWZ","Eswatini",-0.0532988176851634,0.30552367627709,NA
99,"SWZ","Eswatini",-0.0720149852765757,0.296235404196196,NA
100,"SWZ","Eswatini",-0.0906228820465843,0.286534506316462,NA
101,"SWZ","Eswatini",-0.109115471826058,0.276438144583243,NA
102,"SWZ","Eswatini",-0.127485857448742,0.265963966198652,NA
103,"SWZ","Eswatini",-0.145727284474953,0.255130081022718,NA
104,"SWZ","Eswatini",-0.163833144746744,0.243955038421793,NA
105,"SWZ","Eswatini",-0.181796979771626,0.232457803592153,NA
106,"SWZ","Eswatini",-0.19961248393219,0.220657733387354,NA
107,"SWZ","Eswatini",-0.217273507519099,0.20857455167849,NA
108,"SWZ","Eswatini",-0.23477405958521,0.196228324277064,NA
109,"SWZ","Eswatini",-0.252108310618727,0.183639433450701,NA
110,"SWZ","Eswatini",-0.269270595033552,0.170828552062398,NA
111,"SWZ","Eswatini",-0.286255413475177,0.157816617364483,NA
112,"SWZ","Eswatini",-0.303057434940691,0.144624804478832,NA
113,"SWZ","Eswatini",-0.319671498711709,0.131274499595293,NA
114,"SWZ","Eswatini",-0.336092616099207,0.117787272920577,NA
115,"SWZ","Eswatini",-0.352315971999506,0.104184851410191,NA
116,"SWZ","Eswatini",-0.368336926260855,0.0904890913162275,NA
117,"SWZ","Eswatini",-0.384151014860264,0.0767219505840578,NA
118,"SWZ","Eswatini",-0.399753950890489,0.0629054611311435,NA
119,"SWZ","Eswatini",-0.415141625357264,0.0490617010413264,NA
120,"SWZ","Eswatini",-0.430310107787107,0.0352127667080541,NA
121,"SWZ","Eswatini",-0.44525564664625,0.0213807449600543,NA
122,"SWZ","Eswatini",-0.459974669571437,0.0075876852030009,NA
123,"SWZ","Eswatini",-0.474463783413586,-0.0061444283893215,NA
124,"SWZ","Eswatini",-0.488719774095482,-0.0197937046008905,NA
125,"SWZ","Eswatini",-0.502739606284928,-0.0333383727830061,NA
126,"SWZ","Eswatini",-0.516520422884942,-0.0467568103143199,NA
127,"SWZ","Eswatini",-0.530059544342844,-0.0600275698782958,NA
128,"SWZ","Eswatini",-0.543354467780245,-0.0731294065252892,NA
129,"SWZ","Eswatini",-0.556402865946173,-0.0860413044866756,NA
130,"SWZ","Eswatini",-0.569202585995767,-0.0987425037087715,NA
131,"SWZ","Eswatini",-0.581751648097163,-0.111212526074614,NA
132,"SWZ","Eswatini",-0.594048243869393,-0.12343120128204,NA
133,"SWZ","Eswatini",-0.606090734654313,-0.13537869234693,NA
134,"SWZ","Eswatini",-0.617877649625739,-0.147035520700894,NA
135,"SWZ","Eswatini",-0.629407683739189,-0.158382590853211,NA
136,"SWZ","Eswatini",-0.640679695525764,-0.169401214587301,NA
137,"SWZ","Eswatini",-0.651692704733918,-0.180073134662604,NA
138,"SWZ","Eswatini",-0.662445889822981,-0.190380547993311,NA
139,"SWZ","Eswatini",-0.67293858531253,-0.200306128276018,NA
140,"SWZ","Eswatini",-0.683170278991787,-0.209833048039024,NA
141,"SWZ","Eswatini",-0.693140608993439,-0.218945000086713,NA
142,"SWZ","Eswatini",-0.702849360736383,-0.227626218313133,NA
143,"SWZ","Eswatini",-0.71229646374205,-0.235861497859686,NA
144,"SWZ","Eswatini",-0.721481988329111,-0.243636214592588,NA
145,"SWZ","Eswatini",-0.730406142191473,-0.250936343876585,NA
146,"SWZ","Eswatini",-0.739069266864627,-0.257748478622258,NA
147,"SWZ","Eswatini",-0.747471834085488,-0.264059846585085,NA
148,"SWZ","Eswatini",-0.755614442051024,-0.26985832689536,NA
149,"SWZ","Eswatini",-0.763497811581028,-0.275132465798952,NA
150,"SWZ","Eswatini",-0.771122782190534,-0.279871491589848,NA
151,"SWZ","Eswatini",-0.778490308077413,-0.284065328716373,NA
152,"SWZ","Eswatini",-0.785601454030826,-0.28770461104398,NA
153,"SWZ","Eswatini",-0.792457391266238,-0.290780694258487,NA
154,"SWZ","Eswatini",-0.799059393192809,-0.29328566739469,NA
155,"SWZ","Eswatini",-0.805408831119008,-0.295212363476295,NA
156,"SWZ","Eswatini",-0.811507169902366,-0.296554369254193,NA
157,"SWZ","Eswatini",-0.817355963549342,-0.29730603403116,NA
158,"SWZ","Eswatini",-0.822956850771295,-0.297462477562168,NA
159,"SWZ","Eswatini",-0.8283115505026,-0.297019597020581,NA
160,"SWZ","Eswatini",-0.833421857386988,-0.29597407302163,NA
161,"SWZ","Eswatini",-0.838289637238169,-0.294323374695693,NA
162,"SWZ","Eswatini",-0.842916822480856,-0.292065763805011,NA
163,"SWZ","Eswatini",-0.847305407578273,-0.289200297898651,NA
164,"SWZ","Eswatini",-0.851457444452254,-0.285726832501638,NA
165,"SWZ","Eswatini",-0.855375037902003,-0.28164602233535,NA
166,"SWZ","Eswatini",-0.859060341027603,-0.276959321567412,NA
167,"SWZ","Eswatini",-0.862515550664293,-0.271668983090503,NA
168,"SWZ","Eswatini",-0.865742902833534,-0.265778056830615,NA
169,"SWZ","Eswatini",-0.868744668216831,-0.259290387086494,NA
170,"SWZ","Eswatini",-0.871523147658226,-0.252210608903126,NA
171,"SWZ","Eswatini",-0.874080667701333,-0.244544143483296,NA
172,"SWZ","Eswatini",-0.87641957616671,-0.236297192642381,NA
173,"SWZ","Eswatini",-0.878542237775323,-0.227476732312702,NA
174,"SWZ","Eswatini",-0.880451029823733,-0.218090505104865,NA
175,"SWZ","Eswatini",-0.882148337916607,-0.208147011934671,NA
176,"SWZ","Eswatini",-0.883636551762032,-0.197655502725288,NA
177,"SWZ","Eswatini",-0.884918061035015,-0.186625966195447,NA
178,"SWZ","Eswatini",-0.885995251314475,-0.175069118745582,NA
179,"SWZ","Eswatini",-0.886870500098891,-0.162996392454831,NA
180,"SWZ","Eswatini",-0.887546172905683,-0.150419922202951,NA
181,"SWZ","Eswatini",-0.888024619459265,-0.137352531932184,NA
182,"SWZ","Eswatini",-0.888308169972578,-0.123807720065188,NA
183,"SWZ","Eswatini",-0.888399131526809,-0.10979964409612,NA
184,"SWZ","Eswatini",-0.88829978455382,-0.0953431043729544,NA
185,"SWZ","Eswatini",-0.888012379425692,-0.0804535270901101,NA
186,"SWZ","Eswatini",-0.88753913315565,-0.0651469465113676,NA
187,"SWZ","Eswatini",-0.886882226214447,-0.0494399864440007,NA
188,"SWZ","Eswatini",-0.886043799466156,-0.0333498409859451,NA
189,"SWZ","Eswatini",-0.885025951227145,-0.0168942545686756,NA
190,"SWZ","Eswatini",-0.883830734451834,-9.15013193341085e-05,NA
191,"SWZ","Eswatini",-0.882460154048666,0.0170396362335572,NA
192,"SWZ","Eswatini",-0.880916164329562,0.0344798890856645,NA
193,"SWZ","Eswatini",-0.879200666595909,0.0522095242878064,NA
194,"SWZ","Eswatini",-0.877315506863998,0.0702083680556975,NA
195,"SWZ","Eswatini",-0.875262473732595,0.0884558294311718,NA
196,"SWZ","Eswatini",-0.873043296395161,0.106930924466908,NA
197,"SWZ","Eswatini",-0.870659642799048,0.125612300906063,NA
198,"SWZ","Eswatini",-0.868113117953769,0.144478263327617,NA
199,"SWZ","Eswatini",-0.865405262390291,0.163506798727679,NA
200,"SWZ","Eswatini",-0.86253755077304,0.182675602506472,NA
201,"SWZ","Eswatini",-0.859511390666157,0.201962104830223,NA
202,"SWZ","Eswatini",-0.856328121455306,0.221343497336746,NA
203,"SWZ","Eswatini",-0.85298901342613,0.240796760153071,NA
204,"SWZ","Eswatini",-0.849495267000264,0.260298689193105,NA
205,"SWZ","Eswatini",-0.845848012129579,0.279825923702966,NA
206,"SWZ","Eswatini",-0.842048307849142,0.29935497402134,NA
207,"SWZ","Eswatini",-0.838097141989145,0.318862249521916,NA
208,"SWZ","Eswatini",-0.833995431045874,0.338324086704779,NA
209,"SWZ","Eswatini",-0.82974402021155,0.357716777403403,NA
210,"SWZ","Eswatini",-0.825343683562679,0.377016597073783,NA
211,"SWZ","Eswatini",-0.820795124406338,0.396199833132114,NA
212,"SWZ","Eswatini",-0.816098975783609,0.415242813307363,NA
213,"SWZ","Eswatini",-0.811255801129169,0.434121933975066,NA
214,"SWZ","Eswatini",-0.80626609508584,0.45281368843868,NA
215,"SWZ","Eswatini",-0.801130284472682,0.471294695124878,NA
216,"SWZ","Eswatini",-0.795848729405042,0.48954172565928,NA
217,"SWZ","Eswatini",-0.790421724564731,0.50753173278923,NA
218,"SWZ","Eswatini",-0.784849500618326,0.525241878120404,NA
219,"SWZ","Eswatini",-0.779132225781399,0.542649559634269,NA
220,"SWZ","Eswatini",-0.773270007526265,0.559732438953617,NA
221,"SWZ","Eswatini",-0.767262894430667,0.576468468323754,NA
222,"SWZ","Eswatini",-0.761110878164618,0.59283591727718,NA
223,"SWZ","Eswatini",-0.754813895612439,0.608813398950022,NA
224,"SWZ","Eswatini",-0.748371831126851,0.624379896018859,NA
225,"SWZ","Eswatini",-0.741784518911814,0.639514786227016,NA
226,"SWZ","Eswatini",-0.735051745530605,0.654197867469902,NA
227,"SWZ","Eswatini",-0.728173252535494,0.668409382409462,NA
228,"SWZ","Eswatini",-0.721148739215189,0.682130042588371,NA
229,"SWZ","Eswatini",-0.71397786545607,0.695341052015193,NA
230,"SWZ","Eswatini",-0.706660254713086,0.708024130192323,NA
231,"SWZ","Eswatini",-0.69919549708602,0.720161534559205,NA
232,"SWZ","Eswatini",-0.691583152496712,0.731736082324001,NA
233,"SWZ","Eswatini",-0.683822753962665,0.742731171657582,NA
234,"SWZ","Eswatini",-0.675913810962342,0.753130802224496,NA
235,"SWZ","Eswatini",-0.667855812887336,0.762919595026311,NA
236,"SWZ","Eswatini",-0.659648232576467,0.772082811533557,NA
237,"SWZ","Eswatini",-0.65129052992675,0.780606372083339,NA
238,"SWZ","Eswatini",-0.642782155576067,0.788476873520512,NA
239,"SWZ","Eswatini",-0.634122554652287,0.795681606061255,NA
240,"SWZ","Eswatini",-0.625311170583458,0.802208569358751,NA
241,"SWZ","Eswatini",-0.616347448963627,0.808046487751643,NA
242,"SWZ","Eswatini",-0.607230841468771,0.813184824676878,NA
243,"SWZ","Eswatini",-0.597960809817195,0.817613796229568,NA
244,"SWZ","Eswatini",-0.58853682976877,0.821324383853453,NA
245,"SWZ","Eswatini",-0.578958395157232,0.824308346146622,NA
246,"SWZ","Eswatini",-0.569225021949782,0.826558229768157,NA
247,"SWZ","Eswatini",-0.559336252328135,0.828067379432438,NA
248,"SWZ","Eswatini",-0.549291658785147,0.828829946978928,NA
249,"SWZ","Eswatini",-0.539090848231109,0.828840899506321,NA
250,"SWZ","Eswatini",-0.528733466103779,0.828096026561079,NA
251,"SWZ","Eswatini",-0.518219200476195,0.826591946371454,NA
252,"SWZ","Eswatini",-0.507547786156315,0.824326111119248,NA
253,"SWZ","Eswatini",-0.496719008772512,0.821296811242695,NA
254,"SWZ","Eswatini",-0.48573270883897,0.817503178764968,NA
255,"SWZ","Eswatini",-0.474588785795028,0.812945189643995,NA
256,"SWZ","Eswatini",-0.463287202012557,0.807623665140404,NA
257,"SWZ","Eswatini",-0.451827986765443,0.801540272201566,NA
258,"SWZ","Eswatini",-0.440211240155339,0.79469752286091,NA
259,"SWZ","Eswatini",-0.428437136987835,0.787098772652771,NA
260,"SWZ","Eswatini",-0.416505930593281,0.778748218044279,NA
261,"SWZ","Eswatini",-0.404417956586532,0.769650892886881,NA
262,"SWZ","Eswatini",-0.392173636559976,0.759812663891312,NA
263,"SWZ","Eswatini",-0.379773481704223,0.749240225130919,NA
264,"SWZ","Eswatini",-0.367218096350974,0.737941091579443,NA
265,"SWZ","Eswatini",-0.354508181432624,0.725923591690472,NA
266,"SWZ","Eswatini",-0.341644537853265,0.713196859026929,NA
267,"SWZ","Eswatini",-0.328628069765854,0.699770822950055,NA
268,"SWZ","Eswatini",-0.315459787750401,0.685656198378491,NA
269,"SWZ","Eswatini",-0.302140811888154,0.670864474629129,NA
270,"SWZ","Eswatini",-0.288672374726883,0.655407903352519,NA
271,"SWZ","Eswatini",-0.275055824132452,0.639299485576651,NA
272,"SWZ","Eswatini",-0.261292626022043,0.622552957874013,NA
273,"SWZ","Eswatini",-0.247384366974504,0.605182777667864,NA
274,"SWZ","Eswatini",-0.233332756713434,0.58720410769465,NA
275,"SWZ","Eswatini",-0.21913963045877,0.568632799640503,NA
276,"SWZ","Eswatini",-0.204806951142799,0.549485376970763,NA
277,"SWZ","Eswatini",-0.190336811486655,0.529779016972371,NA
278,"SWZ","Eswatini",-0.175731435933551,0.50953153202995,NA
279,"SWZ","Eswatini",-0.16099318243513,0.488761350157263,NA
280,"SWZ","Eswatini",-0.146124544087518,0.467487494806662,NA
281,"SWZ","Eswatini",-0.131128150613828,0.445729563979945,NA
282,"SWZ","Eswatini",-0.116006769690034,0.423507708664893,NA
283,"SWZ","Eswatini",-0.100763308111337,0.400842610622568,NA
284,"SWZ","Eswatini",-0.0854008127963175,0.377755459551178,NA
285,"SWZ","Eswatini",-0.0699224716263627,0.35426792965309,NA
286,"SWZ","Eswatini",-0.0543316141180681,0.330402155632272,NA
287,"SWZ","Eswatini",-0.0386317119264814,0.306180708150106,NA
288,"SWZ","Eswatini",-0.0228263791772808,0.281626568768147,NA
289,"SWZ","Eswatini",-0.00691937262618441,0.256763104407056,NA
290,"SWZ","Eswatini",0.00908540835593298,0.231614041351446,NA
291,"SWZ","Eswatini",0.0251839219734916,0.206203438830961,NA
292,"SWZ","Eswatini",0.0413719843733368,0.180555662208388,NA
293,"SWZ","Eswatini",0.0576452701893986,0.154695355806093,NA
294,"SWZ","Eswatini",0.07399931326557,0.128647415402444,NA
295,"SWZ","Eswatini",0.0904295075572207,0.102436960430372,NA
296,"SWZ","Eswatini",0.106931108211619,0.0760893059104363,NA
297,"SWZ","Eswatini",0.123499232827231,0.0496299341512431,NA
298,"SWZ","Eswatini",0.140128862891749,0.0230844662501715,NA
299,"SWZ","Eswatini",0.156814845398381,-0.00352136657225699,NA
300,"SWZ","Eswatini",0.173551894639824,-0.0301617517709442,NA
301,"SWZ","Eswatini",0.190334594179017,-0.0568108243740425,NA
302,"SWZ","Eswatini",0.207157398995659,-0.0834426959463417,NA
303,"SWZ","Eswatini",0.224014637807183,-0.110031483584343,NA
304,"SWZ","Eswatini",0.240900515562711,-0.136551338909201,NA
305,"SWZ","Eswatini",0.257809116108273,-0.162976477023628,NA
306,"SWZ","Eswatini",0.274734405021392,-0.189281205398972,NA
307,"SWZ","Eswatini",0.291670232612903,-0.215439952658708,NA
308,"SWZ","Eswatini",0.308610337093682,-0.241427297224729,NA
309,"SWZ","Eswatini",0.325548347903751,-0.267217995792971,NA
310,"SWZ","Eswatini",0.342477789201028,-0.292787011605131,NA
311,"SWZ","Eswatini",0.359392083506787,-0.318109542483427,NA
312,"SWZ","Eswatini",0.376284555504712,-0.343161048595696,NA
313,"SWZ","Eswatini",0.393148435990208,-0.367917279918371,NA
314,"SWZ","Eswatini",0.409976865966486,-0.392354303365299,NA
315,"SWZ","Eswatini",0.426762900883702,-0.416448529550697,NA
316,"SWZ","Eswatini",0.443499515017314,-0.440176739155026,NA
317,"SWZ","Eswatini",0.460179605981573,-0.463516108862983,NA
318,"SWZ","Eswatini",0.476795999373961,-0.486444236843369,NA
319,"SWZ","Eswatini",0.493341453546156,-0.508939167741052,NA
320,"SWZ","Eswatini",0.509808664497013,-0.530979417151924,NA
321,"SWZ","Eswatini",0.526190270882821,-0.552543995552253,NA
322,"SWZ","Eswatini",0.542478859140003,-0.573612431654554,NA
323,"SWZ","Eswatini",0.558666968715234,-0.594164795162732,NA
324,"SWZ","Eswatini",0.574747097397862,-0.614181718899987,NA
325,"SWZ","Eswatini",0.590711706749309,-0.633644420283687,NA
326,"SWZ","Eswatini",0.606553227624084,-0.652534722122197,NA
327,"SWZ","Eswatini",0.622264065776863,-0.670835072709461,NA
328,"SWZ","Eswatini",0.637836607549961,-0.688528565193928,NA
329,"SWZ","Eswatini",0.653263225635486,-0.705598956199319,NA
330,"SWZ","Eswatini",0.668536284906267,-0.722030683675554,NA
331,"SWZ","Eswatini",0.683648148309629,-0.737808883959132,NA
332,"SWZ","Eswatini",0.698591182817932,-0.752919408023119,NA
333,"SWZ","Eswatini",0.713357765429779,-0.767348836897912,NA
334,"SWZ","Eswatini",0.727940289215654,-0.781084496244906,NA
335,"SWZ","Eswatini",0.742331169401709,-0.794114470066163,NA
336,"SWZ","Eswatini",0.756522849485392,-0.806427613534237,NA
337,"SWZ","Eswatini",0.770507807376468,-0.81801356492734,NA
338,"SWZ","Eswatini",0.784278561557042,-0.828862756656063,NA
339,"SWZ","Eswatini",0.797827677254052,-0.838966425368967,NA
340,"SWZ","Eswatini",0.811147772617756,-0.848316621125431,NA
341,"SWZ","Eswatini",0.824231524899636,-0.856906215625242,NA
342,"SWZ","Eswatini",0.837071676623187,-0.864728909485523,NA
343,"SWZ","Eswatini",0.849661041740997,-0.871779238556736,NA
344,"SWZ","Eswatini",0.86199251177156,-0.878052579270595,NA
345,"SWZ","Eswatini",0.874059061909258,-0.883545153013905,NA
346,"SWZ","Eswatini",0.885853757100932,-0.888254029523455,NA
347,"SWZ","Eswatini",0.897369758082536,-0.892177129298268,NA
348,"SWZ","Eswatini",0.908600327369347,-0.895313225026672,NA
349,"SWZ","Eswatini",0.919538835193268,-0.89766194202679,NA
350,"SWZ","Eswatini",0.930178765380781,-0.899223757700242,NA
351,"SWZ","Eswatini",0.940513721165198,-0.9,NA
352,"SWZ","Eswatini",0.950537430926845,-0.899992844914486,NA
353,"SWZ","Eswatini",0.960243753854966,-0.899205312971186,NA
354,"SWZ","Eswatini",0.969626685525125,-0.897641264764191,NA
355,"SWZ","Eswatini",0.978680363386026,-0.89530539551123,NA
356,"SWZ","Eswatini",0.987399072149715,-0.892203228646905,NA
357,"SWZ","Eswatini",0.995777249079244,-0.888341108459966,NA
358,"SWZ","Eswatini",1.00380948916797,-0.883726191783605,NA
359,"SWZ","Eswatini",1.01149055020475,-0.878366438748835,NA
360,"SWZ","Eswatini",1.01881535771949,-0.872270602612158,NA
361,"SWZ","Eswatini",1.02577900980346,-0.865448218669783,NA
362,"SWZ","Eswatini",1.03237678179911,-0.857909592271747,NA
363,"SWZ","Eswatini",1.03860413085412,-0.849665785950359,NA
364,"SWZ","Eswatini",1.04445670033457,-0.840728605678394,NA
365,"SWZ","Eswatini",1.04993032409234,-0.831110586273534,NA
1,"TCD","Chad",-0.770748643919435,-0.807792193494216,NA
2,"TCD","Chad",-0.75765600796783,-0.804343468391065,NA
3,"TCD","Chad",-0.744478187587019,-0.800325099191441,NA
4,"TCD","Chad",-0.731240823336712,-0.795755594118643,NA
5,"TCD","Chad",-0.717969382531396,-0.79065399684075,NA
6,"TCD","Chad",-0.704689126158951,-0.785039859861853,NA
7,"TCD","Chad",-0.691425076116927,-0.778933217346308,NA
8,"TCD","Chad",-0.678201982806113,-0.772354557409405,NA
9,"TCD","Chad",-0.665044293120663,-0.765324793908463,NA
10,"TCD","Chad",-0.651976118873477,-0.757865237768957,NA
11,"TCD","Chad",-0.639021205695042,-0.749997567880802,NA
12,"TCD","Chad",-0.626202902443347,-0.741743801600443,NA
13,"TCD","Chad",-0.613544131161848,-0.733126264894817,NA
14,"TCD","Chad",-0.601067357621778,-0.724167562163713,NA
15,"TCD","Chad",-0.588794562484424,-0.714890545777372,NA
16,"TCD","Chad",-0.576747213118172,-0.705318285366538,NA
17,"TCD","Chad",-0.564946236104373,-0.695474036902423,NA
18,"TCD","Chad",-0.553411990465221,-0.6853812116043,NA
19,"TCD","Chad",-0.542164241645958,-0.675063344712603,NA
20,"TCD","Chad",-0.53122213628279,-0.664544064165597,NA
21,"TCD","Chad",-0.52060417778697,-0.653847059217749,NA
22,"TCD","Chad",-0.510328202774491,-0.642996049037988,NA
23,"TCD","Chad",-0.500411358369806,-0.632014751326069,NA
24,"TCD","Chad",-0.490870080410938,-0.620926850985196,NA
25,"TCD","Chad",-0.481720072582252,-0.609755968888992,NA
26,"TCD","Chad",-0.472976286500026,-0.598525630780772,NA
27,"TCD","Chad",-0.464652902774813,-0.587259236342893,NA
28,"TCD","Chad",-0.4567633130734,-0.575980028473745,NA
29,"TCD","Chad",-0.449320103201952,-0.564711062809692,NA
30,"TCD","Chad",-0.442335037230715,-0.553475177528933,NA
31,"TCD","Chad",-0.435819042679359,-0.542294963473947,NA
32,"TCD","Chad",-0.429782196780797,-0.531192734628747,NA
33,"TCD","Chad",-0.424233713839976,-0.520190498986752,NA
34,"TCD","Chad",-0.419181933702838,-0.509309929844602,NA
35,"TCD","Chad",-0.414634311349301,-0.498572337556725,NA
36,"TCD","Chad",-0.410597407622736,-0.487998641784866,NA
37,"TCD","Chad",-0.407076881107073,-0.477609344276231,NA
38,"TCD","Chad",-0.404077481161257,-0.46742450220322,NA
39,"TCD","Chad",-0.401603042119381,-0.457463702097039,NA
40,"TCD","Chad",-0.399656478663438,-0.447746034406779,NA
41,"TCD","Chad",-0.398239782374177,-0.438290068714762,NA
42,"TCD","Chad",-0.397354019464175,-0.429113829638177,NA
43,"TCD","Chad",-0.396999329695762,-0.420234773446179,NA
44,"TCD","Chad",-0.397174926485042,-0.411669765420773,NA
45,"TCD","Chad",-0.397879098191795,-0.40343505798888,NA
46,"TCD","Chad",-0.399109210593646,-0.395546269652073,NA
47,"TCD","Chad",-0.400861710541403,-0.388018364739478,NA
48,"TCD","Chad",-0.403132130791112,-0.380865634008365,NA
49,"TCD","Chad",-0.405915096006885,-0.374101676115898,NA
50,"TCD","Chad",-0.409204329927201,-0.367739379984496,NA
51,"TCD","Chad",-0.412992663685935,-0.361790908082131,NA
52,"TCD","Chad",-0.417272045277996,-0.356267680637828,NA
53,"TCD","Chad",-0.422033550158076,-0.351180360811469,NA
54,"TCD","Chad",-0.427267392959625,-0.346538840835861,NA
55,"TCD","Chad",-0.432962940319823,-0.342352229147866,NA
56,"TCD","Chad",-0.439108724795001,-0.338628838524163,NA
57,"TCD","Chad",-0.445692459849613,-0.335376175236048,NA
58,"TCD","Chad",-0.452701055900582,-0.332600929236388,NA
59,"TCD","Chad",-0.460120637397581,-0.330308965390663,NA
60,"TCD","Chad",-0.467936560918513,-0.328505315762714,NA
61,"TCD","Chad",-0.476133434258287,-0.327194172964575,NA
62,"TCD","Chad",-0.484695136487721,-0.326378884578477,NA
63,"TCD","Chad",-0.493604838958285,-0.326061948657813,NA
64,"TCD","Chad",-0.502845027227214,-0.326245010312545,NA
65,"TCD","Chad",-0.512397523876417,-0.326928859383255,NA
66,"TCD","Chad",-0.522243512197537,-0.328113429206685,NA
67,"TCD","Chad",-0.532363560714445,-0.329797796474333,NA
68,"TCD","Chad",-0.542737648513456,-0.331980182184334,NA
69,"TCD","Chad",-0.553345191350548,-0.334657953685535,NA
70,"TCD","Chad",-0.564165068503964,-0.337827627811367,NA
71,"TCD","Chad",-0.575175650339607,-0.341484875099797,NA
72,"TCD","Chad",-0.58635482655585,-0.345624525094319,NA
73,"TCD","Chad",-0.597680035073466,-0.350240572719666,NA
74,"TCD","Chad",-0.609128291535684,-0.355326185724608,NA
75,"TCD","Chad",-0.62067621938256,-0.360873713182908,NA
76,"TCD","Chad",-0.632300080463195,-0.366874695042263,NA
77,"TCD","Chad",-0.643975806148651,-0.373319872709745,NA
78,"TCD","Chad",-0.65567902890781,-0.380199200661052,NA
79,"TCD","Chad",-0.667385114307848,-0.387501859059605,NA
80,"TCD","Chad",-0.679069193400471,-0.395216267370339,NA
81,"TCD","Chad",-0.690706195454587,-0.403330098951801,NA
82,"TCD","Chad",-0.702270880995648,-0.411830296609018,NA
83,"TCD","Chad",-0.713737875111531,-0.420703089088422,NA
84,"TCD","Chad",-0.725081700984454,-0.429934008494963,NA
85,"TCD","Chad",-0.736276813608196,-0.439507908610468,NA
86,"TCD","Chad",-0.747297633649583,-0.449408984091169,NA
87,"TCD","Chad",-0.758118581413061,-0.459620790521282,NA
88,"TCD","Chad",-0.768714110867019,-0.470126265298485,NA
89,"TCD","Chad",-0.779058743690434,-0.480907749326121,NA
90,"TCD","Chad",-0.789127103298363,-0.491947009485982,NA
91,"TCD","Chad",-0.798893948804836,-0.503225261864586,NA
92,"TCD","Chad",-0.808334208881722,-0.514723195704932,NA
93,"TCD","Chad",-0.817423015472297,-0.526420998054857,NA
94,"TCD","Chad",-0.826135737318346,-0.538298379082247,NA
95,"TCD","Chad",-0.834448013259882,-0.550334598026565,NA
96,"TCD","Chad",-0.842335785266788,-0.562508489755373,NA
97,"TCD","Chad",-0.849775331162,-0.574798491893776,NA
98,"TCD","Chad",-0.856743296996205,-0.587182672494048,NA
99,"TCD","Chad",-0.863216729034418,-0.599638758212007,NA
100,"TCD","Chad",-0.869173105315255,-0.612144162956097,NA
101,"TCD","Chad",-0.8745903667442,-0.62467601697456,NA
102,"TCD","Chad",-0.87944694768272,-0.63721119634554,NA
103,"TCD","Chad",-0.88372180599565,-0.649726352834446,NA
104,"TCD","Chad",-0.88739445251991,-0.662197944082483,NA
105,"TCD","Chad",-0.890444979918277,-0.674602264089806,NA
106,"TCD","Chad",-0.892854090882679,-0.686915473956411,NA
107,"TCD","Chad",-0.894603125652196,-0.699113632843555,NA
108,"TCD","Chad",-0.895674088811791,-0.711172729118184,NA
109,"TCD","Chad",-0.896049675338621,-0.723068711642664,NA
110,"TCD","Chad",-0.89571329586365,-0.734777521171869,NA
111,"TCD","Chad",-0.894649101117232,-0.746275121819567,NA
112,"TCD","Chad",-0.892842005528255,-0.757537532555941,NA
113,"TCD","Chad",-0.890277709947463,-0.768540858698003,NA
114,"TCD","Chad",-0.886942723466588,-0.779261323354696,NA
115,"TCD","Chad",-0.882824384305979,-0.789675298788468,NA
116,"TCD","Chad",-0.877910879744532,-0.79975933765521,NA
117,"TCD","Chad",-0.872191265066832,-0.809490204084584,NA
118,"TCD","Chad",-0.865655481503594,-0.81884490456292,NA
119,"TCD","Chad",-0.858294373142657,-0.827800718581085,NA
120,"TCD","Chad",-0.850099702789021,-0.836335229010007,NA
121,"TCD","Chad",-0.841064166753636,-0.844426352166823,NA
122,"TCD","Chad",-0.831181408551932,-0.852052367534973,NA
123,"TCD","Chad",-0.820446031494358,-0.85919194710199,NA
124,"TCD","Chad",-0.808853610152511,-0.865824184279114,NA
125,"TCD","Chad",-0.796400700685757,-0.871928622367411,NA
126,"TCD","Chad",-0.783084850014611,-0.87748528253554,NA
127,"TCD","Chad",-0.768904603828483,-0.882474691274914,NA
128,"TCD","Chad",-0.753859513416793,-0.886877907298596,NA
129,"TCD","Chad",-0.737950141313847,-0.890676547850919,NA
130,"TCD","Chad",-0.721178065749263,-0.893852814395499,NA
131,"TCD","Chad",-0.703545883897165,-0.896389517650038,NA
132,"TCD","Chad",-0.685057213918769,-0.89827010193709,NA
133,"TCD","Chad",-0.665716695794419,-0.899478668820742,NA
134,"TCD","Chad",-0.645529990942591,-0.9,NA
135,"TCD","Chad",-0.624503780624766,-0.899819579430564,NA
136,"TCD","Chad",-0.602645763136585,-0.898923614647547,NA
137,"TCD","Chad",-0.579964649787064,-0.897299057262649,NA
138,"TCD","Chad",-0.556470159669155,-0.894933622610276,NA
139,"TCD","Chad",-0.532173013226313,-0.891815808518056,NA
140,"TCD","Chad",-0.507084924621211,-0.887934913178285,NA
141,"TCD","Chad",-0.481218592914126,-0.883281052097844,NA
142,"TCD","Chad",-0.454587692059958,-0.877845174105243,NA
143,"TCD","Chad",-0.427206859734249,-0.871619076394551,NA
144,"TCD","Chad",-0.399091684999937,-0.864595418587097,NA
145,"TCD","Chad",-0.370258694827996,-0.856767735792994,NA
146,"TCD","Chad",-0.340725339486439,-0.848130450655708,NA
147,"TCD","Chad",-0.310509976813539,-0.838678884364111,NA
148,"TCD","Chad",-0.279631855392439,-0.828409266617643,NA
149,"TCD","Chad",-0.248111096645614,-0.81731874453148,NA
150,"TCD","Chad",-0.215968675868977,-0.805405390469825,NA
151,"TCD","Chad",-0.183226402226643,-0.792668208796734,NA
152,"TCD","Chad",-0.149906897728628,-0.779107141535135,NA
153,"TCD","Chad",-0.116033575214969,-0.764723072926025,NA
154,"TCD","Chad",-0.0816306153709417,-0.749517832881088,NA
155,"TCD","Chad",-0.0467229427991921,-0.733494199323333,NA
156,"TCD","Chad",-0.0113362011757537,-0.71665589941162,NA
157,"TCD","Chad",0.0245032724820021,-0.6990076096463,NA
158,"TCD","Chad",0.0607684744063673,-0.680554954854494,NA
159,"TCD","Chad",0.0974317614990997,-0.661304506054877,NA
160,"TCD","Chad",0.134464879548898,-0.641263777203153,NA
161,"TCD","Chad",0.171838992214437,-0.62044122082073,NA
162,"TCD","Chad",0.209524710739962,-0.598846222510448,NA
163,"TCD","Chad",0.247492124369537,-0.576489094364493,NA
164,"TCD","Chad",0.285710831425206,-0.553381067270992,NA
165,"TCD","Chad",0.324149971013544,-0.529534282127044,NA
166,"TCD","Chad",0.362778255324283,-0.504961779967274,NA
167,"TCD","Chad",0.401564002484003,-0.479677491018272,NA
168,"TCD","Chad",0.440475169927227,-0.453696222690531,NA
169,"TCD","Chad",0.479479388246567,-0.427033646520822,NA
170,"TCD","Chad",0.518543995483055,-0.399706284079111,NA
171,"TCD","Chad",0.557636071817216,-0.371731491855416,NA
172,"TCD","Chad",0.596722474620955,-0.343127445143183,NA
173,"TCD","Chad",0.635769873829892,-0.31391312093697,NA
174,"TCD","Chad",0.674744787595386,-0.284108279863387,NA
175,"TCD","Chad",0.713613618175119,-0.253733447165397,NA
176,"TCD","Chad",0.752342688020843,-0.22280989276121,NA
177,"TCD","Chad",0.790898276021619,-0.191359610400117,NA
178,"TCD","Chad",0.829246653860664,-0.159405295938652,NA
179,"TCD","Chad",0.867354122443827,-0.126970324761561,NA
180,"TCD","Chad",0.905187048357515,-0.0940787283730546,NA
181,"TCD","Chad",0.942711900313942,-0.0607551701848052,NA
182,"TCD","Chad",0.979895285541479,-0.0270249205281366,NA
183,"TCD","Chad",1.01670398607799,0.0070861690812515,NA
184,"TCD","Chad",1.05310499492513,0.041551692396763,NA
185,"TCD","Chad",1.08906555202163,0.0763447155824805,NA
186,"TCD","Chad",1.12455317999398,0.111437805011892,NA
187,"TCD","Chad",1.15953571964297,0.146803055692061,NA
188,"TCD","Chad",1.19398136512492,0.182412120280737,NA
189,"TCD","Chad",1.22785869878683,0.218236238663247,NA
190,"TCD","Chad",1.26113672561494,0.254246268055281,NA
191,"TCD","Chad",1.29378490725676,0.290412713597083,NA
192,"TCD","Chad",1.32577319557702,0.326705759403966,NA
193,"TCD","Chad",1.35707206570854,0.363095300037489,NA
194,"TCD","Chad",1.38765254855962,0.399550972361153,NA
195,"TCD","Chad",1.41748626274021,0.436042187743998,NA
196,"TCD","Chad",1.44654544586958,0.472538164575048,NA
197,"TCD","Chad",1.47480298522932,0.50900796105117,NA
198,"TCD","Chad",1.50223244772576,0.545420508200601,NA
199,"TCD","Chad",1.52880810912708,0.581744643104056,NA
200,"TCD","Chad",1.55450498254105,0.617949142275144,NA
201,"TCD","Chad",1.57929884610027,0.654002755161557,NA
202,"TCD","Chad",1.60316626982259,0.689874237728371,NA
203,"TCD","Chad",1.62608464161551,0.725532386084691,NA
204,"TCD","Chad",1.6480321923942,0.760946070114781,NA
205,"TCD","Chad",1.66898802028393,0.796084267074814,NA
206,"TCD","Chad",1.6889321138786,0.830916095116414,NA
207,"TCD","Chad",1.7078453745284,0.865410846698199,NA
208,"TCD","Chad",1.72570963763045,0.899538021846692,NA
209,"TCD","Chad",1.7425076928977,0.933267361228082,NA
210,"TCD","Chad",1.75822330358239,0.966568878992585,NA
211,"TCD","Chad",1.77284122463165,0.999412895353338,NA
212,"TCD","Chad",1.78634721975399,1.03177006886211,NA
213,"TCD","Chad",1.79872807737692,1.06361142834443,NA
214,"TCD","Chad",1.80997162547676,1.09490840445714,NA
215,"TCD","Chad",1.82006674526366,1.12563286083175,NA
216,"TCD","Chad",1.82900338370554,1.15575712476756,NA
217,"TCD","Chad",1.83677256487646,1.18525401743886,NA
218,"TCD","Chad",1.84336640011609,1.21409688358132,NA
219,"TCD","Chad",1.84877809698837,1.24225962062296,NA
220,"TCD","Chad",1.85300196702893,1.26971670722602,NA
221,"TCD","Chad",1.85603343227201,1.2964432312066,NA
222,"TCD","Chad",1.85786903054946,1.32241491679965,NA
223,"TCD","Chad",1.85850641955527,1.3476081512376,NA
224,"TCD","Chad",1.85794437967119,1.37200001061194,NA
225,"TCD","Chad",1.85618281554969,1.39556828498759,NA
226,"TCD","Chad",1.85322275645261,1.41829150274092,NA
227,"TCD","Chad",1.849066355345,1.44014895409324,NA
228,"TCD","Chad",1.84371688674498,1.46112071381234,NA
229,"TCD","Chad",1.83717874333224,1.48118766305582,NA
230,"TCD","Chad",1.8294574313189,1.50033151033072,NA
231,"TCD","Chad",1.82055956458816,1.51853481154525,NA
232,"TCD","Chad",1.81049285760741,1.53578098912924,NA
233,"TCD","Chad",1.79926611712406,1.55205435020116,NA
234,"TCD","Chad",1.78688923265351,1.56734010376053,NA
235,"TCD","Chad",1.77337316577057,1.58162437688595,NA
236,"TCD","Chad",1.75872993821634,1.59489422991973,NA
237,"TCD","Chad",1.74297261883463,1.60713767062159,NA
238,"TCD","Chad",1.72611530935295,1.61834366727508,NA
239,"TCD","Chad",1.7081731290244,1.62850216073137,NA
240,"TCD","Chad",1.68916219814854,1.63760407537653,NA
241,"TCD","Chad",1.66909962049013,1.64564132900958,NA
242,"TCD","Chad",1.64800346461616,1.65260684161986,NA
243,"TCD","Chad",1.62589274417293,1.65849454305349,NA
244,"TCD","Chad",1.60278739712587,1.66329937956018,NA
245,"TCD","Chad",1.57870826398636,1.66701731921265,NA
246,"TCD","Chad",1.55367706505067,1.66964535619261,NA
247,"TCD","Chad",1.5277163766775,1.67118151393815,NA
248,"TCD","Chad",1.50084960663162,1.67162484714913,NA
249,"TCD","Chad",1.47310096852216,1.67097544264813,NA
250,"TCD","Chad",1.44449545536529,1.66923441909616,NA
251,"TCD","Chad",1.41505881230186,1.66640392556336,NA
252,"TCD","Chad",1.38481750850174,1.6624871389566,NA
253,"TCD","Chad",1.35379870828734,1.65748826030689,NA
254,"TCD","Chad",1.32203024150986,1.65141250992102,NA
255,"TCD","Chad",1.28954057321261,1.64426612140322,NA
256,"TCD","Chad",1.25635877261657,1.6360563345537,NA
257,"TCD","Chad",1.22251448146412,1.62679138715259,NA
258,"TCD","Chad",1.18803788175762,1.61648050563876,NA
259,"TCD","Chad",1.15295966293031,1.60513389469452,NA
260,"TCD","Chad",1.11731098848746,1.59276272574837,NA
261,"TCD","Chad",1.08112346215651,1.57937912440921,NA
262,"TCD","Chad",1.04442909358525,1.56499615684679,NA
263,"TCD","Chad",1.00726026362803,1.54962781513419,NA
264,"TCD","Chad",0.969649689259861,1.53328900156963,NA
265,"TCD","Chad",0.931630388159284,1.51599551199575,NA
266,"TCD","Chad",0.893235643000838,1.49776401813593,NA
267,"TCD","Chad",0.854498965498472,1.4786120489683,NA
268,"TCD","Chad",0.81545406024152,1.45855797115909,NA
269,"TCD","Chad",0.776134788364968,1.4376209685782,NA
270,"TCD","Chad",0.736575131096085,1.41582102092091,NA
271,"TCD","Chad",0.696809153219475,1.39317888146066,NA
272,"TCD","Chad",0.656870966502746,1.36971605395875,NA
273,"TCD","Chad",0.616794693125069,1.34545476875804,NA
274,"TCD","Chad",0.57661442915076,1.32041795808839,NA
275,"TCD","Chad",0.536364208090052,1.29462923061262,NA
276,"TCD","Chad",0.496077964589089,1.26811284524279,NA
277,"TCD","Chad",0.455789498290916,1.24089368425709,NA
278,"TCD","Chad",0.415532437909175,1.2129972257488,NA
279,"TCD","Chad",0.375340205555783,1.18444951543936,NA
280,"TCD","Chad",0.335245981363673,1.15527713788836,NA
281,"TCD","Chad",0.295282668445282,1.12550718713388,NA
282,"TCD","Chad",0.255482858227,1.09516723679752,NA
283,"TCD","Chad",0.215878796199444,1.0642853096887,NA
284,"TCD","Chad",0.176502348122796,1.03288984694371,NA
285,"TCD","Chad",0.137384966725975,1.0010096767353,NA
286,"TCD","Chad",0.0985576589378077,0.968673982589254,NA
287,"TCD","Chad",0.0600509536876491,0.935912271344753,NA
288,"TCD","Chad",0.0218948703123047,0.902754340795646,NA
289,"TCD","Chad",-0.0158811123946565,0.869230247050357,NA
290,"TCD","Chad",-0.0532480864559318,0.835370271648209,NA
291,"TCD","Chad",-0.0901777442712956,0.801204888470382,NA
292,"TCD","Chad",-0.126642407432617,0.76676473048385,NA
293,"TCD","Chad",-0.16261505476027,0.73208055635692,NA
294,"TCD","Chad",-0.198069349529186,0.697183216985013,NA
295,"TCD","Chad",-0.232979665853627,0.662103621965536,NA
296,"TCD","Chad",-0.267321114200933,0.626872706060616,NA
297,"TCD","Chad",-0.301069566005345,0.591521395686594,NA
298,"TCD","Chad",-0.33420167735426,0.556080575469001,NA
299,"TCD","Chad",-0.36669491172024,0.520581054901751,NA
300,"TCD","Chad",-0.398527561713354,0.485053535149054,NA
301,"TCD","Chad",-0.429678769829473,0.449528576028472,NA
302,"TCD","Chad",-0.460128548171475,0.414036563213178,NA
303,"TCD","Chad",-0.489857797121402,0.378607675691347,NA
304,"TCD","Chad",-0.518848322942979,0.343271853520155,NA
305,"TCD","Chad",-0.547082854295083,0.308058765911619,NA
306,"TCD","Chad",-0.574545057638117,0.272997779686991,NA
307,"TCD","Chad",-0.601219551516508,0.23811792813606,NA
308,"TCD","Chad",-0.627091919701928,0.203447880317153,NA
309,"TCD","Chad",-0.652148723183138,0.16901591083317,NA
310,"TCD","Chad",-0.676377510989785,0.134849870118286,NA
311,"TCD","Chad",-0.699766829838813,0.100977155269495,NA
312,"TCD","Chad",-0.722306232593591,0.067424681456357,NA
313,"TCD","Chad",-0.743986285527225,0.0342188539417403,NA
314,"TCD","Chad",-0.764798574382979,0.00138554074550412,NA
315,"TCD","Chad",-0.784735709226133,-0.0310499540175956,NA
316,"TCD","Chad",-0.803791328083047,-0.0630629160954124,NA
317,"TCD","Chad",-0.821960099364629,-0.0946292463217246,NA
318,"TCD","Chad",-0.83923772307287,-0.125725485076692,NA
319,"TCD","Chad",-0.855620930790492,-0.156328835956651,NA
320,"TCD","Chad",-0.87110748445529,-0.18641718862646,NA
321,"TCD","Chad",-0.885696173922071,-0.215969140828503,NA
322,"TCD","Chad",-0.899386813316643,-0.244964019523547,NA
323,"TCD","Chad",-0.912180236187639,-0.27338190113961,NA
324,"TCD","Chad",-0.92407828946345,-0.30120363090615,NA
325,"TCD","Chad",-0.935083826222912,-0.328410841251873,NA
326,"TCD","Chad",-0.945200697289819,-0.354985969245674,NA
327,"TCD","Chad",-0.954433741662706,-0.38091227306131,NA
328,"TCD","Chad",-0.962788775792731,-0.406173847447556,NA
329,"TCD","Chad",-0.970272581723845,-0.430755638186855,NA
330,"TCD","Chad",-0.976892894110762,-0.454643455526565,NA
331,"TCD","Chad",-0.982658386131612,-0.477823986568258,NA
332,"TCD","Chad",-0.987578654313389,-0.500284806601632,NA
333,"TCD","Chad",-0.99166420228967,-0.522014389370973,NA
334,"TCD","Chad",-0.994926423511274,-0.543002116263308,NA
335,"TCD","Chad",-0.997377582931785,-0.563238284408648,NA
336,"TCD","Chad",-0.999030797691091,-0.582714113684114,NA
337,"TCD","Chad",-0.999900016821228,-0.601421752614913,NA
338,"TCD","Chad",-1,-0.619354283166556,NA
339,"TCD","Chad",-0.99934629537895,-0.636505724423933,NA
340,"TCD","Chad",-0.997955216513347,-0.65287103515427,NA
341,"TCD","Chad",-0.995843818422908,-0.668446115252218,NA
342,"TCD","Chad",-0.993029872812988,-0.68322780606676,NA
343,"TCD","Chad",-0.989531842486965,-0.697213889610837,NA
344,"TCD","Chad",-0.985368854981484,-0.710403086656018,NA
345,"TCD","Chad",-0.980560675457135,-0.722795053715795,NA
346,"TCD","Chad",-0.975127678878007,-0.73439037892241,NA
347,"TCD","Chad",-0.969090821514408,-0.745190576803479,NA
348,"TCD","Chad",-0.962471611803792,-0.755198081965905,NA
349,"TCD","Chad",-0.955292080605721,-0.764416241695934,NA
350,"TCD","Chad",-0.947574750887374,-0.772849307485441,NA
351,"TCD","Chad",-0.939342606876758,-0.780502425495857,NA
352,"TCD","Chad",-0.930619062721454,-0.78738162597232,NA
353,"TCD","Chad",-0.921427930691198,-0.793493811621981,NA
354,"TCD","Chad",-0.911793388963245,-0.798846744971526,NA
355,"TCD","Chad",-0.901739949029833,-0.803449034720239,NA
356,"TCD","Chad",-0.891292422767561,-0.807310121106091,NA
357,"TCD","Chad",-0.880475889208871,-0.810440260303516,NA
358,"TCD","Chad",-0.869315661056118,-0.812850507872666,NA
359,"TCD","Chad",-0.857837250979068,-0.814552701281071,NA
360,"TCD","Chad",-0.846066337736825,-0.815559441519719,NA
361,"TCD","Chad",-0.83402873216546,-0.815884073836623,NA
362,"TCD","Chad",-0.821750343072672,-0.815540667611995,NA
363,"TCD","Chad",-0.809257143080984,-0.814543995400174,NA
364,"TCD","Chad",-0.796575134460945,-0.812909511164388,NA
365,"TCD","Chad",-0.783730314995851,-0.810653327731431,NA
1,"TGO","Togo",-0.999587555805013,1.08764172952912,NA
2,"TGO","Togo",-1,1.06298320705398,NA
3,"TGO","Togo",-0.999928079409185,1.03793072802245,NA
4,"TGO","Togo",-0.999377316432123,1.01250396486325,NA
5,"TGO","Togo",-0.998353591708346,0.986722779993372,NA
6,"TGO","Togo",-0.996863135598509,0.960607205321438,NA
7,"TGO","Togo",-0.994912519313515,0.934177421624322,NA
8,"TGO","Togo",-0.992508645702583,0.907453737820736,NA
9,"TGO","Togo",-0.989658739711595,0.880456570165288,NA
10,"TGO","Togo",-0.986370338523433,0.85320642138675,NA
11,"TGO","Togo",-0.982651281392378,0.825723859794253,NA
12,"TGO","Togo",-0.97850969918498,0.798029498375174,NA
13,"TGO","Togo",-0.973954003640154,0.770143973908453,NA
14,"TGO","Togo",-0.968992876361541,0.742087926117048,NA
15,"TGO","Togo",-0.963635257555495,0.713881976883163,NA
16,"TGO","Togo",-0.957890334528336,0.685546709549797,NA
17,"TGO","Togo",-0.95176752995677,0.657102648332036,NA
18,"TGO","Togo",-0.945276489945614,0.628570237861353,NA
19,"TGO","Togo",-0.938427071887231,0.599969822886032,NA
20,"TGO","Togo",-0.931229332137256,0.571321628150595,NA
21,"TGO","Togo",-0.923693513521418,0.542645738476893,NA
22,"TGO","Togo",-0.915830032688435,0.51396207906929,NA
23,"TGO","Togo",-0.907649467324114,0.485290396066035,NA
24,"TGO","Togo",-0.899162543241953,0.456650237358663,NA
25,"TGO","Togo",-0.890380121365649,0.428060933700893,NA
26,"TGO","Togo",-0.881313184619024,0.399541580128147,NA
27,"TGO","Togo",-0.871972824738991,0.371111017708431,NA
28,"TGO","Togo",-0.862370229027227,0.342787815644915,NA
29,"TGO","Togo",-0.852516667056299,0.314590253750084,NA
30,"TGO","Togo",-0.84242347734599,0.286536305310945,NA
31,"TGO","Togo",-0.832102054025631,0.258643620364218,NA
32,"TGO","Togo",-0.821563833498191,0.230929509399992,NA
33,"TGO","Togo",-0.810820281121901,0.2034109275118,NA
34,"TGO","Togo",-0.799882877925117,0.176104459010498,NA
35,"TGO","Togo",-0.788763107370084,0.149026302518796,NA
36,"TGO","Togo",-0.777472442181161,0.122192256562705,NA
37,"TGO","Togo",-0.766022331253024,0.0956177056755468,NA
38,"TGO","Togo",-0.754424186654168,0.0693176070295748,NA
39,"TGO","Togo",-0.742689370740984,0.0433064776096005,NA
40,"TGO","Togo",-0.730829183397461,0.0175983819423817,NA
41,"TGO","Togo",-0.718854849415451,-0.00779307960515063,NA
42,"TGO","Togo",-0.706777506030208,-0.0328547819464295,NA
43,"TGO","Togo",-0.694608190625736,-0.0575740858028512,NA
44,"TGO","Togo",-0.682357828624247,-0.0819388476274553,NA
45,"TGO","Togo",-0.670037221573786,-0.105937428914415,NA
46,"TGO","Togo",-0.657657035447848,-0.129558704884815,NA
47,"TGO","Togo",-0.645227789170524,-0.152792072539939,NA
48,"TGO","Togo",-0.632759843380417,-0.17562745807403,NA
49,"TGO","Togo",-0.620263389446303,-0.198055323639288,NA
50,"TGO","Togo",-0.607748438747151,-0.220066673456587,NA
51,"TGO","Togo",-0.595224812228819,-0.241653059266251,NA
52,"TGO","Togo",-0.582702130249375,-0.262806585113925,NA
53,"TGO","Togo",-0.570189802724639,-0.283519911467462,NA
54,"TGO","Togo",-0.557697019585167,-0.303786258661466,NA
55,"TGO","Togo",-0.545232741555514,-0.32359940966699,NA
56,"TGO","Togo",-0.532805691266206,-0.342953712184642,NA
57,"TGO","Togo",-0.520424344708436,-0.361844080060212,NA
58,"TGO","Togo",-0.508096923041095,-0.380265994022678,NA
59,"TGO","Togo",-0.495831384759287,-0.398215501745302,NA
60,"TGO","Togo",-0.483635418233049,-0.415689217231306,NA
61,"TGO","Togo",-0.471516434624529,-0.432684319526435,NA
62,"TGO","Togo",-0.459481561191425,-0.449198550761482,NA
63,"TGO","Togo",-0.447537634983993,-0.465230213528693,NA
64,"TGO","Togo",-0.43569119694247,-0.480778167596714,NA
65,"TGO","Togo",-0.42394848640124,-0.495841825969548,NA
66,"TGO","Togo",-0.412315436005607,-0.510421150295762,NA
67,"TGO","Togo",-0.400797667046498,-0.524516645634948,NA
68,"TGO","Togo",-0.389400485217935,-0.538129354589213,NA
69,"TGO","Togo",-0.37812887680158,-0.551260850808203,NA
70,"TGO","Togo",-0.36698750528215,-0.56391323187693,NA
71,"TGO","Togo",-0.355980708396957,-0.576089111596376,NA
72,"TGO","Togo",-0.345112495622312,-0.587791611667582,NA
73,"TGO","Togo",-0.33438654609899,-0.599024352790613,NA
74,"TGO","Togo",-0.323806206998427,-0.609791445190503,NA
75,"TGO","Togo",-0.313374492330767,-0.62009747858294,NA
76,"TGO","Togo",-0.303094082195364,-0.629947511593103,NA
77,"TGO","Togo",-0.292967322473772,-0.639347060641732,NA
78,"TGO","Togo",-0.282996224964759,-0.648302088313108,NA
79,"TGO","Togo",-0.273182467960302,-0.656818991220245,NA
80,"TGO","Togo",-0.263527397261009,-0.664904587383173,NA
81,"TGO","Togo",-0.254032027628884,-0.67256610313677,NA
82,"TGO","Togo",-0.244697044674792,-0.679811159585141,NA
83,"TGO","Togo",-0.235522807177489,-0.686647758620074,NA
84,"TGO","Togo",-0.226509349830527,-0.693084268521616,NA
85,"TGO","Togo",-0.217656386412847,-0.699129409159283,NA
86,"TGO","Togo",-0.208963313378346,-0.704792236812896,NA
87,"TGO","Togo",-0.200429213859204,-0.710082128632469,NA
88,"TGO","Togo",-0.192052862077246,-0.715008766756987,NA
89,"TGO","Togo",-0.183832728157135,-0.719582122112316,NA
90,"TGO","Togo",-0.175766983334683,-0.723812437908836,NA
91,"TGO","Togo",-0.167853505553116,-0.727710212859761,NA
92,"TGO","Togo",-0.160089885439632,-0.731286184141396,NA
93,"TGO","Togo",-0.152473432654144,-0.734551310116898,NA
94,"TGO","Togo",-0.145001182601661,-0.737516752845358,NA
95,"TGO","Togo",-0.137669903499288,-0.740193860398275,NA
96,"TGO","Togo",-0.130476103788434,-0.742594149005696,NA
97,"TGO","Togo",-0.123416039882369,-0.744729285054491,NA
98,"TGO","Togo",-0.116485724238884,-0.746611066961386,NA
99,"TGO","Togo",-0.109680933747412,-0.748251406943508,NA
100,"TGO","Togo",-0.102997218419574,-0.749662312709318,NA
101,"TGO","Togo",-0.096429910371769,-0.750855869092863,NA
102,"TGO","Togo",-0.0899741330880577,-0.751844219654336,NA
103,"TGO","Togo",-0.0836248109512575,-0.752639548269977,NA
104,"TGO","Togo",-0.0773766790298385,-0.753254060734303,NA
105,"TGO","Togo",-0.0712242931079077,-0.753699966397658,NA
106,"TGO","Togo",-0.0651620399452669,-0.753989459862003,NA
107,"TGO","Togo",-0.0591841477542586,-0.754134702757761,NA
108,"TGO","Togo",-0.0532846968798479,-0.75414780562445,NA
109,"TGO","Togo",-0.047457630669146,-0.754040809917664,NA
110,"TGO","Togo",-0.0416967665163489,-0.753825670164813,NA
111,"TGO","Togo",-0.0359958070688587,-0.753514236291831,NA
112,"TGO","Togo",-0.0303483515801514,-0.753118236142824,NA
113,"TGO","Togo",-0.024747907394789,-0.752649258214412,NA
114,"TGO","Togo",-0.0191879015508043,-0.752118734626211,NA
115,"TGO","Togo",-0.0136616924845519,-0.751537924348628,NA
116,"TGO","Togo",-0.0081625818229919,-0.750917896708784,NA
117,"TGO","Togo",-0.0026838262482679,-0.750269515195067,NA
118,"TGO","Togo",0.00278135058064506,-0.74960342158041,NA
119,"TGO","Togo",0.00823974606451567,-0.748930020383998,NA
120,"TGO","Togo",0.0136981666740022,-0.748259463690701,NA
121,"TGO","Togo",0.0191634159487407,-0.74760163634705,NA
122,"TGO","Togo",0.024642282500767,-0.746966141552141,NA
123,"TGO","Togo",0.0301415280376579,-0.746362286861329,NA
124,"TGO","Togo",0.035667875420747,-0.745799070620085,NA
125,"TGO","Togo",0.0412279967737361,-0.745285168844837,NA
126,"TGO","Togo",0.0468285016569579,-0.744828922567085,NA
127,"TGO","Togo",0.0524759253224641,-0.74443832565647,NA
128,"TGO","Togo",0.058176717065023,-0.744121013137935,NA
129,"TGO","Togo",0.0639372286839836,-0.743884250017454,NA
130,"TGO","Togo",0.0697637030708404,-0.743734920630226,NA
131,"TGO","Togo",0.0756622629371733,-0.743679518524541,NA
132,"TGO","Togo",0.0816388996974688,-0.743724136893903,NA
133,"TGO","Togo",0.0876994625211475,-0.7438744595693,NA
134,"TGO","Togo",0.0938496475679052,-0.74413575258282,NA
135,"TGO","Togo",0.100094987420271,-0.744512856313131,NA
136,"TGO","Togo",0.10644084072703,-0.745010178222594,NA
137,"TGO","Togo",0.112892382070914,-0.745631686195077,NA
138,"TGO","Togo",0.11945459207369,-0.746380902482803,NA
139,"TGO","Togo",0.126132247751489,-0.747260898269782,NA
140,"TGO","Togo",0.132929913132915,-0.748274288858668,NA
141,"TGO","Togo",0.139851930152147,-0.749423229487084,NA
142,"TGO","Togo",0.146902409828944,-0.750709411778686,NA
143,"TGO","Togo",0.15408522374707,-0.752134060833487,NA
144,"TGO","Togo",0.161403995842338,-0.753697932961132,NA
145,"TGO","Togo",0.168862094511074,-0.755401314060081,NA
146,"TGO","Togo",0.176462625049418,-0.757244018644809,NA
147,"TGO","Togo",0.184208422433481,-0.759225389522378,NA
148,"TGO","Togo",0.192102044449963,-0.761344298118928,NA
149,"TGO","Togo",0.200145765186424,-0.763599145455822,NA
150,"TGO","Togo",0.20834156888993,-0.765987863774403,NA
151,"TGO","Togo",0.216691144202405,-0.768507918807523,NA
152,"TGO","Togo",0.225195878780503,-0.771156312695186,NA
153,"TGO","Togo",0.233856854307398,-0.773929587540902,NA
154,"TGO","Togo",0.242674841903389,-0.776823829604508,NA
155,"TGO","Togo",0.251650297941733,-0.779834674126486,NA
156,"TGO","Togo",0.260783360275646,-0.782957310777975,NA
157,"TGO","Togo",0.270073844881886,-0.786186489729973,NA
158,"TGO","Togo",0.279521242925863,-0.789516528334384,NA
159,"TGO","Togo",0.289124718252665,-0.792941318408894,NA
160,"TGO","Togo",0.298883105307918,-0.796454334116856,NA
161,"TGO","Togo",0.308794907491832,-0.800048640432661,NA
162,"TGO","Togo",0.318858295949307,-0.803716902182347,NA
163,"TGO","Togo",0.329071108798388,-0.807451393648488,NA
164,"TGO","Togo",0.33943085079888,-0.811244008727705,NA
165,"TGO","Togo",0.349934693462356,-0.81508627162847,NA
166,"TGO","Togo",0.360579475604278,-0.818969348096193,NA
167,"TGO","Togo",0.371361704338407,-0.822884057151949,NA
168,"TGO","Togo",0.382277556513141,-0.82682088333054,NA
169,"TGO","Togo",0.393322880588871,-0.830769989403013,NA
170,"TGO","Togo",0.404493198954922,-0.83472122956809,NA
171,"TGO","Togo",0.415783710684111,-0.838664163096453,NA
172,"TGO","Togo",0.4271892947224,-0.842588068411224,NA
173,"TGO","Togo",0.438704513510613,-0.846481957587435,NA
174,"TGO","Togo",0.45032361703465,-0.850334591252782,NA
175,"TGO","Togo",0.462040547300106,-0.854134493871455,NA
176,"TGO","Togo",0.473848943226684,-0.857869969392321,NA
177,"TGO","Togo",0.485742145957275,-0.861529117242343,NA
178,"TGO","Togo",0.497713204576083,-0.865099848645612,NA
179,"TGO","Togo",0.509754882229658,-0.868569903248024,NA
180,"TGO","Togo",0.5218596626442,-0.871926866027198,NA
181,"TGO","Togo",0.534019757032038,-0.875158184466897,NA
182,"TGO","Togo",0.546227111379675,-0.878251185974874,NA
183,"TGO","Togo",0.558473414109348,-0.881193095522728,NA
184,"TGO","Togo",0.570750104105577,-0.883971053486103,NA
185,"TGO","Togo",0.583048379097728,-0.886572133663288,NA
186,"TGO","Togo",0.595359204389182,-0.88898336145002,NA
187,"TGO","Togo",0.607673321923266,-0.891191732148123,NA
188,"TGO","Togo",0.61998125967569,-0.893184229385409,NA
189,"TGO","Togo",0.632273341362825,-0.894947843624114,NA
190,"TGO","Togo",0.644539696454766,-0.896469590735026,NA
191,"TGO","Togo",0.656770270481741,-0.897736530614349,NA
192,"TGO","Togo",0.668954835622067,-0.898735785820295,NA
193,"TGO","Togo",0.681083001559498,-0.899454560206319,NA
194,"TGO","Togo",0.693144226597469,-0.89988015752793,NA
195,"TGO","Togo",0.705127829017422,-0.9,NA
196,"TGO","Togo",0.717022998668086,-0.899801646781537,NA
197,"TGO","Togo",0.728818808772288,-0.899272812364949,NA
198,"TGO","Togo",0.740504227937618,-0.898401384846934,NA
199,"TGO","Togo",0.752068132356968,-0.897175444058235,NA
200,"TGO","Togo",0.763499318184756,-0.895583279529655,NA
201,"TGO","Togo",0.77478651407441,-0.893613408271903,NA
202,"TGO","Togo",0.78591839386246,-0.891254592347042,NA
203,"TGO","Togo",0.796883589384419,-0.888495856209538,NA
204,"TGO","Togo",0.807670703407424,-0.885326503795168,NA
205,"TGO","Togo",0.818268322664502,-0.881736135336318,NA
206,"TGO","Togo",0.828665030975109,-0.877714663882532,NA
207,"TGO","Togo",0.838849422436557,-0.873252331505463,NA
208,"TGO","Togo",0.848810114670761,-0.868339725167779,NA
209,"TGO","Togo",0.858535762110703,-0.862967792235944,NA
210,"TGO","Togo",0.868015069310926,-0.857127855617178,NA
211,"TGO","Togo",0.877236804266318,-0.850811628501368,NA
212,"TGO","Togo",0.886189811723416,-0.844011228689132,NA
213,"TGO","Togo",0.894863026468472,-0.836719192487709,NA
214,"TGO","Togo",0.903245486576492,-0.828928488156873,NA
215,"TGO","Togo",0.911326346605514,-0.82063252888756,NA
216,"TGO","Togo",0.919094890720433,-0.811825185296452,NA
217,"TGO","Togo",0.926540545730727,-0.802500797420318,NA
218,"TGO","Togo",0.933652894026537,-0.79265418619451,NA
219,"TGO","Togo",0.940421686397657,-0.782280664400565,NA
220,"TGO","Togo",0.946836854720085,-0.771376047068554,NA
221,"TGO","Togo",0.952888524494953,-0.759936661320366,NA
222,"TGO","Togo",0.958567027224791,-0.747959355640863,NA
223,"TGO","Togo",0.963862912612252,-0.735441508564416,NA
224,"TGO","Togo",0.968766960566627,-0.722381036765091,NA
225,"TGO","Togo",0.973270193003686,-0.708776402539405,NA
226,"TGO","Togo",0.977363885424583,-0.694626620671302,NA
227,"TGO","Togo",0.981039578259843,-0.679931264669711,NA
228,"TGO","Togo",0.984289087964681,-0.664690472369811,NA
229,"TGO","Togo",0.987104517852188,-0.648904950889828,NA
230,"TGO","Togo",0.989478268651197,-0.632575980935989,NA
231,"TGO","Togo",0.991403048775983,-0.61570542044901,NA
232,"TGO","Togo",0.99287188429523,-0.598295707586242,NA
233,"TGO","Togo",0.99387812858807,-0.580349863034442,NA
234,"TGO","Togo",0.994415471675328,-0.561871491648845,NA
235,"TGO","Togo",0.994477949214493,-0.542864783415083,NA
236,"TGO","Togo",0.994059951147292,-0.523334513731239,NA
237,"TGO","Togo",0.993156229989168,-0.503286043008146,NA
238,"TGO","Togo",0.99176190875033,-0.482725315586871,NA
239,"TGO","Togo",0.9898724884785,-0.461658857973065,NA
240,"TGO","Togo",0.987483855413887,-0.440093776388745,NA
241,"TGO","Togo",0.984592287747368,-0.418037753642814,NA
242,"TGO","Togo",0.981194461973311,-0.395499045322494,NA
243,"TGO","Togo",0.977287458828935,-0.372486475308562,NA
244,"TGO","Togo",0.972868768812572,-0.3490094306182,NA
245,"TGO","Togo",0.96793629727368,-0.325077855579942,NA
246,"TGO","Togo",0.96248836906796,-0.3007022453461,NA
247,"TGO","Togo",0.956523732771392,-0.275893638748735,NA
248,"TGO","Togo",0.950041564447563,-0.250663610506135,NA
249,"TGO","Togo",0.943041470963122,-0.2250242627874,NA
250,"TGO","Togo",0.93552349284675,-0.198988216143635,NA
251,"TGO","Togo",0.927488106687553,-0.172568599814871,NA
252,"TGO","Togo",0.918936227069296,-0.145779041422704,NA
253,"TGO","Togo",0.909869208037454,-0.118633656059252,NA
254,"TGO","Togo",0.900288844096589,-0.0911470347838645,NA
255,"TGO","Togo",0.890197370736087,-0.0633342325396196,NA
256,"TGO","Togo",0.879597464482866,-0.0352107555024351,NA
257,"TGO","Togo",0.868492242480164,-0.00679254787619751,NA
258,"TGO","Togo",0.856885261592119,0.021904021851922,NA
259,"TGO","Togo",0.844780517034355,0.050862175181251,NA
260,"TGO","Togo",0.832182440531362,0.0800647383770569,NA
261,"TGO","Togo",0.819095898001987,0.109494157743692,NA
262,"TGO","Togo",0.805526186774928,0.139132515374798,NA
263,"TGO","Togo",0.791479032336622,0.168961545363442,NA
264,"TGO","Togo",0.776960584614506,0.198962650454435,NA
265,"TGO","Togo",0.76197741379913,0.229116919120589,NA
266,"TGO","Togo",0.746536505709174,0.259405143044133,NA
267,"TGO","Togo",0.730645256703895,0.289807834984055,NA
268,"TGO","Togo",0.714311468148129,0.320305247009611,NA
269,"TGO","Togo",0.697543340435403,0.350877389079867,NA
270,"TGO","Togo",0.680349466575326,0.381504047948652,NA
271,"TGO","Togo",0.662738825351829,0.412164806373958,NA
272,"TGO","Togo",0.644720774059404,0.442839062610418,NA
273,"TGO","Togo",0.626305040824943,0.473506050163145,NA
274,"TGO","Togo",0.607501716523256,0.504144857780916,NA
275,"TGO","Togo",0.588321246294842,0.534734449666376,NA
276,"TGO","Togo",0.568774420674934,0.565253685880639,NA
277,"TGO","Togo",0.548872366343273,0.595681342919478,NA
278,"TGO","Togo",0.528626536504561,0.625996134438014,NA
279,"TGO","Togo",0.508048700909905,0.656176732100676,NA
280,"TGO","Togo",0.487150935530023,0.686201786533014,NA
281,"TGO","Togo",0.465945611891393,0.71604994835179,NA
282,"TGO","Togo",0.444445386086871,0.745699889249738,NA
283,"TGO","Togo",0.42266318747275,0.775130323111194,NA
284,"TGO","Togo",0.400612207064534,0.804320027134854,NA
285,"TGO","Togo",0.378305885644086,0.833247862939823,NA
286,"TGO","Togo",0.355757901591148,0.861892797631115,NA
287,"TGO","Togo",0.33298215845252,0.890233924800868,NA
288,"TGO","Togo",0.309992772262523,0.918250485441506,NA
289,"TGO","Togo",0.286804058628657,0.945921888747223,NA
290,"TGO","Togo",0.263430519596601,0.973227732780267,NA
291,"TGO","Togo",0.239886830309027,1.00014782497862,NA
292,"TGO","Togo",0.216187825472852,1.02666220248188,NA
293,"TGO","Togo",0.192348485649875,1.05275115225232,NA
294,"TGO","Togo",0.16838392338585,1.07839523096825,NA
295,"TGO","Togo",0.144309369193334,1.10357528466734,NA
296,"TGO","Togo",0.120140157403712,1.12827246811731,NA
297,"TGO","Togo",0.0958917119040727,1.15246826389235,NA
298,"TGO","Togo",0.0715795317746208,1.1761445011334,NA
299,"TGO","Togo",0.0472191768425431,1.19928337397105,NA
300,"TGO","Togo",0.022826253168235,1.22186745959025,NA
301,"TGO","Togo",-0.00158360152002703,1.24387973591615,NA
302,"TGO","Togo",-0.0259947324269115,1.26530359890113,NA
303,"TGO","Togo",-0.0503914823101781,1.28612287939332,NA
304,"TGO","Togo",-0.0747582061040193,1.3063218595675,NA
305,"TGO","Togo",-0.0990792855293956,1.32588528889958,NA
306,"TGO","Togo",-0.123339143675244,1.34479839966672,NA
307,"TGO","Togo",-0.14752225953442,1.36304692195533,NA
308,"TGO","Togo",-0.171613182478329,1.38061709815995,NA
309,"TGO","Togo",-0.195596546654228,1.39749569695653,NA
310,"TGO","Togo",-0.219457085289319,1.41367002673426,NA
311,"TGO","Togo",-0.243179644885823,1.4291279484707,NA
312,"TGO","Togo",-0.266749199291377,1.44385788803556,NA
313,"TGO","Togo",-0.290150863629213,1.45784884790916,NA
314,"TGO","Togo",-0.313369908072785,1.47109041830234,NA
315,"TGO","Togo",-0.336391771449634,1.48357278766517,NA
316,"TGO","Togo",-0.359202074659537,1.49528675257248,NA
317,"TGO","Togo",-0.38178663389215,1.50622372697515,NA
318,"TGO","Togo",-0.404131473629645,1.51637575080653,NA
319,"TGO","Togo",-0.426222839420007,1.52573549793442,NA
320,"TGO","Togo",-0.448047210407046,1.53429628344947,NA
321,"TGO","Togo",-0.469591311603313,1.54205207028184,NA
322,"TGO","Togo",-0.490842125892558,1.54899747513875,NA
323,"TGO","Togo",-0.511786905748554,1.55512777375606,NA
324,"TGO","Togo",-0.532413184657538,1.56043890545815,NA
325,"TGO","Togo",-0.552708788231787,1.56492747702093,NA
326,"TGO","Togo",-0.572661845002278,1.56859076583371,NA
327,"TGO","Togo",-0.592260796878695,1.57142672235642,NA
328,"TGO","Togo",-0.611494409265454,1.57343397186945,NA
329,"TGO","Togo",-0.630351780822841,1.57461181551443,NA
330,"TGO","Togo",-0.648822352862714,1.57496023062456,NA
331,"TGO","Togo",-0.666895918368712,1.57447987034459,NA
332,"TGO","Togo",-0.684562630631288,1.5731720625408,NA
333,"TGO","Togo",-0.701813011488373,1.57103880800243,NA
334,"TGO","Togo",-0.718637959162918,1.56808277793677,NA
335,"TGO","Togo",-0.735028755689026,1.56430731076095,NA
336,"TGO","Togo",-0.750977073918875,1.55971640819411,NA
337,"TGO","Togo",-0.766474984103107,1.55431473065474,NA
338,"TGO","Togo",-0.781514960037865,1.54810759196852,NA
339,"TGO","Togo",-0.796089884772149,1.54110095339283,NA
340,"TGO","Togo",-0.810193055869688,1.53330141696496,NA
341,"TGO","Togo",-0.823818190220015,1.52471621818182,NA
342,"TGO","Togo",-0.836959428393996,1.51535321801959,NA
343,"TGO","Togo",-0.849611338539543,1.50522089430263,NA
344,"TGO","Togo",-0.861768919813808,1.49432833243174,NA
345,"TGO","Togo",-0.873427605348691,1.48268521548236,NA
346,"TGO","Togo",-0.884583264746996,1.47030181368445,NA
347,"TGO","Togo",-0.895232206107174,1.45718897329591,NA
348,"TGO","Togo",-0.90537117757508,1.44335810488276,NA
349,"TGO","Togo",-0.914997368421757,1.42882117101934,NA
350,"TGO","Togo",-0.924108409646775,1.41359067342291,NA
351,"TGO","Togo",-0.932702374107245,1.39767963953751,NA
352,"TGO","Togo",-0.940777776173112,1.38110160858246,NA
353,"TGO","Togo",-0.948333570909958,1.3638706170817,NA
354,"TGO","Togo",-0.955369152791001,1.3460011838906,NA
355,"TGO","Togo",-0.961884353940611,1.32750829473749,NA
356,"TGO","Togo",-0.967879441912121,1.30840738629778,NA
357,"TGO","Togo",-0.973355117003301,1.28871432981887,NA
358,"TGO","Togo",-0.978312509113385,1.26844541431485,NA
359,"TGO","Togo",-0.982753174146038,1.24761732935021,NA
360,"TGO","Togo",-0.986679089963224,1.2262471474323,NA
361,"TGO","Togo",-0.990092651895402,1.20435230603295,NA
362,"TGO","Togo",-0.992996667814009,1.18195058925965,NA
363,"TGO","Togo",-0.995394352772709,1.15906010919756,NA
364,"TGO","Togo",-0.997289323224327,1.13569928694355,NA
365,"TGO","Togo",-0.998685590820938,1.1118868333541,NA
1,"TZA","Tanzania",0.664374811838474,0.456006840996487,NA
2,"TZA","Tanzania",0.67048503036619,0.444803797169134,NA
3,"TZA","Tanzania",0.67648478485724,0.433581042793806,NA
4,"TZA","Tanzania",0.682373952478188,0.422344657472861,NA
5,"TZA","Tanzania",0.688152336650882,0.411100588729561,NA
6,"TZA","Tanzania",0.693819665275407,0.399854647142909,NA
7,"TZA","Tanzania",0.699375589103847,0.388612501688077,NA
8,"TZA","Tanzania",0.704819680267332,0.377379675287281,NA
9,"TZA","Tanzania",0.710151430958697,0.366161540575697,NA
10,"TZA","Tanzania",0.715370252272841,0.354963315886766,NA
11,"TZA","Tanzania",0.720475473206697,0.343790061460932,NA
12,"TZA","Tanzania",0.725466339820482,0.332646675881612,NA
13,"TZA","Tanzania",0.730342014561722,0.321537892741891,NA
14,"TZA","Tanzania",0.735101575753313,0.310468277545164,NA
15,"TZA","Tanzania",0.739744017246664,0.299442224842656,NA
16,"TZA","Tanzania",0.744268248240775,0.288463955610453,NA
17,"TZA","Tanzania",0.748673093267848,0.277537514868389,NA
18,"TZA","Tanzania",0.752957292345861,0.266666769542836,NA
19,"TZA","Tanzania",0.757119501298279,0.255855406575139,NA
20,"TZA","Tanzania",0.761158292240859,0.245106931277144,NA
21,"TZA","Tanzania",0.76507215423533,0.234424665934956,NA
22,"TZA","Tanzania",0.768859494109453,0.22381174866177,NA
23,"TZA","Tanzania",0.772518637442788,0.213271132500303,NA
24,"TZA","Tanzania",0.77604782971727,0.202805584775058,NA
25,"TZA","Tanzania",0.779445237631472,0.19241768669434,NA
26,"TZA","Tanzania",0.782708950577225,0.182109833201646,NA
27,"TZA","Tanzania",0.785836982277054,0.171884233075729,NA
28,"TZA","Tanzania",0.788827272580671,0.161742909278376,NA
29,"TZA","Tanzania",0.791677689418567,0.15168769954857,NA
30,"TZA","Tanzania",0.794386030910523,0.141720257241479,NA
31,"TZA","Tanzania",0.796950027626677,0.131842052410367,NA
32,"TZA","Tanzania",0.799367344998558,0.122054373129239,NA
33,"TZA","Tanzania",0.801635585877323,0.112358327053767,NA
34,"TZA","Tanzania",0.803752293236217,0.1027548432177,NA
35,"TZA","Tanzania",0.805714953014105,0.0932446740617356,NA
36,"TZA","Tanzania",0.807520997096713,0.0838283976915078,NA
37,"TZA","Tanzania",0.809167806432057,0.0745064203610794,NA
38,"TZA","Tanzania",0.810652714276338,0.0652789791780659,NA
39,"TZA","Tanzania",0.811973009566421,0.0561461450262325,NA
40,"TZA","Tanzania",0.81312594041482,0.0471078257011545,NA
41,"TZA","Tanzania",0.814108717723001,0.0381637692542715,NA
42,"TZA","Tanzania",0.814918518908567,0.0293135675404099,NA
43,"TZA","Tanzania",0.815552491741822,0.0205566599636108,NA
44,"TZA","Tanzania",0.816007758287011,0.0118923374158537,NA
45,"TZA","Tanzania",0.816281418943379,0.00331974640303932,NA
46,"TZA","Tanzania",0.816370556581104,-0.005162106647632,NA
47,"TZA","Tanzania",0.816272240766974,-0.0135543509049699,NA
48,"TZA","Tanzania",0.815983532074572,-0.021858246482081,NA
49,"TZA","Tanzania",0.815501486473632,-0.0300751796221312,NA
50,"TZA","Tanzania",0.814823159793069,-0.0382066577282712,NA
51,"TZA","Tanzania",0.813945612252119,-0.0462543042446019,NA
52,"TZA","Tanzania",0.812865913053919,-0.0542198533952355,NA
53,"TZA","Tanzania",0.811581145035729,-0.0621051447886747,NA
54,"TZA","Tanzania",0.810088409369963,-0.0699121178948959,NA
55,"TZA","Tanzania",0.808384830310067,-0.0776428064026718,NA
56,"TZA","Tanzania",0.806467559975245,-0.0852993324648117,NA
57,"TZA","Tanzania",0.804333783167949,-0.0928839008391339,NA
58,"TZA","Tanzania",0.801980722217996,-0.100398792933101,NA
59,"TZA","Tanzania",0.799405641847123,-0.107846360760167,NA
60,"TZA","Tanzania",0.796605854047754,-0.115229020815996,NA
61,"TZA","Tanzania",0.793578722969702,-0.122549247882789,NA
62,"TZA","Tanzania",0.790321669808522,-0.129809568770055,NA
63,"TZA","Tanzania",0.786832177689188,-0.137012556000228,NA
64,"TZA","Tanzania",0.783107796538773,-0.144160821447598,NA
65,"TZA","Tanzania",0.779146147941788,-0.151257009939084,NA
66,"TZA","Tanzania",0.774944929971854,-0.158303792825394,NA
67,"TZA","Tanzania",0.770501921993388,-0.165303861531185,NA
68,"TZA","Tanzania",0.765814989426979,-0.172259921092837,NA
69,"TZA","Tanzania",0.760882088472201,-0.179174683692463,NA
70,"TZA","Tanzania",0.755701270781592,-0.186050862196786,NA
71,"TZA","Tanzania",0.750270688079603,-0.192891163709512,NA
72,"TZA","Tanzania",0.744588596720359,-0.199698283145786,NA
73,"TZA","Tanzania",0.738653362178128,-0.20647489683731,NA
74,"TZA","Tanzania",0.732463463464448,-0.213223656176644,NA
75,"TZA","Tanzania",0.726017497465963,-0.219947181309164,NA
76,"TZA","Tanzania",0.719314183197048,-0.226648054881107,NA
77,"TZA","Tanzania",0.712352365961443,-0.233328815852023,NA
78,"TZA","Tanzania",0.705131021417162,-0.23999195337991,NA
79,"TZA","Tanzania",0.69764925953906,-0.246639900787195,NA
80,"TZA","Tanzania",0.689906328473566,-0.253275029615624,NA
81,"TZA","Tanzania",0.681901618280158,-0.259899643778017,NA
82,"TZA","Tanzania",0.673634664554321,-0.266515973814716,NA
83,"TZA","Tanzania",0.665105151926825,-0.273126171262436,NA
84,"TZA","Tanzania",0.656312917434304,-0.279732303143058,NA
85,"TZA","Tanzania",0.647257953756252,-0.286336346579803,NA
86,"TZA","Tanzania",0.637940412313704,-0.292940183548003,NA
87,"TZA","Tanzania",0.628360606224999,-0.299545595767583,NA
88,"TZA","Tanzania",0.618519013114216,-0.306154259744138,NA
89,"TZA","Tanzania",0.608416277767985,-0.312767741965334,NA
90,"TZA","Tanzania",0.598053214636593,-0.319387494259169,NA
91,"TZA","Tanzania",0.587430810175438,-0.326014849320398,NA
92,"TZA","Tanzania",0.57655022502308,-0.332651016411272,NA
93,"TZA","Tanzania",0.565412796012323,-0.339297077242458,NA
94,"TZA","Tanzania",0.554020038010929,-0.345953982039842,NA
95,"TZA","Tanzania",0.542373645588773,-0.352622545802659,NA
96,"TZA","Tanzania",0.530475494508442,-0.359303444758149,NA
97,"TZA","Tanzania",0.518327643036466,-0.365997213017711,NA
98,"TZA","Tanzania",0.505932333072583,-0.372704239439278,NA
99,"TZA","Tanzania",0.493291991094646,-0.379424764700365,NA
100,"TZA","Tanzania",0.480409228916977,-0.386158878585993,NA
101,"TZA","Tanzania",0.467286844260198,-0.392906517495423,NA
102,"TZA","Tanzania",0.45392782113078,-0.399667462171362,NA
103,"TZA","Tanzania",0.440335330008751,-0.406441335655027,NA
104,"TZA","Tanzania",0.426512727842263,-0.413227601470172,NA
105,"TZA","Tanzania",0.412463557847877,-0.420025562038908,NA
106,"TZA","Tanzania",0.398191549115721,-0.42683435733184,NA
107,"TZA","Tanzania",0.383700616018833,-0.433652963754776,NA
108,"TZA","Tanzania",0.368994857426263,-0.440480193273953,NA
109,"TZA","Tanzania",0.354078555719736,-0.447314692781442,NA
110,"TZA","Tanzania",0.338956175613873,-0.45415494370208,NA
111,"TZA","Tanzania",0.323632362780235,-0.460999261842991,NA
112,"TZA","Tanzania",0.308111942275642,-0.467845797486463,NA
113,"TZA","Tanzania",0.292399916775478,-0.474692535726614,NA
114,"TZA","Tanzania",0.276501464612896,-0.481537297050011,NA
115,"TZA","Tanzania",0.260421937625075,-0.488377738160096,NA
116,"TZA","Tanzania",0.244166858807903,-0.495211353044939,NA
117,"TZA","Tanzania",0.227741919780669,-0.502035474287588,NA
118,"TZA","Tanzania",0.211152978062606,-0.508847274617938,NA
119,"TZA","Tanzania",0.194406054163288,-0.51564376870475,NA
120,"TZA","Tanzania",0.177507328489163,-0.522421815186183,NA
121,"TZA","Tanzania",0.160463138068672,-0.529178118936855,NA
122,"TZA","Tanzania",0.143279973098648,-0.535909233569185,NA
123,"TZA","Tanzania",0.125964473314871,-0.542611564166475,NA
124,"TZA","Tanzania",0.108523424189898,-0.549281370244885,NA
125,"TZA","Tanzania",0.090963752961449,-0.555914768941177,NA
126,"TZA","Tanzania",0.0732925244948571,-0.562507738422816,NA
127,"TZA","Tanzania",0.0555169369832873,-0.569056121516753,NA
128,"TZA","Tanzania",0.0376443174895988,-0.575555629552906,NA
129,"TZA","Tanzania",0.0196821173339408,-0.582001846418119,NA
130,"TZA","Tanzania",0.0016379073313331,-0.588390232816099,NA
131,"TZA","Tanzania",-0.0164806271163253,-0.594716130728562,NA
132,"TZA","Tanzania",-0.0346656910692076,-0.60097476807258,NA
133,"TZA","Tanzania",-0.052909385234695,-0.607161263548863,NA
134,"TZA","Tanzania",-0.0712037112837413,-0.61327063167547,NA
135,"TZA","Tanzania",-0.0895405772933777,-0.619297788001205,NA
136,"TZA","Tanzania",-0.10791180331009,-0.62523755449272,NA
137,"TZA","Tanzania",-0.126309127028684,-0.631084665089145,NA
138,"TZA","Tanzania",-0.144724209581078,-0.636833771417813,NA
139,"TZA","Tanzania",-0.163148641429371,-0.642479448664477,NA
140,"TZA","Tanzania",-0.181573948357361,-0.648016201591198,NA
141,"TZA","Tanzania",-0.199991597554614,-0.65343847069489,NA
142,"TZA","Tanzania",-0.218393003787024,-0.658740638499325,NA
143,"TZA","Tanzania",-0.236769535647737,-0.663917035973238,NA
144,"TZA","Tanzania",-0.255112521882175,-0.668961949066991,NA
145,"TZA","Tanzania",-0.273413257780847,-0.673869625360103,NA
146,"TZA","Tanzania",-0.291663011633489,-0.6786342808118,NA
147,"TZA","Tanzania",-0.309853031238056,-0.683250106606614,NA
148,"TZA","Tanzania",-0.327974550457969,-0.687711276086917,NA
149,"TZA","Tanzania",-0.346018795820994,-0.692011951764146,NA
150,"TZA","Tanzania",-0.36397699315304,-0.696146292400406,NA
151,"TZA","Tanzania",-0.381840374240137,-0.700108460151977,NA
152,"TZA","Tanzania",-0.399600183511804,-0.703892627766224,NA
153,"TZA","Tanzania",-0.417247684738985,-0.707492985823269,NA
154,"TZA","Tanzania",-0.434774167739704,-0.710903750013769,NA
155,"TZA","Tanzania",-0.452170955085578,-0.714119168444039,NA
156,"TZA","Tanzania",-0.469429408802296,-0.717133528959737,NA
157,"TZA","Tanzania",-0.486540937057207,-0.719941166479286,NA
158,"TZA","Tanzania",-0.503497000827124,-0.722536470328156,NA
159,"TZA","Tanzania",-0.52028912053949,-0.724913891565155,NA
160,"TZA","Tanzania",-0.536908882680068,-0.727067950291822,NA
161,"TZA","Tanzania",-0.553347946360342,-0.72899324293606,NA
162,"TZA","Tanzania",-0.569598049837852,-0.730684449501132,NA
163,"TZA","Tanzania",-0.585651016982732,-0.732136340771174,NA
164,"TZA","Tanzania",-0.601498763683779,-0.73334378546444,NA
165,"TZA","Tanzania",-0.617133304187421,-0.734301757325491,NA
166,"TZA","Tanzania",-0.632546757363052,-0.73500534214764,NA
167,"TZA","Tanzania",-0.647731352888228,-0.735449744717007,NA
168,"TZA","Tanzania",-0.662679437347358,-0.735630295669626,NA
169,"TZA","Tanzania",-0.677383480237563,-0.73554245825313,NA
170,"TZA","Tanzania",-0.691836079875504,-0.735181834984629,NA
171,"TZA","Tanzania",-0.70602996919906,-0.734544174196517,NA
172,"TZA","Tanzania",-0.719958021457883,-0.733625376462058,NA
173,"TZA","Tanzania",-0.733613255786923,-0.732421500892711,NA
174,"TZA","Tanzania",-0.746988842657194,-0.730928771299318,NA
175,"TZA","Tanzania",-0.760078109198137,-0.729143582209408,NA
176,"TZA","Tanzania",-0.772874544386111,-0.727062504733021,NA
177,"TZA","Tanzania",-0.785371804093655,-0.724682292269636,NA
178,"TZA","Tanzania",-0.797563715994332,-0.72199988604895,NA
179,"TZA","Tanzania",-0.809444284318122,-0.719012420498436,NA
180,"TZA","Tanzania",-0.821007694452474,-0.715717228430811,NA
181,"TZA","Tanzania",-0.832248317384317,-0.71211184604472,NA
182,"TZA","Tanzania",-0.843160713978492,-0.708194017732182,NA
183,"TZA","Tanzania",-0.853739639088229,-0.703961700686528,NA
184,"TZA","Tanzania",-0.863980045493507,-0.699413069304802,NA
185,"TZA","Tanzania",-0.873877087663296,-0.694546519378813,NA
186,"TZA","Tanzania",-0.883426125337875,-0.689360672069287,NA
187,"TZA","Tanzania",-0.892622726927635,-0.683854377657772,NA
188,"TZA","Tanzania",-0.901462672724944,-0.678026719071242,NA
189,"TZA","Tanzania",-0.90994195792588,-0.671877015174566,NA
190,"TZA","Tanzania",-0.918056795458849,-0.665404823826297,NA
191,"TZA","Tanzania",-0.925803618617273,-0.658609944693491,NA
192,"TZA","Tanzania",-0.933179083493818,-0.651492421821535,NA
193,"TZA","Tanzania",-0.940180071213768,-0.644052545955254,NA
194,"TZA","Tanzania",-0.946803689965442,-0.636290856607841,NA
195,"TZA","Tanzania",-0.953047276825724,-0.628208143874442,NA
196,"TZA","Tanzania",-0.958908399379023,-0.619805449987515,NA
197,"TZA","Tanzania",-0.964384857128199,-0.611084070611393,NA
198,"TZA","Tanzania",-0.969474682696218,-0.602045555873755,NA
199,"TZA","Tanzania",-0.974176142817529,-0.592691711132029,NA
200,"TZA","Tanzania",-0.978487739118383,-0.583024597473043,NA
201,"TZA","Tanzania",-0.982408208685558,-0.573046531944554,NA
202,"TZA","Tanzania",-0.985936524423151,-0.562760087517583,NA
203,"TZA","Tanzania",-0.989071895197377,-0.552168092778806,NA
204,"TZA","Tanzania",-0.991813765769503,-0.541273631352538,NA
205,"TZA","Tanzania",-0.994161816517306,-0.530080041052195,NA
206,"TZA","Tanzania",-0.996115962945654,-0.518590912761388,NA
207,"TZA","Tanzania",-0.99767635498705,-0.506810089045143,NA
208,"TZA","Tanzania",-0.998843376093212,-0.494741662492045,NA
209,"TZA","Tanzania",-0.999617642118968,-0.482389973788413,NA
210,"TZA","Tanzania",-1,-0.469759609525912,NA
211,"TZA","Tanzania",-0.999991526226168,-0.45685539974434,NA
212,"TZA","Tanzania",-0.999593525112384,-0.443682415211606,NA
213,"TZA","Tanzania",-0.998807526869222,-0.430245964443248,NA
214,"TZA","Tanzania",-0.997635285475655,-0.416551590464107,NA
215,"TZA","Tanzania",-0.996078776356545,-0.402605067315104,NA
216,"TZA","Tanzania",-0.994140193867701,-0.38841239630835,NA
217,"TZA","Tanzania",-0.991821948591541,-0.373979802034095,NA
218,"TZA","Tanzania",-0.9891266644466,-0.359313728123336,NA
219,"TZA","Tanzania",-0.986057175614305,-0.344420832770178,NA
220,"TZA","Tanzania",-0.982616523286667,-0.329307984018307,NA
221,"TZA","Tanzania",-0.978807952238691,-0.313982254816228,NA
222,"TZA","Tanzania",-0.974634907229538,-0.29845091784618,NA
223,"TZA","Tanzania",-0.970101029236617,-0.282721440131908,NA
224,"TZA","Tanzania",-0.965210151526969,-0.266801477430722,NA
225,"TZA","Tanzania",-0.959966295570512,-0.250698868415524,NA
226,"TZA","Tanzania",-0.954373666799819,-0.234421628652752,NA
227,"TZA","Tanzania",-0.948436650221334,-0.217977944382388,NA
228,"TZA","Tanzania",-0.942159805883024,-0.201376166106447,NA
229,"TZA","Tanzania",-0.935547864203655,-0.184624801992558,NA
230,"TZA","Tanzania",-0.928605721169012,-0.167732511099486,NA
231,"TZA","Tanzania",-0.921338433400508,-0.150708096431642,NA
232,"TZA","Tanzania",-0.91375121310178,-0.133560497829821,NA
233,"TZA","Tanzania",-0.905849422888971,-0.116298784705628,NA
234,"TZA","Tanzania",-0.897638570510544,-0.0989321486271909,NA
235,"TZA","Tanzania",-0.889124303462542,-0.0814698957639809,NA
236,"TZA","Tanzania",-0.880312403505369,-0.0639214391987008,NA
237,"TZA","Tanzania",-0.871208781088196,-0.0462962911143473,NA
238,"TZA","Tanzania",-0.861819469687257,-0.0286040548647455,NA
239,"TZA","Tanzania",-0.852150620064319,-0.010854416936929,NA
240,"TZA","Tanzania",-0.842208494451735,0.00694286118606541,NA
241,"TZA","Tanzania",-0.831999460670515,0.0247779512533695,NA
242,"TZA","Tanzania",-0.821529986187949,0.0426409665566204,NA
243,"TZA","Tanzania",-0.810806632121332,0.0605219703136495,NA
244,"TZA","Tanzania",-0.79983604719442,0.0784109841165243,NA
245,"TZA","Tanzania",-0.788624961653246,0.0962979964349621,NA
246,"TZA","Tanzania",-0.777180181148001,0.114172971165986,NA
247,"TZA","Tanzania",-0.765508580587653,0.132025856220705,NA
248,"TZA","Tanzania",-0.75361709797404,0.149846592138986,NA
249,"TZA","Tanzania",-0.741512728222146,0.167625120722824,NA
250,"TZA","Tanzania",-0.729202516973278,0.185351393679119,NA
251,"TZA","Tanzania",-0.716693554407862,0.20301538126261,NA
252,"TZA","Tanzania",-0.703992969064549,0.220607080909671,NA
253,"TZA","Tanzania",-0.691107921672275,0.238116525853733,NA
254,"TZA","Tanzania",-0.678045599001954,0.255533793713032,NA
255,"TZA","Tanzania",-0.664813207744354,0.272849015041512,NA
256,"TZA","Tanzania",-0.651417968420727,0.290052381833658,NA
257,"TZA","Tanzania",-0.637867109332674,0.307134155974155,NA
258,"TZA","Tanzania",-0.624167860557683,0.324084677623276,NA
259,"TZA","Tanzania",-0.61032744799668,0.340894373529015,NA
260,"TZA","Tanzania",-0.596353087479885,0.357553765257026,NA
261,"TZA","Tanzania",-0.582251978937171,0.374053477329559,NA
262,"TZA","Tanzania",-0.568031300639013,0.390384245264633,NA
263,"TZA","Tanzania",-0.553698203514047,0.40653692350686,NA
264,"TZA","Tanzania",-0.539259805549123,0.422502493241402,NA
265,"TZA","Tanzania",-0.524723186277648,0.438272070082714,NA
266,"TZA","Tanzania",-0.510095381361882,0.453836911629824,NA
267,"TZA","Tanzania",-0.495383377274714,0.469188424880111,NA
268,"TZA","Tanzania",-0.480594106086358,0.48431817349363,NA
269,"TZA","Tanzania",-0.465734440361192,0.499217884900283,NA
270,"TZA","Tanzania",-0.450811188169918,0.513879457242218,NA
271,"TZA","Tanzania",-0.435831088221976,0.528294966144125,NA
272,"TZA","Tanzania",-0.420800805123053,0.542456671304213,NA
273,"TZA","Tanzania",-0.405726924762351,0.556357022898898,NA
274,"TZA","Tanzania",-0.390615949834092,0.569988667794425,NA
275,"TZA","Tanzania",-0.375474295497586,0.583344455558889,NA
276,"TZA","Tanzania",-0.360308285180023,0.596417444268301,NA
277,"TZA","Tanzania",-0.345124146525934,0.609200906100648,NA
278,"TZA","Tanzania",-0.329928007497109,0.621688332712056,NA
279,"TZA","Tanzania",-0.314725892626571,0.633873440389482,NA
280,"TZA","Tanzania",-0.299523719429987,0.645750174974586,NA
281,"TZA","Tanzania",-0.284327294977735,0.657312716553669,NA
282,"TZA","Tanzania",-0.269142312630609,0.668555483908893,NA
283,"TZA","Tanzania",-0.253974348941982,0.679473138726198,NA
284,"TZA","Tanzania",-0.238828860728984,0.690060589555666,NA
285,"TZA","Tanzania",-0.223711182315112,0.700312995520326,NA
286,"TZA","Tanzania",-0.208626522946415,0.710225769769701,NA
287,"TZA","Tanzania",-0.193579964383218,0.719794582674669,NA
288,"TZA","Tanzania",-0.17857645866912,0.729015364760539,NA
289,"TZA","Tanzania",-0.163620826078798,0.737884309375487,NA
290,"TZA","Tanzania",-0.148717753245896,0.746397875091852,NA
291,"TZA","Tanzania",-0.133871791472106,0.754552787838059,NA
292,"TZA","Tanzania",-0.119087355218276,0.76234604275926,NA
293,"TZA","Tanzania",-0.104368720778199,0.769774905805078,NA
294,"TZA","Tanzania",-0.0897200251354922,0.776836915043174,NA
295,"TZA","Tanzania",-0.0751452650037552,0.783529881697627,NA
296,"TZA","Tanzania",-0.0606482960499746,0.789851890911475,NA
297,"TZA","Tanzania",-0.0462328323009369,0.795801302233048,NA
298,"TZA","Tanzania",-0.0319024457321509,0.801376749826034,NA
299,"TZA","Tanzania",-0.0176605660386093,0.806577142403568,NA
300,"TZA","Tanzania",-0.0035104805864513,0.811401662886893,NA
301,"TZA","Tanzania",0.0105446654555838,0.815849767789505,NA
302,"TZA","Tanzania",0.0245018688062847,0.819921186327965,NA
303,"TZA","Tanzania",0.0383582675852179,0.823615919260898,NA
304,"TZA","Tanzania",0.0521111406508983,0.826934237457988,NA
305,"TZA","Tanzania",0.0657579067658444,0.829876680201088,NA
306,"TZA","Tanzania",0.079296123590728,0.83244405321987,NA
307,"TZA","Tanzania",0.092723486510006,0.834637426464733,NA
308,"TZA","Tanzania",0.106037827291636,0.836458131619994,NA
309,"TZA","Tanzania",0.119237112583661,0.837907759360653,NA
310,"TZA","Tanzania",0.132319442250677,0.83898815635635,NA
311,"TZA","Tanzania",0.14528304755332,0.83970142202637,NA
312,"TZA","Tanzania",0.158126289174189,0.840049905049882,NA
313,"TZA","Tanzania",0.170847655093703,0.840036199635826,NA
314,"TZA","Tanzania",0.183445758319647,0.839663141557146,NA
315,"TZA","Tanzania",0.195919334474283,0.838933803954356,NA
316,"TZA","Tanzania",0.208267239243101,0.837851492913633,NA
317,"TZA","Tanzania",0.220488445689425,0.83641974282493,NA
318,"TZA","Tanzania",0.232582041439258,0.834642311525816,NA
319,"TZA","Tanzania",0.244547225740893,0.832523175236988,NA
320,"TZA","Tanzania",0.256383306403978,0.83006652329566,NA
321,"TZA","Tanzania",0.268089696622831,0.827276752693214,NA
322,"TZA","Tanzania",0.279665911688983,0.824158462423744,NA
323,"TZA","Tanzania",0.291111565597993,0.820716447650322,NA
324,"TZA","Tanzania",0.30242636755576,0.816955693696009,NA
325,"TZA","Tanzania",0.313610118389627,0.812881369866838,NA
326,"TZA","Tanzania",0.324662706869699,0.808498823114154,NA
327,"TZA","Tanzania",0.335584105945904,0.803813571543905,NA
328,"TZA","Tanzania",0.346374368906398,0.798831297780605,NA
329,"TZA","Tanzania",0.357033625463026,0.79355784219387,NA
330,"TZA","Tanzania",0.367562077769608,0.787999195995572,NA
331,"TZA","Tanzania",0.377959996378917,0.782161494215767,NA
332,"TZA","Tanzania",0.388227716144257,0.776051008565731,NA
333,"TZA","Tanzania",0.398365632071623,0.769674140196486,NA
334,"TZA","Tanzania",0.408374195128473,0.763037412361369,NA
335,"TZA","Tanzania",0.418253908015169,0.756147462991261,NA
336,"TZA","Tanzania",0.428005320905216,0.749011037191172,NA
337,"TZA","Tanzania",0.437629027160412,0.741634979666987,NA
338,"TZA","Tanzania",0.447125659027075,0.734026227091202,NA
339,"TZA","Tanzania",0.456495883319513,0.726191800416582,NA
340,"TZA","Tanzania",0.465740397096912,0.718138797146666,NA
341,"TZA","Tanzania",0.474859923339801,0.709874383572127,NA
342,"TZA","Tanzania",0.483855206632276,0.701405786981978,NA
343,"TZA","Tanzania",0.492727008856101,0.692740287858662,NA
344,"TZA","Tanzania",0.501476104902827,0.683885212066042,NA
345,"TZA","Tanzania",0.510103278409996,0.674847923039307,NA
346,"TZA","Tanzania",0.518609317527485,0.665635813985795,NA
347,"TZA","Tanzania",0.526995010719985,0.656256300105706,NA
348,"TZA","Tanzania",0.535261142611551,0.646716810841626,NA
349,"TZA","Tanzania",0.543408489878119,0.637024782165738,NA
350,"TZA","Tanzania",0.551437817193766,0.627187648913553,NA
351,"TZA","Tanzania",0.559349873236501,0.617212837172886,NA
352,"TZA","Tanzania",0.567145386759166,0.607107756736765,NA
353,"TZA","Tanzania",0.574825062731077,0.596879793628816,NA
354,"TZA","Tanzania",0.582389578555803,0.586536302709635,NA
355,"TZA","Tanzania",0.58983958037048,0.576084600372468,NA
356,"TZA","Tanzania",0.597175679431893,0.565531957336458,NA
357,"TZA","Tanzania",0.604398448594442,0.554885591545571,NA
358,"TZA","Tanzania",0.611508418885013,0.54415266118115,NA
359,"TZA","Tanzania",0.618506076179611,0.533340257795931,NA
360,"TZA","Tanzania",0.625391857986509,0.522455399577165,NA
361,"TZA","Tanzania",0.632166150340489,0.511505024746353,NA
362,"TZA","Tanzania",0.638829284812643,0.500495985102887,NA
363,"TZA","Tanzania",0.645381535640009,0.489435039718745,NA
364,"TZA","Tanzania",0.651823116979193,0.478328848791166,NA
365,"TZA","Tanzania",0.658154180287943,0.467183967660028,NA
1,"UGA","Uganda",-0.626517806222729,-0.0269445719310332,NA
2,"UGA","Uganda",-0.63786377413235,0.00335549992318799,NA
3,"UGA","Uganda",-0.648674781583645,0.0338094515561664,NA
4,"UGA","Uganda",-0.658940194339551,0.0643909701810803,NA
5,"UGA","Uganda",-0.66864995865799,0.095073542144169,NA
6,"UGA","Uganda",-0.677794612581489,0.125830481465018,NA
7,"UGA","Uganda",-0.686365296545182,0.156634958596657,NA
8,"UGA","Uganda",-0.69435376329084,0.187460029372243,NA
9,"UGA","Uganda",-0.701752387075318,0.218278664104853,NA
10,"UGA","Uganda",-0.708554172162708,0.249063776806748,NA
11,"UGA","Uganda",-0.714752760590256,0.279788254494304,NA
12,"UGA","Uganda",-0.720342439199036,0.310424986544718,NA
13,"UGA","Uganda",-0.725318145921157,0.340946894070505,NA
14,"UGA","Uganda",-0.729675475316227,0.371326959277798,NA
15,"UGA","Uganda",-0.733410683350638,0.401538254774458,NA
16,"UGA","Uganda",-0.736520691414126,0.431553972794078,NA
17,"UGA","Uganda",-0.739003089568996,0.461347454302016,NA
18,"UGA","Uganda",-0.740856139028253,0.49089221794978,NA
19,"UGA","Uganda",-0.742078773859836,0.520161988844206,NA
20,"UGA","Uganda",-0.742670601915025,0.549130727098124,NA
21,"UGA","Uganda",-0.74263190498003,0.577772656129436,NA
22,"UGA","Uganda",-0.741963638150666,0.606062290675817,NA
23,"UGA","Uganda",-0.74066742843095,0.633974464492608,NA
24,"UGA","Uganda",-0.738745572557363,0.661484357701789,NA
25,"UGA","Uganda",-0.736201034051408,0.68856752376038,NA
26,"UGA","Uganda",-0.733037439504056,0.715199916017011,NA
27,"UGA","Uganda",-0.729259074096519,0.741357913825919,NA
28,"UGA","Uganda",-0.724870876362719,0.767018348188108,NA
29,"UGA","Uganda",-0.719878432199716,0.792158526890007,NA
30,"UGA","Uganda",-0.71428796813322,0.816756259110499,NA
31,"UGA","Uganda",-0.708106343846219,0.840789879467834,NA
32,"UGA","Uganda",-0.701341043979585,0.864238271478612,NA
33,"UGA","Uganda",-0.694000169214419,0.887080890401673,NA
34,"UGA","Uganda",-0.6860924266467,0.909297785440465,NA
35,"UGA","Uganda",-0.67762711946566,0.930869621278234,NA
36,"UGA","Uganda",-0.668614135948124,0.951777698921102,NA
37,"UGA","Uganda",-0.659063937781841,0.972003975824987,NA
38,"UGA","Uganda",-0.648987547731645,0.99153108528307,NA
39,"UGA","Uganda",-0.638396536663032,1.01034235505146,NA
40,"UGA","Uganda",-0.627303009938522,1.02842182519155,NA
41,"UGA","Uganda",-0.61571959320288,1.04575426510843,NA
42,"UGA","Uganda",-0.603659417574015,1.06232518976587,NA
43,"UGA","Uganda",-0.591136104257064,1.07812087505899,NA
44,"UGA","Uganda",-0.578163748599826,1.09312837232713,NA
45,"UGA","Uganda",-0.564756903608419,1.10733552199008,NA
46,"UGA","Uganda",-0.55093056294259,1.12073096629212,NA
47,"UGA","Uganda",-0.536700143410791,1.13330416113921,NA
48,"UGA","Uganda",-0.522081466985681,1.14504538701581,NA
49,"UGA","Uganda",-0.507090742361272,1.15594575896883,NA
50,"UGA","Uganda",-0.491744546073505,1.16599723564733,NA
51,"UGA","Uganda",-0.476059803206517,1.17519262738777,NA
52,"UGA","Uganda",-0.460053767707372,1.18352560333552,NA
53,"UGA","Uganda",-0.443744002332472,1.19099069759476,NA
54,"UGA","Uganda",-0.427148358249299,1.19758331439978,NA
55,"UGA","Uganda",-0.410284954317537,1.20329973230191,NA
56,"UGA","Uganda",-0.39317215607401,1.20813710736765,NA
57,"UGA","Uganda",-0.375828554446191,1.21209347538438,NA
58,"UGA","Uganda",-0.358272944219384,1.21516775307151,NA
59,"UGA","Uganda",-0.340524302282947,1.21735973829588,NA
60,"UGA","Uganda",-0.32260176568117,1.21867010929158,NA
61,"UGA","Uganda",-0.304524609494687,1.21910042288526,NA
62,"UGA","Uganda",-0.286312224578445,1.2186531117295,NA
63,"UGA","Uganda",-0.267984095182461,1.21733148054763,NA
64,"UGA","Uganda",-0.249559776481701,1.21513970139482,NA
65,"UGA","Uganda",-0.231058872041533,1.21208280794128,NA
66,"UGA","Uganda",-0.212501011245266,1.20816668878447,NA
67,"UGA","Uganda",-0.193905826710345,1.20339807979867,NA
68,"UGA","Uganda",-0.17529293171975,1.19778455553095,NA
69,"UGA","Uganda",-0.15668189769515,1.19133451965405,NA
70,"UGA","Uganda",-0.138092231738294,1.1840571944877,NA
71,"UGA","Uganda",-0.119543354267044,1.17596260960073,NA
72,"UGA","Uganda",-0.101054576772321,1.16706158950793,NA
73,"UGA","Uganda",-0.0826450797221099,1.15736574047612,NA
74,"UGA","Uganda",-0.0643338906384654,1.14688743645524,NA
75,"UGA","Uganda",-0.0461398623732701,1.1356398041513,NA
76,"UGA","Uganda",-0.0280816516082423,1.12363670725886,NA
77,"UGA","Uganda",-0.0101776976044287,1.11089272987188,NA
78,"UGA","Uganda",0.00755379877388943,1.09742315909256,NA
79,"UGA","Uganda",0.025094895736277,1.0832439668589,NA
80,"UGA","Uganda",0.0424279309199668,1.06837179101243,NA
81,"UGA","Uganda",0.0595355413965751,1.05282391562864,NA
82,"UGA","Uganda",0.0764006833082681,1.03661825063345,NA
83,"UGA","Uganda",0.093006651110389,1.01977331072961,NA
84,"UGA","Uganda",0.109337096398021,1.00230819365831,NA
85,"UGA","Uganda",0.125376046294466,0.984242557821358,NA
86,"UGA","Uganda",0.141107921380129,0.965596599290679,NA
87,"UGA","Uganda",0.156517553140866,0.946391028232032,NA
88,"UGA","Uganda",0.171590200915409,0.926647044770959,NA
89,"UGA","Uganda",0.186311568322091,0.906386314329364,NA
90,"UGA","Uganda",0.200667819145707,0.885630942461841,NA
91,"UGA","Uganda",0.21464559266601,0.864403449221419,NA
92,"UGA","Uganda",0.228232018409964,0.84272674308493,NA
93,"UGA","Uganda",0.241414730310622,0.820624094468736,NA
94,"UGA","Uganda",0.25418188025615,0.798119108866,NA
95,"UGA","Uganda",0.266522151013272,0.775235699637117,NA
96,"UGA","Uganda",0.278424768510164,0.75199806048534,NA
97,"UGA","Uganda",0.289879513464549,0.72843063764997,NA
98,"UGA","Uganda",0.300876732343575,0.704558101849828,NA
99,"UGA","Uganda",0.311407347642812,0.68040532000995,NA
100,"UGA","Uganda",0.321462867472535,0.655997326804785,NA
101,"UGA","Uganda",0.331035394440276,0.631359296051266,NA
102,"UGA","Uganda",0.340117633819478,0.606516511985383,NA
103,"UGA","Uganda",0.348702900994902,0.581494340455953,NA
104,"UGA","Uganda",0.356785128176342,0.556318200069387,NA
105,"UGA","Uganda",0.364358870373029,0.5310135333193,NA
106,"UGA","Uganda",0.371419310622021,0.5056057777348,NA
107,"UGA","Uganda",0.377962264464732,0.480120337081278,NA
108,"UGA","Uganda",0.383984183666662,0.454582552647414,NA
109,"UGA","Uganda",0.389482159176297,0.42901767465204,NA
110,"UGA","Uganda",0.39445392332003,0.403450833804293,NA
111,"UGA","Uganda",0.398897851230872,0.377907013050356,NA
112,"UGA","Uganda",0.402812961509649,0.352411019539782,NA
113,"UGA","Uganda",0.406198916118252,0.3269874568442,NA
114,"UGA","Uganda",0.409056019505461,0.301660697460815,NA
115,"UGA","Uganda",0.411385216966756,0.276454855632813,NA
116,"UGA","Uganda",0.413188092240423,0.25139376051839,NA
117,"UGA","Uganda",0.414466864343203,0.226500929739656,NA
118,"UGA","Uganda",0.415224383649602,0.201799543342259,NA
119,"UGA","Uganda",0.415464127219904,0.177312418196047,NA
120,"UGA","Uganda",0.415190193382789,0.153061982866535,NA
121,"UGA","Uganda",0.414407295579384,0.129070252986416,NA
122,"UGA","Uganda",0.413120755476409,0.105358807155703,NA
123,"UGA","Uganda",0.411336495356973,0.0819487633984977,NA
124,"UGA","Uganda",0.409061029798428,0.0588607562036672,NA
125,"UGA","Uganda",0.406301456647521,0.0361149141760405,NA
126,"UGA","Uganda",0.403065447303936,0.0137308383239807,NA
127,"UGA","Uganda",0.399361236324125,-0.00827241899156295,NA
128,"UGA","Uganda",0.395197610358129,-0.0298763744222292,NA
129,"UGA","Uganda",0.390583896432899,-0.0510631332881529,NA
130,"UGA","Uganda",0.385529949596388,-0.0718154085019866,NA
131,"UGA","Uganda",0.380046139937426,-0.0921165387392804,NA
132,"UGA","Uganda",0.374143338997181,-0.111950505834371,NA
133,"UGA","Uganda",0.367832905588657,-0.131301951381862,NA
134,"UGA","Uganda",0.361126671041453,-0.150156192524726,NA
135,"UGA","Uganda",0.354036923889629,-0.16849923691102,NA
136,"UGA","Uganda",0.346576394021229,-0.186317796802234,NA
137,"UGA","Uganda",0.338758236308614,-0.203599302317266,NA
138,"UGA","Uganda",0.330596013739389,-0.220331913797076,NA
139,"UGA","Uganda",0.322103680068301,-0.236504533276118,NA
140,"UGA","Uganda",0.313295562011045,-0.252106815047703,NA
141,"UGA","Uganda",0.304186341001451,-0.267129175311555,NA
142,"UGA","Uganda",0.294791034534055,-0.281562800892881,NA
143,"UGA","Uganda",0.285124977114538,-0.295399657023414,NA
144,"UGA","Uganda",0.275203800840977,-0.308632494175998,NA
145,"UGA","Uganda",0.265043415639296,-0.321254853945404,NA
146,"UGA","Uganda",0.254659989176709,-0.33326107396922,NA
147,"UGA","Uganda",0.244069926477318,-0.344646291883776,NA
148,"UGA","Uganda",0.233289849264401,-0.355406448311259,NA
149,"UGA","Uganda",0.222336575054226,-0.365538288875266,NA
150,"UGA","Uganda",0.211227096026521,-0.375039365243271,NA
151,"UGA","Uganda",0.199978557697008,-0.383908035195573,NA
152,"UGA","Uganda",0.188608237417624,-0.392143461721499,NA
153,"UGA","Uganda",0.177133522730265,-0.399745611144781,NA
154,"UGA","Uganda",0.165571889600047,-0.406715250281162,NA
155,"UGA","Uganda",0.15394088055423,-0.413053942632472,NA
156,"UGA","Uganda",0.142258082753055,-0.418764043622531,NA
157,"UGA","Uganda",0.130541106018827,-0.423848694881394,NA
158,"UGA","Uganda",0.1188075608496,-0.428311817585576,NA
159,"UGA","Uganda",0.107075036443874,-0.432158104863018,NA
160,"UGA","Uganda",0.0953610787626646,-0.43539301327268,NA
161,"UGA","Uganda",0.0836831686552706,-0.438022753369721,NA
162,"UGA","Uganda",0.0720587000749828,-0.440054279368338,NA
163,"UGA","Uganda",0.0605049584108753,-0.441495277915392,NA
164,"UGA","Uganda",0.0490390989616659,-0.442354155989016,NA
165,"UGA","Uganda",0.0376781255774686,-0.442640027937429,NA
166,"UGA","Uganda",0.0264388694950571,-0.442362701674207,NA
167,"UGA","Uganda",0.0153379683920228,-0.441532664047266,NA
168,"UGA","Uganda",0.00439184568494413,-0.440161065399779,NA
169,"UGA","Uganda",-0.00638330990359784,-0.438259703342232,NA
170,"UGA","Uganda",-0.0169715644846608,-0.43584100575573,NA
171,"UGA","Uganda",-0.0273572588250845,-0.432918013047598,NA
172,"UGA","Uganda",-0.0375250278283652,-0.429504359681206,NA
173,"UGA","Uganda",-0.0474598196509004,-0.425614255002788,NA
174,"UGA","Uganda",-0.0571469144306785,-0.421262463388886,NA
175,"UGA","Uganda",-0.0665719426059518,-0.416464283738835,NA
176,"UGA","Uganda",-0.0757209028019246,-0.411235528337484,NA
177,"UGA","Uganda",-0.0845801792640035,-0.405592501114095,NA
178,"UGA","Uganda",-0.0931365588166947,-0.399551975324092,NA
179,"UGA","Uganda",-0.101377247327816,-0.393131170680963,NA
180,"UGA","Uganda",-0.109289885658258,-0.386347729966353,NA
181,"UGA","Uganda",-0.116862565078171,-0.379219695146905,NA
182,"UGA","Uganda",-0.124083842131066,-0.371765483027074,NA
183,"UGA","Uganda",-0.130942752928005,-0.364003860467622,NA
184,"UGA","Uganda",-0.13742882685471,-0.355953919200056,NA
185,"UGA","Uganda",-0.143532099675138,-0.347635050267726,NA
186,"UGA","Uganda",-0.149243126015791,-0.339066918124744,NA
187,"UGA","Uganda",-0.154552991215756,-0.33026943442428,NA
188,"UGA","Uganda",-0.159453322528244,-0.321262731528184,NA
189,"UGA","Uganda",-0.163936299660158,-0.312067135770154,NA
190,"UGA","Uganda",-0.167994664637016,-0.302703140505024,NA
191,"UGA","Uganda",-0.17162173098137,-0.293191378976934,NA
192,"UGA","Uganda",-0.174811392193656,-0.2835525970394,NA
193,"UGA","Uganda",-0.177558129525271,-0.273807625760446,NA
194,"UGA","Uganda",-0.179857019034501,-0.263977353946096,NA
195,"UGA","Uganda",-0.181703737916787,-0.25408270061562,NA
196,"UGA","Uganda",-0.183094570101675,-0.24414458746198,NA
197,"UGA","Uganda",-0.184026411109686,-0.234183911330918,NA
198,"UGA","Uganda",-0.184496772163199,-0.224221516752128,NA
199,"UGA","Uganda",-0.184503783546364,-0.214278168555851,NA
200,"UGA","Uganda",-0.184046197209939,-0.204374524608156,NA
201,"UGA","Uganda",-0.183123388617827,-0.194531108697998,NA
202,"UGA","Uganda",-0.181735357833052,-0.184768283608972,NA
203,"UGA","Uganda",-0.179882729841752,-0.175106224408442,NA
204,"UGA","Uganda",-0.177566754114727,-0.165564891986484,NA
205,"UGA","Uganda",-0.174789303406964,-0.156164006876733,NA
206,"UGA","Uganda",-0.171552871796484,-0.146923023390936,NA
207,"UGA","Uganda",-0.167860571964758,-0.137861104098586,NA
208,"UGA","Uganda",-0.163716131721837,-0.12899709468262,NA
209,"UGA","Uganda",-0.159123889780266,-0.120349499201712,NA
210,"UGA","Uganda",-0.154088790782719,-0.111936455789173,NA
211,"UGA","Uganda",-0.148616379589205,-0.103775712817976,NA
212,"UGA","Uganda",-0.142712794830577,-0.0958846055608479,NA
213,"UGA","Uganda",-0.136384761735932,-0.0882800333737644,NA
214,"UGA","Uganda",-0.129639584242392,-0.0809784374305709,NA
215,"UGA","Uganda",-0.122485136396575,-0.0739957790357779,NA
216,"UGA","Uganda",-0.114929853057946,-0.0673475185418877,NA
217,"UGA","Uganda",-0.106982719915041,-0.0610485948968797,NA
218,"UGA","Uganda",-0.0986532628264064,-0.0551134058467277,NA
219,"UGA","Uganda",-0.089951536498878,-0.0495557888170303,NA
220,"UGA","Uganda",-0.0808881125166381,-0.0443890024970259,NA
221,"UGA","Uganda",-0.0714740667352435,-0.0396257091484115,NA
222,"UGA","Uganda",-0.061720966055598,-0.0352779576605219,NA
223,"UGA","Uganda",-0.0516408545935681,-0.0313571673725274,NA
224,"UGA","Uganda",-0.0412462392616707,-0.0278741126823825,NA
225,"UGA","Uganda",-0.0305500747799653,-0.0248389084613196,NA
226,"UGA","Uganda",-0.0195657481339635,-0.0222609962917133,NA
227,"UGA","Uganda",-0.00830706249803309,-0.0201491315451482,NA
228,"UGA","Uganda",0.00321177935658867,-0.0185113713165244,NA
229,"UGA","Uganda",0.0149761921494355,-0.0173550632289942,NA
230,"UGA","Uganda",0.0269712256537843,-0.016686835123493,NA
231,"UGA","Uganda",0.0391815827140524,-0.0165125856455554,NA
232,"UGA","Uganda",0.051591637696191,-0.0168374757410334,NA
233,"UGA","Uganda",0.0641854553490969,-0.0176659210712493,NA
234,"UGA","Uganda",0.0769468100545974,-0.0190015853570026,NA
235,"UGA","Uganda",0.0898592054430845,-0.0208473746597435,NA
236,"UGA","Uganda",0.102905894351428,-0.0232054326071008,NA
237,"UGA","Uganda",0.116069899099407,-0.0260771365688123,NA
238,"UGA","Uganda",0.129334032060483,-0.0294630947879744,NA
239,"UGA","Uganda",0.142680916502424,-0.0333631444713753,NA
240,"UGA","Uganda",0.156093007672911,-0.0377763508415289,NA
241,"UGA","Uganda",0.169552614105028,-0.0427010071518692,NA
242,"UGA","Uganda",0.18304191911719,-0.0481346356654109,NA
243,"UGA","Uganda",0.196543002481912,-0.0540739895960298,NA
244,"UGA","Uganda",0.210037862237533,-0.06051505601035,NA
245,"UGA","Uganda",0.223508436616919,-0.0674530596870858,NA
246,"UGA","Uganda",0.236936626066927,-0.0748824679295262,NA
247,"UGA","Uganda",0.2503043153324,-0.0827969963257099,NA
248,"UGA","Uganda",0.263593395578301,-0.0911896154496998,NA
249,"UGA","Uganda",0.276785786523586,-0.100052558496239,NA
250,"UGA","Uganda",0.289863458560377,-0.10937732983994,NA
251,"UGA","Uganda",0.302808454832029,-0.119154714509063,NA
252,"UGA","Uganda",0.315602913243686,-0.129374788562815,NA
253,"UGA","Uganda",0.328229088379064,-0.140026930360063,NA
254,"UGA","Uganda",0.34066937329722,-0.15109983270621,NA
255,"UGA","Uganda",0.352906321183286,-0.162581515864004,NA
256,"UGA","Uganda",0.36492266682724,-0.174459341412959,NA
257,"UGA","Uganda",0.376701347905055,-0.186720026941058,NA
258,"UGA","Uganda",0.38822552603673,-0.199349661551426,NA
259,"UGA","Uganda",0.399478607596021,-0.212333722165654,NA
260,"UGA","Uganda",0.410444264246936,-0.225657090604497,NA
261,"UGA","Uganda",0.42110645318242,-0.23930407142577,NA
262,"UGA","Uganda",0.431449437040952,-0.253258410498286,NA
263,"UGA","Uganda",0.441457803477203,-0.267503314289867,NA
264,"UGA","Uganda",0.451116484363285,-0.282021469846533,NA
265,"UGA","Uganda",0.460410774597546,-0.296795065439184,NA
266,"UGA","Uganda",0.469326350498344,-0.311805811853259,NA
267,"UGA","Uganda",0.477849287760716,-0.327034964296093,NA
268,"UGA","Uganda",0.485966078954369,-0.342463344895924,NA
269,"UGA","Uganda",0.493663650541953,-0.358071365765828,NA
270,"UGA","Uganda",0.500929379397152,-0.373839052605117,NA
271,"UGA","Uganda",0.507751108802715,-0.389746068810126,NA
272,"UGA","Uganda",0.514117163909154,-0.405771740065704,NA
273,"UGA","Uganda",0.520016366635474,-0.421895079388071,NA
274,"UGA","Uganda",0.525438049993971,-0.43809481258925,NA
275,"UGA","Uganda",0.530372071821787,-0.454349404132688,NA
276,"UGA","Uganda",0.534808827902635,-0.470637083349238,NA
277,"UGA","Uganda",0.538739264462809,-0.486935870982238,NA
278,"UGA","Uganda",0.542154890026342,-0.503223606029984,NA
279,"UGA","Uganda",0.545047786614935,-0.519477972853571,NA
280,"UGA","Uganda",0.547410620279029,-0.53567652851771,NA
281,"UGA","Uganda",0.549236650947212,-0.55179673033185,NA
282,"UGA","Uganda",0.550519741581951,-0.567815963558707,NA
283,"UGA","Uganda",0.551254366630425,-0.583711569257028,NA
284,"UGA","Uganda",0.55143561976013,-0.599460872225317,NA
285,"UGA","Uganda",0.551059220869703,-0.615041209013073,NA
286,"UGA","Uganda",0.550121522366325,-0.630429955965988,NA
287,"UGA","Uganda",0.548619514701893,-0.645604557271533,NA
288,"UGA","Uganda",0.546550831161046,-0.660542552971324,NA
289,"UGA","Uganda",0.543913751895009,-0.675221606906682,NA
290,"UGA","Uganda",0.540707207196099,-0.689619534563879,NA
291,"UGA","Uganda",0.536930780008667,-0.703714330785657,NA
292,"UGA","Uganda",0.532584707673106,-0.717484197315762,NA
293,"UGA","Uganda",0.527669882900515,-0.730907570143408,NA
294,"UGA","Uganda",0.522187853976462,-0.743963146614816,NA
295,"UGA","Uganda",0.516140824193259,-0.756629912279234,NA
296,"UGA","Uganda",0.509531650511026,-0.768887167437158,NA
297,"UGA","Uganda",0.502363841448764,-0.780714553358776,NA
298,"UGA","Uganda",0.494641554207554,-0.792092078141101,NA
299,"UGA","Uganda",0.486369591028914,-0.803000142172589,NA
300,"UGA","Uganda",0.47755339479225,-0.813419563174578,NA
301,"UGA","Uganda",0.468199043856232,-0.823331600789308,NA
302,"UGA","Uganda",0.458313246149827,-0.832717980684837,NA
303,"UGA","Uganda",0.447903332519625,-0.841560918147723,NA
304,"UGA","Uganda",0.436977249340919,-0.849843141134945,NA
305,"UGA","Uganda",0.425543550400963,-0.857547912757133,NA
306,"UGA","Uganda",0.413611388063599,-0.8646590531659,NA
307,"UGA","Uganda",0.401190503725361,-0.871160960818693,NA
308,"UGA","Uganda",0.388291217573969,-0.87703863309536,NA
309,"UGA","Uganda",0.374924417660986,-0.882277686241364,NA
310,"UGA","Uganda",0.361101548301171,-0.88686437461337,NA
311,"UGA","Uganda",0.346834597811921,-0.890785609203731,NA
312,"UGA","Uganda",0.332136085606922,-0.894028975421278,NA
313,"UGA","Uganda",0.317019048658947,-0.896582750106641,NA
314,"UGA","Uganda",0.301497027347421,-0.898435917761287,NA
315,"UGA","Uganda",0.285584050707193,-0.899578185970304,NA
316,"UGA","Uganda",0.269294621095563,-0.9,NA
317,"UGA","Uganda",0.252643698295383,-0.899692556552259,NA
318,"UGA","Uganda",0.23564668307269,-0.898647816658669,NA
319,"UGA","Uganda",0.218319400207958,-0.896858517698389,NA
320,"UGA","Uganda",0.200678081020722,-0.894318184524777,NA
321,"UGA","Uganda",0.182739345407889,-0.891021139686855,NA
322,"UGA","Uganda",0.164520183416657,-0.886962512732729,NA
323,"UGA","Uganda",0.146037936373503,-0.882138248583185,NA
324,"UGA","Uganda",0.127310277591222,-0.876545114964758,NA
325,"UGA","Uganda",0.108355192676527,-0.870180708892695,NA
326,"UGA","Uganda",0.0891909594611631,-0.863043462195328,NA
327,"UGA","Uganda",0.0698361275799491,-0.855132646072533,NA
328,"UGA","Uganda",0.050309497719608,-0.846448374682063,NA
329,"UGA","Uganda",0.0306301005625773,-0.836991607748699,NA
330,"UGA","Uganda",0.0108171754504285,-0.826764152192313,NA
331,"UGA","Uganda",-0.00910985120820912,-0.815768662772093,NA
332,"UGA","Uganda",-0.0291313877599603,-0.80400864174535,NA
333,"UGA","Uganda",-0.0492276993337618,-0.791488437540467,NA
334,"UGA","Uganda",-0.0693789300469172,-0.778213242444729,NA
335,"UGA","Uganda",-0.0895651253641532,-0.764189089308944,NA
336,"UGA","Uganda",-0.109766254583563,-0.749422847271899,NA
337,"UGA","Uganda",-0.129962233423098,-0.733922216508875,NA
338,"UGA","Uganda",-0.150132946681205,-0.717695722009581,NA
339,"UGA","Uganda",-0.170258270945071,-0.700752706392038,NA
340,"UGA","Uganda",-0.190318097319919,-0.683103321760037,NA
341,"UGA","Uganda",-0.210292354152719,-0.664758520612986,NA
342,"UGA","Uganda",-0.230161029723745,-0.64573004581802,NA
343,"UGA","Uganda",-0.249904194879377,-0.626030419655401,NA
344,"UGA","Uganda",-0.269502025579665,-0.605672931949306,NA
345,"UGA","Uganda",-0.288934825334253,-0.584671627297191,NA
346,"UGA","Uganda",-0.30818304750036,-0.563041291411989,NA
347,"UGA","Uganda",-0.327227317416735,-0.54079743659243,NA
348,"UGA","Uganda",-0.346048454347623,-0.517956286337836,NA
349,"UGA","Uganda",-0.36462749321108,-0.494534759124712,NA
350,"UGA","Uganda",-0.382945706066122,-0.470550451363507,NA
351,"UGA","Uganda",-0.400984623333613,-0.446021619554794,NA
352,"UGA","Uganda",-0.418726054725937,-0.420967161665212,NA
353,"UGA","Uganda",-0.436152109861037,-0.395406597744241,NA
354,"UGA","Uganda",-0.45324521853656,-0.369360049804009,NA
355,"UGA","Uganda",-0.469988150640452,-0.342848220984975,NA
356,"UGA","Uganda",-0.486364035674619,-0.315892374031357,NA
357,"UGA","Uganda",-0.50235638186878,-0.28851430910091,NA
358,"UGA","Uganda",-0.517949094862161,-0.260736340934433,NA
359,"UGA","Uganda",-0.533126495931092,-0.232581275411218,NA
360,"UGA","Uganda",-0.547873339741201,-0.204072385517289,NA
361,"UGA","Uganda",-0.562174831603375,-0.175233386754072,NA
362,"UGA","Uganda",-0.576016644213306,-0.146088412015713,NA
363,"UGA","Uganda",-0.589384933854991,-0.116661985963969,NA
364,"UGA","Uganda",-0.602266356049236,-0.0869789989301452,NA
365,"UGA","Uganda",-0.614648080628828,-0.057064680374111,NA
1,"ZAF","South Africa",0.930447802010717,-0.778660549540618,NA
2,"ZAF","South Africa",0.936410608920902,-0.765605675686181,NA
3,"ZAF","South Africa",0.941976584095324,-0.75201871813359,NA
4,"ZAF","South Africa",0.947142588465014,-0.737925995569734,NA
5,"ZAF","South Africa",0.951905744703709,-0.723354311873631,NA
6,"ZAF","South Africa",0.956263439676368,-0.708330921355313,NA
7,"ZAF","South Africa",0.960213326637761,-0.692883493495583,NA
8,"ZAF","South Africa",0.963753327178803,-0.677040077229344,NA
9,"ZAF","South Africa",0.966881632918554,-0.660829064815667,NA
10,"ZAF","South Africa",0.969596706940127,-0.6442791553383,NA
11,"ZAF","South Africa",0.971897284968998,-0.627419317880699,NA
12,"ZAF","South Africa",0.973782376292521,-0.61027875442008,NA
13,"ZAF","South Africa",0.97525126441973,-0.592886862485271,NA
14,"ZAF","South Africa",0.976303507480784,-0.575273197623454,NA
15,"ZAF","South Africa",0.976938938365738,-0.557467435721049,NA
16,"ZAF","South Africa",0.97715766460257,-0.539499335224215,NA
17,"ZAF","South Africa",0.976960067974712,-0.521398699304495,NA
18,"ZAF","South Africa",0.976346803878617,-0.503195338015212,NA
19,"ZAF","South Africa",0.975318800422167,-0.484919030484216,NA
20,"ZAF","South Africa",0.973877257265046,-0.466599487188532,NA
21,"ZAF","South Africa",0.97202364420245,-0.44826631235632,NA
22,"ZAF","South Africa",0.969759699493828,-0.429948966541444,NA
23,"ZAF","South Africa",0.967087427938607,-0.411676729415678,NA
24,"ZAF","South Africa",0.964009098701132,-0.393478662823328,NA
25,"ZAF","South Africa",0.960527242887361,-0.375383574142742,NA
26,"ZAF","South Africa",0.956644650876086,-0.357419979998751,NA
27,"ZAF","South Africa",0.952364369407761,-0.339616070369714,NA
28,"ZAF","South Africa",0.947689698434258,-0.321999673132311,NA
29,"ZAF","South Africa",0.942624187733157,-0.304598219086713,NA
30,"ZAF","South Africa",0.937171633290424,-0.287438707504177,NA
31,"ZAF","South Africa",0.931336073455588,-0.270547672238476,NA
32,"ZAF","South Africa",0.925121784873782,-0.253951148441876,NA
33,"ZAF","South Africa",0.918533278199255,-0.237674639925664,NA
34,"ZAF","South Africa",0.911575293595203,-0.221743087204441,NA
35,"ZAF","South Africa",0.904252796025006,-0.206180836262551,NA
36,"ZAF","South Africa",0.896570970340182,-0.19101160808018,NA
37,"ZAF","South Africa",0.888535216170579,-0.176258468955704,NA
38,"ZAF","South Africa",0.880151142622575,-0.161943801659938,NA
39,"ZAF","South Africa",0.87142456279123,-0.148089277456913,NA
40,"ZAF","South Africa",0.862361488092557,-0.13471582902477,NA
41,"ZAF","South Africa",0.852968122422255,-0.121843624309286,NA
42,"ZAF","South Africa",0.843250856147471,-0.109492041341409,NA
43,"ZAF","South Africa",0.833216259938291,-0.0976796440490338,NA
44,"ZAF","South Africa",0.822871078445857,-0.0864241590920444,NA
45,"ZAF","South Africa",0.812222223834188,-0.075742453748423,NA
46,"ZAF","South Africa",0.801276769172891,-0.0656505148779646,NA
47,"ZAF","South Africa",0.790041941698144,-0.0561634289888354,NA
48,"ZAF","South Africa",0.778525115949447,-0.0472953634308976,NA
49,"ZAF","South Africa",0.766733806789757,-0.039059548738358,NA
50,"ZAF","South Africa",0.754675662316781,-0.0314682621429295,NA
51,"ZAF","South Africa",0.742358456673269,-0.0245328122772828,NA
52,"ZAF","South Africa",0.729790082764287,-0.0182635250871391,NA
53,"ZAF","South Africa",0.716978544889518,-0.0126697309689036,NA
54,"ZAF","South Africa",0.703931951298745,-0.00775975314826793,NA
55,"ZAF","South Africa",0.690658506678725,-0.00354089731372431,NA
56,"ZAF","South Africa",0.677166504579745,-1.94425174248058e-05,NA
57,"ZAF","South Africa",0.663464319790192,0.00279936664569891,NA
58,"ZAF","South Africa",0.649560400667523,0.00491132657117355,NA
59,"ZAF","South Africa",0.635463261434065,0.00631327988274344,NA
60,"ZAF","South Africa",0.621181474446073,0.0070031193683675,NA
61,"ZAF","South Africa",0.60672366244453,0.00697979060972853,NA
62,"ZAF","South Africa",0.592098490796141,0.00624329330210571,NA
63,"ZAF","South Africa",0.577314659733005,0.00479468126301741,NA
64,"ZAF","South Africa",0.5623808965994,0.00263606112962866,NA
65,"ZAF","South Africa",0.547305948114131,-0.000229410253523188,NA
66,"ZAF","South Africa",0.532098572656825,-0.00379752975334913,NA
67,"ZAF","South Africa",0.516767532586533,-0.00806305316888112,NA
68,"ZAF","South Africa",0.501321586600954,-0.0130197017475394,NA
69,"ZAF","South Africa",0.485769482144502,-0.0186601699891773,NA
70,"ZAF","South Africa",0.47011994787341,-0.0249761347285538,NA
71,"ZAF","South Africa",0.454381686185945,-0.0319582654853374,NA
72,"ZAF","South Africa",0.438563365825746,-0.039596236069234,NA
73,"ZAF","South Africa",0.422673614566184,-0.0478787374263223,NA
74,"ZAF","South Africa",0.40672101198353,-0.0567934917111901,NA
75,"ZAF","South Africa",0.390714082326627,-0.0663272675679941,NA
76,"ZAF","South Africa",0.374661287490586,-0.0764658966021209,NA
77,"ZAF","South Africa",0.358571020101959,-0.0871942910226857,NA
78,"ZAF","South Africa",0.342451596722633,-0.0984964624347123,NA
79,"ZAF","South Africa",0.326311251179571,-0.110355541758452,NA
80,"ZAF","South Africa",0.310158128027378,-0.122753800251941,NA
81,"ZAF","South Africa",0.294000276150464,-0.135672671611581,NA
82,"ZAF","South Africa",0.277845642511437,-0.149092775124228,NA
83,"ZAF","South Africa",0.261702066052152,-0.162993939842994,NA
84,"ZAF","South Africa",0.245577271753668,-0.177355229757778,NA
85,"ZAF","South Africa",0.229478864861157,-0.192154969930296,NA
86,"ZAF","South Africa",0.213414325279603,-0.207370773562256,NA
87,"ZAF","South Africa",0.197391002145937,-0.222979569964177,NA
88,"ZAF","South Africa",0.181416108583001,-0.238957633391298,NA
89,"ZAF","South Africa",0.165496716640555,-0.255280612711931,NA
90,"ZAF","South Africa",0.149639752428274,-0.271923561872663,NA
91,"ZAF","South Africa",0.133851991445464,-0.288860971123804,NA
92,"ZAF","South Africa",0.118140054111992,-0.306066798967595,NA
93,"ZAF","South Africa",0.102510401504655,-0.32351450479079,NA
94,"ZAF","South Africa",0.0869693313030003,-0.341177082142424,NA
95,"ZAF","South Africa",0.0715229739483182,-0.359027092616784,NA
96,"ZAF","South Africa",0.0561772890192911,-0.377036700300858,NA
97,"ZAF","South Africa",0.0409380618275175,-0.395177706744883,NA
98,"ZAF","South Africa",0.0258109002358606,-0.413421586413938,NA
99,"ZAF","South Africa",0.0108012317023001,-0.43173952257798,NA
100,"ZAF","South Africa",-0.00408569944829627,-0.450102443597162,NA
101,"ZAF","South Africa",-0.0188448345223536,-0.468481059558791,NA
102,"ZAF","South Africa",-0.0334713027238553,-0.486845899221867,NA
103,"ZAF","South Africa",-0.0479604231871198,-0.505167347224754,NA
104,"ZAF","South Africa",-0.0623077067747825,-0.523415681511199,NA
105,"ZAF","South Africa",-0.0765088576399654,-0.541561110929672,NA
106,"ZAF","South Africa",-0.0905597745518956,-0.559573812960732,NA
107,"ZAF","South Africa",-0.10445655198452,-0.577423971527029,NA
108,"ZAF","South Africa",-0.118195480967937,-0.595081814840351,NA
109,"ZAF","South Africa",-0.131773049702767,-0.612517653240161,NA
110,"ZAF","South Africa",-0.14518594393784,-0.62970191697799,NA
111,"ZAF","South Africa",-0.158431047111886,-0.646605193902148,NA
112,"ZAF","South Africa",-0.171505440260177,-0.663198266997307,NA
113,"ZAF","South Africa",-0.18440640168735,-0.67945215173367,NA
114,"ZAF","South Africa",-0.19713140640793,-0.695338133180644,NA
115,"ZAF","South Africa",-0.209678125356332,-0.710827802840231,NA
116,"ZAF","South Africa",-0.222044424368395,-0.725893095155626,NA
117,"ZAF","South Africa",-0.234228362936782,-0.740506323650937,NA
118,"ZAF","South Africa",-0.246228192742842,-0.75464021665833,NA
119,"ZAF","South Africa",-0.258042355967778,-0.768267952589381,NA
120,"ZAF","South Africa",-0.269669483386248,-0.781363194707982,NA
121,"ZAF","South Africa",-0.281108392245769,-0.793900125362686,NA
122,"ZAF","South Africa",-0.292358083935538,-0.805853479637024,NA
123,"ZAF","South Africa",-0.303417741448557,-0.817198578377023,NA
124,"ZAF","South Africa",-0.314286726641147,-0.827911360555849,NA
125,"ZAF","South Africa",-0.324964577294229,-0.837968414936305,NA
126,"ZAF","South Africa",-0.335451003980915,-0.847347010992722,NA
127,"ZAF","South Africa",-0.345745886745246,-0.856025129054653,NA
128,"ZAF","South Africa",-0.355849271597076,-0.863981489635695,NA
129,"ZAF","South Africa",-0.365761366828343,-0.871195581911723,NA
130,"ZAF","South Africa",-0.375482539156178,-0.877647691313811,NA
131,"ZAF","South Africa",-0.385013309698471,-0.883318926202181,NA
132,"ZAF","South Africa",-0.394354349787759,-0.88819124358856,NA
133,"ZAF","South Africa",-0.40350647662942,-0.892247473875496,NA
134,"ZAF","South Africa",-0.4124706488104,-0.895471344582305,NA
135,"ZAF","South Africa",-0.421247961664817,-0.897847503028528,NA
136,"ZAF","South Africa",-0.429839642502987,-0.899361537947015,NA
137,"ZAF","South Africa",-0.438247045710549,-0.9,NA
138,"ZAF","South Africa",-0.446471647724514,-0.899750421172834,NA
139,"ZAF","South Africa",-0.454515041893221,-0.898601333021375,NA
140,"ZAF","South Africa",-0.462378933227272,-0.896542283750368,NA
141,"ZAF","South Africa",-0.470065133048694,-0.893563854101551,NA
142,"ZAF","South Africa",-0.477575553545622,-0.889657672031613,NA
143,"ZAF","South Africa",-0.484912202239971,-0.884816426161567,NA
144,"ZAF","South Africa",-0.492077176375583,-0.879033877980558,NA
145,"ZAF","South Africa",-0.499072657234496,-0.872304872788588,NA
146,"ZAF","South Africa",-0.505900904388988,-0.864625349364133,NA
147,"ZAF","South Africa",-0.512564249897165,-0.855992348344157,NA
148,"ZAF","South Africa",-0.51906509244989,-0.84640401930551,NA
149,"ZAF","South Africa",-0.525405891476906,-0.83585962653828,NA
150,"ZAF","South Africa",-0.531589161220051,-0.82435955350318,NA
151,"ZAF","South Africa",-0.537617464781463,-0.811905305966635,NA
152,"ZAF","South Africa",-0.543493408154737,-0.79849951380878,NA
153,"ZAF","South Africa",-0.549219634246947,-0.784145931501174,NA
154,"ZAF","South Africa",-0.554798816899498,-0.768849437252585,NA
155,"ZAF","South Africa",-0.560233654915726,-0.752616030822804,NA
156,"ZAF","South Africa",-0.565526866103159,-0.735452830006006,NA
157,"ZAF","South Africa",-0.570681181338315,-0.717368065786768,NA
158,"ZAF","South Africa",-0.575699338661879,-0.69837107617341,NA
159,"ZAF","South Africa",-0.580584077412042,-0.678472298714922,NA
160,"ZAF","South Africa",-0.585338132403746,-0.657683261709259,NA
161,"ZAF","South Africa",-0.589964228161479,-0.636016574112388,NA
162,"ZAF","South Africa",-0.59446507321321,-0.613485914158975,NA
163,"ZAF","South Africa",-0.598843354452969,-0.590106016707143,NA
164,"ZAF","South Africa",-0.603101731579465,-0.565892659321247,NA
165,"ZAF","South Africa",-0.607242831618033,-0.540862647108116,NA
166,"ZAF","South Africa",-0.611269243533103,-0.515033796323674,NA
167,"ZAF","South Africa",-0.615183512938244,-0.488424916768345,NA
168,"ZAF","South Africa",-0.618988136910712,-0.461055792991034,NA
169,"ZAF","South Africa",-0.622685558917283,-0.432947164322963,NA
170,"ZAF","South Africa",-0.626278163858034,-0.404120703763968,NA
171,"ZAF","South Africa",-0.629768273234522,-0.37459899574526,NA
172,"ZAF","South Africa",-0.633158140448715,-0.344405512793986,NA
173,"ZAF","South Africa",-0.636449946238805,-0.31356459112623,NA
174,"ZAF","South Africa",-0.63964579425788,-0.282101405196369,NA
175,"ZAF","South Africa",-0.642747706801235,-0.25004194123194,NA
176,"ZAF","South Africa",-0.645757620687924,-0.217412969784388,NA
177,"ZAF","South Africa",-0.648677383301927,-0.184242017327237,NA
178,"ZAF","South Africa",-0.651508748798138,-0.150557336934363,NA
179,"ZAF","South Africa",-0.654253374478121,-0.116387878072125,NA
180,"ZAF","South Africa",-0.656912817340419,-0.0817632555402059,NA
181,"ZAF","South Africa",-0.659488530809908,-0.0467137175970068,NA
182,"ZAF","South Africa",-0.661981861650528,-0.011270113306404,NA
183,"ZAF","South Africa",-0.664394047065434,0.0245361408563636,NA
184,"ZAF","South Africa",-0.666726211988396,0.0606730951010439,NA
185,"ZAF","South Africa",-0.668979366570028,0.0971083010814767,NA
186,"ZAF","South Africa",-0.671154403862175,0.133808847277172,NA
187,"ZAF","South Africa",-0.673252097703527,0.170741394956354,NA
188,"ZAF","South Africa",-0.675273100809296,0.207872214678728,NA
189,"ZAF","South Africa",-0.677217943067485,0.245167223295626,NA
190,"ZAF","South Africa",-0.679087030044084,0.282592021404526,NA
191,"ZAF","South Africa",-0.680880641699178,0.320111931214464,NA
192,"ZAF","South Africa",-0.68259893131576,0.357692034778286,NA
193,"ZAF","South Africa",-0.684241924642727,0.395297212547307,NA
194,"ZAF","South Africa",-0.685809519253262,0.432892182203491,NA
195,"ZAF","South Africa",-0.687301484119571,0.470441537723989,NA
196,"ZAF","South Africa",-0.688717459404607,0.507909788632517,NA
197,"ZAF","South Africa",-0.690056956471205,0.545261399391885,NA
198,"ZAF","South Africa",-0.691319358108716,0.582460828891762,NA
199,"ZAF","South Africa",-0.692503918976981,0.619472569985658,NA
200,"ZAF","South Africa",-0.69360976626722,0.65626118903105,NA
201,"ZAF","South Africa",-0.69463590057909,0.69279136538651,NA
202,"ZAF","South Africa",-0.69558119701295,0.729027930819782,NA
203,"ZAF","South Africa",-0.69644440647604,0.764935908780838,NA
204,"ZAF","South Africa",-0.69722415720105,0.800480553494059,NA
205,"ZAF","South Africa",-0.697918956475262,0.835627388823921,NA
206,"ZAF","South Africa",-0.698527192578187,0.870342246868808,NA
207,"ZAF","South Africa",-0.699047136925345,0.904591306237879,NA
208,"ZAF","South Africa",-0.699476946415588,0.938341129966286,NA
209,"ZAF","South Africa",-0.699814665979082,0.971558703024441,NA
210,"ZAF","South Africa",-0.700058231322843,1.00421146937751,NA
211,"ZAF","South Africa",-0.70020547187041,1.03626736855183,NA
212,"ZAF","South Africa",-0.700254113892064,1.06769487166549,NA
213,"ZAF","South Africa",-0.700201783821695,1.09846301688099,NA
214,"ZAF","South Africa",-0.700046011756198,1.12854144423847,NA
215,"ZAF","South Africa",-0.69978423513307,1.15790042982882,NA
216,"ZAF","South Africa",-0.6994138025816,1.18651091926677,NA
217,"ZAF","South Africa",-0.698931977942865,1.21434456042459,NA
218,"ZAF","South Africa",-0.698335944453502,1.24137373538841,NA
219,"ZAF","South Africa",-0.697622809088013,1.26757159159948,NA
220,"ZAF","South Africa",-0.696789607054173,1.29291207214418,NA
221,"ZAF","South Africa",-0.695833306435875,1.31736994515716,NA
222,"ZAF","South Africa",-0.694750812977601,1.34092083230327,NA
223,"ZAF","South Africa",-0.693538975004474,1.36354123630497,NA
224,"ZAF","South Africa",-0.692194588471699,1.38520856748292,NA
225,"ZAF","South Africa",-0.690714402137018,1.40590116927882,NA
226,"ZAF","South Africa",-0.68909512284964,1.42559834273038,NA
227,"ZAF","South Africa",-0.687333420948949,1.44428036987012,NA
228,"ZAF","South Africa",-0.685425935766156,1.46192853602018,NA
229,"ZAF","South Africa",-0.683369281221905,1.47852515095746,NA
230,"ZAF","South Africa",-0.681160051512729,1.49405356892394,NA
231,"ZAF","South Africa",-0.67879482687911,1.50849820745899,NA
232,"ZAF","South Africa",-0.676270179447805,1.52184456503157,NA
233,"ZAF","South Africa",-0.673582679140974,1.5340792374515,NA
234,"ZAF","South Africa",-0.670728899644569,1.54518993304086,NA
235,"ZAF","South Africa",-0.66770542442833,1.55516548654754,NA
236,"ZAF","South Africa",-0.664508852809699,1.56399587178466,NA
237,"ZAF","South Africa",-0.661135806053835,1.57167221298121,NA
238,"ZAF","South Africa",-0.65758293350192,1.57818679483043,NA
239,"ZAF","South Africa",-0.653846918719838,1.58353307122427,NA
240,"ZAF","South Africa",-0.649924485659309,1.58770567266362,NA
241,"ZAF","South Africa",-0.645812404823505,1.59070041233579,NA
242,"ZAF","South Africa",-0.641507499429177,1.59251429085188,NA
243,"ZAF","South Africa",-0.637006651557281,1.59314549963871,NA
244,"ZAF","South Africa",-0.632306808284127,1.59259342298123,NA
245,"ZAF","South Africa",-0.627404987785034,1.59085863871299,NA
246,"ZAF","South Africa",-0.622298285402557,1.58794291755403,NA
247,"ZAF","South Africa",-0.616983879671311,1.5838492210967,NA
248,"ZAF","South Africa",-0.6114590382915,1.57858169844207,NA
249,"ZAF","South Africa",-0.605721124043294,1.57214568149062,NA
250,"ZAF","South Africa",-0.599767600634251,1.56454767889287,NA
251,"ZAF","South Africa",-0.593596038472031,1.55579536866705,NA
252,"ZAF","South Africa",-0.587204120354775,1.54589758949234,NA
253,"ZAF","South Africa",-0.580589647071527,1.53486433068802,NA
254,"ZAF","South Africa",-0.573750542905255,1.52270672089019,NA
255,"ZAF","South Africa",-0.566684861031072,1.50943701543935,NA
256,"ZAF","South Africa",-0.559390788802384,1.49506858249362,NA
257,"ZAF","South Africa",-0.551866652917833,1.47961588788385,NA
258,"ZAF","South Africa",-0.544110924462003,1.46309447872842,NA
259,"ZAF","South Africa",-0.536122223813014,1.44552096582682,NA
260,"ZAF","South Africa",-0.52789932541027,1.42691300485278,NA
261,"ZAF","South Africa",-0.519441162375784,1.4072892763688,NA
262,"ZAF","South Africa",-0.510746830982662,1.38666946468568,NA
263,"ZAF","South Africa",-0.501815594964493,1.36507423559163,NA
264,"ZAF","South Africa",-0.492646889659598,1.34252521297721,NA
265,"ZAF","South Africa",-0.483240325984229,1.31904495438329,NA
266,"ZAF","South Africa",-0.47359569422906,1.29465692550087,NA
267,"ZAF","South Africa",-0.463712967673454,1.2693854736524,NA
268,"ZAF","South Africa",-0.45359230601225,1.24325580028586,NA
269,"ZAF","South Africa",-0.443234058589976,1.21629393251357,NA
270,"ZAF","South Africa",-0.432638767437674,1.18852669372931,NA
271,"ZAF","South Africa",-0.421807170107676,1.15998167333788,NA
272,"ZAF","South Africa",-0.410740202301975,1.13068719563272,NA
273,"ZAF","South Africa",-0.399439000290022,1.10067228785788,NA
274,"ZAF","South Africa",-0.387904903112032,1.06996664749185,NA
275,"ZAF","South Africa",-0.376139454564153,1.03860060879128,NA
276,"ZAF","South Africa",-0.364144404962079,1.00660510863411,NA
277,"ZAF","South Africa",-0.351921712679936,0.974011651701617,NA
278,"ZAF","South Africa",-0.339473545461584,0.940852275040447,NA
279,"ZAF","South Africa",-0.32680228150166,0.90715951204592,NA
280,"ZAF","South Africa",-0.313910510294033,0.872966355908695,NA
281,"ZAF","South Africa",-0.300801033245565,0.838306222567606,NA
282,"ZAF","South Africa",-0.287476864053356,0.803212913211902,NA
283,"ZAF","South Africa",-0.273941228843941,0.767720576376744,NA
284,"ZAF","South Africa",-0.260197566073165,0.731863669676235,NA
285,"ZAF","South Africa",-0.246249526185752,0.695676921218662,NA
286,"ZAF","South Africa",-0.232100971033876,0.659195290749069,NA
287,"ZAF","South Africa",-0.217755973054298,0.622453930564457,NA
288,"ZAF","South Africa",-0.203218814203936,0.585488146247301,NA
289,"ZAF","South Africa",-0.188493984654028,0.548333357263184,NA
290,"ZAF","South Africa",-0.173586181243296,0.51102505746852,NA
291,"ZAF","South Africa",-0.15850030569085,0.473598775574459,NA
292,"ZAF","South Africa",-0.143241462569802,0.436090035613048,NA
293,"ZAF","South Africa",-0.127814957042911,0.398534317451782,NA
294,"ZAF","South Africa",-0.112226292361763,0.36096701740252,NA
295,"ZAF","South Africa",-0.0964811671314021,0.323423408970717,NA
296,"ZAF","South Africa",-0.0805854723424485,0.285938603790629,NA
297,"ZAF","South Africa",-0.0645452881731803,0.248547512792054,NA
298,"ZAF","South Africa",-0.0483668805641833,0.211284807643728,NA
299,"ZAF","South Africa",-0.0320566975685528,0.174184882518315,NA
300,"ZAF","South Africa",-0.0156213654808209,0.137281816223392,NA
301,"ZAF","South Africa",0.000932315251889845,0.100609334742516,NA
302,"ZAF","South Africa",0.0175973743327856,0.0642007742298378,NA
303,"ZAF","South Africa",0.0343666761283785,0.0280890445013089,NA
304,"ZAF","South Africa",0.0512329243873105,-0.00769340693520715,NA
305,"ZAF","South Africa",0.0681886671605136,-0.0431146302691184,NA
306,"ZAF","South Africa",0.0852263019180005,-0.0781432081546077,NA
307,"ZAF","South Africa",0.102338080857309,-0.112748289816127,NA
308,"ZAF","South Africa",0.119516116398416,-0.146899624452415,NA
309,"ZAF","South Africa",0.136752386859682,-0.180567593900354,NA
310,"ZAF","South Africa",0.154038742309219,-0.213723244520947,NA
311,"ZAF","South Africa",0.171366910585793,-0.246338318270505,NA
312,"ZAF","South Africa",0.18872850348324,-0.278385282921269,NA
313,"ZAF","South Africa",0.206115023092102,-0.309837361396529,NA
314,"ZAF","South Africa",0.22351786829207,-0.340668560186526,NA
315,"ZAF","South Africa",0.240928341388562,-0.37085369681238,NA
316,"ZAF","South Africa",0.258337654886667,-0.400368426306533,NA
317,"ZAF","South Africa",0.275736938395427,-0.429189266679286,NA
318,"ZAF","South Africa",0.293117245655363,-0.457293623342275,NA
319,"ZAF","South Africa",0.310469561681897,-0.484659812460921,NA
320,"ZAF","South Africa",0.327784810017287,-0.511267083209232,NA
321,"ZAF","South Africa",0.345053860083433,-0.537095638901554,NA
322,"ZAF","South Africa",0.362267534627914,-0.562126656977302,NA
323,"ZAF","South Africa",0.379416617255372,-0.586342307815957,NA
324,"ZAF","South Africa",0.396491860036352,-0.609725772361136,NA
325,"ZAF","South Africa",0.413483991185537,-0.632261258533814,NA
326,"ZAF","South Africa",0.430383722801262,-0.65393401641634,NA
327,"ZAF","South Africa",0.447181758658093,-0.67473035219028,NA
328,"ZAF","South Africa",0.463868802044184,-0.694637640812606,NA
329,"ZAF","South Africa",0.480435563635079,-0.713644337416292,NA
330,"ZAF","South Africa",0.49687276939554,-0.731739987422813,NA
331,"ZAF","South Africa",0.513171168500977,-0.748915235355678,NA
332,"ZAF","South Africa",0.529321541269982,-0.765161832345557,NA
333,"ZAF","South Africa",0.545314707099472,-0.780472642319203,NA
334,"ZAF","South Africa",0.561141532393941,-0.794841646865888,NA
335,"ZAF","South Africa",0.576792938480251,-0.808263948776642,NA
336,"ZAF","South Africa",0.592259909499503,-0.820735774253173,NA
337,"ZAF","South Africa",0.607533500267429,-0.832254473784916,NA
338,"ZAF","South Africa",0.622604844094877,-0.842818521694231,NA
339,"ZAF","South Africa",0.63746516055989,-0.852427514351358,NA
340,"ZAF","South Africa",0.652105763223039,-0.861082167062312,NA
341,"ZAF","South Africa",0.666518067277601,-0.868784309634464,NA
342,"ZAF","South Africa",0.680693597126359,-0.875536880626134,NA
343,"ZAF","South Africa",0.694623993876757,-0.881343920288062,NA
344,"ZAF","South Africa",0.708301022746333,-0.886210562206196,NA
345,"ZAF","South Africa",0.721716580370353,-0.890143023656748,NA
346,"ZAF","South Africa",0.734862702003742,-0.893148594686013,NA
347,"ZAF","South Africa",0.747731568609472,-0.895235625928935,NA
348,"ZAF","South Africa",0.760315513825701,-0.896413515181917,NA
349,"ZAF","South Africa",0.772607030804104,-0.896692692746838,NA
350,"ZAF","South Africa",0.784598778911934,-0.896084605564668,NA
351,"ZAF","South Africa",0.796283590290541,-0.894601700158553,NA
352,"ZAF","South Africa",0.807654476263194,-0.8922574044076,NA
353,"ZAF","South Africa",0.818704633585249,-0.889066108173998,NA
354,"ZAF","South Africa",0.829427450529828,-0.885043142807469,NA
355,"ZAF","South Africa",0.83981651280242,-0.880204759552344,NA
356,"ZAF","South Africa",0.849865609277932,-0.874568106883883,NA
357,"ZAF","South Africa",0.859568737553956,-0.868151206801707,NA
358,"ZAF","South Africa",0.868920109314212,-0.860972930109433,NA
359,"ZAF","South Africa",0.87791415549631,-0.853052970710813,NA
360,"ZAF","South Africa",0.886545531258236,-0.844411818953832,NA
361,"ZAF","South Africa",0.894809120738127,-0.835070734055333,NA
362,"ZAF","South Africa",0.902700041602189,-0.82505171563983,NA
363,"ZAF","South Africa",0.9102136493758,-0.814377474427214,NA
364,"ZAF","South Africa",0.9173455415531,-0.803071402105043,NA
365,"ZAF","South Africa",0.92409156148062,-0.79115754042207,NA
1,"ZMB","Zambia",1.71013880280011,1.36769131694429,NA
2,"ZMB","Zambia",1.72926036349106,1.39019535693429,NA
3,"ZMB","Zambia",1.74747102164783,1.41186234948865,NA
4,"ZMB","Zambia",1.76475590414648,1.43267294082503,NA
5,"ZMB","Zambia",1.78110089570669,1.45260855009079,NA
6,"ZMB","Zambia",1.79649265373335,1.47165138958224,NA
7,"ZMB","Zambia",1.81091862234354,1.48978448409605,NA
8,"ZMB","Zambia",1.82436704556272,1.50699168939058,NA
9,"ZMB","Zambia",1.83682697967508,1.52325770973548,NA
10,"ZMB","Zambia",1.84828830471374,1.53856811452951,NA
11,"ZMB","Zambia",1.85874173507782,1.55290935396712,NA
12,"ZMB","Zambia",1.86817882926396,1.56626877373576,NA
13,"ZMB","Zambia",1.8765919987014,1.57863462872683,NA
14,"ZMB","Zambia",1.88397451568022,1.5899960957445,NA
15,"ZMB","Zambia",1.89032052036394,1.60034328519757,NA
16,"ZMB","Zambia",1.89562502687822,1.60966725176099,NA
17,"ZMB","Zambia",1.8998839284688,1.61796000399456,NA
18,"ZMB","Zambia",1.90309400172284,1.6252145129079,NA
19,"ZMB","Zambia",1.90525290984868,1.63142471946156,NA
20,"ZMB","Zambia",1.90635920501053,1.63658554099587,NA
21,"ZMB","Zambia",1.90641232971524,1.64069287657994,NA
22,"ZMB","Zambia",1.90541261724968,1.64374361127483,NA
23,"ZMB","Zambia",1.90336129116835,1.64573561930589,NA
24,"ZMB","Zambia",1.90026046383173,1.6466677661407,NA
25,"ZMB","Zambia",1.89611313399721,1.64653990947032,NA
26,"ZMB","Zambia",1.89092318346539,1.64535289909277,NA
27,"ZMB","Zambia",1.88469537278564,1.64310857569891,NA
28,"ZMB","Zambia",1.87743533602598,1.63980976856234,NA
29,"ZMB","Zambia",1.86914957461329,1.63546029213592,NA
30,"ZMB","Zambia",1.85984545025102,1.63006494155918,NA
31,"ZMB","Zambia",1.84953117692267,1.62362948708173,NA
32,"ZMB","Zambia",1.83821581199023,1.61616066740938,NA
33,"ZMB","Zambia",1.82590924639781,1.60766618198072,NA
34,"ZMB","Zambia",1.81262219399204,1.59815468218332,NA
35,"ZMB","Zambia",1.79836617997134,1.58763576151977,NA
36,"ZMB","Zambia",1.78315352847749,1.57611994473519,NA
37,"ZMB","Zambia",1.76699734934389,1.56361867591878,NA
38,"ZMB","Zambia",1.74991152401578,1.55014430559359,NA
39,"ZMB","Zambia",1.73191069065863,1.5357100768094,NA
40,"ZMB","Zambia",1.71301022847192,1.52033011025506,NA
41,"ZMB","Zambia",1.6932262412265,1.50401938840769,NA
42,"ZMB","Zambia",1.67257554004432,1.48679373873734,NA
43,"ZMB","Zambia",1.65107562544056,1.46866981598654,NA
44,"ZMB","Zambia",1.62874466864878,1.44966508354565,NA
45,"ZMB","Zambia",1.60560149225068,1.42979779394558,NA
46,"ZMB","Zambia",1.58166555013264,1.40908696849078,NA
47,"ZMB","Zambia",1.55695690679234,1.3875523760562,NA
48,"ZMB","Zambia",1.53149621601905,1.36521451107292,NA
49,"ZMB","Zambia",1.5053046989723,1.34209457072818,NA
50,"ZMB","Zambia",1.47840412168416,1.31821443140641,NA
51,"ZMB","Zambia",1.45081677201082,1.2935966243986,NA
52,"ZMB","Zambia",1.42256543606016,1.2682643109085,NA
53,"ZMB","Zambia",1.39367337412242,1.24224125638455,NA
54,"ZMB","Zambia",1.3641642961314,1.21555180420762,NA
55,"ZMB","Zambia",1.33406233668463,1.1882208487651,NA
56,"ZMB","Zambia",1.30339202965109,1.16027380794269,NA
57,"ZMB","Zambia",1.27217828239558,1.13173659506592,NA
58,"ZMB","Zambia",1.24044634964933,1.10263559032403,NA
59,"ZMB","Zambia",1.20822180705694,1.07299761170947,NA
60,"ZMB","Zambia",1.17553052442974,1.04284988550677,NA
61,"ZMB","Zambia",1.14239863873644,1.01222001636511,NA
62,"ZMB","Zambia",1.10885252686185,0.981135956989318,NA
63,"ZMB","Zambia",1.0749187781649,0.949625977484654,NA
64,"ZMB","Zambia",1.04062416686735,0.917718634390743,NA
65,"ZMB","Zambia",1.00599562430483,0.885442739440808,NA
66,"ZMB","Zambia",0.97106021107171,0.852827328082363,NA
67,"ZMB","Zambia",0.935845089091882,0.819901627795904,NA
68,"ZMB","Zambia",0.900377493647118,0.78669502624834,NA
69,"ZMB","Zambia",0.864684705395,0.753237039318077,NA
70,"ZMB","Zambia",0.828794022408296,0.719557279028798,NA
71,"ZMB","Zambia",0.79273273226762,0.685685421429109,NA
72,"ZMB","Zambia",0.756528084239131,0.651651174455194,NA
73,"ZMB","Zambia",0.720207261568932,0.61748424581371,NA
74,"ZMB","Zambia",0.683797353925598,0.583214310922043,NA
75,"ZMB","Zambia",0.647325330022168,0.548870980943005,NA
76,"ZMB","Zambia",0.610818010448606,0.514483770950895,NA
77,"ZMB","Zambia",0.574302040745529,0.480082068265702,NA
78,"ZMB","Zambia",0.53780386474967,0.445695100991982,NA
79,"ZMB","Zambia",0.501349698241208,0.411351906798706,NA
80,"ZMB","Zambia",0.464965502922719,0.377081301976074,NA
81,"ZMB","Zambia",0.428676960759089,0.342911850804925,NA
82,"ZMB","Zambia",0.392509448707293,0.308871835274012,NA
83,"ZMB","Zambia",0.356488013864459,0.274989225179977,NA
84,"ZMB","Zambia",0.320637349062113,0.241291648644392,NA
85,"ZMB","Zambia",0.284981768933979,0.207806363081696,NA
86,"ZMB","Zambia",0.249545186484107,0.174560226651384,NA
87,"ZMB","Zambia",0.214351090181519,0.141579670227131,NA
88,"ZMB","Zambia",0.179422521606886,0.108890669914959,NA
89,"ZMB","Zambia",0.144782053676136,0.0765187201518825,NA
90,"ZMB","Zambia",0.110451769465126,0.0444888074157637,NA
91,"ZMB","Zambia",0.0764532416588559,0.0128253845763643,NA
92,"ZMB","Zambia",0.0428075126478921,-0.018447654083167,NA
93,"ZMB","Zambia",0.00953507529392195,-0.0493069971459655,NA
94,"ZMB","Zambia",-0.0233441456144543,-0.0797299396146951,NA
95,"ZMB","Zambia",-0.0558108111954221,-0.109694405711659,NA
96,"ZMB","Zambia",-0.0878461855777177,-0.139178970899977,NA
97,"ZMB","Zambia",-0.119432152255906,-0.168162883100946,NA
98,"ZMB","Zambia",-0.150551229679529,-0.196626083083687,NA
99,"ZMB","Zambia",-0.181186586059382,-0.224549224004154,NA
100,"ZMB","Zambia",-0.211322053375138,-0.251913690071596,NA
101,"ZMB","Zambia",-0.240942140569453,-0.278701614321623,NA
102,"ZMB","Zambia",-0.270032045914711,-0.304895895476073,NA
103,"ZMB","Zambia",-0.298577668539506,-0.330480213870986,NA
104,"ZMB","Zambia",-0.326565619102999,-0.355439046435085,NA
105,"ZMB","Zambia",-0.35398322960627,-0.379757680702304,NA
106,"ZMB","Zambia",-0.38081856233085,-0.403422227843068,NA
107,"ZMB","Zambia",-0.407060417895633,-0.426419634700167,NA
108,"ZMB","Zambia",-0.432698342424412,-0.448737694816287,NA
109,"ZMB","Zambia",-0.457722633817372,-0.470365058441436,NA
110,"ZMB","Zambia",-0.48212434712091,-0.491291241509721,NA
111,"ZMB","Zambia",-0.505895298991233,-0.51150663357618,NA
112,"ZMB","Zambia",-0.529028071248271,-0.531002504705572,NA
113,"ZMB","Zambia",-0.551516013517499,-0.549771011306311,NA
114,"ZMB","Zambia",-0.573353244958378,-0.567805200903956,NA
115,"ZMB","Zambia",-0.594534655079172,-0.58509901584994,NA
116,"ZMB","Zambia",-0.615055903639009,-0.601647295962499,NA
117,"ZMB","Zambia",-0.634913419639134,-0.617445780097994,NA
118,"ZMB","Zambia",-0.654104399406345,-0.632491106652129,NA
119,"ZMB","Zambia",-0.672626803772742,-0.646780812991808,NA
120,"ZMB","Zambia",-0.690479354356918,-0.66031333381966,NA
121,"ZMB","Zambia",-0.707661528952847,-0.673087998474512,NA
122,"ZMB","Zambia",-0.724173556033723,-0.68510502717237,NA
123,"ZMB","Zambia",-0.740016408379097,-0.696365526193703,NA
124,"ZMB","Zambia",-0.755191795834661,-0.706871482024087,NA
125,"ZMB","Zambia",-0.769702157215074,-0.716625754456498,NA
126,"ZMB","Zambia",-0.783550651361205,-0.725632068664785,NA
127,"ZMB","Zambia",-0.796741147364219,-0.733895006259047,NA
128,"ZMB","Zambia",-0.809278213969844,-0.74141999533487,NA
129,"ZMB","Zambia",-0.821167108177187,-0.748213299529552,NA
130,"ZMB","Zambia",-0.832413763047361,-0.754282006099622,NA
131,"ZMB","Zambia",-0.843024774738165,-0.75963401303512,NA
132,"ZMB","Zambia",-0.853007388781912,-0.764278015227237,NA
133,"ZMB","Zambia",-0.862369485624446,-0.768223489707035,NA
134,"ZMB","Zambia",-0.871119565444211,-0.771480679974059,NA
135,"ZMB","Zambia",-0.879266732271091,-0.774060579434739,NA
136,"ZMB","Zambia",-0.886820677425588,-0.775974913971513,NA
137,"ZMB","Zambia",-0.893791662299646,-0.777236123664633,NA
138,"ZMB","Zambia",-0.900190500501253,-0.777857343689626,NA
139,"ZMB","Zambia",-0.906028539385646,-0.777852384414327,NA
140,"ZMB","Zambia",-0.911317640996714,-0.777235710720371,NA
141,"ZMB","Zambia",-0.916070162442816,-0.77602242057492,NA
142,"ZMB","Zambia",-0.92029893573195,-0.7742282228793,NA
143,"ZMB","Zambia",-0.924017247091785,-0.771869414622053,NA
144,"ZMB","Zambia",-0.927238815800706,-0.768962857364741,NA
145,"ZMB","Zambia",-0.929977772556557,-0.765525953089624,NA
146,"ZMB","Zambia",-0.93224863741031,-0.761576619439047,NA
147,"ZMB","Zambia",-0.934066297292399,-0.757133264377138,NA
148,"ZMB","Zambia",-0.93544598315991,-0.752214760305045,NA
149,"ZMB","Zambia",-0.936403246793239,-0.7468404176616,NA
150,"ZMB","Zambia",-0.936953937271282,-0.741029958041892,NA
151,"ZMB","Zambia",-0.937114177154508,-0.734803486866796,NA
152,"ZMB","Zambia",-0.936900338405664,-0.728181465637023,NA
153,"ZMB","Zambia",-0.936329018078104,-0.721184683805731,NA
154,"ZMB","Zambia",-0.93541701380202,-0.713834230304182,NA
155,"ZMB","Zambia",-0.934181299099067,-0.706151464755342,NA
156,"ZMB","Zambia",-0.932638998556041,-0.698157988410639,NA
157,"ZMB","Zambia",-0.930807362888444,-0.689875614845473,NA
158,"ZMB","Zambia",-0.928703743924859,-0.681326340449264,NA
159,"ZMB","Zambia",-0.926345569543136,-0.672532314746133,NA
160,"ZMB","Zambia",-0.923750318589433,-0.663515810582439,NA
161,"ZMB","Zambia",-0.92093549581114,-0.654299194217569,NA
162,"ZMB","Zambia",-0.917918606834704,-0.644904895354476,NA
163,"ZMB","Zambia",-0.914717133219248,-0.635355377146491,NA
164,"ZMB","Zambia",-0.911348507616827,-0.62567310621699,NA
165,"ZMB","Zambia",-0.907830089069959,-0.615880522728432,NA
166,"ZMB","Zambia",-0.904179138476916,-0.606000010537214,NA
167,"ZMB","Zambia",-0.900412794255021,-0.596053867470697,NA
168,"ZMB","Zambia",-0.896548048231958,-0.586064275762561,NA
169,"ZMB","Zambia",-0.89260172179477,-0.57605327268246,NA
170,"ZMB","Zambia",-0.888590442325944,-0.566042721395713,NA
171,"ZMB","Zambia",-0.884530619955547,-0.556054282088446,NA
172,"ZMB","Zambia",-0.88043842465806,-0.546109383393296,NA
173,"ZMB","Zambia",-0.876329763722039,-0.536229194150396,NA
174,"ZMB","Zambia",-0.872220259620327,-0.526434595537969,NA
175,"ZMB","Zambia",-0.868125228308011,-0.516746153606354,NA
176,"ZMB","Zambia",-0.864059657974778,-0.50718409224886,NA
177,"ZMB","Zambia",-0.86003818827779,-0.497768266642233,NA
178,"ZMB","Zambia",-0.856075090080565,-0.488518137189016,NA
179,"ZMB","Zambia",-0.852184245722744,-0.479452743993401,NA
180,"ZMB","Zambia",-0.848379129844964,-0.470590681901582,NA
181,"ZMB","Zambia",-0.844672790792378,-0.461950076136877,NA
182,"ZMB","Zambia",-0.841077832619616,-0.453548558559205,NA
183,"ZMB","Zambia",-0.837606397719298,-0.445403244577708,NA
184,"ZMB","Zambia",-0.834270150095384,-0.437530710744541,NA
185,"ZMB","Zambia",-0.831080259301878,-0.429946973057013,NA
186,"ZMB","Zambia",-0.828047385066608,-0.422667465994392,NA
187,"ZMB","Zambia",-0.825181662618909,-0.415707022314829,NA
188,"ZMB","Zambia",-0.822492688739223,-0.409079853636884,NA
189,"ZMB","Zambia",-0.819989508547718,-0.402799531829241,NA
190,"ZMB","Zambia",-0.81768060304813,-0.396878971231166,NA
191,"ZMB","Zambia",-0.815573877442096,-0.391330411725308,NA
192,"ZMB","Zambia",-0.813676650228333,-0.386165402683363,NA
193,"ZMB","Zambia",-0.811995643100012,-0.381394787804104,NA
194,"ZMB","Zambia",-0.810536971652744,-0.377028690862173,NA
195,"ZMB","Zambia",-0.809306136914571,-0.373076502384944,NA
196,"ZMB","Zambia",-0.808308017708363,-0.36954686727364,NA
197,"ZMB","Zambia",-0.80754686385602,-0.36644767338375,NA
198,"ZMB","Zambia",-0.80702629023281,-0.363786041078617,NA
199,"ZMB","Zambia",-0.806749271679178,-0.361568313768913,NA
200,"ZMB","Zambia",-0.806718138776285,-0.359800049449515,NA
201,"ZMB","Zambia",-0.806934574490492,-0.358486013244088,NA
202,"ZMB","Zambia",-0.807399611690948,-0.357630170966475,NA
203,"ZMB","Zambia",-0.808113631543361,-0.357235683706752,NA
204,"ZMB","Zambia",-0.809076362781972,-0.357304903448578,NA
205,"ZMB","Zambia",-0.810286881860676,-0.357839369723236,NA
206,"ZMB","Zambia",-0.811743613983164,-0.358839807304468,NA
207,"ZMB","Zambia",-0.813444335010882,-0.360306124947008,NA
208,"ZMB","Zambia",-0.815386174246529,-0.362237415170412,NA
209,"ZMB","Zambia",-0.817565618089766,-0.364631955088531,NA
210,"ZMB","Zambia",-0.819978514560707,-0.367487208283739,NA
211,"ZMB","Zambia",-0.822620078685741,-0.370799827723722,NA
212,"ZMB","Zambia",-0.825484898739158,-0.37456565971741,NA
213,"ZMB","Zambia",-0.828566943333014,-0.378779748905361,NA
214,"ZMB","Zambia",-0.831859569346625,-0.383436344278665,NA
215,"ZMB","Zambia",-0.835355530686075,-0.388528906219195,NA
216,"ZMB","Zambia",-0.839046987863076,-0.394050114552783,NA
217,"ZMB","Zambia",-0.842925518381548,-0.399991877605702,NA
218,"ZMB","Zambia",-0.846982127919276,-0.406345342253591,NA
219,"ZMB","Zambia",-0.851207262291042,-0.413100904950793,NA
220,"ZMB","Zambia",-0.855590820178657,-0.420248223726864,NA
221,"ZMB","Zambia",-0.860122166612404,-0.427776231135859,NA
222,"ZMB","Zambia",-0.864790147187455,-0.435673148142833,NA
223,"ZMB","Zambia",-0.869583102997932,-0.443926498930889,NA
224,"ZMB","Zambia",-0.874488886270424,-0.452523126610951,NA
225,"ZMB","Zambia",-0.879494876677866,-0.461449209815383,NA
226,"ZMB","Zambia",-0.884587998313897,-0.470690280155493,NA
227,"ZMB","Zambia",-0.889754737306979,-0.480231240521896,NA
228,"ZMB","Zambia",-0.894981160052761,-0.490056384205726,NA
229,"ZMB","Zambia",-0.900252932042438,-0.500149414817657,NA
230,"ZMB","Zambia",-0.905555337264095,-0.51049346698074,NA
231,"ZMB","Zambia",-0.910873298153327,-0.521071127772126,NA
232,"ZMB","Zambia",-0.916191396068751,-0.531864458887832,NA
233,"ZMB","Zambia",-0.921493892267366,-0.542855019503829,NA
234,"ZMB","Zambia",-0.926764749354099,-0.554023889805871,NA
235,"ZMB","Zambia",-0.931987653179298,-0.565351695159699,NA
236,"ZMB","Zambia",-0.93714603515734,-0.576818630892445,NA
237,"ZMB","Zambia",-0.942223094979048,-0.588404487655331,NA
238,"ZMB","Zambia",-0.947201823690058,-0.600088677337034,NA
239,"ZMB","Zambia",-0.952065027106867,-0.611850259496438,NA
240,"ZMB","Zambia",-0.956795349541833,-0.623667968282833,NA
241,"ZMB","Zambia",-0.961375297808016,-0.635520239811033,NA
242,"ZMB","Zambia",-0.965787265474396,-0.647385239958323,NA
243,"ZMB","Zambia",-0.970013557341685,-0.659240892549643,NA
244,"ZMB","Zambia",-0.974036414108628,-0.671064907896892,NA
245,"ZMB","Zambia",-0.977838037198498,-0.682834811657844,NA
246,"ZMB","Zambia",-0.981400613715216,-0.694527973979749,NA
247,"ZMB","Zambia",-0.984706341498385,-0.706121638892325,NA
248,"ZMB","Zambia",-0.987737454246372,-0.717592953914544,NA
249,"ZMB","Zambia",-0.990476246676472,-0.728918999839353,NA
250,"ZMB","Zambia",-0.99290509969111,-0.740076820660213,NA
251,"ZMB","Zambia",-0.995006505519027,-0.751043453603176,NA
252,"ZMB","Zambia",-0.99676309280038,-0.761795959228075,NA
253,"ZMB","Zambia",-0.998157651584752,-0.772311451562283,NA
254,"ZMB","Zambia",-0.999173158211121,-0.782567128230462,NA
255,"ZMB","Zambia",-0.999792800038988,-0.792540300543701,NA
256,"ZMB","Zambia",-1,-0.802208423511474,NA
257,"ZMB","Zambia",-0.999778440939587,-0.811549125739916,NA
258,"ZMB","Zambia",-0.99911208971839,-0.820540239180052,NA
259,"ZMB","Zambia",-0.997985221043486,-0.829159828689753,NA
260,"ZMB","Zambia",-0.996382440999753,-0.837386221373409,NA
261,"ZMB","Zambia",-0.994288710252017,-0.845198035663565,NA
262,"ZMB","Zambia",-0.99168936688903,-0.852574210109031,NA
263,"ZMB","Zambia",-0.988570148880699,-0.85949403183434,NA
264,"ZMB","Zambia",-0.984917216120463,-0.865937164635774,NA
265,"ZMB","Zambia",-0.980717172025156,-0.871883676679623,NA
266,"ZMB","Zambia",-0.975957084665227,-0.877314067768762,NA
267,"ZMB","Zambia",-0.970624507398705,-0.88220929614418,NA
268,"ZMB","Zambia",-0.964707498982894,-0.886550804788569,NA
269,"ZMB","Zambia",-0.958194643138364,-0.890320547199718,NA
270,"ZMB","Zambia",-0.95107506754045,-0.893501012602027,NA
271,"ZMB","Zambia",-0.943338462214136,-0.896075250565147,NA
272,"ZMB","Zambia",-0.934975097308884,-0.898026894999397,NA
273,"ZMB","Zambia",-0.925975840230694,-0.899340187498389,NA
274,"ZMB","Zambia",-0.916332172109448,-0.9,NA
275,"ZMB","Zambia",-0.906036203580315,-0.899991856737678,NA
276,"ZMB","Zambia",-0.895080689858866,-0.899301955454852,NA
277,"ZMB","Zambia",-0.883459045090306,-0.897917187856112,NA
278,"ZMB","Zambia",-0.871165355954131,-0.895825159269708,NA
279,"ZMB","Zambia",-0.858194394506348,-0.893014207496831,NA
280,"ZMB","Zambia",-0.84454163024232,-0.889473420824121,NA
281,"ZMB","Zambia",-0.830203241364204,-0.885192655176792,NA
282,"ZMB","Zambia",-0.815176125237869,-0.880162550390806,NA
283,"ZMB","Zambia",-0.799457908025152,-0.874374545583554,NA
284,"ZMB","Zambia",-0.783046953478269,-0.86782089360354,NA
285,"ZMB","Zambia",-0.76594237088418,-0.860494674540694,NA
286,"ZMB","Zambia",-0.748144022147736,-0.852389808279999,NA
287,"ZMB","Zambia",-0.729652528003384,-0.84350106608227,NA
288,"ZMB","Zambia",-0.710469273346321,-0.833824081177063,NA
289,"ZMB","Zambia",-0.69059641167496,-0.823355358353863,NA
290,"ZMB","Zambia",-0.670036868637622,-0.81209228253886,NA
291,"ZMB","Zambia",-0.648794344677493,-0.800033126345853,NA
292,"ZMB","Zambia",-0.626873316770838,-0.78717705659099,NA
293,"ZMB","Zambia",-0.604279039254653,-0.773524139762333,NA
294,"ZMB","Zambia",-0.581017543740912,-0.759075346436392,NA
295,"ZMB","Zambia",-0.557095638115738,-0.743832554635112,NA
296,"ZMB","Zambia",-0.532520904622795,-0.72779855211795,NA
297,"ZMB","Zambia",-0.50730169703143,-0.710977037605028,NA
298,"ZMB","Zambia",-0.481447136891031,-0.693372620928539,NA
299,"ZMB","Zambia",-0.454967108874257,-0.674990822110906,NA
300,"ZMB","Zambia",-0.427872255212809,-0.655838069369424,NA
301,"ZMB","Zambia",-0.40017396923054,-0.635921696048419,NA
302,"ZMB","Zambia",-0.37188438797972,-0.615249936481187,NA
303,"ZMB","Zambia",-0.343016383987393,-0.5938319207853,NA
304,"ZMB","Zambia",-0.313583556119755,-0.571677668596067,NA
305,"ZMB","Zambia",-0.283600219573614,-0.548798081744253,NA
306,"ZMB","Zambia",-0.253081395004935,-0.525204935885364,NA
307,"ZMB","Zambia",-0.222042796805585,-0.500910871089091,NA
308,"ZMB","Zambia",-0.190500820540352,-0.475929381398694,NA
309,"ZMB","Zambia",-0.158472529557341,-0.450274803371392,NA
310,"ZMB","Zambia",-0.125975640785816,-0.423962303611946,NA
311,"ZMB","Zambia",-0.093028509736551,-0.397007865312932,NA
312,"ZMB","Zambia",-0.0596501147206693,-0.36942827381625,NA
313,"ZMB","Zambia",-0.0258600403039317,-0.341241101211712,NA
314,"ZMB","Zambia",0.00832153998571337,-0.312464689989578,NA
315,"ZMB","Zambia",0.0428738816785354,-0.283118135765129,NA
316,"ZMB","Zambia",0.077775688091809,-0.253221269094393,NA
317,"ZMB","Zambia",0.113005129746496,-0.222794636401294,NA
318,"ZMB","Zambia",0.148539864450554,-0.191859480037474,NA
319,"ZMB","Zambia",0.184357058026752,-0.160437717497173,NA
320,"ZMB","Zambia",0.220433405662184,-0.128551919810422,NA
321,"ZMB","Zambia",0.256745153855808,-0.0962252891389497,NA
322,"ZMB","Zambia",0.293268122939741,-0.0634816355999824,NA
323,"ZMB","Zambia",0.329977730149223,-0.0303453533442042,NA
324,"ZMB","Zambia",0.366849013215634,0.00315860408511526,NA
325,"ZMB","Zambia",0.403856654456168,0.0370047490838262,NA
326,"ZMB","Zambia",0.440975005333307,0.0711670859807139,NA
327,"ZMB","Zambia",0.478178111456568,0.105619137663851,NA
328,"ZMB","Zambia",0.515439737998485,0.140333972809151,NA
329,"ZMB","Zambia",0.552733395496315,0.175284233680122,NA
330,"ZMB","Zambia",0.590032366010419,0.21044216446704,NA
331,"ZMB","Zambia",0.627309729609912,0.245779640133232,NA
332,"ZMB","Zambia",0.664538391155673,0.281268195735402,NA
333,"ZMB","Zambia",0.701691107350536,0.316879056184503,NA
334,"ZMB","Zambia",0.738740514026091,0.352583166413049,NA
335,"ZMB","Zambia",0.775659153635203,0.388351221914227,NA
336,"ZMB","Zambia",0.812419502919186,0.424153699617851,NA
337,"ZMB","Zambia",0.848994000718228,0.459960889067634,NA
338,"ZMB","Zambia",0.885355075893587,0.495742923864013,NA
339,"ZMB","Zambia",0.921475175329813,0.531469813336322,NA
340,"ZMB","Zambia",0.95732679198525,0.567111474407944,NA
341,"ZMB","Zambia",0.992882492958883,0.602637763617699,NA
342,"ZMB","Zambia",1.02811494754166,0.638018509260653,NA
343,"ZMB","Zambia",1.06299695522032,0.673223543611262,NA
344,"ZMB","Zambia",1.09750147360186,0.70822273519176,NA
345,"ZMB","Zambia",1.13160164622685,0.742986021048547,NA
346,"ZMB","Zambia",1.1652708302398,0.77748343899933,NA
347,"ZMB","Zambia",1.19848262388516,0.811685159813857,NA
348,"ZMB","Zambia",1.23121089379736,0.845561519291014,NA
349,"ZMB","Zambia",1.26342980205401,0.879083050195309,NA
350,"ZMB","Zambia",1.29511383296111,0.91222051401578,NA
351,"ZMB","Zambia",1.32623781953978,0.94494493251071,NA
352,"ZMB","Zambia",1.35677696968422,0.977227619001557,NA
353,"ZMB","Zambia",1.38670689196097,1.00904020938008,NA
354,"ZMB","Zambia",1.41600362101997,1.04035469279263,NA
355,"ZMB","Zambia",1.44464364258833,1.0711434419662,NA
356,"ZMB","Zambia",1.47260391801815,1.10137924314118,NA
357,"ZMB","Zambia",1.49986190836043,1.13103532557608,NA
358,"ZMB","Zambia",1.52639559793728,1.16008539059007,NA
359,"ZMB","Zambia",1.55218351738558,1.18850364010983,NA
360,"ZMB","Zambia",1.57720476614571,1.21626480468751,NA
361,"ZMB","Zambia",1.60143903436935,1.24334417095748,NA
362,"ZMB","Zambia",1.62486662422153,1.2697176084999,NA
363,"ZMB","Zambia",1.64746847055226,1.2953615960802,NA
364,"ZMB","Zambia",1.6692261609142,1.32025324723387,NA
365,"ZMB","Zambia",1.69012195490326,1.34437033516712,NA
1,"ZWE","Zimbabwe",1.78532640320906,0.587204608867675,NA
2,"ZWE","Zimbabwe",1.80109756729864,0.589068980386628,NA
3,"ZWE","Zimbabwe",1.81583396407041,0.590861926193452,NA
4,"ZWE","Zimbabwe",1.8295231491357,0.592579780118296,NA
5,"ZWE","Zimbabwe",1.84215359185034,0.594218779730792,NA
6,"ZWE","Zimbabwe",1.85371468758987,0.595775071310861,NA
7,"ZWE","Zimbabwe",1.86419676902471,0.597244714982464,NA
8,"ZWE","Zimbabwe",1.87359111638226,0.59862369000403,NA
9,"ZWE","Zimbabwe",1.88188996668409,0.599907900209132,NA
10,"ZWE","Zimbabwe",1.88908652194769,0.601093179590747,NA
11,"ZWE","Zimbabwe",1.89517495634321,0.602175298022257,NA
12,"ZWE","Zimbabwe",1.90015042229717,0.603149967108203,NA
13,"ZWE","Zimbabwe",1.90400905553593,0.604012846157584,NA
14,"ZWE","Zimbabwe",1.90674797906335,0.604759548272381,NA
15,"ZWE","Zimbabwe",1.90836530606793,0.605385646543784,NA
16,"ZWE","Zimbabwe",1.90886014175627,0.605886680348511,NA
17,"ZWE","Zimbabwe",1.90823258411072,0.60625816173742,NA
18,"ZWE","Zimbabwe",1.90648372357042,0.60649558190854,NA
19,"ZWE","Zimbabwe",1.9036156416362,0.606594417756478,NA
20,"ZWE","Zimbabwe",1.89963140840098,0.606550138490117,NA
21,"ZWE","Zimbabwe",1.89453507900867,0.606358212310358,NA
22,"ZWE","Zimbabwe",1.8883316890456,0.606014113139626,NA
23,"ZWE","Zimbabwe",1.88102724887007,0.605513327394747,NA
24,"ZWE","Zimbabwe",1.87262873688653,0.604851360794757,NA
25,"ZWE","Zimbabwe",1.86314409177218,0.604023745195154,NA
26,"ZWE","Zimbabwe",1.8525822036653,0.603026045440016,NA
27,"ZWE","Zimbabwe",1.84095290432526,0.601853866223442,NA
28,"ZWE","Zimbabwe",1.82826695627598,0.600502858951671,NA
29,"ZWE","Zimbabwe",1.8145360409452,0.598968728597283,NA
30,"ZWE","Zimbabwe",1.7997727458135,0.597247240536842,NA
31,"ZWE","Zimbabwe",1.78399055058804,0.595334227363362,NA
32,"ZWE","Zimbabwe",1.76720381241691,0.593225595664992,NA
33,"ZWE","Zimbabwe",1.74942775016151,0.590917332761335,NA
34,"ZWE","Zimbabwe",1.7306784277449,0.588405513388868,NA
35,"ZWE","Zimbabwe",1.71097273659583,0.585686306326961,NA
36,"ZWE","Zimbabwe",1.69032837720843,0.582755980956056,NA
37,"ZWE","Zimbabwe",1.66876383983925,0.579610913739642,NA
38,"ZWE","Zimbabwe",1.64629838436388,0.576247594621728,NA
39,"ZWE","Zimbabwe",1.62295201931646,0.572662633331604,NA
40,"ZWE","Zimbabwe",1.59874548013658,0.568852765587798,NA
41,"ZWE","Zimbabwe",1.57370020664849,0.564814859193211,NA
42,"ZWE","Zimbabwe",1.54783831979893,0.560545920013554,NA
43,"ZWE","Zimbabwe",1.52118259768038,0.556043097831329,NA
44,"ZWE","Zimbabwe",1.4937564508676,0.551303692067741,NA
45,"ZWE","Zimbabwe",1.46558389709582,0.546325157365043,NA
46,"ZWE","Zimbabwe",1.43668953531007,0.541105109022018,NA
47,"ZWE","Zimbabwe",1.40709851911554,0.535641328275419,NA
48,"ZWE","Zimbabwe",1.37683652965973,0.529931767420398,NA
49,"ZWE","Zimbabwe",1.34592974797764,0.523974554763094,NA
50,"ZWE","Zimbabwe",1.31440482683205,0.517767999398788,NA
51,"ZWE","Zimbabwe",1.28228886208141,0.511310595809179,NA
52,"ZWE","Zimbabwe",1.24960936360831,0.504601028272589,NA
53,"ZWE","Zimbabwe",1.21639422584214,0.497638175081062,NA
54,"ZWE","Zimbabwe",1.18267169790999,0.490421112558605,NA
55,"ZWE","Zimbabwe",1.14847035345016,0.482949118874977,NA
56,"ZWE","Zimbabwe",1.11381906012308,0.475221677649735,NA
57,"ZWE","Zimbabwe",1.07874694885477,0.467238481341419,NA
58,"ZWE","Zimbabwe",1.04328338284839,0.458999434417061,NA
59,"ZWE","Zimbabwe",1.00745792639931,0.450504656297416,NA
60,"ZWE","Zimbabwe",0.971300313549853,0.441754484073588,NA
61,"ZWE","Zimbabwe",0.93484041661961,0.432749474990994,NA
62,"ZWE","Zimbabwe",0.898108214647537,0.423490408696847,NA
63,"ZWE","Zimbabwe",0.861133761782121,0.413978289247651,NA
64,"ZWE","Zimbabwe",0.823947155655903,0.404214346873462,NA
65,"ZWE","Zimbabwe",0.786578505780654,0.394200039495924,NA
66,"ZWE","Zimbabwe",0.749057901999458,0.383937053997429,NA
67,"ZWE","Zimbabwe",0.711415383031875,0.37342730723899,NA
68,"ZWE","Zimbabwe",0.6736809051482,0.362672946824732,NA
69,"ZWE","Zimbabwe",0.635884311008704,0.351676351611195,NA
70,"ZWE","Zimbabwe",0.598055298703469,0.340440131959941,NA
71,"ZWE","Zimbabwe",0.560223391028237,0.328967129732253,NA
72,"ZWE","Zimbabwe",0.522417905031335,0.317260418025022,NA
73,"ZWE","Zimbabwe",0.484667921866447,0.305323300647208,NA
74,"ZWE","Zimbabwe",0.447002256985577,0.293159311336574,NA
75,"ZWE","Zimbabwe",0.40944943070617,0.280772212716702,NA
76,"ZWE","Zimbabwe",0.372037639185868,0.268165994994578,NA
77,"ZWE","Zimbabwe",0.334794725837881,0.255344874399372,NA
78,"ZWE","Zimbabwe",0.297748153219433,0.242313291363306,NA
79,"ZWE","Zimbabwe",0.260924975425134,0.229075908445848,NA
80,"ZWE","Zimbabwe",0.224351811016549,0.215637608002722,NA
81,"ZWE","Zimbabwe",0.188054816518563,0.20200348960157,NA
82,"ZWE","Zimbabwe",0.15205966051245,0.188178867186367,NA
83,"ZWE","Zimbabwe",0.11639149835486,0.17416926599301,NA
84,"ZWE","Zimbabwe",0.0810749475511464,0.159980419218776,NA
85,"ZWE","Zimbabwe",0.0461340638106888,0.145618264448643,NA
86,"ZWE","Zimbabwe",0.0115923178110481,0.131088939841762,NA
87,"ZWE","Zimbabwe",-0.0225274273030799,0.116398780081637,NA
88,"ZWE","Zimbabwe",-0.0562029376610156,0.101554312093863,NA
89,"ZWE","Zimbabwe",-0.0894126296231714,0.0865622505355362,NA
90,"ZWE","Zimbabwe",-0.122135589930808,0.0714294930607305,NA
91,"ZWE","Zimbabwe",-0.154351595026214,0.056163115366694,NA
92,"ZWE","Zimbabwe",-0.186041129522006,0.0407703660256848,NA
93,"ZWE","Zimbabwe",-0.217185403799315,0.025258661107616,NA
94,"ZWE","Zimbabwe",-0.247766370715618,0.00963557859893114,NA
95,"ZWE","Zimbabwe",-0.27776674140408,-0.006091147376626,NA
96,"ZWE","Zimbabwe",-0.307170000147324,-0.0219136325294466,NA
97,"ZWE","Zimbabwe",-0.335960418309673,-0.0378238485615654,NA
98,"ZWE","Zimbabwe",-0.364123067313014,-0.0538136295038898,NA
99,"ZWE","Zimbabwe",-0.3916438306426,-0.069874678226582,NA
100,"ZWE","Zimbabwe",-0.418509414870225,-0.0859985731158133,NA
101,"ZWE","Zimbabwe",-0.444707359683421,-0.102176774909916,NA
102,"ZWE","Zimbabwe",-0.470226046910469,-0.118400633687761,NA
103,"ZWE","Zimbabwe",-0.495054708532238,-0.134661396002006,NA
104,"ZWE","Zimbabwe",-0.51918343367306,-0.150950212149688,NA
105,"ZWE","Zimbabwe",-0.542603174564072,-0.167258143572457,NA
106,"ZWE","Zimbabwe",-0.565305751473657,-0.183576170378597,NA
107,"ZWE","Zimbabwe",-0.587283856600873,-0.199895198978839,NA
108,"ZWE","Zimbabwe",-0.608531056928965,-0.2162060698278,NA
109,"ZWE","Zimbabwe",-0.629041796037297,-0.232499565262797,NA
110,"ZWE","Zimbabwe",-0.648811394871289,-0.248766417431622,NA
111,"ZWE","Zimbabwe",-0.66783605147116,-0.264997316300776,NA
112,"ZWE","Zimbabwe",-0.686112839661528,-0.281182917735556,NA
113,"ZWE","Zimbabwe",-0.703639706705135,-0.297313851643289,NA
114,"ZWE","Zimbabwe",-0.720415469925221,-0.313380730170927,NA
115,"ZWE","Zimbabwe",-0.736439812302242,-0.329374155948162,NA
116,"ZWE","Zimbabwe",-0.751713277051896,-0.345284730367129,NA
117,"ZWE","Zimbabwe",-0.766237261192595,-0.361103061889749,NA
118,"ZWE","Zimbabwe",-0.78001400811171,-0.37681977437368,NA
119,"ZWE","Zimbabwe",-0.793046599141125,-0.392425515407875,NA
120,"ZWE","Zimbabwe",-0.805338944153795,-0.407910964648649,NA
121,"ZWE","Zimbabwe",-0.816895771194142,-0.423266842147227,NA
122,"ZWE","Zimbabwe",-0.827722615156293,-0.438483916659684,NA
123,"ZWE","Zimbabwe",-0.837825805525265,-0.453553013930238,NA
124,"ZWE","Zimbabwe",-0.847212453197321,-0.468465024938854,NA
125,"ZWE","Zimbabwe",-0.855890436396797,-0.483210914104184,NA
126,"ZWE","Zimbabwe",-0.863868385707757,-0.497781727432856,NA
127,"ZWE","Zimbabwe",-0.87115566823991,-0.512168600606245,NA
128,"ZWE","Zimbabwe",-0.877762370949193,-0.526362766995873,NA
129,"ZWE","Zimbabwe",-0.883699283134442,-0.540355565598672,NA
130,"ZWE","Zimbabwe",-0.888977878132568,-0.554138448883448,NA
131,"ZWE","Zimbabwe",-0.893610294235524,-0.567702990539951,NA
132,"ZWE","Zimbabwe",-0.897609314853346,-0.58104089312207,NA
133,"ZWE","Zimbabwe",-0.900988347948366,-0.594143995576811,NA
134,"ZWE","Zimbabwe",-0.903761404766593,-0.60700428065078,NA
135,"ZWE","Zimbabwe",-0.905943077893055,-0.619613882166105,NA
136,"ZWE","Zimbabwe",-0.90754851865869,-0.631965092157801,NA
137,"ZWE","Zimbabwe",-0.908593413927144,-0.644050367864785,NA
138,"ZWE","Zimbabwe",-0.909093962290538,-0.655862338566888,NA
139,"ZWE","Zimbabwe",-0.909066849703958,-0.667393812260373,NA
140,"ZWE","Zimbabwe",-0.908529224589084,-0.678637782164672,NA
141,"ZWE","Zimbabwe",-0.907498672437984,-0.68958743305322,NA
142,"ZWE","Zimbabwe",-0.905993189948666,-0.70023614740147,NA
143,"ZWE","Zimbabwe",-0.904031158724538,-0.71057751134537,NA
144,"ZWE","Zimbabwe",-0.901631318570417,-0.720605320443804,NA
145,"ZWE","Zimbabwe",-0.898812740418199,-0.730313585238715,NA
146,"ZWE","Zimbabwe",-0.895594798915713,-0.739696536606837,NA
147,"ZWE","Zimbabwe",-0.891997144712673,-0.748748630897226,NA
148,"ZWE","Zimbabwe",-0.888039676477991,-0.757464554849,NA
149,"ZWE","Zimbabwe",-0.883742512682988,-0.765839230283948,NA
150,"ZWE","Zimbabwe",-0.879125963185342,-0.77386781856892,NA
151,"ZWE","Zimbabwe",-0.87421050064879,-0.781545724843174,NA
152,"ZWE","Zimbabwe",-0.869016731833789,-0.788868602006117,NA
153,"ZWE","Zimbabwe",-0.863565368794506,-0.795832354461138,NA
154,"ZWE","Zimbabwe",-0.857877200017538,-0.802433141611529,NA
155,"ZWE","Zimbabwe",-0.851973061537872,-0.808667381104731,NA
156,"ZWE","Zimbabwe",-0.845873808067562,-0.81453175182147,NA
157,"ZWE","Zimbabwe",-0.839600284172593,-0.820023196606594,NA
158,"ZWE","Zimbabwe",-0.833173295533285,-0.825138924738747,NA
159,"ZWE","Zimbabwe",-0.826613580323528,-0.829876414136283,NA
160,"ZWE","Zimbabwe",-0.819941780743918,-0.834233413297134,NA
161,"ZWE","Zimbabwe",-0.813178414743687,-0.838207942970654,NA
162,"ZWE","Zimbabwe",-0.806343847966091,-0.84179829755974,NA
163,"ZWE","Zimbabwe",-0.799458265951591,-0.845003046251853,NA
164,"ZWE","Zimbabwe",-0.792541646632865,-0.847821033877863,NA
165,"ZWE","Zimbabwe",-0.785613733155321,-0.850251381497948,NA
166,"ZWE","Zimbabwe",-0.778694007056341,-0.852293486714088,NA
167,"ZWE","Zimbabwe",-0.771801661836078,-0.853947023708985,NA
168,"ZWE","Zimbabwe",-0.764955576952103,-0.855211943011586,NA
169,"ZWE","Zimbabwe",-0.758174292269704,-0.856088470989651,NA
170,"ZWE","Zimbabwe",-0.751475982999045,-0.856577109070146,NA
171,"ZWE","Zimbabwe",-0.744878435149812,-0.856678632688533,NA
172,"ZWE","Zimbabwe",-0.738399021533332,-0.856394089968335,NA
173,"ZWE","Zimbabwe",-0.732054678341457,-0.855724800132665,NA
174,"ZWE","Zimbabwe",-0.725861882330827,-0.854672351649707,NA
175,"ZWE","Zimbabwe",-0.719836628640359,-0.853238600114414,NA
176,"ZWE","Zimbabwe",-0.713994409269031,-0.851425665869034,NA
177,"ZWE","Zimbabwe",-0.708350192240246,-0.84923593136531,NA
178,"ZWE","Zimbabwe",-0.702918401478192,-0.846672038271535,NA
179,"ZWE","Zimbabwe",-0.697712897420756,-0.843736884327899,NA
180,"ZWE","Zimbabwe",-0.692746958392649,-0.840433619953868,NA
181,"ZWE","Zimbabwe",-0.688033262761477,-0.836765644611603,NA
182,"ZWE","Zimbabwe",-0.683583871898517,-0.83273660292969,NA
183,"ZWE","Zimbabwe",-0.67941021396501,-0.828350380591747,NA
184,"ZWE","Zimbabwe",-0.675523068543727,-0.8236110999947,NA
185,"ZWE","Zimbabwe",-0.671932552134596,-0.818523115681813,NA
186,"ZWE","Zimbabwe",-0.668648104532064,-0.813091009555779,NA
187,"ZWE","Zimbabwe",-0.665678476100847,-0.807319585877437,NA
188,"ZWE","Zimbabwe",-0.663031715965577,-0.80121386605592,NA
189,"ZWE","Zimbabwe",-0.660715161128804,-0.79477908323626,NA
190,"ZWE","Zimbabwe",-0.658735426530618,-0.788020676690703,NA
191,"ZWE","Zimbabwe",-0.657098396062055,-0.78094428602022,NA
192,"ZWE","Zimbabwe",-0.655809214543277,-0.773555745172868,NA
193,"ZWE","Zimbabwe",-0.654872280676344,-0.765861076285913,NA
194,"ZWE","Zimbabwe",-0.654291240981208,-0.757866483358764,NA
195,"ZWE","Zimbabwe",-0.654068984722371,-0.749578345763992,NA
196,"ZWE","Zimbabwe",-0.654207639832445,-0.74100321160386,NA
197,"ZWE","Zimbabwe",-0.654708569837628,-0.732147790919972,NA
198,"ZWE","Zimbabwe",-0.655572371788923,-0.723018948763795,NA
199,"ZWE","Zimbabwe",-0.656798875201666,-0.713623698135976,NA
200,"ZWE","Zimbabwe",-0.658387142004733,-0.703969192802484,NA
201,"ZWE","Zimbabwe",-0.660335467499568,-0.694062719995772,NA
202,"ZWE","Zimbabwe",-0.662641382327924,-0.683911693009264,NA
203,"ZWE","Zimbabwe",-0.665301655446019,-0.673523643693556,NA
204,"ZWE","Zimbabwe",-0.668312298101554,-0.662906214862872,NA
205,"ZWE","Zimbabwe",-0.671668568808842,-0.652067152620361,NA
206,"ZWE","Zimbabwe",-0.675364979316075,-0.641014298610933,NA
207,"ZWE","Zimbabwe",-0.679395301557563,-0.629755582210376,NA
208,"ZWE","Zimbabwe",-0.683752575582552,-0.618299012659593,NA
209,"ZWE","Zimbabwe",-0.688429118451088,-0.606652671152809,NA
210,"ZWE","Zimbabwe",-0.693416534086172,-0.594824702888665,NA
211,"ZWE","Zimbabwe",-0.698705724070311,-0.582823309093134,NA
212,"ZWE","Zimbabwe",-0.704286899373434,-0.570656739023227,NA
213,"ZWE","Zimbabwe",-0.710149592997965,-0.558333281960437,NA
214,"ZWE","Zimbabwe",-0.71628267352579,-0.545861259202899,NA
215,"ZWE","Zimbabwe",-0.722674359550696,-0.533249016065219,NA
216,"ZWE","Zimbabwe",-0.729312234978823,-0.520504913894898,NA
217,"ZWE","Zimbabwe",-0.736183265178599,-0.507637322114239,NA
218,"ZWE","Zimbabwe",-0.743273813960584,-0.494654610296614,NA
219,"ZWE","Zimbabwe",-0.75056966136666,-0.481565140285866,NA
220,"ZWE","Zimbabwe",-0.758056022246978,-0.468377258367598,NA
221,"ZWE","Zimbabwe",-0.76571756560216,-0.455099287501003,NA
222,"ZWE","Zimbabwe",-0.773538434667266,-0.441739519619814,NA
223,"ZWE","Zimbabwe",-0.781502267713185,-0.428306208010863,NA
224,"ZWE","Zimbabwe",-0.789592219540173,-0.414807559778617,NA
225,"ZWE","Zimbabwe",-0.797790983637456,-0.401251728403967,NA
226,"ZWE","Zimbabwe",-0.806080814981987,-0.387646806405403,NA
227,"ZWE","Zimbabwe",-0.814443553448647,-0.374000818110596,NA
228,"ZWE","Zimbabwe",-0.822860647803449,-0.360321712546242,NA
229,"ZWE","Zimbabwe",-0.831313180250568,-0.346617356453884,NA
230,"ZWE","Zimbabwe",-0.839781891503358,-0.332895527439283,NA
231,"ZWE","Zimbabwe",-0.848247206348839,-0.319163907262703,NA
232,"ZWE","Zimbabwe",-0.856689259674562,-0.305430075277338,NA
233,"ZWE","Zimbabwe",-0.865087922926151,-0.291701502022885,NA
234,"ZWE","Zimbabwe",-0.873422830963316,-0.277985542981116,NA
235,"ZWE","Zimbabwe",-0.881673409281605,-0.264289432500053,NA
236,"ZWE","Zimbabwe",-0.88981890156673,-0.250620277893184,NA
237,"ZWE","Zimbabwe",-0.89783839754786,-0.236985053719901,NA
238,"ZWE","Zimbabwe",-0.90571086111591,-0.223390596253166,NA
239,"ZWE","Zimbabwe",-0.913415158672517,-0.209843598140111,NA
240,"ZWE","Zimbabwe",-0.920930087675078,-0.196350603261134,NA
241,"ZWE","Zimbabwe",-0.928234405343001,-0.182918001792699,NA
242,"ZWE","Zimbabwe",-0.93530685749006,-0.169552025478911,NA
243,"ZWE","Zimbabwe",-0.942126207447631,-0.15625874311658,NA
244,"ZWE","Zimbabwe",-0.948671265043397,-0.143044056258316,NA
245,"ZWE","Zimbabwe",-0.954920915600059,-0.129913695137852,NA
246,"ZWE","Zimbabwe",-0.96085414891853,-0.116873214821587,NA
247,"ZWE","Zimbabwe",-0.966450088210091,-0.103927991590026,NA
248,"ZWE","Zimbabwe",-0.971688018942025,-0.0910832195525269,NA
249,"ZWE","Zimbabwe",-0.976547417561318,-0.0783439074984822,NA
250,"ZWE","Zimbabwe",-0.981007980061153,-0.0657148759877839,NA
251,"ZWE","Zimbabwe",-0.985049650355087,-0.0532007546831061,NA
252,"ZWE","Zimbabwe",-0.988652648423996,-0.0408059799262898,NA
253,"ZWE","Zimbabwe",-0.991797498201137,-0.0285347925607614,NA
254,"ZWE","Zimbabwe",-0.994465055160959,-0.0163912360016902,NA
255,"ZWE","Zimbabwe",-0.996636533577631,-0.00437915455522127,NA
256,"ZWE","Zimbabwe",-0.99829353341963,0.00749780801212096,NA
257,"ZWE","Zimbabwe",-0.999418066847131,0.0192362096531083,NA
258,"ZWE","Zimbabwe",-0.999992584279418,0.030832810968079,NA
259,"ZWE","Zimbabwe",-1,0.0422845758816518,NA
260,"ZWE","Zimbabwe",-0.999423717267679,0.0535886720680036,NA
261,"ZWE","Zimbabwe",-0.998247652902346,0.0647424711251623,NA
262,"ZWE","Zimbabwe",-0.996456261314931,0.0757435484990363,NA
263,"ZWE","Zimbabwe",-0.994034557951535,0.0865896831582288,NA
264,"ZWE","Zimbabwe",-0.990968142122487,0.0972788570209625,NA
265,"ZWE","Zimbabwe",-0.987243219187755,0.107809254135749,NA
266,"ZWE","Zimbabwe",-0.982846622070912,0.118179259617716,NA
267,"ZWE","Zimbabwe",-0.977765832074609,0.128387458342823,NA
268,"ZWE","Zimbabwe",-0.971988998971372,0.138432633402445,NA
269,"ZWE","Zimbabwe",-0.965504960344315,0.148313764321137,NA
270,"ZWE","Zimbabwe",-0.958303260153313,0.158030025040615,NA
271,"ZWE","Zimbabwe",-0.950374166503031,0.167580781673331,NA
272,"ZWE","Zimbabwe",-0.941708688590153,0.17696559002924,NA
273,"ZWE","Zimbabwe",-0.932298592808143,0.186184192919653,NA
274,"ZWE","Zimbabwe",-0.922136417988807,0.195236517242318,NA
275,"ZWE","Zimbabwe",-0.91121548976099,0.204122670852157,NA
276,"ZWE","Zimbabwe",-0.899529934007746,0.212842939222296,NA
277,"ZWE","Zimbabwe",-0.887074689404391,0.221397781900318,NA
278,"ZWE","Zimbabwe",-0.873845519020921,0.229787828764875,NA
279,"ZWE","Zimbabwe",-0.859839020973391,0.238013876088048,NA
280,"ZWE","Zimbabwe",-0.845052638109957,0.246076882409079,NA
281,"ZWE","Zimbabwe",-0.829484666718429,0.253977964225275,NA
282,"ZWE","Zimbabwe",-0.813134264243329,0.26171839150618,NA
283,"ZWE","Zimbabwe",-0.796001456001628,0.269299583037226,NA
284,"ZWE","Zimbabwe",-0.778087140887497,0.276723101599334,NA
285,"ZWE","Zimbabwe",-0.759393096057612,0.283990648991113,NA
286,"ZWE","Zimbabwe",-0.739921980589775,0.291104060900471,NA
287,"ZWE","Zimbabwe",-0.719677338108779,0.298065301632641,NA
288,"ZWE","Zimbabwe",-0.698663598374709,0.304876458701802,NA
289,"ZWE","Zimbabwe",-0.676886077830084,0.311539737293587,NA
290,"ZWE","Zimbabwe",-0.654350979103459,0.318057454605988,NA
291,"ZWE","Zimbabwe",-0.631065389468374,0.324432034076233,NA
292,"ZWE","Zimbabwe",-0.607037278257735,0.330665999501392,NA
293,"ZWE","Zimbabwe",-0.582275493234991,0.336761969060575,NA
294,"ZWE","Zimbabwe",-0.556789755924655,0.342722649246672,NA
295,"ZWE","Zimbabwe",-0.530590655906019,0.348550828715732,NA
296,"ZWE","Zimbabwe",-0.503689644075054,0.354249372062116,NA
297,"ZWE","Zimbabwe",-0.476099024880812,0.359821213527694,NA
298,"ZWE","Zimbabwe",-0.447831947543756,0.365269350653374,NA
299,"ZWE","Zimbabwe",-0.418902396264764,0.370596837881355,NA
300,"ZWE","Zimbabwe",-0.389325179434633,0.375806780116526,NA
301,"ZWE","Zimbabwe",-0.359115917855223,0.380902326255473,NA
302,"ZWE","Zimbabwe",-0.32829103198442,0.385886662691595,NA
303,"ZWE","Zimbabwe",-0.296867728218411,0.390763006804843,NA
304,"ZWE","Zimbabwe",-0.264863984225736,0.395534600444605,NA
305,"ZWE","Zimbabwe",-0.232298533348889,0.400204703414275,NA
306,"ZWE","Zimbabwe",-0.199190848090198,0.404776586966002,NA
307,"ZWE","Zimbabwe",-0.165561122699907,0.409253527314123,NA
308,"ZWE","Zimbabwe",-0.131430254885399,0.413638799175747,NA
309,"ZWE","Zimbabwe",-0.0968198266615884,0.417935669346885,NA
310,"ZWE","Zimbabwe",-0.0617520843634791,0.42214739032253,NA
311,"ZWE","Zimbabwe",-0.0262499178429607,0.426277193968951,NA
312,"ZWE","Zimbabwe",0.00966316112719057,0.430328285256467,NA
313,"ZWE","Zimbabwe",0.0459630412181058,0.434303836060829,NA
314,"ZWE","Zimbabwe",0.0826250346535863,0.438206979041284,NA
315,"ZWE","Zimbabwe",0.119623901037013,0.442040801603261,NA
316,"ZWE","Zimbabwe",0.15693387186982,0.445808339953535,NA
317,"ZWE","Zimbabwe",0.194528675734041,0.449512573255585,NA
318,"ZWE","Zimbabwe",0.232381564110696,0.453156417892752,NA
319,"ZWE","Zimbabwe",0.270465337804951,0.456742721846623,NA
320,"ZWE","Zimbabwe",0.308752373948356,0.460274259197978,NA
321,"ZWE","Zimbabwe",0.347214653547653,0.463753724757418,NA
322,"ZWE","Zimbabwe",0.385823789549084,0.46718372883268,NA
323,"ZWE","Zimbabwe",0.424551055386419,0.470566792139419,NA
324,"ZWE","Zimbabwe",0.463367413980435,0.473905340862106,NA
325,"ZWE","Zimbabwe",0.502243547156903,0.477201701871451,NA
326,"ZWE","Zimbabwe",0.541149885449759,0.480458098104601,NA
327,"ZWE","Zimbabwe",0.580056638255574,0.483676644114133,NA
328,"ZWE","Zimbabwe",0.618933824305016,0.486859341791653,NA
329,"ZWE","Zimbabwe",0.657751302416674,0.490008076271606,NA
330,"ZWE","Zimbabwe",0.696478802498138,0.49312461202064,NA
331,"ZWE","Zimbabwe",0.735085956759076,0.496210589117687,NA
332,"ZWE","Zimbabwe",0.773542331100618,0.499267519729618,NA
333,"ZWE","Zimbabwe",0.811817456645256,0.502296784787149,NA
334,"ZWE","Zimbabwe",0.84988086137124,0.505299630865366,NA
335,"ZWE","Zimbabwe",0.887702101815248,0.508277167273023,NA
336,"ZWE","Zimbabwe",0.925250794807146,0.511230363354482,NA
337,"ZWE","Zimbabwe",0.96249664920043,0.514160046007894,NA
338,"ZWE","Zimbabwe",0.999409497562088,0.517066897422976,NA
339,"ZWE","Zimbabwe",1.03595932778551,0.519951453041426,NA
340,"ZWE","Zimbabwe",1.07211631459023,0.52281409974277,NA
341,"ZWE","Zimbabwe",1.1078508508724,0.525655074258136,NA
342,"ZWE","Zimbabwe",1.14313357886998,0.528474461814173,NA
343,"ZWE","Zimbabwe",1.17793542110685,0.531272195009032,NA
344,"ZWE","Zimbabwe",1.21222761108044,0.53404805292206,NA
345,"ZWE","Zimbabwe",1.24598172365744,0.536801660458529,NA
346,"ZWE","Zimbabwe",1.27916970514279,0.539532487930471,NA
347,"ZWE","Zimbabwe",1.3117639029874,0.54223985087435,NA
348,"ZWE","Zimbabwe",1.34373709510028,0.544922910106044,NA
349,"ZWE","Zimbabwe",1.37506251873156,0.54758067201329,NA
350,"ZWE","Zimbabwe",1.40571389889308,0.550211989085443,NA
351,"ZWE","Zimbabwe",1.4356654762838,0.552815560680142,NA
352,"ZWE","Zimbabwe",1.46489203468798,0.555389934026106,NA
353,"ZWE","Zimbabwe",1.4933689278145,0.557933505461083,NA
354,"ZWE","Zimbabwe",1.5210721055465,0.560444521903577,NA
355,"ZWE","Zimbabwe",1.54797813957098,0.562921082556779,NA
356,"ZWE","Zimbabwe",1.57406424835904,0.565361140842762,NA
357,"ZWE","Zimbabwe",1.59930832146769,0.567762506564764,NA
358,"ZWE","Zimbabwe",1.62368894313554,0.570122848295058,NA
359,"ZWE","Zimbabwe",1.64718541514495,0.572439695985648,NA
360,"ZWE","Zimbabwe",1.66977777892435,0.574710443798745,NA
361,"ZWE","Zimbabwe",1.69144683686537,0.576932353153692,NA
362,"ZWE","Zimbabwe",1.71217417282998,0.579102555986739,NA
363,"ZWE","Zimbabwe",1.73194217182424,0.581218058219801,NA
364,"ZWE","Zimbabwe",1.75073403881582,0.583275743434074,NA
365,"ZWE","Zimbabwe",1.76853381667366,0.585272376744103,NA
