"Interval","Week","Probability"
"[0,7]",1,0.704076667666061
"(7,14]",2,0.177729156991342
"(14,21]",3,0.0679296421594613
"(21,28]",4,0.0284683312177356
"(28,35]",5,0.0124617001500106
"(35,42]",6,0.00559651328532618
"(42,49]",7,0.00255626452099374
"(49,56]",8,0.00118172400906934
