"zeta_ratio","log10_zeta_ratio","density","density_log10","channel"
0.1,-1,0,0,"direct"
0.103041699495059,-0.986986986986987,0,0,"direct"
0.1061759183483,-0.973973973973974,0,0,"direct"
0.109405470720574,-0.960960960960961,0,0,"direct"
0.112733256371049,-0.947947947947948,0,0,"direct"
0.11616226326085,-0.934934934934935,0,0,"direct"
0.119695570235904,-0.921921921921922,0,0,"direct"
0.123336349791378,-0.908908908908909,0,0,"direct"
0.127087870920206,-0.895895895895896,0,0,"direct"
0.130953502048267,-0.882882882882883,0,0,"direct"
0.134936714058831,-0.86986986986987,0,0,"direct"
0.139041083409007,-0.856856856856857,0,0,"direct"
0.143270295340983,-0.843843843843844,0,0,"direct"
0.147628147190939,-0.830830830830831,0,0,"direct"
0.15211855179861,-0.817817817817818,0,0,"direct"
0.15674554102056,-0.804804804804805,0,0,"direct"
0.161513269350309,-0.791791791791792,0,0,"direct"
0.16642601764859,-0.778778778778779,0,0,"direct"
0.171488196987054,-0.765765765765766,0,0,"direct"
0.176704352608895,-0.752752752752753,0,0,"direct"
0.182079168009946,-0.73973973973974,0,0,"direct"
0.187617469143912,-0.726726726726727,0,0,"direct"
0.193324228755505,-0.713713713713714,0,0,"direct"
0.199204570845387,-0.700700700700701,0,0,"direct"
0.205263775270925,-0.687687687687688,0,0,"direct"
0.21150728248688,-0.674674674674675,0,0,"direct"
0.217940698430295,-0.661661661661662,0,0,"direct"
0.224569799553977,-0.648648648648649,0,0,"direct"
0.231400538013065,-0.635635635635636,0,0,"direct"
0.238439047009372,-0.622622622622623,0,0,"direct"
0.245691646298279,-0.60960960960961,0,0,"direct"
0.253164847863135,-0.596596596596597,0,0,"direct"
0.260865361762255,-0.583583583583584,0,0,"direct"
0.268800102153761,-0.570570570570571,0,0,"direct"
0.276976193503689,-0.557557557557558,0,0,"direct"
0.285400976982924,-0.544544544544544,0,0,"direct"
0.294082017058706,-0.531531531531532,0,0,"direct"
0.30302710828664,-0.518518518518519,0,0,"direct"
0.312244282309286,-0.505505505505506,0,0,"direct"
0.321741815067637,-0.492492492492492,0,0,"direct"
0.331528234231942,-0.479479479479479,0,0,"direct"
0.341612326858553,-0.466466466466467,0,0,"direct"
0.352003147279668,-0.453453453453453,0,0,"direct"
0.362710025233065,-0.44044044044044,0,0,"direct"
0.373742574239106,-0.427427427427427,0,0,"direct"
0.385110700232557,-0.414414414414414,0,0,"direct"
0.396824610456948,-0.401401401401402,0,0,"direct"
0.408894822629486,-0.388388388388388,0,0,"direct"
0.421332174384729,-0.375375375375375,0,0,"direct"
0.434147833005509,-0.362362362362362,0,0,"direct"
0.447353305449847,-0.349349349349349,0,0,"direct"
0.460960448682843,-0.336336336336336,0,0,"direct"
0.47498148032285,-0.323323323323323,0,0,"direct"
0.489428989611453,-0.31031031031031,0,0,"direct"
0.504315948717136,-0.297297297297297,0,0,"direct"
0.519655724382766,-0.284284284284284,0,0,"direct"
0.535462089927361,-0.271271271271271,0,0,"direct"
0.551749237612913,-0.258258258258258,0,0,"direct"
0.568531791387375,-0.245245245245245,0,0,"direct"
0.585824820015254,-0.232232232232232,0,0,"direct"
0.603643850607587,-0.219219219219219,0,0,"direct"
0.622004882563471,-0.206206206206206,0,0,"direct"
0.640924401935645,-0.193193193193193,0,0,"direct"
0.66041939623303,-0.18018018018018,0,0,"direct"
0.680507369673521,-0.167167167167167,0,0,"direct"
0.701206358900718,-0.154154154154154,0,0,"direct"
0.722534949178721,-0.141141141141141,0,0,"direct"
0.744512291079514,-0.128128128128128,0,0,"direct"
0.76715811767793,-0.115115115115115,0,0,"direct"
0.790492762269642,-0.102102102102102,0,0,"direct"
0.814537176628074,-0.0890890890890891,0,0,"direct"
0.839312949816636,-0.0760760760760762,0,0,"direct"
0.864842327573172,-0.0630630630630631,0,0,"direct"
0.89114823228402,-0.05005005005005,0,0,"direct"
0.918254283565628,-0.0370370370370371,0,0,"direct"
0.9461848194722,-0.0240240240240241,0,0,"direct"
0.974964918348409,-0.011011011011011,0,0,"direct"
1.00462042134681,0.00200200200200195,0.0667711381435163,0.154456599682261,"direct"
1.03517795563018,0.015015015015015,0.0652334060945751,0.155489389742738,"direct"
1.06666495827954,0.0280280280280281,0.0637281239893595,0.156521806168117,"direct"
1.0991097009295,0.0410410410410411,0.0622546814278341,0.157553750132268,"direct"
1.13254131515281,0.0540540540540539,0.0608124777182065,0.158585122221335,"direct"
1.16698981861715,0.067067067067067,0.0594009217629132,0.159615822448409,"direct"
1.20248614203741,0.08008008008008,0.058019431945039,0.160645750268442,"direct"
1.23906215694792,0.0930930930930931,0.056667436015191,0.161674804593378,"direct"
1.27675070431927,0.106106106106106,0.055344370978849,0.162702883807521,"direct"
1.3155856240457,0.119119119119119,0.054049682984211,0.163729885783113,"direct"
1.35560178532937,0.132132132132132,0.0527828272105532,0.16475570789614,"direct"
1.39683511798874,0.145145145145145,0.0515432677571247,0.165780247042345,"direct"
1.43932264471941,0.158158158158158,0.0503304775325933,0.166803399653466,"direct"
1.4831025143361,0.171171171171171,0.0491439381450612,0.167825061713667,"direct"
1.52821403602587,0.184184184184184,0.0479831397926667,0.168845128776193,"direct"
1.57469771464309,0.197197197197197,0.0468475811547892,0.169863495980216,"direct"
1.62259528707809,0.21021021021021,0.0457367692838717,0.170880058067881,"direct"
1.67194975973199,0.223223223223223,0.0446502194978785,0.171894709401555,"direct"
1.72280544713139,0.236236236236236,0.0435874552734001,0.172907343981262,"direct"
1.77520801171764,0.249249249249249,0.042548008139421,0.173917855462307,"direct"
1.82920450484629,0.262262262262262,0.041531417571764,0.174926137173088,"direct"
1.8848434090338,0.275275275275275,0.0405372308882227,0.175932082133083,"direct"
1.94217468148903,0.288288288288288,0.0395650031443962,0.176935583071023,"direct"
2.00124979896904,0.301301301301301,0.038614297030237,0.177936532443227,"direct"
2.06212180399914,0.314314314314314,0.0376846827673243,0.178934822452112,"direct"
2.12484535249888,0.327327327327327,0.0367757380068724,0.179930345064866,"direct"
2.18947676285662,0.34034034034034,0.0358870477284857,0.180922992032282,"direct"
2.25607406649686,0.353353353353353,0.0350182041396707,0.181912654907745,"direct"
2.32469705998565,0.366366366366366,0.0341688065761124,0.182899225066373,"direct"
2.39540735872088,0.379379379379379,0.0333384614027262,0.183882593724303,"direct"
2.46826845225569,0.392392392392392,0.0325267819154931,0.184862651958119,"direct"
2.54334576130465,0.405405405405405,0.0317333882440856,0.185839290724421,"direct"
2.62070669648385,0.418418418418418,0.0309579072552933,0.186812400879519,"direct"
2.70042071883777,0.431431431431431,0.0301999724572531,0.187781873199264,"direct"
2.78255940220712,0.444444444444444,0.0294592239044942,0.188747598398996,"direct"
2.86719649749377,0.457457457457457,0.0287353081038003,0.189709467153614,"direct"
2.95440799888038,0.47047047047047,0.0280278779208981,0.190667370117751,"direct"
3.0442722120643,0.483483483483484,0.0273365924879753,0.19162119794607,"direct"
3.13686982456688,0.496496496496496,0.0266611171120351,0.192570841313654,"direct"
3.23228397818138,0.509509509509509,0.0260011231840899,0.193516190936491,"direct"
3.33060034362459,0.522522522522523,0.0253562880892004,0.194457137592064,"direct"
3.43190719745904,0.535535535535536,0.0247262951173626,0.195393572140014,"direct"
3.53629550135504,0.548548548548549,0.024110833375247,0.196325385542893,"direct"
3.64385898376354,0.561561561561561,0.0235095976987931,0.197252468886993,"direct"
3.75469422407333,0.574574574574575,0.0229222885666618,0.198174713403244,"direct"
3.86890073932798,0.587587587587588,0.022348612014548,0.199092010488175,"direct"
3.98658107358044,0.600600600600601,0.0217882795503567,0.200004251724944,"direct"
4.10784088996565,0.613613613613614,0.0212410080702429,0.200911328904408,"direct"
4.23278906557355,0.626626626626627,0.0207065197755173,0.20181313404626,"direct"
4.361537789208,0.63963963963964,0.0201845420904203,0.20270955942019,"direct"
4.49420266211914,0.652652652652653,0.0196748075807628,0.203600497567095,"direct"
4.63090280179974,0.665665665665666,0.019177053873436,0.204485841320321,"direct"
4.77176094893875,0.678678678678679,0.0186910235767908,0.205365483826922,"direct"
4.91690357762803,0.691691691691692,0.0182164642018849,0.206239318568948,"direct"
5.06646100892127,0.704704704704705,0.0177531280845996,0.207107239384741,"direct"
5.22056752784697,0.717717717717718,0.0173007723086236,0.207969140490242,"direct"
5.3793615039807,0.730730730730731,0.0168591586293051,0.2088249165003,"direct"
5.54298551568467,0.743743743743744,0.0164280533983693,0.209674462449977,"direct"
5.71158647812643,0.756756756756757,0.016007227489501,0.210517673815839,"direct"
5.88531577519145,0.76976976976977,0.0155964562247901,0.211354446537242,"direct"
6.06432939540806,0.782782782782783,0.0151955193020389,0.212184677037581,"direct"
6.24878807200689,0.795795795795796,0.0148042007229289,0.213008262245529,"direct"
6.43885742724042,0.808808808808809,0.0144222887220442,0.213825099616225,"direct"
6.63470812109235,0.821821821821822,0.0140495756967495,0.214635087152434,"direct"
6.83651600451024,0.834834834834835,0.0136858581379209,0.215438123425653,"direct"
7.04446227729904,0.847847847847848,0.0133309365615248,0.216234107597177,"direct"
7.25873365081725,0.860860860860861,0.0129846154410429,0.217022939439087,"direct"
7.47952251562182,0.873873873873874,0.0126467031407403,0.217804519355198,"direct"
7.7070271142123,0.886886886886887,0.0123170118497724,0.218578748401914,"direct"
7.94145171902934,0.8998998998999,0.0119953575171273,0.219345528309022,"direct"
8.18300681586739,0.912912912912913,0.0116815597873997,0.220104761500398,"direct"
8.43190929286625,0.925925925925926,0.0113754419373935,0.220856351114625,"direct"
8.68838263525118,0.938938938938939,0.0110768308135465,0.221600201025514,"direct"
8.9526571259964,0.951951951951952,0.0107855567701751,0.222336215862529,"direct"
9.22497005259217,0.964964964964965,0.010501453608534,0.2230643010311,"direct"
9.5055659201012,0.977977977977978,0.0102243585166857,0.22378436273283,"direct"
9.7946966706954,0.990990990990991,0.0099541120101748,0.224496307985575,"direct"
10.0926219098705,1.004004004004,0.00969055787350433,0.225200044643407,"direct"
10.3996091395412,1.01701701701702,0.00943354310240608,0.225895481416439,"direct"
10.7159339982267,1.03003003003003,0.00918291784690225,0.22658252789052,"direct"
11.0418805085416,1.04304304304304,0.00893853535515182,0.227261094546783,"direct"
11.3777413322149,1.05605605605606,0.00870025191807683,0.227931092781043,"direct"
11.723818032866,1.06906906906907,0.00846792681476297,0.228592434923047,"direct"
12.0804213467733,1.08208208208208,0.00824142225862878,0.22924503425556,"direct"
12.4478714618791,1.0950950950951,0.00802060334435803,0.22988880503328,"direct"
12.8264983052806,1.10810810810811,0.00780533799558931,0.230523662501591,"direct"
13.2166418394661,1.12112112112112,0.00759549691335705,0.23114952291513,"direct"
13.6186523675608,1.13413413413413,0.00739095352527811,0.231766303556175,"direct"
14.0328908478587,1.14714714714715,0.00719158393547766,0.232373922752843,"direct"
14.4597292179202,1.16016016016016,0.00699726687524865,0.232972299897095,"direct"
14.8995507285285,1.17317317317317,0.0068078836544383,0.233561355462537,"direct"
15.3527502878042,1.18618618618619,0.00662331811355567,0.234141011022018,"direct"
15.819734815786,1.1991991991992,0.00644345657659388,0.234711189265019,"direct"
16.3009236097974,1.21221221221221,0.00626818780456053,0.235271814014821,"direct"
16.7967487209265,1.22522522522523,0.00609740294971025,0.235822810245456,"direct"
17.3076553419573,1.23823823823824,0.00593099551047243,0.236364104098427,"direct"
17.8341022071001,1.25125125125125,0.00576886128706806,0.236895622899197,"direct"
18.3765620038817,1.26426426426426,0.00561089833780886,0.237417295173442,"direct"
18.935521797563,1.27727727727728,0.00545700693607216,0.237929050663061,"direct"
19.5114834684662,1.29029029029029,0.00530708952794502,0.238430820341938,"direct"
20.104964162605,1.3033033033033,0.00516105069053066,0.238922536431449,"direct"
20.7164967560207,1.31631631631632,0.0050187970909109,0.239404132415718,"direct"
21.3466303332424,1.32932932932933,0.00488023744575735,0.239875543056605,"direct"
21.9959306803007,1.34234234234234,0.00474528248158524,0.240336704408431,"direct"
22.6649807927369,1.35535535535536,0.00461384489564253,0.240787553832427,"direct"
23.3543813990648,1.36836836836837,0.0044858393174279,0.241228030010913,"direct"
24.0647515001542,1.38138138138138,0.00436118227083069,0.241658072961191,"direct"
24.7967289250216,1.39439439439439,0.00423979213688595,0.242077624049157,"direct"
25.5509709035251,1.40740740740741,0.00412158911713788,0.24248662600262,"direct"
26.3281546564802,1.42042042042042,0.00400649519760471,0.242885022924332,"direct"
27.1289780037247,1.43343343343343,0.0038944341133383,0.243272760304714,"direct"
27.9541599906786,1.44644644644645,0.00378533131357159,0.24364978503429,"direct"
28.804441533963,1.45945945945946,0.00367911392744702,0.244016045415803,"direct"
29.680586086656,1.47247247247247,0.00357571073031924,0.244371491176032,"direct"
30.5833803237843,1.48548548548549,0.00347505211062514,0.244716073477291,"direct"
31.5136348486648,1.4984984984985,0.00337707003731444,0.245049744928608,"direct"
32.4721849207313,1.51151151151151,0.00328169802783413,0.245372459596593,"direct"
33.4598912054998,1.52452452452452,0.00318887111665987,0.24568417301597,"direct"
34.4776405473446,1.53753753753754,0.00309852582436761,0.24598484219979,"direct"
35.5263467657814,1.55055055055055,0.00301060012723873,0.246274425649312,"direct"
36.606951475969,1.56356356356356,0.0029250334273919,0.246552883363543,"direct"
37.72042493417,1.57657657657658,0.00284176652343503,0.246820176848454,"direct"
38.8677669089267,1.58958958958959,0.0027607415816305,0.247076269125842,"direct"
40.0500075787361,1.6026026026026,0.00268190210756724,0.247321124741862,"direct"
41.2682084570295,1.61561561561562,0.00260519291833269,0.2475547097752,"direct"
42.5234633452868,1.62862862862863,0.00253056011517838,0.247776991844912,"direct"
43.8168993151419,1.64164164164164,0.00245795105667233,0.2479879401179,"direct"
45.149677720361,1.65465465465465,0.00238731433233183,0.248187525316043,"direct"
46.5229952396019,1.66766766766767,0.00231859973673002,0.248375719722967,"direct"
47.9380849508911,1.68068068068068,0.00225175824406987,0.248552497190462,"direct"
49.3962174387832,1.69369369369369,0.00218674198321908,0.248717833144536,"direct"
50.8987019351968,1.70670670670671,0.00212350421319947,0.248871704591108,"direct"
52.4468874949512,1.71971971971972,0.00206199929912462,0.249014090121341,"direct"
54.0421642070592,1.73273273273273,0.00200218268857924,0.249144969916599,"direct"
55.6859644428641,1.74574574574575,0.00194401088843416,0.249264325753053,"direct"
57.3797641421413,1.75875875875876,0.00188744144209064,0.249372141005904,"direct"
59.1250841383188,1.77177177177177,0.00183243290714775,0.249468400653246,"direct"
60.9234915240071,1.78478478478478,0.00177894483348678,0.249553091279552,"direct"
62.776601058065,1.7977977977978,0.00172693774176649,0.249626201078792,"direct"
64.6860766154633,1.81081081081081,0.00167637310232311,0.249687719857172,"direct"
66.6536326812491,1.82382382382382,0.0016272133144692,0.24973763903551,"direct"
68.681035889953,1.83683683683684,0.00157942168618525,0.249775951651222,"direct"
70.7701066118189,1.84984984984985,0.00153296241419824,0.249802652359946,"direct"
72.9227205872831,1.86286286286286,0.00148780056444124,0.249817737436784,"direct"
75.1408106111697,1.87587587587588,0.00144390205288811,0.249821204777164,"direct"
77.4263682681127,1.88888888888889,0.00140123362675779,0.249813053897334,"direct"
79.7814457207662,1.9019019019019,0.00135976284608221,0.249793285934472,"direct"
82.2081575524054,1.91491491491491,0.00131945806563231,0.249761903646422,"direct"
84.708682665574,1.92792792792793,0.00128028841719649,0.249718911411054,"direct"
87.2852662384838,1.94094094094094,0.00124222379220598,0.249664315225244,"direct"
89.9402217409204,1.95395395395395,0.00120523482470151,0.249598122703482,"direct"
92.6759330114688,1.96696696696697,0.00116929287463603,0.249520343076101,"direct"
95.4948563979197,1.97997997997998,0.00113437001150788,0.24943098718713,"direct"
98.3995229627823,1.99299299299299,0.00110043899831913,0.249330067491778,"direct"
101.392540755882,2.00600600600601,0.00106747327585393,0.249217598053538,"direct"
104.47659715608,2.01901901901902,0.00103544694727141,0.249093594540922,"direct"
107.654461284232,2.03203203203203,0.00100433476300813,0.248958074223822,"direct"
110.928986489522,2.04504504504505,0.000974112105984869,0.248811055969501,"direct"
114.303112911448,2.05805805805806,0.000944754977112774,0.248652560238217,"direct"
117.779870119712,2.07107107107107,0.000916239981093716,0.248482609078476,"direct"
121.362379834424,2.08408408408408,0.00088854431251005,0.248301226121921,"direct"
125.053858729039,2.0970970970971,0.000861645742198784,0.248108436577854,"direct"
128.857621318552,2.11011011011011,0.000835522603905366,0.247904267227398,"direct"
132.777082935543,2.12312312312312,0.000810153781212275,0.247688746417297,"direct"
136.815762796747,2.13613613613614,0.000785518694737706,0.247461904053356,"direct"
140.977287162897,2.14914914914915,0.000761597289599679,0.247223771593525,"direct"
145.265392594678,2.16216216216216,0.000738370023140938,0.246974382040627,"direct"
149.683929307726,2.17517517517518,0.000715817852910116,0.246713769934739,"direct"
154.236864629663,2.18818818818819,0.000693922224894624,0.246441971345216,"direct"
158.928286562298,2.2012012012012,0.00067266506200086,0.246159023862371,"direct"
163.762407452169,2.21421421421421,0.000652028752777319,0.245864966588813,"direct"
168.743567772738,2.22722722722723,0.000631996140376285,0.245559840130439,"direct"
173.876240021625,2.24024024024024,0.00061255051174984,0.245243686587092,"direct"
179.16503273639,2.25325325325325,0.000593675587075933,0.244916549542875,"direct"
184.614694632455,2.26626626626627,0.000575355509410402,0.244578474056146,"direct"
190.230118866894,2.27927927927928,0.000557574834560781,0.244229506649166,"direct"
196.016347431919,2.29229229229229,0.000540318521177883,0.243869695297437,"direct"
201.978575681988,2.30530530530531,0.00052357192106114,0.243499089418708,"direct"
208.122156998634,2.31831831831832,0.000507320769673763,0.243117739861663,"direct"
214.452607597167,2.33133133133133,0.00049155117686383,0.242725698894299,"direct"
220.97561147959,2.34434434434434,0.000476249617787475,0.242323020191983,"direct"
227.697025538168,2.35735735735736,0.000461402924030394,0.241909758825207,"direct"
234.622884814226,2.37037037037037,0.000446998274923942,0.241485971247042,"direct"
241.759407916913,2.38338338338338,0.000433023189052147,0.241051715280283,"direct"
249.113002606779,2.3963963963964,0.000419465515946032,0.240607050104302,"direct"
256.690271549195,2.40940940940941,0.000406313427961663,0.240152036241616,"direct"
264.498018242772,2.42242242242242,0.000393555412338424,0.239686735544154,"direct"
272.543253128103,2.43543543543544,0.00038118026343405,0.239211211179254,"direct"
280.833199882317,2.44844844844845,0.000369177075133009,0.23872552761537,"direct"
289.375301905095,2.46146146146146,0.000357535233424877,0.238229750607517,"direct"
298.177229001967,2.47447447447447,0.000346244409149396,0.237723947182432,"direct"
307.2468842709,2.48748748748749,0.000335294550904963,0.237208185623482,"direct"
316.592411198352,2.5005005005005,0.00032467587811734,0.236682535455308,"direct"
326.222200971167,2.51351351351351,0.00031437887426543,0.236147067428209,"direct"
336.144900010876,2.52652652652653,0.000304394280261011,0.235601853502284,"direct"
346.369417737173,2.53953953953954,0.000294713087979371,0.23504696683132,"direct"
356.904934567523,2.55255255255255,0.00028532653393784,0.234482481746449,"direct"
367.760910160103,2.56556556556557,0.000276226093119243,0.233908473739559,"direct"
378.947091907467,2.57857857857858,0.000267403472937376,0.233325019446481,"direct"
390.473523688556,2.59159159159159,0.000258850607341638,0.232732196629955,"direct"
402.350554886929,2.6046046046046,0.000250559651057979,0.232130084162366,"direct"
414.588849683291,2.61761761761762,0.000242522973963423,0.231518762008275,"direct"
427.199396630678,2.63063063063063,0.000234733155591409,0.230898311206735,"direct"
440.193518520887,2.64364364364364,0.000227182979765291,0.23026881385341,"direct"
453.582882551019,2.65665665665666,0.00021986542935734,0.229630353082487,"direct"
467.379510799246,2.66966966966967,0.000212773681170672,0.228983013048407,"direct"
481.595791019235,2.68268268268268,0.000205901100941547,0.2283268789074,"direct"
496.244487762891,2.6956956956957,0.000199241238459527,0.227662036798842,"direct"
511.338753841433,2.70870870870871,0.000192787822803044,0.226988573826439,"direct"
526.892142135067,2.72172172172172,0.00018653475768795,0.22630657803924,"direct"
542.918617761894,2.73473473473473,0.000180476116926671,0.225616138412484,"direct"
559.432570616938,2.74774774774775,0.000174606139995633,0.224917344828291,"direct"
576.448828292588,2.76076076076076,0.000168919227708663,0.224210288056203,"direct"
593.982669392036,2.77377377377377,0.000163409937994111,0.223495059733575,"direct"
612.04983724767,2.78678678678679,0.000158072981773476,0.222771752345826,"direct"
630.66655405674,2.7997997997998,0.000152903218939366,0.22204045920656,"direct"
649.849535446989,2.81281281281281,0.000147895654430651,0.221301274437554,"direct"
669.616005485322,2.82582582582583,0.000143045434402719,0.220554292948625,"direct"
689.983712143002,2.83883883883884,0.000138347842490765,0.219799610417382,"direct"
710.970943231243,2.85185185185185,0.000133798296164104,0.219037323268864,"direct"
732.596542821523,2.86486486486486,0.000129392343169513,0.21826752865508,"direct"
754.879928165343,2.87787787787788,0.000125125658061658,0.217490324434442,"direct"
777.841107128649,2.89089089089089,0.000120994038818706,0.216705809151116,"direct"
801.50069615654,2.9039039039039,0.000116993403541215,0.215914082014278,"direct"
825.879938784426,2.91691691691692,0.000113119787232503,0.215115242877295,"direct"
851.000724712225,2.92992992992993,0.000109369338658652,0.214309392216831,"direct"
876.885609458743,2.94294294294294,0.000105738317286397,0.213496631111882,"direct"
903.557834613893,2.95595595595596,0.000102223090297162,0.212677061222758,"direct"
931.041348706908,2.96896896896897,9.8820129675515e-05,0.211850784769997,"direct"
959.360828709315,2.98198198198198,9.55260093704062e-05,0.211017904513238,"direct"
988.541702191957,2.994994994995,9.23374025275146e-05,0.210178523730052,"direct"
1018.61017015598,3.00800800800801,8.92510787911164e-05,0.209332746194726,"direct"
1049.59323055823,3.02102102102102,8.62639016738894e-05,0.208480676157025,"direct"
1081.51870255229,3.03403403403403,8.33728259931099e-05,0.207622418320924,"direct"
1114.41525146679,3.04704704704705,8.05748953717263e-05,0.206758077823323,"direct"
1148.31241454351,3.06006006006006,7.78672398028207e-05,0.205887760212746,"direct"
1183.24062745838,3.07307307307307,7.52470732760076e-05,0.205011571428035,"direct"
1219.23125164911,3.08608608608609,7.27116914643373e-05,0.204129617777039,"direct"
1256.31660247412,3.0990990990991,7.02584694703084e-05,0.203242005915316,"direct"
1294.52997822792,3.11211211211211,6.78848596296176e-05,0.202348842824834,"direct"
1333.90569003906,3.12512512512513,6.55883893713029e-05,0.201450235792699,"direct"
1374.47909267754,3.13813813813814,6.33666591329676e-05,0.200546292389896,"direct"
1416.2866162992,3.15115115115115,6.12173403297924e-05,0.199637120450065,"direct"
1459.36579915576,3.16416416416416,5.91381733760758e-05,0.198722828048307,"direct"
1503.75532129974,3.17717717717718,5.71269657580651e-05,0.197803523480032,"direct"
1549.49503931463,3.19019019019019,5.51815901568666e-05,0.196879315239851,"direct"
1596.62602210143,3.2032032032032,5.32999826202497e-05,0.195950312000515,"direct"
1645.19058775366,3.21621621621622,5.14801407821831e-05,0.195016622591923,"direct"
1695.23234155412,3.22922922922923,4.97201221289664e-05,0.194078355980174,"direct"
1746.79621512725,3.24224224224224,4.80180423108426e-05,0.193135621246704,"direct"
1799.92850678248,3.25525525525526,4.63720734980038e-05,0.192188527567484,"direct"
1854.6769230847,3.26826826826827,4.47804427799203e-05,0.191237184192303,"direct"
1911.09062168914,3.28128128128128,4.32414306069526e-05,0.190281700424133,"direct"
1969.22025547917,3.29429429429429,4.1753369273221e-05,0.189322185598584,"direct"
2029.11801804668,3.30730730730731,4.03146414397346e-05,0.188358749063453,"direct"
2090.83769055575,3.32032032032032,3.89236786968004e-05,0.18739150015837,"direct"
2154.43469003188,3.33333333333333,3.75789601647552e-05,0.186420548194556,"direct"
2219.96611911995,3.34634634634635,3.62790111320836e-05,0.185446002434686,"direct"
2287.4908173557,3.35935935935936,3.50224017300052e-05,0.184467972072867,"direct"
2357.06941399673,3.37237237237237,3.3807745642635e-05,0.183486566214738,"direct"
2428.76438246045,3.38538538538539,3.26336988518397e-05,0.182501893857692,"direct"
2502.64009641792,3.3983983983984,3.1498958415932e-05,0.181514063871236,"direct"
2578.7628875938,3.41141141141141,3.04022612813657e-05,0.180523184977471,"direct"
2657.20110532451,3.42442442442442,2.93423831266092e-05,0.17952936573173,"direct"
2738.02517792786,3.43743743743744,2.83181372373971e-05,0.178532714503341,"direct"
2821.30767593947,3.45045045045045,2.7328373412575e-05,0.177533339456554,"direct"
2907.12337727258,3.46346346346346,2.63719768997713e-05,0.176531348531609,"direct"
2995.54933435982,3.47647647647648,2.54478673601463e-05,0.175526849425973,"direct"
3086.66494333727,3.48948948948949,2.45549978614869e-05,0.17451994957573,"direct"
3180.55201533292,3.5025025025025,2.36923538989292e-05,0.173510756137139,"direct"
3277.29484992338,3.51551551551552,2.28589524426114e-05,0.172499375968362,"direct"
3376.98031082509,3.52852852852853,2.20538410115721e-05,0.171485915611373,"direct"
3479.6979038877,3.54154154154154,2.12760967732255e-05,0.170470481274034,"direct"
3585.53985745982,3.55455455455455,2.05248256677618e-05,0.169453178812363,"direct"
3694.6012051993,3.56756756756757,1.97991615568334e-05,0.168434113712981,"direct"
3806.97987140228,3.58058058058058,1.90982653959057e-05,0.167413391075756,"direct"
3922.77675892772,3.59359359359359,1.84213244296617e-05,0.166391115596634,"direct"
4042.09583979631,3.60660660660661,1.7767551409867e-05,0.165367391550671,"direct"
4165.04424854518,3.61961961961962,1.71361838351155e-05,0.164342322775266,"direct"
4291.73237842216,3.63263263263263,1.65264832118853e-05,0.163316012653596,"direct"
4422.2739805059,3.64564564564565,1.59377343363547e-05,0.162288564098261,"direct"
4556.78626584106,3.65865865865866,1.53692445964357e-05,0.161260079535138,"direct"
4695.39001068006,3.67167167167167,1.4820343293496e-05,0.160230660887449,"direct"
4838.20966492596,3.68468468468468,1.42903809832566e-05,0.159200409560047,"direct"
4985.37346387389,3.6976976976977,1.3778728835359e-05,0.158169426423925,"direct"
5137.01354335134,3.71071071071071,1.32847780111122e-05,0.157137811800939,"direct"
5293.26605836056,3.72372372372372,1.28079390589396e-05,0.156105665448768,"direct"
5454.27130532984,3.73673673673674,1.23476413270575e-05,0.155073086546095,"direct"
5620.17384808319,3.74974974974975,1.19033323929294e-05,0.154040173678021,"direct"
5791.12264764176,3.76276276276276,1.1474477509048e-05,0.153007024821714,"direct"
5967.27119597331,3.77577577577578,1.10605590646133e-05,0.151973737332292,"direct"
6148.77765381002,3.78878878878879,1.06610760626788e-05,0.150940407928949,"direct"
6335.80499265825,3.8018018018018,1.02755436123545e-05,0.149907132681314,"direct"
6528.52114112785,3.81481481481481,9.90349243566151e-06,0.148874006996062,"direct"
6727.09913571234,3.82782782782783,9.54446838864371e-06,0.147841125603761,"direct"
6931.7172761554,3.84084084084084,9.19803199635355e-06,0.146808582545973,"direct"
7142.55928554312,3.85385385385385,8.86375800133558e-06,0.145776471162602,"direct"
7359.81447526577,3.86686686686687,8.54123492524294e-06,0.14474488407949,"direct"
7583.67791499719,3.87987987987988,8.23006464323005e-06,0.14371391319627,"direct"
7814.35060784454,3.89289289289289,7.9298619707735e-06,0.142683649674466,"direct"
8052.03967082547,3.90590590590591,7.64025426258249e-06,0.141654183925856,"direct"
8296.95852083491,3.91891891891892,7.36088102326809e-06,0.14062560560109,"direct"
8549.32706626838,3.93193193193193,7.09139352944897e-06,0.139598003578559,"direct"
8809.37190447399,3.94494494494494,6.83145446297954e-06,0.138571465953537,"direct"
9077.32652521022,3.95795795795796,6.58073755499425e-06,0.137546080027569,"direct"
9353.43152029238,3.97097097097097,6.3389272404696e-06,0.136521932298132,"direct"
9637.9347996158,3.98398398398398,6.1057183230128e-06,0.135499108448553,"direct"
9931.0918137498,3.996996996997,5.88081564959383e-06,0.134477693338189,"direct"
10233.1657833024,4.01001001001001,5.66393379494426e-06,0.133457770992876,"direct"
10544.4279352617,4.02302302302302,5.454796755354e-06,0.132439424595643,"direct"
10865.1577465254,4.03603603603604,5.25313765160341e-06,0.131422736477683,"direct"
11195.6431948388,4.04904904904905,5.05869844077535e-06,0.130407788109601,"direct"
11536.1810173648,4.06206206206206,4.87122963669822e-06,0.129394660092922,"direct"
11887.076977119,4.07507507507508,4.69049003877726e-06,0.128383432151865,"direct"
12248.6461375093,4.08808808808809,4.51624646897827e-06,0.127374183125389,"direct"
12621.2131452255,4.1011011011011,4.34827351673328e-06,0.126366990959502,"direct"
13005.1125217341,4.11411411411411,4.18635329154432e-06,0.125361932699837,"direct"
13400.6889636395,4.12712712712713,4.03027518306705e-06,0.124359084484496,"direct"
13808.2976521809,4.14014014014014,3.87983562846154e-06,0.123358521537163,"direct"
14228.3045721435,4.15315315315315,3.73483788680365e-06,0.122360318160481,"direct"
14661.0868404698,4.16616616616617,3.59509182035522e-06,0.121364547729695,"direct"
15107.0330448666,4.17917917917918,3.46041368249705e-06,0.120371282686564,"direct"
15566.5435927106,4.19219219219219,3.33062591213389e-06,0.119380594533535,"direct"
16040.0310705682,4.2052052052052,3.20555693438524e-06,0.118392553828185,"direct"
16527.9206146489,4.21821821821822,3.08504096738138e-06,0.117407230177928,"direct"
17030.6502925284,4.23123123123123,2.9689178349883e-06,0.11642469223498,"direct"
17548.6714964815,4.24424424424424,2.85703278529037e-06,0.115445007691595,"direct"
18082.4493487795,4.25725725725726,2.74923631466379e-06,0.114468243275557,"direct"
18632.4631193156,4.27027027027027,2.64538399727867e-06,0.113494464745934,"direct"
19199.2066559328,4.28328328328328,2.54533631987173e-06,0.112523736889098,"direct"
19783.1888278416,4.2962962962963,2.44895852163614e-06,0.111556123514994,"direct"
20384.9339825246,4.30930930930931,2.3561204390789e-06,0.110591687453675,"direct"
21004.9824165392,4.32232232232232,2.26669635570036e-06,0.10963049055209,"direct"
21643.8908606402,4.33533533533534,2.18056485635456e-06,0.108672593671129,"direct"
22302.2329796594,4.34834834834835,2.09760868615266e-06,0.10771805668292,"direct"
22980.5998875885,4.36136136136136,2.01771461377576e-06,0.106766938468379,"direct"
23679.6006783308,4.37437437437437,1.94077329906694e-06,0.105819296915013,"direct"
24399.8629725955,4.38738738738739,1.86667916477596e-06,0.10487518891497,"direct"
25142.033481428,4.4004004004004,1.79533027233352e-06,0.103934670363337,"direct"
25906.7785868801,4.41341341341341,1.72662820153553e-06,0.102997796156684,"direct"
26694.7849403432,4.42642642642643,1.66047793402092e-06,0.102064620191855,"direct"
27506.7600790807,4.43943943943944,1.59678774042996e-06,0.101135195364994,"direct"
28343.4330615131,4.45245245245245,1.53546907113315e-06,0.100209573570822,"direct"
29205.5551218275,4.46546546546547,1.47643645042364e-06,0.0992878057021427,"direct"
30093.9003444972,4.47847847847848,1.41960737406951e-06,0.0983699416495883,"direct"
31009.2663593193,4.49149149149149,1.36490221012475e-06,0.0974560303016026,"direct"
31952.4750575921,4.5045045045045,1.31224410290091e-06,0.0965461195446512,"direct"
32924.3733300777,4.51751751751752,1.26155888000388e-06,0.0956402562636648,"direct"
33925.8338274099,4.53053053053053,1.21277496234338e-06,0.0947384863427086,"direct"
34957.7557436327,4.54354354354354,1.16582327702484e-06,0.0938408546658783,"direct"
36021.0656235707,4.55655655655656,1.12063717303635e-06,0.092947405118418,"direct"
37116.7181947577,4.56956956956957,1.07715233964554e-06,0.0920581805880598,"direct"
38245.69722467,4.58258258258258,1.03530672742396e-06,0.0911732229665801,"direct"
39409.0164040345,4.5955955955956,9.9504047181851e-07,0.090292573151573,"direct"
40607.7202570036,4.60860860860861,9.56295819192254e-07,0.0894162710484357,"direct"
41842.8850790158,4.62162162162162,9.19017055258679e-07,0.088544355572565,"direct"
43115.6199031823,4.63463463463463,8.8315043583608e-07,0.0876768646517612,"direct"
44427.0674960688,4.64764764764765,8.48644119850548e-07,0.0868138352288374,"direct"
45778.4053837662,4.66066066066066,8.1544810451831e-07,0.0859553032644309,"direct"
47170.8469091701,4.67367367367367,7.83514162640062e-07,0.0851013037400148,"direct"
48605.6423214214,4.68668668668669,7.5279578194194e-07,0.0842518706611056,"direct"
50084.0798984821,4.6996996996997,7.23248106399677e-07,0.0834070370606661,"direct"
51607.4871038591,4.71271271271271,6.94827879484303e-07,0.0825668350026978,"direct"
53177.2317785097,4.72572572572573,6.67493389269616e-07,0.0817312955860228,"direct"
54794.7233690028,4.73873873873874,6.4120441534333e-07,0.0809004489482506,"direct"
56461.4141930367,4.75175175175175,6.15922177465575e-07,0.080074324269927,"direct"
58178.8007434494,4.76476476476476,5.91609285920026e-07,0.0792529497788625,"direct"
59948.4250318941,4.77777777777778,5.68229693504589e-07,0.0784363527546375,"direct"
61771.8759733849,4.79079079079079,5.45748649110138e-07,0.0776245595332796,"direct"
63650.7908129556,4.8038038038038,5.24132652837296e-07,0.076817595512112,"direct"
65586.8565957144,4.81681681681682,5.03349412602766e-07,0.0760154851547689,"direct"
67581.8116816111,4.82982982982983,4.8336780218815e-07,0.0752182519963747,"direct"
69637.4473062822,4.84284284284284,4.64157820685575e-07,0.0744259186488837,"direct"
71755.6091893692,4.85585585585586,4.45690553295866e-07,0.073638506806578,"direct"
73938.1991917586,4.86886886886887,4.27938133436259e-07,0.0728560372517194,"direct"
76187.17702323,4.88188188188188,4.10873706115999e-07,0.0720785298603532,"direct"
78504.5620020451,4.8948948948949,3.94471392539375e-07,0.0713060036082594,"direct"
80892.4348680594,4.90790790790791,3.78706255896993e-07,0.0705384765770489,"direct"
83352.9396509819,4.92092092092092,3.63554268307256e-07,0.0697759659604017,"direct"
85888.2855954626,4.93393393393393,3.48992278871174e-07,0.0690184880704428,"direct"
88500.7491447344,4.94694694694695,3.34997982804748e-07,0.0682660583442542,"direct"
91192.675984593,4.95995995995996,3.21549891614241e-07,0.0675186913505173,"direct"
93966.4831495469,4.97297297297297,3.08627304280745e-07,0.0667764007962854,"direct"
96824.6611930311,4.98598598598599,2.9621027942142e-07,0.0660391995338803,"direct"
99769.7764236321,4.998998998999,2.84279608395834e-07,0.0653070995679112,"direct"
102804.473209331,5.01201201201201,2.72816789326769e-07,0.0645801120624128,"direct"
105931.476351837,5.02502502502503,2.61804002005785e-07,0.0638582473480984,"direct"
109153.593533139,5.03803803803804,2.51224083654798e-07,0.0631415149297246,"direct"
112473.717836475,5.05105105105105,2.41060505515763e-07,0.0624299234935661,"direct"
115894.830343981,5.06406406406406,2.3129735024143e-07,0.0617234809149947,"direct"
119420.002813353,5.07707707707708,2.21919290061002e-07,0.0610221942661617,"direct"
123052.400435926,5.09009009009009,2.12911565695292e-07,0.060326069823778,"direct"
126795.284678643,5.1031031031031,2.04259965996797e-07,0.0596351130769915,"direct"
130652.016212472,5.11611611611612,1.95950808290869e-07,0.0589493287353552,"direct"
134626.057929891,5.12912912912913,1.87970919394887e-07,0.0582687207368855,"direct"
138720.978054162,5.14214214214214,1.80307617293081e-07,0.0575932922562065,"direct"
142940.453343176,5.15515515515516,1.72948693445329e-07,0.0569230457127763,"direct"
147288.27239075,5.16816816816817,1.65882395708961e-07,0.0562579827791928,"direct"
151768.33902834,5.18118118118118,1.5909741185324e-07,0.0555981043895764,"direct"
156384.675830225,5.19419419419419,1.52582853646835e-07,0.0549434107480245,"direct"
161141.427725302,5.20720720720721,1.46328241499227e-07,0.0542939013371372,"direct"
166042.865718753,5.22022022022022,1.40323489637589e-07,0.0536495749266082,"direct"
171093.390726901,5.23323323323323,1.34558891801257e-07,0.05301042958188,"direct"
176297.53752872,5.24624624624625,1.29025107436504e-07,0.052376462672859,"direct"
181659.978837533,5.25925925925926,1.23713148374834e-07,0.051747670882688,"direct"
187185.529496558,5.27227227227227,1.18614365978597e-07,0.0511240502165726,"direct"
192879.150802078,5.28528528528529,1.13720438738201e-07,0.0505055960106584,"direct"
198745.954958098,5.2982982982983,1.09023360305728e-07,0.0498923029409562,"direct"
204791.209666508,5.31131131131131,1.04515427950239e-07,0.0492841650323118,"direct"
211020.34285686,5.32432432432432,1.00189231420516e-07,0.0486811756674183,"direct"
217438.947560008,5.33733733733734,9.60376422014642e-08,0.0480833275958661,"direct"
224052.786930002,5.35035035035035,9.20538031508228e-08,0.0474906129432293,"direct"
230867.799418717,5.36336336336336,8.82311185032896e-08,0.0469030232201851,"direct"
237890.104107889,5.37637637637638,8.45632442295498e-08,0.0463205493316627,"direct"
245126.006203334,5.38938938938939,8.10440787381308e-08,0.0457431815860191,"direct"
252582.002696278,5.4024024024024,7.76677539083843e-08,0.0451709097042399,"direct"
260264.7881969,5.41541541541542,7.44286264432789e-08,0.0446037228291598,"direct"
268181.260945301,5.42842842842843,7.13212695310599e-08,0.0440416095347034,"direct"
276338.529005317,5.44144144144144,6.83404648051837e-08,0.04348455783514,"direct"
284743.916646725,5.45445445445445,6.54811945922865e-08,0.0429325551943523,"direct"
293404.970921579,5.46746746746747,6.27386344382769e-08,0.042385588535115,"direct"
302329.468440578,5.48048048048048,6.01081459029729e-08,0.0418436442483806,"direct"
311525.422355548,5.49349349349349,5.7585269614015e-08,0.0413067082025705,"direct"
321001.089554317,5.50650650650651,5.51657185710938e-08,0.0407747657528673,"direct"
330764.978074424,5.51951951951952,5.28453716918263e-08,0.0402478017505081,"direct"
340825.854742345,5.53253253253253,5.06202675908999e-08,0.0397258005520735,"direct"
351192.753045073,5.54554554554555,4.84865985843848e-08,0.0392087460287713,"direct"
361874.981241128,5.55855855855856,4.64407049113801e-08,0.0386966215757128,"direct"
372882.130718284,5.57157157157157,4.44790691654199e-08,0.0381894101211777,"direct"
384224.084605506,5.58458458458458,4.25983109283221e-08,0.0376870941358667,"direct"
395911.026646846,5.5975975975976,4.07951815993994e-08,0.0371896556421381,"direct"
407953.450345245,5.61061061061061,3.90665594131958e-08,0.0366970762232275,"direct"
420362.168384471,5.62362362362362,3.74094446391375e-08,0.0362093370324467,"direct"
433148.32233764,5.63663663663664,3.5820954956707e-08,0.0357264188023607,"direct"
446323.39267104,5.64964964964965,3.42983209999684e-08,0.0352483018539399,"direct"
459899.209052244,5.66266266266266,3.28388820654753e-08,0.0347749661056859,"direct"
473887.960971765,5.67567567567568,3.14400819777975e-08,0.0343063910827278,"direct"
488302.208687787,5.68868868868869,3.00994651070943e-08,0.0338425559258875,"direct"
503154.894503806,5.7017017017017,2.88146725333533e-08,0.0333834394007126,"direct"
518459.354389291,5.71471471471471,2.75834383520942e-08,0.032929019906473,"direct"
534229.329953835,5.72772772772773,2.64035861165138e-08,0.0324792754851209,"direct"
550478.980785497,5.74074074074074,2.52730254112212e-08,0.032034183830211,"direct"
567222.897164454,5.75375375375375,2.41897485528746e-08,0.0315937222957805,"direct"
584476.113163364,5.76676676676677,2.31518274131932e-08,0.0311578679051848,"direct"
602254.120146193,5.77977977977978,2.21574103599719e-08,0.0307265973598894,"direct"
620572.88067765,5.79279279279279,2.12047193118751e-08,0.0302998870482144,"direct"
639448.842855694,5.8058058058058,2.02920469029331e-08,0.0298777130540301,"direct"
658898.955079994,5.81881881881882,1.94177537528027e-08,0.0294600511654038,"direct"
678940.681269611,5.83183183183183,1.85802658389891e-08,0.0290468768831928,"direct"
699592.016543537,5.84484484484484,1.77780719673598e-08,0.0286381654295854,"direct"
720871.503378213,5.85785785785786,1.70097213374037e-08,0.0282338917565852,"direct"
742798.248256491,5.87087087087087,1.6273821198816e-08,0.0278340305544401,"direct"
765391.938823014,5.88388388388388,1.55690345961044e-08,0.0274385562600115,"direct"
788672.861561416,5.8968968968969,1.48940781980286e-08,0.0270474430650848,"direct"
812661.920009195,5.90990990990991,1.42477202087949e-08,0.0266606649246178,"direct"
837380.653526649,5.92292292292292,1.36287783580363e-08,0.026278195564927,"direct"
862851.256636689,5.93593593593594,1.30361179667104e-08,0.0259000084918094,"direct"
889096.598952917,5.94894894894895,1.2468650086149e-08,0.025526076998599,"direct"
916140.245713852,5.96196196196196,1.19253297075895e-08,0.0251563741741567,"direct"
944006.47894176,5.97497497497497,1.14051540396112e-08,0.0247908729107919,"direct"
972720.319245054,5.98798798798799,1.09071608509919e-08,0.0244295459121157,"direct"
1002307.54828386,6.001001001001,1.04304268765852e-08,0.0240723657008224,"direct"
1032794.73191895,6.01401401401401,9.97406628390566e-09,0.0237193046264009,"direct"
1064209.24406472,6.02702702702703,9.53722919818882e-09,0.0233703348727732,"direct"
1096579.29126781,6.04004004004004,9.1191002837733e-09,0.023025428465858,"direct"
1129933.93803322,6.05305305305305,8.7188973797278e-09,0.0226845572810618,"direct"
1164303.13292088,6.06606606606607,8.33587018771928e-09,0.0223476930506922,"direct"
1199717.73543589,6.07907907907908,7.96929901019047e-09,0.0220148073712966,"direct"
1236209.54373677,6.09209209209209,7.61849353698292e-09,0.0216858717109218,"direct"
1273811.32318648,6.1051051051051,7.28279167860845e-09,0.0213608574162964,"direct"
1312556.83577184,6.11811811811812,6.96155844443611e-09,0.0210397357199334,"direct"
1352480.87041787,6.13113113113113,6.65418486412378e-09,0.0207224777471532,"direct"
1393619.27422414,6.14414414414414,6.3600869506826e-09,0.0204090545230258,"direct"
1436008.98465126,6.15715715715716,6.07870470362166e-09,0.0200994369792319,"direct"
1479688.0626864,6.17017017017017,5.80950115067441e-09,0.0197935959608411,"direct"
1524695.72701757,6.18318318318318,5.55196142666373e-09,0.0194915022330087,"direct"
1571072.38924745,6.1961961961962,5.30559188811361e-09,0.0191931264875878,"direct"
1618859.6901782,6.20920920920921,5.06991926226582e-09,0.0188984393496589,"direct"
1668100.53720006,6.22222222222222,4.84448982920893e-09,0.0186074113839739,"direct"
1718839.14281715,6.23523523523524,4.62886863587289e-09,0.0183200131013162,"direct"
1771121.06434509,6.24824824824825,4.4226387406888e-09,0.0180362149647748,"direct"
1824993.24481615,6.26126126126126,4.22540048775587e-09,0.0177559873959328,"direct"
1880504.05512858,6.27427427427427,4.0367708094006e-09,0.0174793007809701,"direct"
1937703.33747799,6.28728728728729,3.85638255605345e-09,0.0172061254766791,"direct"
1996642.45010979,6.3003003003003,3.68388385240735e-09,0.0169364318163938,"direct"
2057374.31343291,6.31331331331331,3.51893747886055e-09,0.0166701901158322,"direct"
2119953.45753607,6.32632632632633,3.36122027728273e-09,0.0164073706788502,"direct"
2184436.07114943,6.33933933933934,3.21042258017833e-09,0.0161479438031093,"direct"
2250880.05209546,6.35235235235235,3.06624766235531e-09,0.0158918797856553,"direct"
2319345.05927443,6.36536536536537,2.92841121424011e-09,0.01563914892841,"direct"
2389892.56623105,6.37837837837838,2.79664083601143e-09,0.0153897215435743,"direct"
2462585.91635054,6.39139139139139,2.67067555175593e-09,0.0151435679589431,"direct"
2537490.37973357,6.4044044044044,2.55026534287805e-09,0.0149006585231322,"direct"
2614673.21180109,6.41741741741742,2.43517070002519e-09,0.014660963610717,"direct"
2694203.71368188,6.43043043043043,2.3251621928162e-09,0.0144244536272824,"direct"
2776153.2944368,6.44344344344344,2.22002005668798e-09,0.0141910990143851,"direct"
2860595.53517574,6.45645645645646,2.11953379620033e-09,0.0139608702544267,"direct"
2947606.25512486,6.46946946946947,2.02350180416372e-09,0.0137337378754403,"direct"
3037263.57970331,6.48248248248248,1.93173099597821e-09,0.013509672455787,"direct"
3129648.01067075,6.4954954954955,1.84403645859507e-09,0.0132886446287661,"direct"
3224842.49840844,6.50850850850851,1.76024111353383e-09,0.0130706250871367,"direct"
3322932.51639898,6.52152152152152,1.68017539340965e-09,0.0128555845875521,"direct"
3424006.13797143,6.53453453453453,1.60367693144563e-09,0.0126434939549065,"direct"
3528154.11538088,6.54754754754755,1.53059026346466e-09,0.0124343240865947,"direct"
3635469.96129332,6.56056056056056,1.46076654187466e-09,0.012228045956685,"direct"
3746050.03274899,6.57357357357357,1.39406326117886e-09,0.0120246306200054,"direct"
3859993.61767977,6.58658658658659,1.33034399456087e-09,0.0118240492161434,"direct"
3977403.02405804,6.5995995995996,1.26947814111119e-09,0.0116262729733601,"direct"
4098383.67175726,6.61261261261261,1.21134068327795e-09,0.0114312732124181,"direct"
4223044.18720667,6.62562562562563,1.15581195414091e-09,0.0112390213503245,"direct"
4351496.50092505,6.63863863863864,1.10277741412265e-09,0.0110494889039895,"direct"
4483855.94802119,6.65165165165165,1.0521274367655e-09,0.0108626474937994,"direct"
4620241.37175131,6.66466466466466,1.00375710321737e-09,0.0106784688471066,"direct"
4760775.23022637,6.67767767767768,9.57566005082488e-10,0.0104969248016351,"direct"
4905583.70636505,6.69069069069069,9.13458055306896e-10,0.0103179873088041,"direct"
5054796.82119124,6.7037037037037,8.71341306780782e-10,0.0101416284369676,"direct"
5208548.55057767,6.71671671671672,8.31127778351916e-10,0.00996782037457265,"direct"
5366976.94554048,6.72972972972973,7.92733287956348e-10,0.00979653543323632,"direct"
5530224.2561929,6.74274274274274,7.56077292583601e-10,0.00962774605074065,"direct"
5698437.05946914,6.75575575575576,7.21082734804654e-10,0.0094614247939479,"direct"
5871766.39073325,6.76876876876877,6.87675895601293e-10,0.00929754436163565,"direct"
6050367.87939122,6.78178178178178,6.55786253245637e-10,0.00913607758725245,"direct"
6234401.88862786,6.7947947947948,6.25346347988226e-10,0.00897699744159501,"direct"
6424033.65939419,6.80780780780781,5.96291652322464e-10,0.00882027703540711,"direct"
6619433.45877439,6.82082082082082,5.68560446602196e-10,0.00866588962190105,"direct"
6820776.73286568,6.83383383383383,5.42093699797828e-10,0.00851380859920249,"direct"
7028244.26430835,6.84684684684685,5.16834955184735e-10,0.00836400751271894,"direct"
7242022.33460732,6.85985985985986,4.92730220765757e-10,0.00821646005743293,"direct"
7462302.89139111,6.87287287287287,4.69727864237232e-10,0.00807114008012041,"direct"
7689283.72075831,6.88588588588589,4.47778512315521e-10,0.00792802158149486,"direct"
7923168.62486625,6.8988988988989,4.26834954248079e-10,0.0077870787182785,"direct"
8164167.60492147,6.91191191191191,4.06852049339991e-10,0.00764828580520031,"direct"
8412497.04973612,6.92492492492492,3.87786638333595e-10,0.00751161731692273,"direct"
8668379.93001977,6.93793793793794,3.69597458485056e-10,0.00737704788989671,"direct"
8932045.99858096,6.95095095095095,3.52245062188007e-10,0.00724455232414669,"direct"
9203731.99661823,6.96396396396396,3.35691739000189e-10,0.00711410558498583,"direct"
9483681.86628593,6.97697697697698,3.1990144093472e-10,0.00698568280466246,"direct"
9772146.96972572,6.98998998998999,3.04839710883068e-10,0.00685925928393826,"direct"
10069386.3147603,7.003003003003,2.90473614042089e-10,0.00673481049359947,"direct"
10375666.7874518,7.01601601601602,2.76771672222471e-10,0.00661231207590136,"direct"
10691263.3917348,7.02902902902903,2.63703800920838e-10,0.00649173984594703,"direct"
11016459.4963365,7.04204204204204,2.51241249042425e-10,0.00637306979300156,"direct"
11351547.08921,7.05505505505506,2.39356541165687e-10,0.00625627808174178,"direct"
11696827.0397039,7.06806806806807,2.28023422244584e-10,0.00614134105344313,"direct"
12052609.3687084,7.08108108108108,2.17216804648383e-10,0.00602823522710385,"direct"
12419213.5270178,7.0940940940941,2.06912717442831e-10,0.00591693730050773,"direct"
12796968.6821594,7.10710710710711,1.97088257820413e-10,0.0058074241512261,"direct"
13186214.0139475,7.12012012012012,1.87721544591033e-10,0.00569967283755996,"direct"
13587299.0190271,7.13313313313313,1.78791673648099e-10,0.00559366059942294,"direct"
14000583.824681,7.14614614614615,1.70278675328303e-10,0.00548936485916628,"direct"
14426439.5121816,7.15915915915916,1.62163473586737e-10,0.00538676322234615,"direct"
14865248.4499785,7.17217217217217,1.54427846912106e-10,0.0052858334784348,"direct"
15317404.6370208,7.18518518518519,1.47054390909823e-10,0.00518655360147583,"direct"
15783314.0565212,7.1981981981982,1.40026482483702e-10,0.00508890175068484,"direct"
16263395.0404819,7.21121121121121,1.33328245549731e-10,0.00499285627099607,"direct"
16758078.6453077,7.22422422422422,1.26944518218124e-10,0.00489839569355598,"direct"
17267809.0388435,7.23723723723724,1.20860821382419e-10,0.00480549873616473,"direct"
17793043.8991858,7.25025025025025,1.15063328656856e-10,0.00471414430366619,"direct"
18334254.8256229,7.26326326326326,1.09538837605684e-10,0.00462431148828764,"direct"
18891927.7620766,7.27627627627628,1.04274742210312e-10,0.00453597956992973,"direct"
19466563.4334226,7.28928928928929,9.92590065224119e-11,0.00444912801640773,"direct"
20058677.7950823,7.3023023023023,9.44801394532373e-11,0.004363736483645,"direct"
20668802.4962908,7.31531531531532,8.99271706513816e-11,0.00427978481581929,"direct"
21297485.3574552,7.32832832832833,8.55896274232255e-11,0.00419725304546298,"direct"
21945290.8620331,7.34134134134134,8.14575126521331e-11,0.00411612139351802,"direct"
22612800.6633728,7.35435435435435,7.75212836742883e-11,0.00403637026934634,"direct"
23300614.1069692,7.36736736736737,7.37718320707877e-11,0.00395798027069679,"direct"
24009348.7686065,7.38038038038038,7.02004643372401e-11,0.00388093218362925,"direct"
24739641.0088682,7.39339339339339,6.6798883393753e-11,0.00380520698239688,"direct"
25492146.5445142,7.40640640640641,6.35591708996757e-11,0.00373078582928738,"direct"
26267541.0372384,7.41941941941942,6.04737703389658e-11,0.00365765007442388,"direct"
27066520.7003324,7.43243243243243,5.75354708434416e-11,0.00358578125552674,"direct"
27889802.9238044,7.44544544544545,5.47373917225334e-11,0.00351516109763656,"direct"
28738126.9185107,7.45845845845846,5.20729676694552e-11,0.00344577151279964,"direct"
29612254.3798803,7.47147147147147,4.9535934614954e-11,0.00337759459971658,"direct"
30512970.1718287,7.48448448448448,4.7120316200995e-11,0.00331061264335473,"direct"
31441083.0314726,7.4974974974975,4.48204108478937e-11,0.00324480811452554,"direct"
32397426.295282,7.51051051051051,4.26307793894932e-11,0.00318016366942742,"direct"
33382858.6473176,7.52352352352352,4.05462332520623e-11,0.00311666214915505,"direct"
34398264.8902292,7.53653653653654,3.85618231535857e-11,0.00305428657917581,"direct"
35444556.7397044,7.54954954954955,3.66728283011013e-11,0.0029930201687743,"direct"
36522673.6430817,7.56256256256256,3.48747460646768e-11,0.00293284631046563,"direct"
37633583.6228653,7.57557557557558,3.31632821075001e-11,0.00287374857937823,"direct"
38778284.1458946,7.58858858858859,3.15343409524344e-11,0.00281571073260709,"direct"
39957803.0189527,7.6016016016016,2.99840169662011e-11,0.0027587167085381,"direct"
41173199.3116168,7.61461461461461,2.85085857431497e-11,0.00270275062614428,"direct"
42425564.3071777,7.62762762762763,2.71044958713363e-11,0.00264779678425473,"direct"
43716022.482485,7.64064064064064,2.57683610643498e-11,0.00259383966079693,"direct"
45045732.5175946,7.65365365365365,2.44969526430376e-11,0.00254086391201322,"direct"
46415888.3361277,7.66666666666667,2.32871923519357e-11,0.00248885437165229,"direct"
47827720.1772749,7.67967967967968,2.21361454958645e-11,0.0024377960501361,"direct"
49282495.700405,7.69269269269269,2.10410143827599e-11,0.00238767413370343,"direct"
50781521.1232767,7.7057057057057,1.99991320593981e-11,0.00233847398353029,"direct"
52326142.3948667,7.71871871871872,1.90079563272459e-11,0.00229018113482834,"direct"
53917746.4038749,7.73173173173173,1.80650640262031e-11,0.00224278129592161,"direct"
55557762.2239888,7.74474474474474,1.71681455745278e-11,0.00219626034730261,"direct"
57247662.3970219,7.75775775775776,1.63149997537364e-11,0.00215060434066823,"direct"
58988964.2550849,7.77077077077077,1.55035287277404e-11,0.00210579949793627,"direct"
60783231.2829724,7.78378378378378,1.47317332859505e-11,0.00206183221024316,"direct"
62632074.5219868,7.7967967967968,1.39977083005097e-11,0.00201868903692371,"direct"
64537154.016467,7.80980980980981,1.32996383882416e-11,0.00197635670447333,"direct"
66500180.3043113,7.82282282282282,1.26357937683035e-11,0.00193482210549354,"direct"
68522915.9528406,7.83583583583584,1.20045263069202e-11,0.00189407229762133,"direct"
70607177.1413778,7.84884884884885,1.14042657409437e-11,0.00185409450244301,"direct"
72754835.2919622,7.86186186186186,1.08335160723419e-11,0.00181487610439325,"direct"
74967818.7496688,7.87487487487487,1.02908521260565e-11,0.00177640464963981,"direct"
77248114.5140342,7.88788788788789,9.77491626399797e-12,0.00173866784495462,"direct"
79597770.0231498,7.9009009009009,9.28441524825731e-12,0.00170165355657187,"direct"
82018894.9920221,7.91391391391391,8.81811724691347e-12,0.00166534980903362,"direct"
84513663.306847,7.92692692692693,8.37484897610245e-12,0.0016297447840235,"direct"
87084314.9769072,7.93993993993994,7.95349297228618e-12,0.0015948268191892,"direct"
89733158.1458354,7.95295295295295,7.55298498892648e-12,0.00156058440695418,"direct"
92462571.1640573,7.96596596596597,7.17231151201654e-12,0.00152700619331919,"direct"
95275004.724273,7.97897897897898,6.81050738916663e-12,0.00149408097665421,"direct"
98172984.0618882,7.99199199199199,6.4666535671714e-12,0.00146179770648132,"direct"
101159111.222383,8.005005005005,6.13987493320479e-12,0.00143014548224895,"direct"
104236067.39764,8.01801801801802,5.82933825500447e-12,0.00139911355209816,"direct"
107406615.333343,8.03103103103103,5.53425021560634e-12,0.00136869131162141,"direct"
110673601.809597,8.04404404404404,5.25385553838661e-12,0.00133886830261426,"direct"
114039960.197003,8.05705705705706,4.98743519835407e-12,0.00130963421182067,"direct"
117508713.090481,8.07007007007007,4.734304715812e-12,0.00128097886967211,"direct"
121082975.023204,8.08308308308308,4.49381252868157e-12,0.00125289224902132,"direct"
124765955.263087,8.0960960960961,4.26533843993965e-12,0.00122536446387082,"direct"
128560960.69433,8.10910910910911,4.04829213678117e-12,0.00119838576809693,"direct"
132471398.786611,8.12212212212212,3.84211177826572e-12,0.00117194655416957,"direct"
136500780.654601,8.13513513513514,3.64626264834963e-12,0.00114603735186834,"direct"
140652724.210524,8.14814814814815,3.46023587134359e-12,0.00112064882699539,"direct"
144930957.412621,8.16116116116116,3.28354718696511e-12,0.00109577178008535,"direct"
149339321.612425,8.17417417417417,3.11573578228111e-12,0.00107139714511288,"direct"
153881775.003834,8.18718718718719,2.95636317795636e-12,0.00104751598819818,"direct"
158562396.177114,8.2002002002002,2.80501216633674e-12,0.00102411950631091,"direct"
163385387.780986,8.21321321321321,2.66128579900777e-12,0.00100119902597284,"direct"
168355080.29612,8.22622622622623,2.52480642157233e-12,0.000978746001959706,"direct"
173475935.923393,8.23923923923924,2.39521475349296e-12,0.000956752016002531,"direct"
178752552.590423,8.25225225225225,2.27216901093982e-12,0.000935208775488953,"direct"
184189668.079971,8.26526526526527,2.15534407067704e-12,0.000914108112164719,"direct"
189792164.28391,8.27827827827828,2.0444306731088e-12,0.000893441980835873,"direct"
195565071.586595,8.29129129129129,1.93913466268972e-12,0.000873202458071853,"direct"
201513573.381556,8.3043043043043,1.83917626398504e-12,0.000853381740909911,"direct"
207643010.725577,8.31731731731732,1.74428939174313e-12,0.00083397214556116,"direct"
213958887.134342,8.33033033033033,1.6542209934156e-12,0.000814966106118553,"direct"
220466873.523941,8.34334334334334,1.56873042263173e-12,0.000796356173267135,"direct"
227172813.30269,8.35635635635636,1.48758884219993e-12,0.000778135012996856,"direct"
234082727.617829,8.36936936936937,1.4105786552743e-12,0.000760295405318217,"direct"
241202820.7618,8.38238238238238,1.33749296338512e-12,0.000742830242981114,"direct"
248539485.74298,8.3953953953954,1.26813505009102e-12,0.000725732530197063,"direct"
256099310.025846,8.40840840840841,1.20231788906696e-12,0.000708995381365159,"direct"
263889081.445751,8.42142142142142,1.13986367549546e-12,0.000692612019801997,"direct"
271915794.303602,8.43443443443443,1.08060337968002e-12,0.000676575776475801,"direct"
280186655.645919,8.44744744744745,1.02437632184894e-12,0.000660880088745084,"direct"
288709091.735923,8.46046046046046,9.71029767163962e-13,0.000645518499101964,"direct"
297490754.721444,8.47347347347347,9.20418539993776e-13,0.000630484653920508,"direct"
306539529.505652,8.48648648648649,8.72404656554518e-13,0.000615772302210223,"direct"
315863540.826782,8.4994994994995,8.26856975060707e-13,0.000601375294374977,"direct"
325471160.553184,8.51251251251251,7.83650862569086e-13,0.000587287580977561,"direct"
335371015.200293,8.52552552552553,7.42667877734943e-13,0.000573503211510064,"direct"
345571993.676214,8.53853853853854,7.03795468736527e-13,0.000560016333170329,"direct"
356083255.262927,8.55155155155155,6.66926685656914e-13,0.000546821189644616,"direct"
366914237.840249,8.56456456456456,6.31959906645435e-13,0.000533912119896701,"direct"
378074666.359934,8.57757757757758,5.98798577211895e-13,0.000521283556963597,"direct"
389574561.57755,8.59059059059059,5.67350962036306e-13,0.000508930026758049,"direct"
401424249.049933,8.6036036036036,5.3752990870555e-13,0.00049684614687799,"direct"
413634368.406327,8.61661661661662,5.09252622815173e-13,0.000485026625423126,"direct"
426215882.901532,8.62962962962963,4.82440453900615e-13,0.000473466259818777,"direct"
439180089.259608,8.64264264264264,4.57018691686835e-13,0.000462159935647181,"direct"
452538627.817017,8.65565565565566,4.3291637216879e-13,0.000451102625486335,"direct"
466303492.974274,8.66866866866867,4.10066093057975e-13,0.000440289387756586,"direct"
480487043.965512,8.68168168168168,3.88403838151517e-13,0.000429715365575046,"direct"
495102015.955635,8.6946946946947,3.67868810201038e-13,0.00041937578561799,"direct"
510161531.474982,8.70770770770771,3.48403271878056e-13,0.000409265956991366,"direct"
525679112.201842,8.72072072072072,3.29952394451364e-13,0.000399381270109491,"direct"
541668691.103316,8.73373373373373,3.12464113809821e-13,0.000389717195582116,"direct"
558144624.945495,8.74674674674675,2.95888993480953e-13,0.00038026928310988,"direct"
575121707.184161,8.75975975975976,2.80180094312067e-13,0.000371033160388328,"direct"
592615181.247556,8.77277277277277,2.65292850496214e-13,0.000362004532020551,"direct"
610640754.223204,8.78578578578579,2.51184951640024e-13,0.000353179178438542,"direct"
629214610.961035,8.7987987987988,2.37816230584725e-13,0.000344552954833357,"direct"
648353428.605471,8.81181181181181,2.25148556705127e-13,0.000336121790094172,"direct"
668074391.569561,8.82482482482482,2.13145734424196e-13,0.000327881685756286,"direct"
688395206.964551,8.83783783783784,2.01773406693255e-13,0.000319828714958179,"direct"
709334120.498799,8.85085085085085,1.9099896319947e-13,0.000311959021407644,"direct"
730909932.860292,8.86386386386386,1.80791453073561e-13,0.000304268818357099,"direct"
753142016.597436,8.87687687687688,1.71121501881342e-13,0.000296754387588111,"direct"
776050333.513357,8.88988988988989,1.61961232692857e-13,0.000289412078405191,"direct"
799655452.589236,8.9029029029029,1.53284191032662e-13,0.000282238306638914,"direct"
823978568.452851,8.91591591591592,1.45065273524012e-13,0.000275229553658395,"direct"
849041520.408876,8.92892892892893,1.37280660048604e-13,0.000268382365393181,"direct"
874866812.04799,8.94194194194194,1.29907749251975e-13,0.000261693351364576,"direct"
901477631.452492,8.95495495495495,1.22925097232625e-13,0.000255159183726446,"direct"
928897872.016452,8.96796796796797,1.1631235926073e-13,0.000248776596315524,"direct"
957152153.899186,8.98098098098098,1.10050234379507e-13,0.000242542383711245,"direct"
986265846.131283,8.99399399399399,1.04120412749349e-13,0.000236453400305122,"direct"
1016265089.39299,9.00700700700701,9.85055256014986e-14,0.000230506559379705,"direct"
1047176819.48552,9.02002002002002,9.31890976743051e-14,0.000224698832197098,"direct"
1079028791.51619,9.03303303303303,8.81555020112716e-14,0.000219027247097087,"direct"
1111849604.81927,9.04604604604605,8.3389917005743e-14,0.000213488888604856,"direct"
1145668728.63487,9.05905905905906,7.88782855826833e-14,0.000208080896548307,"direct"
1180516528.5688,9.07207207207207,7.46072764131718e-14,0.000202800465184983,"direct"
1216424293.85737,9.08508508508509,7.05642470622617e-14,0.000197644842338592,"direct"
1253424265.4614,9.0980980980981,6.67372089756144e-14,0.000192611328545128,"direct"
1291549665.01488,9.11111111111111,6.3114794214837e-14,0.000187697276208578,"direct"
1330834724.65408,9.12412412412412,5.96862238558011e-14,0.000182900088766202,"direct"
1371314717.75394,9.13713713713714,5.6441277968325e-14,0.000178217219863382,"direct"
1413025990.59953,9.15015015015015,5.33702670995312e-14,0.000173646172538007,"direct"
1456005995.02065,9.16316316316316,5.04640051869427e-14,0.000169184498414396,"direct"
1500293322.01922,9.17617617617618,4.77137838309343e-14,0.000164829796906713,"direct"
1545927736.41948,9.18918918918919,4.51113478595598e-14,0.000160579714431869,"direct"
1592950212.57212,9.2022022022022,4.26488721220154e-14,0.000156431943631879,"direct"
1641402971.14447,9.21521521521522,4.03189394500731e-14,0.000152384222605634,"direct"
1691329517.02965,9.22822822822823,3.81145197297655e-14,0.000148434334150075,"direct"
1742774678.40892,9.24124124124124,3.60289500283967e-14,0.000144580105010723,"direct"
1795784647.0021,9.25425425425425,3.40559157246165e-14,0.000140819405141526,"direct"
1850407019.5423,9.26726726726727,3.21894325918429e-14,0.000137150146974003,"direct"
1906690840.51225,9.28028028028028,3.04238297877228e-14,0.000133570284695621,"direct"
1964686646.18045,9.29329329329329,2.87537337046364e-14,0.000130077813537388,"direct"
2024446509.9768,9.30630630630631,2.71740526384329e-14,0.000126670769070596,"direct"
2086024089.2485,9.31931931931932,2.56799622346777e-14,0.000123347226512684,"direct"
2149474673.43798,9.33233233233233,2.42668916736847e-14,0.000120105300042168,"direct"
2214855233.72636,9.34534534534535,2.29305105574867e-14,0.000116943142122586,"direct"
2282224474.1869,9.35835835835836,2.16667164637156e-14,0.000113858942835418,"direct"
2351642884.49435,9.37137137137137,2.04716231330673e-14,0.000110850929221919,"direct"
2423172794.2376,9.38438438438438,1.9341549258665e-14,0.000107917364633807,"direct"
2496878428.88432,9.3973973973974,1.82730078471953e-14,0.000105056548092774,"direct"
2572825967.44793,9.41041041041041,1.72626961231556e-14,0.000102266813658737,"direct"
2651083601.90854,9.42342342342342,1.63074859489829e-14,9.95465298067808e-05,"direct"
2731721598.44137,9.43643643643644,1.5404414735153e-14,9.68940988127507e-05,"direct"
2814812360.50758,9.44944944944945,1.45506768156311e-14,9.43079561473994e-05,"direct"
2900430493.86399,9.46246246246246,1.37436152652637e-14,9.17865698790648e-05,"direct"
2988652873.55038,9.47547547547548,1.29807141368551e-14,8.93284400847865e-05,"direct"
3079558712.91423,9.48848848848849,1.22595910967796e-14,8.69320982698181e-05,"direct"
3173229634.73497,9.5015015015015,1.15779904390165e-14,8.45961067954574e-05,"direct"
3269749744.51177,9.51451451451451,1.0933776458502e-14,8.23190583151361e-05,"direct"
3369205705.98026,9.52752752752753,1.03249271656317e-14,8.00995752187018e-05,"direct"
3471686818.92656,9.54054054054054,9.74952832465171e-15,7.79363090848217e-05,"direct"
3577285099.36788,9.55355355355355,9.20576779953588e-15,7.58279401414463e-05,"direct"
3686095362.17215,9.56656656656657,8.69193019175736e-15,7.37731767342562e-05,"direct"
3798215306.19074,9.57957957957958,8.20639175514458e-15,7.17707548030306e-05,"direct"
3913745601.98038,9.59259259259259,7.7476155737463e-15,6.98194373658635e-05,"direct"
4032789982.1937,9.6056056056056,7.31414698933241e-15,6.7918014011154e-05,"direct"
4155455334.71888,9.61861861861862,6.90460926582737e-15,6.60653003973079e-05,"direct"
4281851798.65241,9.63163163163163,6.51769947860514e-15,6.42601377600699e-05,"direct"
4412092863.19119,9.64464464464464,6.15218461718065e-15,6.25013924274179e-05,"direct"
4546295469.53239,9.65765765765766,5.8068978904059e-15,6.07879553419483e-05,"direct"
4684580115.87304,9.67067067067067,5.48073522382488e-15,5.91187415906762e-05,"direct"
4827070965.60319,9.68368368368368,5.1726519393615e-15,5.74926899421786e-05,"direct"
4973895958.79006,9.6966966966967,4.88165960800684e-15,5.59087623910056e-05,"direct"
5125186927.05333,9.70970970970971,4.60682306664278e-15,5.43659437092847e-05,"direct"
5281079711.93432,9.72272272272272,4.34725759058448e-15,5.28632410054487e-05,"direct"
5441714286.86589,9.73573573573574,4.10212621384802e-15,5.13996832900046e-05,"direct"
5607234882.85204,9.74874874874875,3.87063718955322e-15,4.99743210482746e-05,"direct"
5777790117.9705,9.76176176176176,3.65204158325459e-15,4.85862258200328e-05,"direct"
5953533130.81437,9.77477477477477,3.44563099235693e-15,4.72344897859596e-05,"direct"
6134621717.99252,9.78778778778779,3.25073538512004e-15,4.59182253608433e-05,"direct"
6321218475.81245,9.8008008008008,3.06672105308305e-15,4.4636564793448e-05,"direct"
6513490946.27281,9.81381381381381,2.89298867105429e-15,4.33886597729778e-05,"direct"
6711611767.49627,9.82682682682683,2.7289714591084e-15,4.21736810420573e-05,"direct"
6915758828.73852,9.83983983983984,2.57413344131377e-15,4.09908180161556e-05,"direct"
7126115430.11176,9.85285285285285,2.42796779618383e-15,3.98392784093773e-05,"direct"
7342870447.16676,9.86586586586587,2.28999529409798e-15,3.87182878665468e-05,"direct"
7566218500.48106,9.87887887887888,2.15976281718199e-15,3.76270896015063e-05,"direct"
7796360130.40522,9.89189189189189,2.0368419573667e-15,3.6564944041559e-05,"direct"
8033501977.12473,9.9049049049049,1.9208276885622e-15,3.55311284779756e-05,"direct"
8277856966.19849,9.91791791791792,1.81133710909294e-15,3.45249367224956e-05,"direct"
8529644499.74102,9.93093093093093,1.70800825073552e-15,3.35456787697432e-05,"direct"
8789090653.41996,9.94394394394394,1.6104989508885e-15,3.25926804654865e-05,"direct"
9056428379.44528,9.95695695695696,1.51848578458142e-15,3.16652831806665e-05,"direct"
9331897715.73324,9.96996996996997,1.43166305319887e-15,3.07628434911186e-05,"direct"
9615746001.43212,9.98298298298298,1.34974182695596e-15,2.98847328629166e-05,"direct"
9908228099.00379,9.995995995996,1.27244903831357e-15,2.90303373432626e-05,"direct"
10209606623.0605,10.009009009009,1.19952662366672e-15,2.81990572568527e-05,"direct"
10520152176.1616,10.022022022022,1.13073071077632e-15,2.73903069076437e-05,"direct"
10840143591.7833,10.035035035035,1.06583084954514e-15,2.66035142859482e-05,"direct"
11169868184.6782,10.048048048048,1.00460928386231e-15,2.5838120780788e-05,"direct"
11509622008.8503,10.0610610610611,9.46860262358574e-16,2.5093580897433e-05,"direct"
11859710123.3767,10.0740740740741,8.92389386025447e-16,2.43693619800529e-05,"direct"
12220446866.3149,10.0870870870871,8.41012990757893e-16,2.36649439394141e-05,"direct"
12592156136.9415,10.1001001001001,7.92557562980086e-16,2.29798189855479e-05,"direct"
12975171686.5759,10.1131131131131,7.46859186609565e-16,2.23134913653227e-05,"direct"
13369837418.2495,10.1261261261261,7.03763019705384e-16,2.16654771048492e-05,"direct"
13776507695.4905,10.1391391391391,6.63122799231748e-16,2.10353037566489e-05,"direct"
14195547660.501,10.1521521521522,6.24800372450401e-16,2.04225101515202e-05,"direct"
14627333562.0113,10.1651651651652,5.88665253531958e-16,1.982664615503e-05,"direct"
15072253093.1076,10.1781781781782,5.54594204050186e-16,1.92472724285663e-05,"direct"
15530705739.3346,10.1911911911912,5.2247083609257e-16,1.86839601948831e-05,"direct"
16003103137.387,10.2042042042042,4.92185236786708e-16,1.81362910080712e-05,"direct"
16489869444.7106,10.2172172172172,4.63633613104888e-16,1.76038565278897e-05,"direct"
16991441720.3463,10.2302302302302,4.36717955868284e-16,1.70862582983907e-05,"direct"
17508270317.3573,10.2432432432432,4.11345721929133e-16,1.65831075307747e-05,"direct"
18040819287.1938,10.2562562562563,3.87429533562277e-16,1.60940248904104e-05,"direct"
18589566796.3569,10.2692692692693,3.64886894148608e-16,1.56186402879552e-05,"direct"
19155005555.7352,10.2822822822823,3.4363991928082e-16,1.51565926745135e-05,"direct"
19737643263.0026,10.2952952952953,3.23615082467679e-16,1.47075298407708e-05,"direct"
20338003058.4698,10.3083083083083,3.04742974656308e-16,1.42711082200392e-05,"direct"
20956623994.8043,10.3213213213213,2.86958076832959e-16,1.38469926951551e-05,"direct"
21594061521.0357,10.3343343343343,2.70198545001806e-16,1.34348564091659e-05,"direct"
22250887981.2836,10.3473473473473,2.54406006878153e-16,1.30343805797479e-05,"direct"
22927693128.6565,10.3603603603604,2.39525369667455e-16,1.26452543172924e-05,"direct"
23625084654.7795,10.3733733733734,2.25504638334778e-16,1.22671744466037e-05,"direct"
24343688735.4311,10.3863863863864,2.12294743800769e-16,1.18998453321478e-05,"direct"
25084150592.7754,10.3993993993994,1.99849380530051e-16,1.1542978706797e-05,"direct"
25847135074.6956,10.4124124124124,1.88124853006269e-16,1.11962935040089e-05,"direct"
26633327251.7498,10.4254254254254,1.77079930614742e-16,1.08595156933865e-05,"direct"
27443433032.2837,10.4384384384384,1.6667571047921e-16,1.05323781195624e-05,"direct"
28278179796.2534,10.4514514514515,1.56875487823134e-16,1.02146203443492e-05,"direct"
29138317048.3279,10.4644644644645,1.47644633448906e-16,9.9059884921051e-06,"direct"
30024617090.8554,10.4774774774775,1.38950477949948e-16,9.60623509825739e-06,"direct"
30937875717.3014,10.4904904904905,1.30762202291167e-16,9.31511896093102e-06,"direct"
31878912926.7765,10.5035035035035,1.23050734412672e-16,9.03240499562995e-06,"direct"
32848573660.3004,10.5165165165165,1.15788651530083e-16,8.75786409291768e-06,"direct"
33847728559.4598,10.5295295295295,1.08950087822161e-16,8.49127297904578e-06,"direct"
34877274748.1417,10.5425425425425,1.02510647213088e-16,8.23241407947971e-06,"direct"
35938136638.0463,10.5555555555556,9.64473209723177e-17,7.98107538526999e-06,"direct"
37031266758.6993,10.5685685685686,9.07384098697839e-17,7.73705032222055e-06,"direct"
38157646612.7124,10.5815815815816,8.53634506383125e-17,7.50013762280326e-06,"direct"
39318287557.0577,10.5945945945946,8.03031465083665e-17,7.27014120077135e-06,"direct"
40514231711.1464,10.6076076076076,7.55393015929153e-17,7.04687002842302e-06,"direct"
41746552892.5313,10.6206206206206,7.10547589120857e-17,6.83013801646742e-06,"direct"
43016357581.068,10.6336336336336,6.6833341858651e-17,6.61976389644741e-06,"direct"
44324785912.4039,10.6466466466466,6.28597989160595e-17,6.4155711056715e-06,"direct"
45673012701.6875,10.6596596596597,5.91197514508777e-17,6.2173876746103e-06,"direct"
47062248498.4127,10.6726726726727,5.55996444111473e-17,6.02504611671232e-06,"direct"
48493740673.3523,10.6856856856857,5.22866997712042e-17,5.83838332059456e-06,"direct"
49968774538.5489,10.6986986986987,4.91688725721861e-17,5.65724044456435e-06,"direct"
51488674501.3749,10.7117117117117,4.62348094155474e-17,5.48146281342931e-06,"direct"
53054805253.6957,10.7247247247247,4.34738092746716e-17,5.31089981755242e-06,"direct"
54668572997.2017,10.7377377377377,4.08757864969581e-17,5.14540481411135e-06,"direct"
56331426706.0135,10.7507507507508,3.84312358756828e-17,4.98483503051926e-06,"direct"
58044859427.6898,10.7637637637638,3.61311996774899e-17,4.82905146996754e-06,"direct"
59810409623.8093,10.7767767767768,3.39672365175699e-17,4.6779188190497e-06,"direct"
61629662551.3294,10.7897897897898,3.19313919804468e-17,4.53130535742692e-06,"direct"
63504251685.9597,10.8028028028028,3.00161708898597e-17,4.3890828694965e-06,"direct"
65435860188.8323,10.8158158158158,2.82145111364706e-17,4.25112655802434e-06,"direct"
67426222417.7835,10.8288288288288,2.6519758977119e-17,4.11731495970416e-06,"direct"
69477125484.6022,10.8418418418418,2.49256457240441e-17,3.98752986260582e-06,"direct"
71590410859.6489,10.8548548548549,2.34262657469515e-17,3.86165622547601e-06,"direct"
73767976025.2775,10.8678678678679,2.20160557150242e-17,3.73958209885536e-06,"direct"
76011776179.5532,10.8808808808809,2.06897750099579e-17,3.62119854797642e-06,"direct"
78323825991.792,10.8938938938939,1.9442487244882e-17,3.50639957740702e-06,"direct"
80706201411.4949,10.9069069069069,1.82695428275953e-17,3.39508205740523e-06,"direct"
83161041532.3096,10.9199199199199,1.71665625099226e-17,3.28714565195116e-06,"direct"
85690550512.6837,10.9329329329329,1.61294218681986e-17,3.18249274842307e-06,"direct"
88296999554.9408,10.9459459459459,1.51542366629011e-17,3.08102838888412e-06,"direct"
90982728944.5557,10.958958958959,1.42373490283198e-17,2.98266020294776e-06,"direct"
93750150151.4527,10.971971971972,1.3375314445853e-17,2.88729834219018e-06,"direct"
96601747995.2265,10.984984984985,1.25648894570735e-17,2.79485541607798e-06,"direct"
99540082876.2154,10.997997997998,1.18030200751344e-17,2.7052464293807e-06,"direct"
102567793074.442,11.011011011011,1.10868308553647e-17,2.61838872103767e-06,"direct"
105687597118.48,11.024024024024,1.04136145880709e-17,2.53420190444957e-06,"direct"
108902296226.373,11.037037037037,9.78082257860964e-18,2.45260780916535e-06,"direct"
112214776820.798,11.05005005005,9.18605548172018e-18,2.37353042393556e-06,"direct"
115628013120.738,11.0630630630631,8.6270546589472e-18,2.29689584110416e-06,"direct"
119145069811.977,11.0760760760761,8.10169402970077e-18,2.22263220231062e-06,"direct"
122769104798.836,11.0890890890891,7.60797238814368e-18,2.15066964547511e-06,"direct"
126503372039.59,11.1021021021021,7.14400615963643e-18,2.08094025303994e-06,"direct"
130351224468.151,11.1151151151151,6.70802257193062e-18,2.01337800144083e-06,"direct"
134316117004.602,11.1281281281281,6.29835321768583e-18,1.94791871178196e-06,"direct"
138401609657.313,11.1411411411411,5.91342798618371e-18,1.88450000168952e-06,"direct"
142611370719.413,11.1541541541542,5.55176934335156e-18,1.82306123831837e-06,"direct"
146949180062.481,11.1671671671672,5.21198694037041e-18,1.76354349248768e-06,"direct"
151418932530.435,11.1801801801802,4.89277253224384e-18,1.70588949392094e-06,"direct"
156024641436.637,11.1931931931932,4.59289518874602e-18,1.6500435875669e-06,"direct"
160770442167.382,11.2062062062062,4.3111967811491e-18,1.59595169097805e-06,"direct"
165660595894.992,11.2192192192192,4.04658772906092e-18,1.54356125272374e-06,"direct"
170699493403.84,11.2322322322322,3.79804299258113e-18,1.49282121181551e-06,"direct"
175891659032.773,11.2452452452452,3.56459829581301e-18,1.44368195812264e-06,"direct"
181241754737.424,11.2582582582583,3.34534656855307e-18,1.3960952937561e-06,"direct"
186754584276.107,11.2712712712713,3.13943459371969e-18,1.35001439539994e-06,"direct"
192435097523.033,11.2842842842843,2.94605984878199e-18,1.30539377756899e-06,"direct"
198288394912.707,11.2972972972973,2.76446753011046e-18,1.26218925677258e-06,"direct"
204319732019.527,11.3103103103103,2.59394774979508e-18,1.2203579165642e-06,"direct"
210534524276.671,11.3233233233233,2.4338328950656e-18,1.17985807345739e-06,"direct"
216938351838.518,11.3363363363363,2.28349514100558e-18,1.14064924368846e-06,"direct"
223536964590.98,11.3493493493493,2.14234410777696e-18,1.10269211080723e-06,"direct"
230336287314.213,11.3623623623624,2.00982465406889e-18,1.06594849407718e-06,"direct"
237342425002.387,11.3753753753754,1.88541479895271e-18,1.03038131766663e-06,"direct"
244561668345.245,11.3883883883884,1.76862376476771e-18,9.95954580613339e-07,"direct"
252000499376.409,11.4014014014014,1.65899013408055e-18,9.62633327544703e-07,"direct"
259665597293.487,11.4144144144144,1.55608011415477e-18,9.30383620136641e-07,"direct"
267563844455.204,11.4274274274274,1.45948590274098e-18,8.99172509294146e-07,"direct"
275702332560.958,11.4404404404404,1.36882414934772e-18,8.68968008037007e-07,"direct"
284088369018.331,11.4534534534535,1.28373450648724e-18,8.39739065074635e-07,"direct"
292729483504.281,11.4664664664665,1.20387826570197e-18,8.11455539053965e-07,"direct"
301633434725.92,11.4794794794795,1.12893707347418e-18,7.84088173464986e-07,"direct"
310808217386.906,11.4924924924925,1.05861172240037e-18,7.57608572188662e-07,"direct"
320262069365.765,11.5055055055055,9.92621013274944e-19,7.31989175672265e-07,"direct"
330003479112.529,11.5185185185185,9.30700683977081e-19,7.0720323771755e-07,"direct"
340041193270.37,11.5315315315315,8.72602401288555e-19,6.83224802867404e-07,"direct"
350384224529.068,11.5445445445445,8.18092811992404e-19,6.60028684376925e-07,"direct"
361041859717.333,11.5575575575576,7.66952649810906e-19,6.37590442755269e-07,"direct"
372023668141.307,11.5705705705706,7.18975894938437e-19,6.15886364864661e-07,"direct"
383339510176.66,11.5835835835836,6.73968983111075e-19,5.9489344356352e-07,"direct"
394999546122.064,11.5965965965966,6.31750061329945e-19,5.74589357880683e-07,"direct"
407014245321.944,11.6096096096096,5.92148287521199e-19,5.54952453708155e-07,"direct"
419394395566.718,11.6226226226226,5.55003171571496e-19,5.35961724999979e-07,"direct"
432151112778.976,11.6356356356356,5.20163955325176e-19,5.17596795465073e-07,"direct"
445295850994.266,11.6486486486486,4.87489029268475e-19,4.99837900742268e-07,"direct"
458840412645.475,11.6616616616617,4.56845383756972e-19,4.82665871045825e-07,"direct"
472796959160.039,11.6746746746747,4.28108092766245e-19,4.66062114270137e-07,"direct"
487178021879.462,11.6876876876877,4.01159828262256e-19,4.50008599542481e-07,"direct"
501996513311.008,11.7007007007007,3.75890403397933e-19,4.34487841212926e-07,"direct"
517265738721.602,11.7137137137137,3.5219634284615e-19,4.19482883270764e-07,"direct"
532999408084.408,11.7267267267267,3.29980478677e-19,4.04977284177031e-07,"direct"
549211648388.779,11.7397397397397,3.09151570279572e-19,3.90955102102923e-07,"direct"
565917016324.623,11.7527527527528,2.89623946915273e-19,3.7740088056418e-07,"direct"
583130511352.622,11.7657657657658,2.71317171571723e-19,3.64299634441614e-07,"direct"
600867589171.969,11.7787787787788,2.54155724863549e-19,3.51636836378303e-07,"direct"
619144175597.783,11.7917917917918,2.38068707799219e-19,3.393984035441e-07,"direct"
637976680860.628,11.8048048048048,2.22989562301711e-19,3.27570684758322e-07,"direct"
657382014340.96,11.8178178178178,2.08855808435596e-19,3.16140447961731e-07,"direct"
677377599751.775,11.8308308308308,1.95608797354051e-19,3.05094868029049e-07,"direct"
697981390783.067,11.8438438438438,1.83193479036857e-19,2.9442151491351e-07,"direct"
719211887222.118,11.8568568568569,1.71558183944705e-19,2.84108342115101e-07,"direct"
741088151564.157,11.8698698698699,1.60654417766021e-19,2.74143675464335e-07,"direct"
763629826128.226,11.8828828828829,1.50436668480899e-19,2.64516202213615e-07,"direct"
786857150693.684,11.8958958958959,1.40862225011862e-19,2.55214960428388e-07,"direct"
810790980673.169,11.9089089089089,1.31891006774082e-19,2.46229328670475e-07,"direct"
835452805838.285,11.9219219219219,1.23485403477871e-19,2.37549015966179e-07,"direct"
860864769614.924,11.9349349349349,1.15610124574187e-19,2.29164052051855e-07,"direct"
887049688965.442,11.9479479479479,1.08232057769759e-19,2.21064777889906e-07,"direct"
914031074875.622,11.960960960961,1.01320136071939e-19,2.13241836448223e-07,"direct"
941833153464.796,11.973973973974,9.48452128552781e-20,2.05686163736305e-07,"direct"
970480887738.029,11.986986986987,8.87799444716183e-20,1.98388980091491e-07,"direct"
1e+12,12,8.30986799536536e-20,1.91341781708765e-07,"direct"
0.1,-1,6.32120917289256e-06,1.45551220111996e-06,"derived"
0.103041699495059,-0.986986986986987,6.42766960186136e-06,1.52504355262812e-06,"derived"
0.1061759183483,-0.973973973973974,6.53533869804456e-06,1.59775363698183e-06,"derived"
0.109405470720574,-0.960960960960961,6.6442172950506e-06,1.67378069725677e-06,"derived"
0.112733256371049,-0.947947947947948,6.75430591332323e-06,1.75326865033662e-06,"derived"
0.11616226326085,-0.934934934934935,6.86560475473658e-06,1.83636730420701e-06,"derived"
0.119695570235904,-0.921921921921922,6.97811369724414e-06,1.92323258288296e-06,"derived"
0.123336349791378,-0.908908908908909,7.09183228958524e-06,2.01402675920926e-06,"derived"
0.127087870920206,-0.895895895895896,7.2067597460531e-06,2.10891869577879e-06,"derived"
0.130953502048267,-0.882882882882883,7.32289494132778e-06,2.20808409422074e-06,"derived"
0.134936714058831,-0.86986986986987,7.44023640537853e-06,2.31170575311688e-06,"derived"
0.139041083409007,-0.856856856856857,7.55878231843874e-06,2.41997383481076e-06,"derived"
0.143270295340983,-0.843843843843844,7.67853050605811e-06,2.53308614138175e-06,"derived"
0.147628147190939,-0.830830830830831,7.79947843423523e-06,2.65124840006219e-06,"derived"
0.15211855179861,-0.817817817817818,7.921623204635e-06,2.77467455838361e-06,"derived"
0.15674554102056,-0.804804804804805,8.04496154989459e-06,2.90358708934447e-06,"derived"
0.161513269350309,-0.791791791791792,8.16948982902187e-06,3.03821730689952e-06,"derived"
0.16642601764859,-0.778778778778779,8.29520402289048e-06,3.17880569207823e-06,"derived"
0.171488196987054,-0.765765765765766,8.42209972983499e-06,3.32560223004699e-06,"derived"
0.176704352608895,-0.752752752752753,8.55017216135069e-06,3.47886675843752e-06,"derived"
0.182079168009946,-0.73973973973974,8.67941613790151e-06,3.63886932727195e-06,"derived"
0.187617469143912,-0.726726726726727,8.80982608484002e-06,3.80589057082221e-06,"derived"
0.193324228755505,-0.713713713713714,8.94139602844373e-06,3.98022209174994e-06,"derived"
0.199204570845387,-0.700700700700701,9.07411959207123e-06,4.16216685788089e-06,"derived"
0.205263775270925,-0.687687687687688,9.2079899924421e-06,4.35203961197604e-06,"derived"
0.21150728248688,-0.674674674674675,9.34300003604498e-06,4.55016729486999e-06,"derived"
0.217940698430295,-0.661661661661662,9.47914211567659e-06,4.75688948235543e-06,"derived"
0.224569799553977,-0.648648648648649,9.61640820711666e-06,4.97255883620112e-06,"derived"
0.231400538013065,-0.635635635635636,9.75478986594171e-06,5.19754156969962e-06,"derived"
0.238439047009372,-0.622622622622623,9.89427822448184e-06,5.43221792814901e-06,"derived"
0.245691646298279,-0.60960960960961,1.00348639889242e-05,5.67698268468288e-06,"derived"
0.253164847863135,-0.596596596596597,1.01765374365663e-05,5.93224565187026e-06,"derived"
0.260865361762255,-0.583583583583584,1.03192884132243e-05,6.19843220951742e-06,"derived"
0.268800102153761,-0.570570570570571,1.04631063307975e-05,6.47598384911227e-06,"derived"
0.276976193503689,-0.557557557557558,1.0607980164995e-05,6.76535873536029e-06,"derived"
0.285400976982924,-0.544544544544544,1.07538984532258e-05,7.06703228527207e-06,"derived"
0.294082017058706,-0.531531531531532,1.09008492926582e-05,7.3814977652699e-06,"derived"
0.30302710828664,-0.518518518518519,1.10488203384496e-05,7.7092669067917e-06,"derived"
0.312244282309286,-0.505505505505506,1.11977988021508e-05,8.05087054087936e-06,"derived"
0.321741815067637,-0.492492492492492,1.1347771450289e-05,8.40685925224825e-06,"derived"
0.331528234231942,-0.479479479479479,1.14987246031317e-05,8.77780405334476e-06,"derived"
0.341612326858553,-0.466466466466467,1.16506441336337e-05,9.16429707890735e-06,"derived"
0.352003147279668,-0.453453453453453,1.18035154665734e-05,9.56695230155758e-06,"derived"
0.362710025233065,-0.44044044044044,1.19573235778771e-05,9.9864062689562e-06,"derived"
0.373742574239106,-0.427427427427427,1.21120529941379e-05,1.04233188630705e-05,"derived"
0.385110700232557,-0.414414414414414,1.226768779233e-05,1.08783740821073e-05,"derived"
0.396824610456948,-0.401401401401402,1.24242115997208e-05,1.1352280845678e-05,"derived"
0.408894822629486,-0.388388388388388,1.25816075939859e-05,1.18457738237686e-05,"derived"
0.421332174384729,-0.375375375375375,1.2739858503526e-05,1.23596142901032e-05,"derived"
0.434147833005509,-0.362362362362362,1.2898946607991e-05,1.28945910004921e-05,"derived"
0.447353305449847,-0.349349349349349,1.3058853739012e-05,1.34515210967717e-05,"derived"
0.460960448682843,-0.336336336336336,1.32195612811451e-05,1.40312510369508e-05,"derived"
0.47498148032285,-0.323323323323323,1.33810501730259e-05,1.46346575521861e-05,"derived"
0.489428989611453,-0.31031031031031,1.35433009087412e-05,1.52626486312247e-05,"derived"
0.504315948717136,-0.297297297297297,1.37062935394157e-05,1.59161645329536e-05,"derived"
0.519655724382766,-0.284284284284284,1.38700076750182e-05,1.65961788277147e-05,"derived"
0.535462089927361,-0.271271271271271,1.40344224863872e-05,1.73036994680456e-05,"derived"
0.551749237612913,-0.258258258258258,1.41995167074791e-05,1.8039769889521e-05,"derived"
0.568531791387375,-0.245245245245245,1.43652686378392e-05,1.8805470142379e-05,"derived"
0.585824820015254,-0.232232232232232,1.45316561452966e-05,1.96019180546217e-05,"derived"
0.603643850607587,-0.219219219219219,1.46986566688861e-05,2.04302704272947e-05,"derived"
0.622004882563471,-0.206206206206206,1.48662472219956e-05,2.12917242626555e-05,"derived"
0.640924401935645,-0.193193193193193,1.50344043957417e-05,2.21875180259509e-05,"derived"
0.66041939623303,-0.18018018018018,1.52031043625741e-05,2.31189329415326e-05,"derived"
0.680507369673521,-0.167167167167167,1.53723228801084e-05,2.40872943240505e-05,"derived"
0.701206358900718,-0.154154154154154,1.55420352951889e-05,2.50939729454672e-05,"derived"
0.722534949178721,-0.141141141141141,1.57122165481818e-05,2.6140386438653e-05,"derived"
0.744512291079514,-0.128128128128128,1.58828411774979e-05,2.72280007383223e-05,"derived"
0.76715811767793,-0.115115115115115,1.60538833243465e-05,2.83583315600828e-05,"derived"
0.790492762269642,-0.102102102102102,1.6225316737719e-05,2.95329459183794e-05,"derived"
0.814537176628074,-0.0890890890890891,1.63971147796029e-05,3.07534636841174e-05,"derived"
0.839312949816636,-0.0760760760760762,1.6569250430426e-05,3.20215591827608e-05,"derived"
0.864842327573172,-0.0630630630630631,1.67416962947291e-05,3.33389628337073e-05,"derived"
0.89114823228402,-0.05005005005005,1.69144246070682e-05,3.47074628317475e-05,"derived"
0.918254283565628,-0.0370370370370371,1.70874072381441e-05,3.61289068714246e-05,"derived"
0.9461848194722,-0.0240240240240241,1.72606157011598e-05,3.76052039151146e-05,"derived"
0.974964918348409,-0.011011011011011,1.74340211584022e-05,3.91383260056538e-05,"derived"
1.00462042134681,0.00200200200200195,1.76075944280504e-05,4.07303101243463e-05,"derived"
1.03517795563018,0.015015015015015,1.7781305991206e-05,4.23832600951899e-05,"derived"
1.06666495827954,0.0280280280280281,1.7955125999146e-05,4.40993485361607e-05,"derived"
1.0991097009295,0.0410410410410411,1.8129024280794e-05,4.5880818858403e-05,"derived"
1.13254131515281,0.0540540540540539,1.83029703504126e-05,4.77299873141767e-05,"derived"
1.16698981861715,0.067067067067067,1.84769334155085e-05,4.96492450944123e-05,"derived"
1.20248614203741,0.08008008008008,1.86508823849547e-05,5.1641060476734e-05,"derived"
1.23906215694792,0.0930930930930931,1.88247858773217e-05,5.37079810248041e-05,"derived"
1.27675070431927,0.106106106106106,1.89986122294202e-05,5.58526358398552e-05,"derived"
1.3155856240457,0.119119119119119,1.91723295050487e-05,5.80777378652679e-05,"derived"
1.35560178532937,0.132132132132132,1.93459055039455e-05,6.03860862450563e-05,"derived"
1.39683511798874,0.145145145145145,1.95193077709417e-05,6.27805687371267e-05,"derived"
1.43932264471941,0.158158158158158,1.96925036053117e-05,6.52641641821688e-05,"derived"
1.4831025143361,0.171171171171171,1.98654600703183e-05,6.78399450290412e-05,"derived"
1.52821403602587,0.184184184184184,2.00381440029482e-05,7.05110799175082e-05,"derived"
1.57469771464309,0.197197197197197,2.02105220238365e-05,7.32808363191888e-05,"derived"
1.62259528707809,0.21021021021021,2.03825605473738e-05,7.61525832375647e-05,"derived"
1.67194975973199,0.223223223223223,2.05542257919934e-05,7.91297939679004e-05,"derived"
1.72280544713139,0.236236236236236,2.07254837906351e-05,8.2216048917918e-05,"derived"
1.77520801171764,0.249249249249249,2.08963004013805e-05,8.54150384900649e-05,"derived"
1.82920450484629,0.262262262262262,2.10666413182555e-05,8.87305660262074e-05,"derived"
1.8848434090338,0.275275275275275,2.12364720821971e-05,9.21665508155734e-05,"derived"
1.94217468148903,0.288288288288288,2.1405758092177e-05,9.57270311667611e-05,"derived"
2.00124979896904,0.301301301301301,2.1574464616481e-05,9.94161675446194e-05,"derived"
2.06212180399914,0.314314314314314,2.17425568041364e-05,0.000103238245772802,"derived"
2.12484535249888,0.327327327327327,2.19099996964834e-05,0.000107197680302776,"derived"
2.18947676285662,0.34034034034034,2.20767582388858e-05,0.000111299017550059,"derived"
2.25607406649686,0.353353353353353,2.22427972925758e-05,0.00011554693929845,"derived"
2.32469705998565,0.366366366366366,2.24080816466266e-05,0.000119946266172996,"derived"
2.39540735872088,0.379379379379379,2.25725760300482e-05,0.000124501961182435,"derived"
2.46826845225569,0.392392392392392,2.27362451240011e-05,0.000129219133331807,"derived"
2.54334576130465,0.405405405405405,2.28990535741205e-05,0.000134103041305972,"derived"
2.62070669648385,0.418418418418418,2.30609660029474e-05,0.000139159097224666,"derived"
2.70042071883777,0.431431431431431,2.32219470224593e-05,0.000144392870469793,"derived"
2.78255940220712,0.444444444444444,2.33819612466948e-05,0.000149810091585568,"derived"
2.86719649749377,0.457457457457457,2.35409733044655e-05,0.000155416656252137,"derived"
2.95440799888038,0.47047047047047,2.36989478521507e-05,0.000161218629333266,"derived"
3.0442722120643,0.483483483483484,2.38558495865656e-05,0.000167222248998655,"derived"
3.13686982456688,0.496496496496496,2.40116432578999e-05,0.000173433930921439,"derived"
3.23228397818138,0.509509509509509,2.41662936827173e-05,0.000179860272551366,"derived"
3.33060034362459,0.522522522522523,2.43197657570124e-05,0.00018650805746415,"derived"
3.43190719745904,0.535535535535536,2.44720244693144e-05,0.000193384259787449,"derived"
3.53629550135504,0.548548548548549,2.46230349138356e-05,0.00020049604870389,"derived"
3.64385898376354,0.561561561561561,2.4772762303653e-05,0.000207850793031522,"derived"
3.75469422407333,0.574574574574575,2.4921171983921e-05,0.00021545606588207,"derived"
3.86890073932798,0.587587587587588,2.50682294451034e-05,0.000223319649397272,"derived"
3.98658107358044,0.600600600600601,2.52139003362221e-05,0.000231449539563615,"derived"
4.10784088996565,0.613613613613614,2.5358150478112e-05,0.000239853951105683,"derived"
4.23278906557355,0.626626626626627,2.55009458766776e-05,0.000248541322458318,"derived"
4.361537789208,0.63963963963964,2.56422527361424e-05,0.000257520320817759,"derived"
4.49420266211914,0.652652652652653,2.5782037472285e-05,0.000266799847271859,"derived"
4.63090280179974,0.665665665665666,2.59202667256537e-05,0.000276389042009441,"derived"
4.77176094893875,0.678678678678679,2.6056907374754e-05,0.000286297289608814,"derived"
4.91690357762803,0.691691691691692,2.61919265491998e-05,0.000296534224405412,"derived"
5.06646100892127,0.704704704704705,2.63252916428222e-05,0.000307109735938464,"derived"
5.22056752784697,0.717717717717718,2.64569703267291e-05,0.000318033974476567,"derived"
5.3793615039807,0.730730730730731,2.65869305623063e-05,0.000329317356621951,"derived"
5.54298551568467,0.743743743743744,2.67151406141557e-05,0.000340970570993192,"derived"
5.71158647812643,0.756756756756757,2.684156906296e-05,0.000353004583986061,"derived"
5.88531577519145,0.76976976976977,2.69661848182705e-05,0.00036543064561214,"derived"
6.06432939540806,0.782782782782783,2.70889571312064e-05,0.000378260295414758,"derived"
6.24878807200689,0.795795795795796,2.72098556070624e-05,0.000391505368461758,"derived"
6.43885742724042,0.808808808808809,2.73288502178144e-05,0.000405178001414524,"derived"
6.63470812109235,0.821821821821822,2.74459113145183e-05,0.000419290638672634,"derived"
6.83651600451024,0.834834834834835,2.75610096395926e-05,0.000433856038593442,"derived"
7.04446227729904,0.847847847847848,2.76741163389799e-05,0.000448887279785788,"derived"
7.25873365081725,0.860860860860861,2.77852029741785e-05,0.000464397767477015,"derived"
7.47952251562182,0.873873873873874,2.78942415341385e-05,0.000480401239952343,"derived"
7.7070271142123,0.886886886886887,2.80012044470136e-05,0.000496911775065591,"derived"
7.94145171902934,0.8998998998999,2.81060645917641e-05,0.000513943796820191,"derived"
8.18300681586739,0.912912912912913,2.82087953096022e-05,0.000531512082019282,"derived"
8.43190929286625,0.925925925925926,2.83093704152738e-05,0.000549631766983667,"derived"
8.68838263525118,0.938938938938939,2.84077642081703e-05,0.000568318354336266,"derived"
8.9526571259964,0.951951951951952,2.85039514832632e-05,0.000587587719851664,"derived"
9.22497005259217,0.964964964964965,2.8597907541855e-05,0.000607456119369213,"derived"
9.5055659201012,0.977977977977978,2.86896082021414e-05,0.000627940195768093,"derived"
9.7946966706954,0.990990990990991,2.87790298095758e-05,0.000649056986002623,"derived"
10.0926219098705,1.004004004004,2.88661492470328e-05,0.000670823928196019,"derived"
10.3996091395412,1.01701701701702,2.89509439447621e-05,0.000693258868790704,"derived"
10.7159339982267,1.03003003003003,2.90333918901293e-05,0.000716380069753187,"derived"
11.0418805085416,1.04304304304304,2.91134716371346e-05,0.000740206215831379,"derived"
11.3777413322149,1.05605605605606,2.9191162315707e-05,0.000764756421862166,"derived"
11.723818032866,1.06906906906907,2.9266443640766e-05,0.000790050240126941,"derived"
12.0804213467733,1.08208208208208,2.93392959210458e-05,0.000816107667752632,"derived"
12.4478714618791,1.0950950950951,2.94097000676776e-05,0.000842949154155776,"derived"
12.8264983052806,1.10810810810811,2.94776376025236e-05,0.000870595608526918,"derived"
13.2166418394661,1.12112112112112,2.95430906662577e-05,0.000899068407352648,"derived"
13.6186523675608,1.13413413413413,2.96060420261893e-05,0.00092838940197239,"derived"
14.0328908478587,1.14714714714715,2.96664750838237e-05,0.000958580926166958,"derived"
14.4597292179202,1.16016016016016,2.97243738821547e-05,0.0009896658037758,"derived"
14.8995507285285,1.17317317317317,2.97797231126868e-05,0.00102166735633969,"derived"
15.3527502878042,1.18618618618619,2.98325081221797e-05,0.00105460941076555,"derived"
15.819734815786,1.1991991991992,2.98827149191139e-05,0.00108851630700992,"derived"
16.3009236097974,1.21221221221221,2.99303301798704e-05,0.00112341290577754,"derived"
16.7967487209265,1.22522522522523,2.99753412546241e-05,0.00115932459623124,"derived"
17.3076553419573,1.23823823823824,3.00177361729441e-05,0.00119627730370946,"derived"
17.8341022071001,1.25125125125125,3.00575036490989e-05,0.0012342974974472,"derived"
18.3765620038817,1.26426426426426,3.00946330870637e-05,0.00127341219829659,"derived"
18.935521797563,1.27727727727728,3.01291145852259e-05,0.00131364898644259,"derived"
19.5114834684662,1.29029029029029,3.01609389407851e-05,0.0013550360091097,"derived"
20.104964162605,1.3033033033033,3.0190097653847e-05,0.00139760198825495,"derived"
20.7164967560207,1.31631631631632,3.02165829312071e-05,0.00144137622824282,"derived"
21.3466303332424,1.32932932932933,3.02403876898216e-05,0.00148638862349709,"derived"
21.9959306803007,1.34234234234234,3.02615055599648e-05,0.00153266966612485,"derived"
22.6649807927369,1.35535535535536,3.02799308880692e-05,0.00158025045350766,"derived"
23.3543813990648,1.36836836836837,3.02956587392487e-05,0.0016291626958547,"derived"
24.0647515001542,1.38138138138138,3.03086848995006e-05,0.00167943872371245,"derived"
24.7967289250216,1.39439439439439,3.0319005877588e-05,0.00173111149542574,"derived"
25.5509709035251,1.40740740740741,3.03266189065989e-05,0.00178421460454434,"derived"
26.3281546564802,1.42042042042042,3.03315219451825e-05,0.00183878228716958,"derived"
27.1289780037247,1.43343343343343,3.03337136784616e-05,0.00189484942923495,"derived"
27.9541599906786,1.44644644644645,3.033319351862e-05,0.00195245157371493,"derived"
28.804441533963,1.45945945945946,3.03299616051657e-05,0.00201162492775572,"derived"
29.680586086656,1.47247247247247,3.03240188048678e-05,0.00207240636972163,"derived"
30.5833803237843,1.48548548548549,3.03153667113701e-05,0.00213483345615099,"derived"
31.5136348486648,1.4984984984985,3.0304007644478e-05,0.00219894442861461,"derived"
32.4721849207313,1.51151151151151,3.0289944649122e-05,0.0022647782204705,"derived"
33.4598912054998,1.52452452452452,3.02731814939978e-05,0.00233237446350785,"derived"
34.4776405473446,1.53753753753754,3.02537226698828e-05,0.00240177349447336,"derived"
35.5263467657814,1.55055055055055,3.0231573387631e-05,0.00247301636147293,"derived"
36.606951475969,1.56356356356356,3.02067395758476e-05,0.0025461448302413,"derived"
37.72042493417,1.57657657657658,3.01792278782439e-05,0.00262120139027257,"derived"
38.8677669089267,1.58958958958959,3.01490456506756e-05,0.00269822926080396,"derived"
40.0500075787361,1.6026026026026,3.01162009578646e-05,0.00277727239664517,"derived"
41.2682084570295,1.61561561561562,3.0080702569808e-05,0.00285837549384586,"derived"
42.5234633452868,1.62862862862863,3.00425599578748e-05,0.00294158399519306,"derived"
43.8168993151419,1.64164164164164,3.0001783290595e-05,0.00302694409553091,"derived"
45.149677720361,1.65465465465465,2.99583834291411e-05,0.00311450274689433,"derived"
46.5229952396019,1.66766766766767,2.99123719225074e-05,0.00320430766344857,"derived"
47.9380849508911,1.68068068068068,2.98637610023874e-05,0.00329640732622635,"derived"
49.3962174387832,1.69369369369369,2.98125635777552e-05,0.00339085098765405,"derived"
50.8987019351968,1.70670670670671,2.97587932291524e-05,0.00348768867585844,"derived"
52.4468874949512,1.71971971971972,2.97024642026842e-05,0.00358697119874535,"derived"
54.0421642070592,1.73273273273273,2.96435914037303e-05,0.00368875014784148,"derived"
55.6859644428641,1.74574574574575,2.95821903903707e-05,0.00379307790189053,"derived"
57.3797641421413,1.75875875875876,2.9518277366535e-05,0.00390000763019459,"derived"
59.1250841383188,1.77177177177177,2.94518691748758e-05,0.00400959329569194,"derived"
60.9234915240071,1.78478478478478,2.93829832893727e-05,0.00412188965776204,"derived"
62.776601058065,1.7977977977978,2.93116378076701e-05,0.00423695227474826,"derived"
64.6860766154633,1.81081081081081,2.9237851443155e-05,0.00435483750618959,"derived"
66.6536326812491,1.82382382382382,2.91616435167776e-05,0.00447560251475135,"derived"
68.681035889953,1.83683683683684,2.90830339486222e-05,0.00459930526784593,"derived"
70.7701066118189,1.84984984984985,2.90020432492311e-05,0.0047260045389338,"derived"
72.9227205872831,1.86286286286286,2.89186925106888e-05,0.00485575990849523,"derived"
75.1408106111697,1.87587587587588,2.88330033974701e-05,0.00498863176466322,"derived"
77.4263682681127,1.88888888888889,2.87449981370598e-05,0.00512468130350782,"derived"
79.7814457207662,1.9019019019019,2.86546995103475e-05,0.00526397052896227,"derived"
82.2081575524054,1.91491491491491,2.85621308418045e-05,0.005406562252381,"derived"
84.708682665574,1.92792792792793,2.8467315989449e-05,0.00555252009171984,"derived"
87.2852662384838,1.94094094094094,2.83702793346047e-05,0.0057019084703286,"derived"
89.9402217409204,1.95395395395395,2.82710457714591e-05,0.00585479261534615,"derived"
92.6759330114688,1.96696696696697,2.81696406964293e-05,0.00601123855568812,"derived"
95.4948563979197,1.97997997997998,2.8066089997339e-05,0.00617131311961738,"derived"
98.3995229627823,1.99299299299299,2.79604200424154e-05,0.00633508393188748,"derived"
101.392540755882,2.00600600600601,2.78526576691115e-05,0.00650261941044905,"derived"
104.47659715608,2.01901901901902,2.77428301727606e-05,0.00667398876270953,"derived"
107.654461284232,2.03203203203203,2.76309652950699e-05,0.0068492619813362,"derived"
110.928986489522,2.04504504504505,2.75170912124595e-05,0.00702850983959282,"derived"
114.303112911448,2.05805805805806,2.74012365242544e-05,0.00721180388620013,"derived"
117.779870119712,2.07107107107107,2.72834302407356e-05,0.00739921643971043,"derived"
121.362379834424,2.08408408408408,2.7163701771058e-05,0.00759082058238668,"derived"
125.053858729039,2.0970970970971,2.70420809110415e-05,0.00778669015357643,"derived"
128.857621318552,2.11011011011011,2.69185978308427e-05,0.00798689974257107,"derived"
132.777082935543,2.12312312312312,2.67932830625148e-05,0.00819152468094107,"derived"
136.815762796747,2.13613613613614,2.66661674874615e-05,0.00840064103433765,"derived"
140.977287162897,2.14914914914915,2.65372823237938e-05,0.00861432559375174,"derived"
145.265392594678,2.16216216216216,2.64066591135952e-05,0.00883265586622116,"derived"
149.683929307726,2.17517517517518,2.62743297101043e-05,0.00905571006497673,"derived"
154.236864629663,2.18818818818819,2.61403262648207e-05,0.00928356709901863,"derived"
158.928286562298,2.2012012012012,2.60046812145418e-05,0.00951630656211421,"derived"
163.762407452169,2.21421421421421,2.58674272683384e-05,0.00975400872120833,"derived"
168.743567772738,2.22722722722723,2.57285973944753e-05,0.0099967545042382,"derived"
173.876240021625,2.24024024024024,2.55882248072858e-05,0.010244625487344,"derived"
179.16503273639,2.25325325325325,2.54463429540049e-05,0.0104977038814675,"derived"
184.614694632455,2.26626626626627,2.53029855015715e-05,0.0107560725183303,"derived"
190.230118866894,2.27927927927928,2.5158186323404e-05,0.0110198148357841,"derived"
196.016347431919,2.29229229229229,2.50119794861586e-05,0.0112890148625261,"derived"
201.978575681988,2.30530530530531,2.4864399236476e-05,0.0115637572021707,"derived"
208.122156998634,2.31831831831832,2.47154799877251e-05,0.0118441270166721,"derived"
214.452607597167,2.33133133133133,2.45652563067489e-05,0.0121302100090892,"derived"
220.97561147959,2.34434434434434,2.44137629006223e-05,0.0124220924056884,"derived"
227.697025538168,2.35735735735736,2.42610346034258e-05,0.0127198609373748,"derived"
234.622884814226,2.37037037037037,2.41071063630445e-05,0.0130236028204496,"derived"
241.759407916913,2.38338338338338,2.3952013227998e-05,0.0133334057366837,"derived"
249.113002606779,2.3963963963964,2.3795790334309e-05,0.0136493578127056,"derived"
256.690271549195,2.40940940940941,2.36384728924156e-05,0.0139715475986963,"derived"
264.498018242772,2.42242242242242,2.34800961741366e-05,0.0143000640463867,"derived"
272.543253128103,2.43543543543544,2.33206954996942e-05,0.014634996486353,"derived"
280.833199882317,2.44844844844845,2.31603062248018e-05,0.0149764346046064,"derived"
289.375301905095,2.46146146146146,2.2998963727823e-05,0.0153244684184722,"derived"
298.177229001967,2.47447447447447,2.28367033970081e-05,0.0156791882517555,"derived"
307.2468842709,2.48748748748749,2.26735606178151e-05,0.01604068470919,"derived"
316.592411198352,2.5005005005005,2.25095707603199e-05,0.0164090486501671,"derived"
326.222200971167,2.51351351351351,2.23447691667236e-05,0.0167843711617434,"derived"
336.144900010876,2.52652652652653,2.21791911389617e-05,0.0171667435309234,"derived"
346.369417737173,2.53953953953954,2.20128719264211e-05,0.0175562572162176,"derived"
356.904934567523,2.55255255255255,2.18458467137717e-05,0.017953003818473,"derived"
367.760910160103,2.56556556556557,2.16781506089165e-05,0.0183570750509764,"derived"
378.947091907467,2.57857857857858,2.15098186310677e-05,0.0187685627088303,"derived"
390.473523688556,2.59159159159159,2.13408856989528e-05,0.0191875586376001,"derived"
402.350554886929,2.6046046046046,2.11713866191569e-05,0.0196141547012359,"derived"
414.588849683291,2.61761761761762,2.10013560746052e-05,0.0200484427492666,"derived"
427.199396630678,2.63063063063063,2.08308286131925e-05,0.0204905145832714,"derived"
440.193518520887,2.64364364364364,2.06598386365628e-05,0.0209404619226276,"derived"
453.582882551019,2.65665665665666,2.04884203890452e-05,0.02139837636954,"derived"
467.379510799246,2.66966966966967,2.03166079467498e-05,0.0218643493733529,"derived"
481.595791019235,2.68268268268268,2.01444352068286e-05,0.0223384721941494,"derived"
496.244487762891,2.6956956956957,1.99719358769054e-05,0.0228208358656423,"derived"
511.338753841433,2.70870870870871,1.979914346468e-05,0.0233115311573601,"derived"
526.892142135067,2.72172172172172,1.96260912677085e-05,0.0238106485361352,"derived"
542.918617761894,2.73473473473473,1.94528123633665e-05,0.0243182781268982,"derived"
559.432570616938,2.74774774774775,1.92793395989967e-05,0.0248345096727854,"derived"
576.448828292588,2.76076076076076,1.91057055822458e-05,0.0253594324945677,"derived"
593.982669392036,2.77377377377377,1.89319426715938e-05,0.0258931354494055,"derived"
612.04983724767,2.78678678678679,1.87580829670786e-05,0.0264357068889407,"derived"
630.66655405674,2.7997997997998,1.85841583012201e-05,0.0269872346167328,"derived"
649.849535446989,2.81281281281281,1.84102002301463e-05,0.0275478058450482,"derived"
669.616005485322,2.82582582582583,1.82362400249233e-05,0.0281175071510142,"derived"
689.983712143002,2.83883883883884,1.80623086630946e-05,0.0286964244321461,"derived"
710.970943231243,2.85185185185185,1.78884368204285e-05,0.0292846428612598,"derived"
732.596542821523,2.86486486486486,1.77146548628801e-05,0.0298822468407819,"derived"
754.879928165343,2.87787787787788,1.75409928387664e-05,0.0304893199564681,"derived"
777.841107128649,2.89089089089089,1.73674804711597e-05,0.0311059449305449,"derived"
801.50069615654,2.9039039039039,1.7194147150499e-05,0.0317322035742858,"derived"
825.879938784426,2.91691691691692,1.70210219274227e-05,0.0323681767400392,"derived"
851.000724712225,2.92992992992993,1.6848133505823e-05,0.0330139442727198,"derived"
876.885609458743,2.94294294294294,1.66755102361251e-05,0.0336695849607814,"derived"
903.557834613893,2.95595595595596,1.65031801087905e-05,0.0343351764866857,"derived"
931.041348706908,2.96896896896897,1.63311707480474e-05,0.0350107953768846,"derived"
959.360828709315,2.98198198198198,1.6159509405848e-05,0.0356965169513342,"derived"
988.541702191957,2.994994994995,1.59882229560546e-05,0.036392415272556,"derived"
1018.61017015598,3.00800800800801,1.58173378888538e-05,0.0370985630942672,"derived"
1049.59323055823,3.02102102102102,1.56468803054013e-05,0.0378150318095972,"derived"
1081.51870255229,3.03403403403403,1.54768759126959e-05,0.0385418913989115,"derived"
1114.41525146679,3.04704704704705,1.53073500186841e-05,0.0392792103772623,"derived"
1148.31241454351,3.06006006006006,1.51383275275946e-05,0.0400270557414893,"derived"
1183.24062745838,3.07307307307307,1.49698329355041e-05,0.0407854929169902,"derived"
1219.23125164911,3.08608608608609,1.48018903261323e-05,0.0415545857041846,"derived"
1256.31660247412,3.0990990990991,1.46345233668673e-05,0.0423343962246949,"derived"
1294.52997822792,3.11211211211211,1.44677553050206e-05,0.0431249848672666,"derived"
1333.90569003906,3.12512512512513,1.43016089643105e-05,0.0439264102334536,"derived"
1374.47909267754,3.13813813813814,1.41361067415744e-05,0.0447387290830935,"derived"
1416.2866162992,3.15115115115115,1.39712706037074e-05,0.0455619962795965,"derived"
1459.36579915576,3.16416416416416,1.38071220848284e-05,0.0463962647350778,"derived"
1503.75532129974,3.17717717717718,1.36436822836706e-05,0.047241585355356,"derived"
1549.49503931463,3.19019019019019,1.34809718611963e-05,0.0480980069848485,"derived"
1596.62602210143,3.2032032032032,1.33190110384345e-05,0.0489655763513893,"derived"
1645.19058775366,3.21621621621622,1.31578195945396e-05,0.0498443380109988,"derived"
1695.23234155412,3.22922922922923,1.29974168650692e-05,0.050734334292635,"derived"
1746.79621512725,3.24224224224224,1.28378217404805e-05,0.0516356052429542,"derived"
1799.92850678248,3.25525525525526,1.26790526648422e-05,0.052548188571113,"derived"
1854.6769230847,3.26826826826827,1.25211276347607e-05,0.0534721195936404,"derived"
1911.09062168914,3.28128128128128,1.2364064198518e-05,0.0544074311794134,"derived"
1969.22025547917,3.29429429429429,1.22078794554199e-05,0.055354153694765,"derived"
2029.11801804668,3.30730730730731,1.20525900553514e-05,0.0563123149487584,"derived"
2090.83769055575,3.32032032032032,1.18982121985376e-05,0.0572819401386606,"derived"
2154.43469003188,3.33333333333333,1.1744761635507e-05,0.058263051795645,"derived"
2219.96611911995,3.34634634634635,1.15922536672554e-05,0.0592556697307609,"derived"
2287.4908173557,3.35935935935936,1.14407031456068e-05,0.0602598109811999,"derived"
2357.06941399673,3.37237237237237,1.12901244737699e-05,0.0612754897568956,"derived"
2428.76438246045,3.38538538538539,1.11405316070858e-05,0.0623027173874903,"derived"
2502.64009641792,3.3983983983984,1.09919380539649e-05,0.0633415022697035,"derived"
2578.7628875938,3.41141141141141,1.08443568770105e-05,0.0643918498151382,"derived"
2657.20110532451,3.42442442442442,1.06978006943247e-05,0.0654537623985591,"derived"
2738.02517792786,3.43743743743744,1.05522816809941e-05,0.0665272393066811,"derived"
2821.30767593947,3.45045045045045,1.04078115707531e-05,0.0676122766875008,"derived"
2907.12337727258,3.46346346346346,1.02644016578198e-05,0.0687088675002107,"derived"
2995.54933435982,3.47647647647648,1.01220627989016e-05,0.0698170014657303,"derived"
3086.66494333727,3.48948948948949,9.98080541536889e-06,0.0709366650178922,"derived"
3180.55201533292,3.5025025025025,9.84063949559049e-06,0.0720678412553201,"derived"
3277.29484992338,3.51551551551552,9.70157459742946e-06,0.0732105098940356,"derived"
3376.98031082509,3.52852852852853,9.56361985089507e-06,0.0743646472208304,"derived"
3479.6979038877,3.54154154154154,9.42678396094712e-06,0.0755302260474432,"derived"
3585.53985745982,3.55455455455455,9.2910752104493e-06,0.0767072156655772,"derived"
3694.6012051993,3.56756756756757,9.15650146326757e-06,0.0778955818027957,"derived"
3806.97987140228,3.58058058058058,9.0230701675102e-06,0.0790952865793356,"derived"
3922.77675892772,3.59359359359359,8.89078835890542e-06,0.0803062884658727,"derived"
4042.09583979631,3.60660660660661,8.75966266431297e-06,0.0815285422422804,"derived"
4165.04424854518,3.61961961961962,8.62969930536587e-06,0.0827619989574161,"derived"
4291.73237842216,3.63263263263263,8.50090410223821e-06,0.0840066058899753,"derived"
4422.2739805059,3.64564564564565,8.37328247753559e-06,0.0852623065104488,"derived"
4556.78626584106,3.65865865865866,8.24683946030385e-06,0.0865290404442215,"derived"
4695.39001068006,3.67167167167167,8.12157969015247e-06,0.0878067434358495,"derived"
4838.20966492596,3.68468468468468,7.99750742148871e-06,0.0890953473145523,"derived"
4985.37346387389,3.6976976976977,7.87462652785833e-06,0.0903947799609572,"derived"
5137.01354335134,3.71071071071071,7.75294050638931e-06,0.0917049652751318,"derived"
5293.26605836056,3.72372372372372,7.63245248233435e-06,0.0930258231459415,"derived"
5454.27130532984,3.73673673673674,7.51316521370834e-06,0.0943572694217668,"derived"
5620.17384808319,3.74974974974975,7.3950810960169e-06,0.0956992158826168,"derived"
5791.12264764176,3.76276276276276,7.27820216707183e-06,0.0970515702136749,"derived"
5967.27119597331,3.77577577577578,7.16253011188995e-06,0.0984142359803083,"derived"
6148.77765381002,3.78878878878879,7.04806626767098e-06,0.09978711260458,"derived"
6335.80499265825,3.8018018018018,6.93481162885094e-06,0.101170095343294,"derived"
6528.52114112785,3.81481481481481,6.82276685222683e-06,0.102563075267606,"derived"
6727.09913571234,3.82782782782783,6.71193226214898e-06,0.10396593924424,"derived"
6931.7172761554,3.84084084084084,6.60230785577722e-06,0.105378569918332,"derived"
7142.55928554312,3.85385385385385,6.49389330839679e-06,0.10680084569794,"derived"
7359.81447526577,3.86686686686687,6.38668797879048e-06,0.108232640740251,"derived"
7583.67791499719,3.87987987987988,6.28069091466315e-06,0.109673824939515,"derived"
7814.35060784454,3.89289289289289,6.17590085811463e-06,0.111124263916728,"derived"
8052.03967082547,3.90590590590591,6.07231625115777e-06,0.112583819011112,"derived"
8296.95852083491,3.91891891891892,5.96993524127745e-06,0.114052347273397,"derived"
8549.32706626838,3.93193193193193,5.86875568702734e-06,0.115529701460947,"derived"
8809.37190447399,3.94494494494494,5.76877516366045e-06,0.117015730034762,"derived"
9077.32652521022,3.95795795795796,5.66999096879017e-06,0.118510277158362,"derived"
9353.43152029238,3.97097097097097,5.57240012807809e-06,0.120013182698596,"derived"
9637.9347996158,3.98398398398398,5.47599940094526e-06,0.121524282228395,"derived"
9931.0918137498,3.996996996997,5.38078528630331e-06,0.123043407031491,"derived"
10233.1657833024,4.01001001001001,5.2867540283022e-06,0.124570384109118,"derived"
10544.4279352617,4.02302302302302,5.1939016220911e-06,0.126105036188737,"derived"
10865.1577465254,4.03603603603604,5.10222381958921e-06,0.127647181734779,"derived"
11195.6431948388,4.04904904904905,5.01171613526326e-06,0.129196634961444,"derived"
11536.1810173648,4.06206206206206,4.92237385190847e-06,0.130753205847569,"derived"
11887.076977119,4.07507507507508,4.83419202642986e-06,0.13231670015358,"derived"
12248.6461375093,4.08808808808809,4.74716549562083e-06,0.133886919440544,"derived"
12621.2131452255,4.1011011011011,4.66128888193598e-06,0.135463661091346,"derived"
13005.1125217341,4.11411411411411,4.57655659925521e-06,0.137046718333985,"derived"
13400.6889636395,4.12712712712713,4.49296285863618e-06,0.138635880267023,"derived"
13808.2976521809,4.14014014014014,4.41050167405231e-06,0.140230931887188,"derived"
14228.3045721435,4.15315315315315,4.32916686811349e-06,0.141831654119136,"derived"
14661.0868404698,4.16616616616617,4.24895207776684e-06,0.143437823847395,"derived"
15107.0330448666,4.17917917917918,4.16985075997478e-06,0.145049213950488,"derived"
15566.5435927106,4.19219219219219,4.09185619736789e-06,0.146665593337242,"derived"
16040.0310705682,4.2052052052052,4.01496150386993e-06,0.148286726985298,"derived"
16527.9206146489,4.21821821821822,3.93915963029265e-06,0.149912375981813,"derived"
17030.6502925284,4.23123123123123,3.86444336989792e-06,0.151542297566362,"derived"
17548.6714964815,4.24424424424424,3.79080536392481e-06,0.153176245176047,"derived"
18082.4493487795,4.25725725725726,3.7182381070795e-06,0.1548139684928,"derived"
18632.4631193156,4.27027027027027,3.64673395298555e-06,0.156455213492895,"derived"
19199.2066559328,4.28328328328328,3.57628511959265e-06,0.158099722498645,"derived"
19783.1888278416,4.2962962962963,3.50688369454162e-06,0.159747234232304,"derived"
20384.9339825246,4.30930930930931,3.43852164048363e-06,0.161397483872144,"derived"
21004.9824165392,4.32232232232232,3.37119080035193e-06,0.163050203110722,"derived"
21643.8908606402,4.33533533533534,3.30488290258381e-06,0.164705120215307,"derived"
22302.2329796594,4.34834834834835,3.23958956629138e-06,0.166361960090479,"derived"
22980.5998875885,4.36136136136136,3.17530230637923e-06,0.168020444342863,"derived"
23679.6006783308,4.37437437437437,3.11201253860728e-06,0.169680291348015,"derived"
24399.8629725955,4.38738738738739,3.04971158459732e-06,0.171341216319412,"derived"
25142.033481428,4.4004004004004,2.98839067678161e-06,0.173002931379562,"derived"
25906.7785868801,4.41341341341341,2.9280409632921e-06,0.174665145633193,"derived"
26694.7849403432,4.42642642642643,2.86865351278886e-06,0.176327565242513,"derived"
27506.7600790807,4.43943943943944,2.81021931922644e-06,0.177989893504517,"derived"
28343.4330615131,4.45245245245245,2.75272930655669e-06,0.179651830930322,"derived"
29205.5551218275,4.46546546546547,2.69617433336713e-06,0.181313075326506,"derived"
30093.9003444972,4.47847847847848,2.6405451974534e-06,0.182973321878415,"derived"
31009.2663593193,4.49149149149149,2.58583264032499e-06,0.184632263235438,"derived"
31952.4750575921,4.5045045045045,2.53202735164301e-06,0.186289589598188,"derived"
32924.3733300777,4.51751751751752,2.47911997358923e-06,0.187944988807589,"derived"
33925.8338274099,4.53053053053053,2.42710110516531e-06,0.18959814643582,"derived"
34957.7557436327,4.54354354354354,2.37596130642156e-06,0.191248745879093,"derived"
36021.0656235707,4.55655655655656,2.32569110261439e-06,0.192896468452228,"derived"
37116.7181947577,4.56956956956957,2.27628098829165e-06,0.194540993484986,"derived"
38245.69722467,4.58258258258258,2.2277214313054e-06,0.19618199842013,"derived"
39409.0164040345,4.5955955955956,2.18000287675133e-06,0.197819158913177,"derived"
40607.7202570036,4.60860860860861,2.13311575083444e-06,0.199452148933796,"derived"
41842.8850790158,4.62162162162162,2.08705046466039e-06,0.201080640868805,"derived"
43115.6199031823,4.63463463463463,2.04179741795222e-06,0.202704305626748,"derived"
44427.0674960688,4.64764764764765,1.9973470026919e-06,0.204322812743985,"derived"
45778.4053837662,4.66066066066066,1.95368960668662e-06,0.205935830492258,"derived"
47170.8469091701,4.67367367367367,1.91081561705936e-06,0.207543025987694,"derived"
48605.6423214214,4.68668668668669,1.86871542366367e-06,0.209144065301189,"derived"
50084.0798984821,4.6996996996997,1.82737942242243e-06,0.210738613570125,"derived"
51607.4871038591,4.71271271271271,1.78679801859056e-06,0.212326335111381,"derived"
53177.2317785097,4.72572572572573,1.74696162994149e-06,0.213906893535563,"derived"
54794.7233690028,4.73873873873874,1.70786068987757e-06,0.21547995186244,"derived"
56461.4141930367,4.75175175175175,1.66948565046432e-06,0.217045172637483,"derived"
58178.8007434494,4.76476476476476,1.63182698538866e-06,0.218602218049503,"derived"
59948.4250318941,4.77777777777778,1.59487519284121e-06,0.22015075004929,"derived"
61771.8759733849,4.79079079079079,1.55862079832295e-06,0.22169043046923,"derived"
63650.7908129556,4.8038038038038,1.52305435737632e-06,0.223220921143817,"derived"
65586.8565957144,4.81681681681682,1.48816645824109e-06,0.224741884031016,"derived"
67581.8116816111,4.82982982982983,1.45394772443534e-06,0.226252981334416,"derived"
69637.4473062822,4.84284284284284,1.42038881726176e-06,0.227753875626109,"derived"
71755.6091893692,4.85585585585586,1.38748043823984e-06,0.229244229970234,"derived"
73938.1991917586,4.86886886886887,1.35521333146417e-06,0.230723708047129,"derived"
76187.17702323,4.88188188188188,1.32357828588948e-06,0.232191974278018,"derived"
78504.5620020451,4.8948948948949,1.29256613754273e-06,0.233648693950185,"derived"
80892.4348680594,4.90790790790791,1.26216777166296e-06,0.235093533342555,"derived"
83352.9396509819,4.92092092092092,1.2323741247693e-06,0.236526159851626,"derived"
85888.2855954626,4.93393393393393,1.20317618665781e-06,0.237946242117684,"derived"
88500.7491447344,4.94694694694695,1.17456500232769e-06,0.239353450151238,"derived"
91192.675984593,4.95995995995996,1.14653167383768e-06,0.240747455459598,"derived"
93966.4831495469,4.97297297297297,1.11906736209302e-06,0.242127931173547,"derived"
96824.6611930311,4.98598598598599,1.09216328856403e-06,0.243494552174017,"derived"
99769.7764236321,4.998998998999,1.06581073693672e-06,0.244846995218723,"derived"
102804.473209331,5.01201201201201,1.04000105469639e-06,0.246184939068668,"derived"
105931.476351837,5.02502502502503,1.01472565464486e-06,0.247508064614463,"derived"
109153.593533139,5.03803803803804,9.89976016352274e-07,0.248816055002386,"derived"
112473.717836475,5.05105105105105,9.65743687544081e-07,0.250108595760117,"derived"
115894.830343981,5.06406406406406,9.42020285424274e-07,0.25138537492207,"derived"
119420.002813353,5.07707707707708,9.18797497935553e-07,0.252646083154261,"derived"
123052.400435926,5.09009009009009,8.96067084957374e-07,0.253890413878644,"derived"
126795.284678643,5.1031031031031,8.73820879442769e-07,0.255118063396833,"derived"
130652.016212472,5.11611611611612,8.52050788494827e-07,0.256328731013154,"derived"
134626.057929891,5.12912912912913,8.30748794383764e-07,0.257522119156952,"derived"
138720.978054162,5.14214214214214,8.09906955505533e-07,0.25869793350408,"derived"
142940.453343176,5.15515515515516,7.89517407282884e-07,0.259855883097509,"derived"
147288.27239075,5.16816816816817,7.69572363009893e-07,0.260995680466982,"derived"
151768.33902834,5.18118118118118,7.50064114640875e-07,0.262117041747649,"derived"
156384.675830225,5.19419419419419,7.30985033524696e-07,0.263219686797613,"derived"
161141.427725302,5.20720720720721,7.12327571085474e-07,0.264303339314315,"derived"
166042.865718753,5.22022022022022,6.9408425945064e-07,0.265367726949698,"derived"
171093.390726901,5.23323323323323,6.76247712027404e-07,0.266412581424078,"derived"
176297.53752872,5.24624624624625,6.58810624028606e-07,0.267437638638653,"derived"
181659.978837533,5.25925925925926,6.41765772948988e-07,0.268442638786595,"derived"
187185.529496558,5.27227227227227,6.25106018992903e-07,0.269427326462643,"derived"
192879.150802078,5.28528528528529,6.08824305454483e-07,0.270391450771151,"derived"
198745.954958098,5.2982982982983,5.929136590513e-07,0.271334765432507,"derived"
204791.209666508,5.31131131131131,5.77367190212549e-07,0.272257028887881,"derived"
211020.34285686,5.32432432432432,5.62178093322787e-07,0.273158004402224,"derived"
217438.947560008,5.33733733733734,5.47339646922258e-07,0.274037460165462,"derived"
224052.786930002,5.35035035035035,5.3284521386483e-07,0.274895169391822,"derived"
230867.799418717,5.36336336336336,5.1868824143459e-07,0.275730910417241,"derived"
237890.104107889,5.37637637637638,5.04862261422114e-07,0.276544466794783,"derived"
245126.006203334,5.38938938938939,4.91360890161449e-07,0.277335627388015,"derived"
252582.002696278,5.4024024024024,4.7817782852882e-07,0.278104186462293,"derived"
260264.7881969,5.41541541541542,4.65306861904087e-07,0.278849943773888,"derived"
268181.260945301,5.42842842842843,4.52741860095983e-07,0.279572704656906,"derived"
276338.529005317,5.44144144144144,4.40476777232118e-07,0.280272280107953,"derived"
284743.916646725,5.45445445445445,4.2850565161478e-07,0.280948486868481,"derived"
293404.970921579,5.46746746746747,4.16822605543512e-07,0.281601147504783,"derived"
302329.468440578,5.48048048048048,4.05421845105476e-07,0.282230090485566,"derived"
311525.422355548,5.49349349349349,3.94297659934584e-07,0.282835150257077,"derived"
321001.089554317,5.50650650650651,3.83444422940369e-07,0.283416167315717,"derived"
330764.978074424,5.51951951951952,3.72856590007579e-07,0.283972988278113,"derived"
340825.854742345,5.53253253253253,3.62528699667443e-07,0.284505465948592,"derived"
351192.753045073,5.54554554554555,3.52455372741574e-07,0.28501345938403,"derived"
361874.981241128,5.55855855855856,3.42631311959446e-07,0.285496833956018,"derived"
372882.130718284,5.57157157157157,3.33051301550381e-07,0.285955461410328,"derived"
384224.084605506,5.58458458458458,3.23710206810974e-07,0.286389219923622,"derived"
395911.026646846,5.5975975975976,3.14602973648861e-07,0.28679799415738,"derived"
407953.450345245,5.61061061061061,3.05724628103736e-07,0.287181675309014,"derived"
420362.168384471,5.62362362362362,2.97070275846521e-07,0.28754016116013,"derived"
433148.32233764,5.63663663663664,2.88635101657541e-07,0.287873356121917,"derived"
446323.39267104,5.64964964964965,2.80414368884607e-07,0.28818117127762,"derived"
459899.209052244,5.66266266266266,2.72403418881823e-07,0.28846352442209,"derived"
473887.960971765,5.67567567567568,2.64597670430002e-07,0.288720340098372,"derived"
488302.208687787,5.68868868868869,2.56992619139488e-07,0.288951549631309,"derived"
503154.894503806,5.7017017017017,2.49583836836218e-07,0.289157091158155,"derived"
518459.354389291,5.71471471471471,2.42366970931836e-07,0.289336909656155,"derived"
534229.329953835,5.72772772772773,2.35337743778622e-07,0.289490956967094,"derived"
550478.980785497,5.74074074074074,2.28491952010054e-07,0.289619191818797,"derived"
567222.897164454,5.75375375375375,2.21825465867727e-07,0.289721579843551,"derived"
584476.113163364,5.76676676676677,2.15334228515417e-07,0.289798093593462,"derived"
602254.120146193,5.77977977977978,2.09014255340999e-07,0.289848712552713,"derived"
620572.88067765,5.79279279279279,2.02861633246951e-07,0.289873423146735,"derived"
639448.842855694,5.8058058058058,1.96872519930164e-07,0.289872218748274,"derived"
658898.955079994,5.81881881881882,1.91043143151734e-07,0.289845099680353,"derived"
678940.681269611,5.83183183183183,1.85369799997429e-07,0.289792073216125,"derived"
699592.016543537,5.84484484484484,1.79848856129498e-07,0.289713153575627,"derived"
720871.503378213,5.85785785785786,1.74476745030458e-07,0.289608361919419,"derived"
742798.248256491,5.87087087087087,1.69249967239522e-07,0.289477726339134,"derived"
765391.938823014,5.88388388388388,1.64165089582267e-07,0.289321281844922,"derived"
788672.861561416,5.8968968968969,1.59218744394165e-07,0.289139070349817,"derived"
812661.920009195,5.90990990990991,1.54407628738565e-07,0.288931140651017,"derived"
837380.653526649,5.92292292292292,1.4972850361971e-07,0.288697548408113,"derived"
862851.256636689,5.93593593593594,1.45178193191351e-07,0.288438356118249,"derived"
889096.598952917,5.94894894894895,1.40753583961503e-07,0.288153633088262,"derived"
916140.245713852,5.96196196196196,1.36451623993905e-07,0.287843455403789,"derived"
944006.47894176,5.97497497497497,1.32269322106664e-07,0.287507905895386,"derived"
972720.319245054,5.98798798798799,1.28203747068637e-07,0.287147074101663,"derived"
1002307.54828386,6.001001001001,1.24252026794009e-07,0.286761056229464,"derived"
1032794.73191895,6.01401401401401,1.20411347535572e-07,0.286349955111115,"derived"
1064209.24406472,6.02702702702703,1.16678953077156e-07,0.285913880158775,"derived"
1096579.29126781,6.04004004004004,1.13052143925668e-07,0.285452947315902,"derived"
1129933.93803322,6.05305305305305,1.09528276503186e-07,0.284967279005877,"derived"
1164303.13292088,6.06606606606607,1.0610476233952e-07,0.284457004077819,"derived"
1199717.73543589,6.07907907907908,1.0277906726566e-07,0.283922257749614,"derived"
1236209.54373677,6.09209209209209,9.95487106085125e-08,0.283363181548201,"derived"
1273811.32318648,6.1051051051051,9.64112643872953e-08,0.28277992324715,"derived"
1312556.83577184,6.11811811811812,9.33643525119811e-08,0.282172636801571,"derived"
1352480.87041787,6.13113113113113,9.04056499841365e-08,0.281541482280397,"derived"
1393619.27422414,6.14414414414414,8.75328821005079e-08,0.280886625796071,"derived"
1436008.98465126,6.15715715715716,8.47438236596864e-08,0.280208239431698,"derived"
1479688.0626864,6.17017017017017,8.20362981721719e-08,0.279506501165691,"derived"
1524695.72701757,6.18318318318318,7.94081770741484e-08,0.278781594793969,"derived"
1571072.38924745,6.1961961961962,7.68573789452638e-08,0.278033709849741,"derived"
1618859.6901782,6.20920920920921,7.4381868730701e-08,0.277263041520944,"derived"
1668100.53720006,6.22222222222222,7.1979656967814e-08,0.276469790565367,"derived"
1718839.14281715,6.23523523523524,6.96487990175873e-08,0.275654163223521,"derived"
1771121.06434509,6.24824824824825,6.7387394301173e-08,0.27481637112931,"derived"
1824993.24481615,6.26126126126126,6.51935855417411e-08,0.273956631218552,"derived"
1880504.05512858,6.27427427427427,6.3065558011873e-08,0.273075165635408,"derived"
1937703.33747799,6.28728728728729,6.10015387867151e-08,0.272172201636776,"derived"
1996642.45010979,6.3003003003003,5.89997960030965e-08,0.271247971494704,"derived"
2057374.31343291,6.31331331331331,5.70586381248115e-08,0.27030271239689,"derived"
2119953.45753607,6.32632632632633,5.5176413214249e-08,0.269336666345311,"derived"
2184436.07114943,6.33933933933934,5.3351508210546e-08,0.268350080053064,"derived"
2250880.05209546,6.35235235235235,5.15823482144324e-08,0.267343204839459,"derived"
2319345.05927443,6.36536536536537,4.98673957799212e-08,0.266316296523446,"derived"
2389892.56623105,6.37837837837838,4.82051502129937e-08,0.265269615315419,"derived"
2462585.91635054,6.39139139139139,4.65941468774167e-08,0.264203425707482,"derived"
2537490.37973357,6.4044044044044,4.50329565078201e-08,0.263117996362224,"derived"
2614673.21180109,6.41741741741742,4.35201845301565e-08,0.26201360000008,"derived"
2694203.71368188,6.43043043043043,4.20544703896528e-08,0.260890513285333,"derived"
2776153.2944368,6.44344344344344,4.0634486886359e-08,0.259749016710842,"derived"
2860595.53517574,6.45645645645646,3.92589395183878e-08,0.258589394481537,"derived"
2947606.25512486,6.46946946946947,3.79265658329341e-08,0.257411934396775,"derived"
3037263.57970331,6.48248248248248,3.6636134785151e-08,0.256216927731606,"derived"
3129648.01067075,6.4954954954955,3.53864461049576e-08,0.255004669117025,"derived"
3224842.49840844,6.50850850850851,3.41763296718418e-08,0.253775456419281,"derived"
3322932.51639898,6.52152152152152,3.30046448977147e-08,0.252529590618306,"derived"
3424006.13797143,6.53453453453453,3.18702801178696e-08,0.251267375685339,"derived"
3528154.11538088,6.54754754754755,3.07721519900872e-08,0.249989118459806,"derived"
3635469.96129332,6.56056056056056,2.97092049019262e-08,0.248695128525537,"derived"
3746050.03274899,6.57357357357357,2.86804103862294e-08,0.247385718086382,"derived"
3859993.61767977,6.58658658658659,2.76847665448708e-08,0.246061201841293,"derived"
3977403.02405804,6.5995995995996,2.67212974807628e-08,0.244721896858954,"derived"
4098383.67175726,6.61261261261261,2.5789052738136e-08,0.243368122452012,"derived"
4223044.18720667,6.62562562562563,2.48871067511007e-08,0.242000200050989,"derived"
4351496.50092505,6.63863863863864,2.40145583004914e-08,0.240618453077947,"derived"
4483855.94802119,6.65165165165165,2.31705299789928e-08,0.239223206819963,"derived"
4620241.37175131,6.66466466466466,2.23541676645374e-08,0.237814788302489,"derived"
4760775.23022637,6.67767767767768,2.15646400019648e-08,0.236393526162677,"derived"
4905583.70636505,6.69069069069069,2.08011378929234e-08,0.234959750522709,"derived"
5054796.82119124,6.7037037037037,2.00628739939939e-08,0.233513792863232,"derived"
5208548.55057767,6.71671671671672,1.93490822230084e-08,0.232055985896937,"derived"
5366976.94554048,6.72972972972973,1.86590172735352e-08,0.230586663442373,"derived"
5530224.2561929,6.74274274274274,1.79919541374944e-08,0.229106160298042,"derived"
5698437.05946914,6.75575575575576,1.73471876358677e-08,0.22761481211685,"derived"
5871766.39073325,6.76876876876877,1.67240319574609e-08,0.226112955280983,"derived"
6050367.87939122,6.78178178178178,1.61218202056723e-08,0.22460092677726,"derived"
6234401.88862786,6.7947947947948,1.55399039532219e-08,0.223079064073037,"derived"
6424033.65939419,6.80780780780781,1.49776528047868e-08,0.221547704992725,"derived"
6619433.45877439,6.82082082082082,1.44344539674912e-08,0.220007187594971,"derived"
6820776.73286568,6.83383383383383,1.39097118291915e-08,0.218457850050582,"derived"
7028244.26430835,6.84684684684685,1.34028475444982e-08,0.216900030521234,"derived"
7242022.33460732,6.85985985985986,1.29132986284708e-08,0.215334067039039,"derived"
7462302.89139111,6.87287287287287,1.24405185579216e-08,0.213760297387025,"derived"
7689283.72075831,6.88588588588589,1.19839763802604e-08,0.212179058980576,"derived"
7923168.62486625,6.8988988988989,1.15431563298116e-08,0.210590688749906,"derived"
8164167.60492147,6.91191191191191,1.11175574515303e-08,0.208995523023607,"derived"
8412497.04973612,6.92492492492492,1.07066932320467e-08,0.207393897413339,"derived"
8668379.93001977,6.93793793793794,1.03100912379606e-08,0.205786146699695,"derived"
8932045.99858096,6.95095095095095,9.92729276131144e-09,0.204172604719318,"derived"
9203731.99661823,6.96396396396396,9.5578524721436e-09,0.202553604253303,"derived"
9483681.86628593,6.97697697697698,9.20133807808848e-09,0.20092947691694,"derived"
9772146.96972572,6.98998998998999,8.85732999088083e-09,0.199300553050842,"derived"
10069386.3147603,7.003003003003,8.52542099972759e-09,0.197667161613513,"derived"
10375666.7874518,7.01601601601602,8.20521595144532e-09,0.196029630075399,"derived"
10691263.3917348,7.02902902902903,7.89633143728115e-09,0.194388284314455,"derived"
11016459.4963365,7.04204204204204,7.59839548633252e-09,0.192743448513298,"derived"
11351547.08921,7.05505505505506,7.31104726547804e-09,0.19109544505795,"derived"
11696827.0397039,7.06806806806807,7.0339367857334e-09,0.189444594438256,"derived"
12052609.3687084,7.08108108108108,6.76672461494366e-09,0.187791215149973,"derived"
12419213.5270178,7.0940940940941,6.5090815967236e-09,0.1861356235986,"derived"
12796968.6821594,7.10710710710711,6.26068857555781e-09,0.184478134004968,"derived"
13186214.0139475,7.12012012012012,6.0212361279701e-09,0.182819058312635,"derived"
13587299.0190271,7.13313313313313,5.79042429967369e-09,0.181158706097108,"derived"
14000583.824681,7.14614614614615,5.56796234861136e-09,0.179497384476939,"derived"
14426439.5121816,7.15915915915916,5.35356849379593e-09,0.177835398026709,"derived"
14865248.4499785,7.17217217217217,5.14696966986085e-09,0.176173048691947,"derived"
15317404.6370208,7.18518518518519,4.94790128723033e-09,0.174510635705997,"derived"
15783314.0565212,7.1981981981982,4.75610699781928e-09,0.172848455508865,"derived"
16263395.0404819,7.21121121121121,4.57133846617234e-09,0.171186801668075,"derived"
16758078.6453077,7.22422422422422,4.39335514595239e-09,0.169525964801548,"derived"
17267809.0388435,7.23723723723724,4.22192406168874e-09,0.167866232502536,"derived"
17793043.8991858,7.25025025025025,4.05681959569512e-09,0.166207889266621,"derived"
18334254.8256229,7.26326326326326,3.89782328006872e-09,0.16455121642081,"derived"
18891927.7620766,7.27627627627628,3.74472359368099e-09,0.162896492054728,"derived"
19466563.4334226,7.28928928928929,3.59731576407186e-09,0.161243990953945,"derived"
20058677.7950823,7.3023023023023,3.45540157415967e-09,0.159593984535427,"derived"
20668802.4962908,7.31531531531532,3.3187891736787e-09,0.157946740785149,"derived"
21297485.3574552,7.32832832832833,3.18729289525805e-09,0.156302524197859,"derived"
21945290.8620331,7.34134134134134,3.06073307505483e-09,0.154661595719023,"derived"
22612800.6633728,7.35435435435435,2.93893587785621e-09,0.153024212688942,"derived"
23300614.1069692,7.36736736736737,2.82173312656547e-09,0.151390628789063,"derived"
24009348.7686065,7.38038038038038,2.70896213598687e-09,0.149761093990476,"derived"
24739641.0088682,7.39339339339339,2.60046555082653e-09,0.148135854504614,"derived"
25492146.5445142,7.40640640640641,2.49609118782566e-09,0.146515152736151,"derived"
26267541.0372384,7.41941941941942,2.39569188194432e-09,0.144899227238098,"derived"
27066520.7003324,7.43243243243243,2.29912533651423e-09,0.143288312669107,"derived"
27889802.9238044,7.44544544544545,2.20625397728011e-09,0.141682639752972,"derived"
28738126.9185107,7.45845845845846,2.11694481024981e-09,0.140082435240322,"derived"
29612254.3798803,7.47147147147147,2.03106928327446e-09,0.138487921872521,"derived"
30512970.1718287,7.48448448448448,1.94850315128063e-09,0.13689931834774,"derived"
31441083.0314726,7.4974974974975,1.86912634507763e-09,0.135316839289223,"derived"
32397426.295282,7.51051051051051,1.7928228436637e-09,0.133740695215722,"derived"
33382858.6473176,7.52352352352352,1.71948054995607e-09,0.132171092514095,"derived"
34398264.8902292,7.53653653653654,1.64899116987063e-09,0.130608233414062,"derived"
35444556.7397044,7.54954954954955,1.581250094678e-09,0.129052315965099,"derived"
36522673.6430817,7.56256256256256,1.5161562865639e-09,0.127503534015465,"derived"
37633583.6228653,7.57557557557558,1.45361216732238e-09,0.125962077193345,"derived"
38778284.1458946,7.58858858858859,1.39352351011184e-09,0.124428130890089,"derived"
39957803.0189527,7.6016016016016,1.3357993342046e-09,0.122901876245542,"derived"
41173199.3116168,7.61461461461461,1.28035180266167e-09,0.121383490135434,"derived"
42425564.3071777,7.62762762762763,1.22709612286582e-09,0.119873145160822,"derived"
43716022.482485,7.64064064064064,1.17595044984651e-09,0.118371009639562,"derived"
45045732.5175946,7.65365365365365,1.12683579233176e-09,0.116877247599789,"derived"
46415888.3361277,7.66666666666667,1.07967592146281e-09,0.115392018775379,"derived"
47827720.1772749,7.67967967967968,1.03439728210844e-09,0.11391547860338,"derived"
49282495.700405,7.69269269269269,9.9092890671721e-10,0.112447778223388,"derived"
50781521.1232767,7.7057057057057,9.49202331646275e-10,0.110989064478827,"derived"
52326142.3948667,7.71871871871872,9.09151515907155e-10,0.109539479920135,"derived"
53917746.4038749,7.73173173173173,8.7071276226941e-10,0.108099162809805,"derived"
55557762.2239888,7.74474474474474,8.33824640664365e-10,0.106668247129269,"derived"
57247662.3970219,7.75775775775776,7.98427913832135e-10,0.105246862587591,"derived"
58988964.2550849,7.77077077077077,7.64465465156024e-10,0.103835134631946,"derived"
60783231.2829724,7.78378378378378,7.31882228629593e-10,0.102433184459848,"derived"
62632074.5219868,7.7967967967968,7.0062512090263e-10,0.101041129033099,"derived"
64537154.016467,7.80980980980981,6.70642975353196e-10,0.0996590810934428,"derived"
66500180.3043113,7.82282282282282,6.41886478134094e-10,0.098287149179864,"derived"
68522915.9528406,7.83583583583584,6.14308106142923e-10,0.0969254376475303,"derived"
70607177.1413778,7.84884884884885,5.87862066865984e-10,0.0955740466883243,"derived"
72754835.2919622,7.86186186186186,5.62504240047321e-10,0.0942330723529435,"derived"
74967818.7496688,7.87487487487487,5.38192121134978e-10,0.0929026065745292,"derived"
77248114.5140342,7.88788788788789,5.14884766457759e-10,0.0915827371937945,"derived"
79597770.0231498,7.9009009009009,4.92542740086541e-10,0.0902735479856138,"derived"
82018894.9920221,7.91391391391391,4.7112806233523e-10,0.0889751186870392,"derived"
84513663.306847,7.92692692692693,4.5060415985742e-10,0.0876875250267127,"derived"
87084314.9769072,7.93993993993994,4.30935817295618e-10,0.0864108387556319,"derived"
89733158.1458354,7.95295295295295,4.12089130440996e-10,0.0851451276792398,"derived"
92462571.1640573,7.96596596596597,3.94031460862354e-10,0.083890455690798,"derived"
95275004.724273,7.97897897897898,3.76731391964024e-10,0.0826468828060087,"derived"
98172984.0618882,7.99199199199199,3.60158686433276e-10,0.0814144651988493,"derived"
101159111.222383,8.005005005005,3.44284245038606e-10,0.0801932552385804,"derived"
104236067.39764,8.01801801801802,3.29080066741289e-10,0.0789833015278936,"derived"
107406615.333343,8.03103103103103,3.14519210083271e-10,0.077784648942158,"derived"
110673601.809597,8.04404404404404,3.00575755815453e-10,0.0765973386697298,"derived"
114039960.197003,8.05705705705706,2.87224770731171e-10,0.0754214082532898,"derived"
117508713.090481,8.07007007007007,2.744422726705e-10,0.0742568916321654,"derived"
121082975.023204,8.08308308308308,2.62205196661857e-10,0.0731038191856064,"derived"
124765955.263087,8.0960960960961,2.50491362168132e-10,0.0719622177769714,"derived"
128560960.69433,8.10910910910911,2.39279441405348e-10,0.0708321107987897,"derived"
132471398.786611,8.12212212212212,2.28548928702689e-10,0.0697135182186621,"derived"
136500780.654601,8.13513513513514,2.18280110873379e-10,0.0686064566259598,"derived"
140652724.210524,8.14814814814815,2.0845403856676e-10,0.0675109392792882,"derived"
144930957.412621,8.16116116116116,1.99052498572548e-10,0.0664269761546742,"derived"
149339321.612425,8.17417417417417,1.90057987049022e-10,0.0653545739944424,"derived"
153881775.003834,8.18718718718719,1.81453683647596e-10,0.0642937363567435,"derived"
158562396.177114,8.2002002002002,1.73223426506887e-10,0.0632444636656951,"derived"
163385387.780986,8.21321321321321,1.6535168809014e-10,0.0622067532621026,"derived"
168355080.29612,8.22622622622623,1.5782355184045e-10,0.0611805994547198,"derived"
173475935.923393,8.23923923923924,1.5062468962895e-10,0.0601659935720152,"derived"
178752552.590423,8.25225225225225,1.43741339971757e-10,0.0591629240144094,"derived"
184189668.079971,8.26526526526527,1.37160286992071e-10,0.0581713763069436,"derived"
189792164.28391,8.27827827827828,1.3086884010449e-10,0.05719133315235,"derived"
195565071.586595,8.29129129129129,1.24854814399159e-10,0.0562227744844843,"derived"
201513573.381556,8.3043043043043,1.19106511704008e-10,0.0552656775220867,"derived"
207643010.725577,8.31731731731732,1.13612702303907e-10,0.0543200168228416,"derived"
213958887.134342,8.33033033033033,1.08362607296094e-10,0.0533857643376943,"derived"
220466873.523941,8.34334334334334,1.03345881561882e-10,0.0524628894654003,"derived"
227172813.30269,8.35635635635636,9.85525973350859e-11,0.0515513591072662,"derived"
234082727.617829,8.36936936936937,9.39732283482448e-11,0.0506511377220553,"derived"
241202820.7618,8.38238238238238,8.95986345381792e-11,0.0497621873810242,"derived"
248539485.74298,8.3953953953954,8.54200472929497e-11,0.048884467823057,"derived"
256099310.025846,8.40840840840841,8.14290552228061e-11,0.0480179365098698,"derived"
263889081.445751,8.42142142142142,7.76175904381688e-11,0.0471625486812511,"derived"
271915794.303602,8.43443443443443,7.39779153181974e-11,0.0463182574103104,"derived"
280186655.645919,8.44744744744745,7.05026097539549e-11,0.0454850136587058,"derived"
288709091.735923,8.46046046046046,6.71845588506273e-11,0.0446627663318189,"derived"
297490754.721444,8.47347347347347,6.4016941073724e-11,0.0438514623338524,"derived"
306539529.505652,8.48648648648649,6.09932168246031e-11,0.0430510466228193,"derived"
315863540.826782,8.4994994994995,5.81071174310996e-11,0.0422614622653977,"derived"
325471160.553184,8.51251251251251,5.53526345394594e-11,0.0414826504916254,"derived"
335371015.200293,8.52552552552553,5.27240098941666e-11,0.040714550749406,"derived"
345571993.676214,8.53853853853854,5.02157254926731e-11,0.0399571007588034,"derived"
356083255.262927,8.55155155155155,4.78224941024073e-11,0.0392102365660977,"derived"
366914237.840249,8.56456456456456,4.55392501278239e-11,0.0384738925975791,"derived"
378074666.359934,8.57757757757758,4.33611408156293e-11,0.037748001713057,"derived"
389574561.57755,8.59059059059059,4.1283517786661e-11,0.0370324952590585,"derived"
401424249.049933,8.6036036036036,3.93019288832689e-11,0.0363273031216977,"derived"
413634368.406327,8.61661661661662,3.74121103213674e-11,0.0356323537791899,"derived"
426215882.901532,8.62962962962963,3.56099791366738e-11,0.0349475743539925,"derived"
439180089.259608,8.64264264264264,3.38916259149664e-11,0.0342728906645514,"derived"
452538627.817017,8.65565565565566,3.22533077965067e-11,0.0336082272766306,"derived"
466303492.974274,8.66866866866867,3.06914417450871e-11,0.03295350755421,"derived"
480487043.965512,8.68168168168168,2.92025980724517e-11,0.0323086537099291,"derived"
495102015.955635,8.6946946946947,2.77834942091377e-11,0.0316735868550596,"derived"
510161531.474982,8.70770770770771,2.64309887130664e-11,0.0310482270489906,"derived"
525679112.201842,8.72072072072072,2.51420755074813e-11,0.0304324933482086,"derived"
541668691.103316,8.73373373373373,2.39138783401082e-11,0.0298263038547562,"derived"
558144624.945495,8.74674674674675,2.2743645455665e-11,0.0292295757641549,"derived"
575121707.184161,8.75975975975976,2.16287444741054e-11,0.0286422254127755,"derived"
592615181.247556,8.77277277277277,2.05666574672273e-11,0.0280641683246449,"derived"
610640754.223204,8.78578578578579,1.95549762265138e-11,0.0274953192576721,"derived"
629214610.961035,8.7987987987988,1.85913977153084e-11,0.026935592249283,"derived"
648353428.605471,8.81181181181181,1.76737196986533e-11,0.0263849006614516,"derived"
668074391.569561,8.82482482482482,1.67998365443357e-11,0.025843157225114,"derived"
688395206.964551,8.83783783783784,1.59677351889051e-11,0.025310274083957,"derived"
709334120.498799,8.85085085085085,1.51754912626252e-11,0.0247861628375685,"derived"
730909932.860292,8.86386386386386,1.44212653675327e-11,0.0242707345839405,"derived"
753142016.597436,8.87687687687688,1.37032995029638e-11,0.0237638999613167,"derived"
776050333.513357,8.88988988988989,1.30199136331016e-11,0.0232655691893744,"derived"
799655452.589236,8.9029029029029,1.23695023912834e-11,0.0227756521097333,"derived"
823978568.452851,8.91591591591592,1.17505319159793e-11,0.0222940582257847,"derived"
849041520.408876,8.92892892892893,1.11615368135333e-11,0.0218206967418322,"derived"
874866812.04799,8.94194194194194,1.06011172429226e-11,0.0213554766015395,"derived"
901477631.452492,8.95495495495495,1.00679361179506e-11,0.020898306525679,"derived"
928897872.016452,8.96796796796797,9.56071642245565e-12,0.0204490950491749,"derived"
957152153.899186,8.98098098098098,9.07823863425955e-12,0.0200077505574386,"derived"
986265846.131283,8.99399399399399,8.61933825373686e-12,0.019574181321989,"derived"
1016265089.39299,9.00700700700701,8.18290343302608e-12,0.0191482955353576,"derived"
1047176819.48552,9.02002002002002,7.76787270204164e-12,0.0187300013452726,"derived"
1079028791.51619,9.03303303303303,7.37323278758472e-12,0.0183192068881211,"derived"
1111849604.81927,9.04604604604605,6.99801652197697e-12,0.017915820321687,"derived"
1145668728.63487,9.05905905905906,6.64130083777087e-12,0.0175197498571618,"derived"
1180516528.5688,9.07207207207207,6.302204845212e-12,0.0171309037904298,"derived"
1216424293.85737,9.08508508508509,5.97988798924625e-12,0.0167491905326245,"derived"
1253424265.4614,9.0980980980981,5.67354828298136e-12,0.016374518639958,"derived"
1291549665.01488,9.11111111111111,5.38242061462192e-12,0.0160067968428223,"derived"
1330834724.65408,9.12412412412412,5.10577512500496e-12,0.0156459340741643,"derived"
1371314717.75394,9.13713713713714,4.84291565296807e-12,0.0152918394971353,"derived"
1413025990.59953,9.15015015015015,4.59317824588042e-12,0.0149444225320165,"derived"
1456005995.02065,9.16316316316316,4.35592973276733e-12,0.0146035928824231,"derived"
1500293322.01922,9.17617617617618,4.13056635755035e-12,0.0142692605607882,"derived"
1545927736.41948,9.18918918918919,3.91651247001731e-12,0.0139413359131312,"derived"
1592950212.57212,9.2022022022022,3.71321927222505e-12,0.0136197296431122,"derived"
1641402971.14447,9.21521521521522,3.52016361812068e-12,0.0133043528353766,"derived"
1691329517.02965,9.22822822822823,3.33684686425192e-12,0.0129951169781944,"derived"
1742774678.40892,9.24124124124124,3.16279376951402e-12,0.0126919339853976,"derived"
1795784647.0021,9.25425425425425,2.9975514419592e-12,0.0123947162176205,"derived"
1850407019.5423,9.26726726726727,2.84068833076777e-12,0.0121033765028485,"derived"
1906690840.51225,9.28028028028028,2.6917932615517e-12,0.0118178281562798,"derived"
1964686646.18045,9.29329329329329,2.55047451323075e-12,0.0115379849995062,"derived"
2024446509.9768,9.30630630630631,2.41635893478783e-12,0.011263761379018,"derived"
2086024089.2485,9.31931931931932,2.28909110027436e-12,0.0109950721840404,"derived"
2149474673.43798,9.33233233233233,2.16833250049932e-12,0.0107318328637065,"derived"
2214855233.72636,9.34534534534535,2.05376076989464e-12,0.0104739594435748,"derived"
2282224474.1869,9.35835835835836,1.94506894710826e-12,0.0102213685414965,"derived"
2351642884.49435,9.37137137137137,1.8419647679317e-12,0.00997397738284141,"derived"
2423172794.2376,9.38438438438438,1.74416998922259e-12,0.00973170381508877,"derived"
2496878428.88432,9.3973973973974,1.65141974253532e-12,0.00949446632179107,"derived"
2572825967.44793,9.41041041041041,1.5634619162219e-12,0.00926218403591807,"derived"
2651083601.90854,9.42342342342342,1.48005656481479e-12,0.00903477675258987,"derived"
2731721598.44137,9.43643643643644,1.40097534454859e-12,0.00881216494120636,"derived"
2814812360.50758,9.44944944944945,1.32600097392356e-12,0.00859426975698162,"derived"
2900430493.86399,9.46246246246246,1.25492671825657e-12,0.00838101305189238,"derived"
2988652873.55038,9.47547547547548,1.18755589720666e-12,0.00817231738504802,"derived"
3079558712.91423,9.48848848848849,1.12370141430316e-12,0.00796810603249212,"derived"
3173229634.73497,9.5015015015015,1.06318530754226e-12,0.00776830299644354,"derived"
3269749744.51177,9.51451451451451,1.00583832015567e-12,0.00757283301398657,"derived"
3369205705.98026,9.52752752752753,9.51499490690824e-13,0.00738162156521942,"derived"
3471686818.92656,9.54054054054054,9.00015761576445e-13,0.00719459488086968,"derived"
3577285099.36788,9.55355355355355,8.51241605380731e-13,0.00701167994938707,"derived"
3686095362.17215,9.56656656656657,8.05038668001393e-13,0.00683280452352199,"derived"
3798215306.19074,9.57957957957958,7.6127542805753e-13,0.00665789712639995,"derived"
3913745601.98038,9.59259259259259,7.1982687178321e-13,0.00648688705710155,"derived"
4032789982.1937,9.6056056056056,6.80574182750791e-13,0.00631970439575716,"derived"
4155455334.71888,9.61861861861862,6.4340444577994e-13,0.00615628000816667,"derived"
4281851798.65241,9.63163163163163,6.08210364414275e-13,0.00599654554995347,"derived"
4412092863.19119,9.64464464464464,5.74889991373307e-13,0.00584043347026283,"derived"
4546295469.53239,9.65765765765766,5.43346471411643e-13,0.00568787701501455,"derived"
4684580115.87304,9.67067067067067,5.1348779604083e-13,0.00553881022971923,"derived"
4827070965.60319,9.68368368368368,4.85226569592051e-13,0.00539316796186878,"derived"
4973895958.79006,9.6966966966967,4.5847978611931e-13,0.00525088586291036,"derived"
5125186927.05333,9.70970970970971,4.33168616663832e-13,0.00511190038981388,"derived"
5281079711.93432,9.72272272272272,4.09218206420381e-13,0.00497614880624309,"derived"
5441714286.86589,9.73573573573574,3.86557481365422e-13,0.00484356918333977,"derived"
5607234882.85204,9.74874874874875,3.6511896392568e-13,0.00471410040013113,"derived"
5777790117.9705,9.76176176176176,3.44838597283346e-13,0.00458768214356997,"derived"
5953533130.81437,9.77477477477477,3.25655577931275e-13,0.00446425490821745,"derived"
6134621717.99252,9.78778778778779,3.07512196108019e-13,0.00434375999557847,"derived"
6321218475.81245,9.8008008008008,2.90353683758129e-13,0.00422613951309875,"derived"
6513490946.27281,9.81381381381381,2.74128069678451e-13,0.00411133637283375,"derived"
6711611767.49627,9.82682682682683,2.58786041525572e-13,0.0039992942897988,"derived"
6915758828.73852,9.83983983983984,2.4428081437349e-13,0.00388995778000984,"derived"
7126115430.11176,9.85285285285285,2.30568005524064e-13,0.00378327215822454,"derived"
7342870447.16676,9.86586586586587,2.17605515285492e-13,0.00367918353539267,"derived"
7566218500.48106,9.87887887887888,2.05353413446506e-13,0.00357763881582547,"derived"
7796360130.40522,9.89189189189189,1.93773831185719e-13,0.00347858569409306,"derived"
8033501977.12473,9.9049049049049,1.82830858166893e-13,0.00338197265165885,"derived"
8277856966.19849,9.91791791791792,1.72490444581799e-13,0.00328774895326025,"derived"
8529644499.74102,9.93093093093093,1.62720307912725e-13,0.00319586464304452,"derived"
8789090653.41996,9.94394394394394,1.53489844196698e-13,0.00310627054046847,"derived"
9056428379.44528,9.95695695695696,1.44770043583078e-13,0.00301891823597102,"derived"
9331897715.73324,9.96996996996997,1.36533409985317e-13,0.00293376008642698,"derived"
9615746001.43212,9.98298298298298,1.28753884636553e-13,0.00285074921039081,"derived"
9908228099.00379,9.995995995996,1.2140677336706e-13,0.00276983948313869,"derived"
10209606623.0605,10.009009009009,1.14468677429711e-13,0.00269098553151707,"derived"
10520152176.1616,10.022022022022,1.07917427707349e-13,0.00261414272860629,"derived"
10840143591.7833,10.035035035035,1.01732022143334e-13,0.00253926718820684,"derived"
11169868184.6782,10.048048048048,9.58925662437086e-14,0.00246631575915662,"derived"
11509622008.8503,10.0610610610611,9.03802165061536e-14,0.00239524601948688,"derived"
11859710123.3767,10.0740740740741,8.51771266374676e-14,0.00232601627042443,"derived"
12220446866.3149,10.0870870870871,8.02663964275342e-14,0.00225858553024802,"derived"
12592156136.9415,10.1001001001001,7.56320231536858e-14,0.00219291352800597,"derived"
12975171686.5759,10.1131131131131,7.12588553951223e-14,0.00212896069710269,"derived"
13369837418.2495,10.1261261261261,6.71325491424854e-14,0.00206668816876107,"derived"
13776507695.4905,10.1391391391391,6.32395260929331e-14,0.00200605776536794,"derived"
14195547660.501,10.1521521521522,5.95669340260777e-14,0.00194703199370946,"derived"
14627333562.0113,10.1651651651652,5.61026091609152e-14,0.00188957403810318,"derived"
15072253093.1076,10.1781781781782,5.28350403984847e-14,0.00183364775343364,"derived"
15530705739.3346,10.1911911911912,4.97533353593624e-14,0.00177921765809776,"derived"
16003103137.387,10.2042042042042,4.68471881292877e-14,0.00172624892686658,"derived"
16489869444.7106,10.2172172172172,4.41068486302431e-14,0.00167470738366955,"derived"
16991441720.3463,10.2302302302302,4.1523093538111e-14,0.00162455949430753,"derived"
17508270317.3573,10.2432432432432,3.90871986717332e-14,0.00157577235910035,"derived"
18040819287.1938,10.2562562562563,3.67909127816613e-14,0.0015283137054749,"derived"
18589566796.3569,10.2692692692693,3.46264326702626e-14,0.00148215188049936,"derived"
19155005555.7352,10.2822822822823,3.25863795780304e-14,0.00143725584336924,"derived"
19737643263.0026,10.2952952952953,3.06637767739993e-14,0.00139359515785045,"derived"
20338003058.4698,10.3083083083083,2.88520282911026e-14,0.00135113998468491,"derived"
20956623994.8043,10.3213213213213,2.71448987500736e-14,0.00130986107396375,"derived"
21594061521.0357,10.3343343343343,2.55364942181775e-14,0.00126972975747304,"derived"
22250887981.2836,10.3473473473473,2.4021244051592e-14,0.00123071794101708,"derived"
22927693128.6565,10.3603603603604,2.25938836726848e-14,0.00119279809672387,"derived"
23625084654.7795,10.3733733733734,2.12494382357597e-14,0.00115594325533744,"derived"
24343688735.4311,10.3863863863864,1.99832071370519e-14,0.00112012699850146,"derived"
25084150592.7754,10.3993993993994,1.87907493268668e-14,0.00108532345103851,"derived"
25847135074.6956,10.4124124124124,1.76678693837782e-14,0.00105150727322924,"derived"
26633327251.7498,10.4254254254254,1.66106043127171e-14,0.0010186536530954,"derived"
27443433032.2837,10.4384384384384,1.56152110306288e-14,0.000986738298690846,"derived"
28278179796.2534,10.4514514514515,1.46781545051194e-14,0.000955737430404234,"derived"
29138317048.3279,10.4644644644645,1.3796096513189e-14,0.00092562777327708,"derived"
30024617090.8554,10.4774774774775,1.29658849887422e-14,0.000896386549340906,"derived"
30937875717.3014,10.4904904904905,1.21845439290835e-14,0.000867991469976727,"derived"
31878912926.7765,10.5035035035035,1.14492638320612e-14,0.000840420728300381,"derived"
32848573660.3004,10.5165165165165,1.07573926368964e-14,0.000813652991576771,"derived"
33847728559.4598,10.5295295295295,1.01064271430626e-14,0.000787667393666183,"derived"
34877274748.1417,10.5425425425425,9.49400488282696e-15,0.000762443527505652,"derived"
35938136638.0463,10.5555555555556,8.91789642426832e-15,0.000737961437628155,"derived"
37031266758.6993,10.5685685685686,8.37599808272581e-15,0.000714201612722473,"derived"
38157646612.7124,10.5815815815816,7.8663250197184e-15,0.000691144978236263,"derived"
39318287557.0577,10.5945945945946,7.38700470941202e-15,0.00066877288902488,"derived"
40514231711.1464,10.6076076076076,6.93627075369972e-15,0.0006470671220484,"derived"
41746552892.5313,10.6206206206206,6.51245702789569e-15,0.000626009869119058,"derived"
43016357581.068,10.6336336336336,6.1139921399447e-15,0.00060558372970138,"derived"
44324785912.4039,10.6466466466466,5.73939418689669e-15,0.000585771703767038,"derived"
45673012701.6875,10.6596596596597,5.38726579321e-15,0.000566557184706435,"derived"
47062248498.4127,10.6726726726727,5.05628941622024e-15,0.00054792395229894,"derived"
48493740673.3523,10.6856856856857,4.7452229048452e-15,0.000529856165743495,"derived"
49968774538.5489,10.6986986986987,4.45289529829963e-15,0.000512338356751366,"derived"
51488674501.3749,10.7117117117117,4.17820285225718e-15,0.000495355422702586,"derived"
53054805253.6957,10.7247247247247,3.92010528053359e-15,0.000478892619867607,"derived"
54668572997.2017,10.7377377377377,3.67762220096742e-15,0.000462935556695618,"derived"
56331426706.0135,10.7507507507508,3.44982977474891e-15,0.000447470187170793,"derived"
58044859427.6898,10.7637637637638,3.23585752899451e-15,0.000432482804237794,"derived"
59810409623.8093,10.7767767767768,3.03488535288336e-15,0.000417960033297613,"derived"
61629662551.3294,10.7897897897898,2.84614065816644e-15,0.000403888825774883,"derived"
63504251685.9597,10.8028028028028,2.66889569532961e-15,0.000390256452757652,"derived"
65435860188.8323,10.8158158158158,2.5024650171374e-15,0.000377050498710516,"derived"
67426222417.7835,10.8288288288288,2.34620308171e-15,0.000364258855261965,"derived"
69477125484.6022,10.8418418418418,2.19950198768984e-15,0.00035186971506675,"derived"
71590410859.6489,10.8548548548549,2.06178933443708e-15,0.000339871565743896,"derived"
73767976025.2775,10.8678678678679,1.93252620055913e-15,0.000328253183891072,"derived"
76011776179.5532,10.8808808808809,1.81120523442513e-15,0.000317003629175808,"derived"
78323825991.792,10.8938938938939,1.69734885064619e-15,0.000306112238504093,"derived"
80706201411.4949,10.9069069069069,1.5905075268149e-15,0.000295568620266783,"derived"
83161041532.3096,10.9199199199199,1.49025819509474e-15,0.000285362648664154,"derived"
85690550512.6837,10.9329329329329,1.39620272353268e-15,0.000275484458108948,"derived"
88296999554.9408,10.9459459459459,1.30796648223596e-15,0.00026592443770813,"derived"
90982728944.5557,10.958958958959,1.22519698980896e-15,0.000256673225823547,"derived"
93750150151.4527,10.971971971972,1.14756263568792e-15,0.000247721704711656,"derived"
96601747995.2265,10.984984984985,1.07475147424023e-15,0.00023906099524235,"derived"
99540082876.2154,10.997997997998,1.00647008671363e-15,0.000230682451696967,"derived"
102567793074.442,11.011011011011,9.42442507326919e-16,0.000222577656645427,"derived"
105687597118.48,11.024024024024,8.82409209990121e-16,0.000214738415902434,"derived"
108902296226.373,11.037037037037,8.26126152328691e-16,0.000207156753562654,"derived"
112214776820.798,11.05005005005,7.73363873862366e-16,0.000199824907114675,"derived"
115628013120.738,11.0630630630631,7.2390664535767e-16,0.000192735322633578,"derived"
119145069811.977,11.0760760760761,6.77551666531455e-16,0.000185880650051859,"derived"
122769104798.836,11.0890890890891,6.34108309434195e-16,0.000179253738508429,"derived"
126503372039.59,11.1021021021021,5.93397404984556e-16,0.00017284763177537,"derived"
130351224468.151,11.1151151151151,5.5525057026245e-16,0.000166655563762085,"derived"
134316117004.602,11.1281281281281,5.19509574296557e-16,0.000160670954096468,"derived"
138401609657.313,11.1411411411411,4.8602574020402e-16,0.000154887403782644,"derived"
142611370719.413,11.1541541541542,4.54659381655855e-16,0.000149298690934844,"derived"
146949180062.481,11.1671671671672,4.25279271751047e-16,0.000143898766586925,"derived"
151418932530.435,11.1801801801802,3.97762142486174e-16,0.000138681750577002,"derived"
156024641436.637,11.1931931931932,3.71992213105873e-16,0.000133641927506679,"derived"
160770442167.382,11.2062062062062,3.47860745712647e-16,0.000128773742774277,"derived"
165660595894.992,11.2192192192192,3.25265626602831e-16,0.000124071798681491,"derived"
170699493403.84,11.2322322322322,3.04110971879375e-16,0.000119530850612841,"derived"
175891659032.773,11.2452452452452,2.84306755971114e-16,0.000115145803287285,"derived"
181241754737.424,11.2582582582583,2.65768461763557e-16,0.000110911707081333,"derived"
186754584276.107,11.2712712712713,2.48416751117064e-16,0.00010682375442298,"derived"
192435097523.033,11.2842842842843,2.3217715461578e-16,0.000102877276255748,"derived"
198288394912.707,11.2972972972973,2.16979779454362e-16,9.90677385721492e-05,"derived"
204319732019.527,11.3103103103103,2.02759034429795e-16,9.53907390157966e-05,"derived"
210534524276.671,11.3233233233233,1.89453371062882e-16,9.18420035514541e-05,"derived"
216938351838.518,11.3363363363363,1.77005039927835e-16,8.84173832022341e-05,"derived"
223536964590.98,11.3493493493493,1.65359861319704e-16,8.51128508531828e-05,"derived"
230336287314.213,11.3623623623624,1.54467009437704e-16,8.19244981204624e-05,"derived"
237342425002.387,11.3753753753754,1.44278809308303e-16,7.88485322853306e-05,"derived"
244561668345.245,11.3883883883884,1.34750545715264e-16,7.58812732921127e-05,"derived"
252000499376.409,11.4014014014014,1.25840283444805e-16,7.30191508093442e-05,"derived"
259665597293.487,11.4144144144144,1.17508698192788e-16,7.02587013532623e-05,"derived"
267563844455.204,11.4274274274274,1.09718917517539e-16,6.75965654728163e-05,"derived"
275702332560.958,11.4404404404404,1.02436371256473e-16,6.50294849953478e-05,"derived"
284088369018.331,11.4534534534535,9.56286508575847e-17,6.2554300332111e-05,"derived"
292729483504.281,11.4664664664665,8.92653771077194e-17,6.01679478427695e-05,"derived"
301633434725.92,11.4794794794795,8.33180757689165e-17,5.78674572580252e-05,"derived"
310808217386.906,11.4924924924925,7.77600606617523e-17,5.56499491595217e-05,"derived"
320262069365.765,11.5055055055055,7.25663237607502e-17,5.3512632516158e-05,"derived"
330003479112.529,11.5185185185185,6.77134318916946e-17,5.14528022759598e-05,"derived"
340041193270.37,11.5315315315315,6.3179429643975e-17,4.94678370126391e-05,"derived"
350384224529.068,11.5445445445445,5.89437481332019e-17,4.7555196625983e-05,"derived"
361041859717.333,11.5575575575576,5.49871192701478e-17,4.57124200952099e-05,"derived"
372023668141.307,11.5705705705706,5.12914952117592e-17,4.393712328443e-05,"derived"
383339510176.66,11.5835835835836,4.78399726885782e-17,4.22269967993509e-05,"derived"
394999546122.064,11.5965965965966,4.46167219204698e-17,4.05798038943674e-05,"derived"
407014245321.944,11.6096096096096,4.16069198491191e-17,3.89933784291836e-05,"derived"
419394395566.718,11.6226226226226,3.87966874314281e-17,3.74656228741108e-05,"derived"
432151112778.976,11.6356356356356,3.61730307526959e-17,3.59945063631916e-05,"derived"
445295850994.266,11.6486486486486,3.37237857324322e-17,3.45780627943069e-05,"derived"
458840412645.475,11.6616616616617,3.14375662087963e-17,3.32143889754209e-05,"derived"
472796959160.039,11.6746746746747,2.93037152000867e-17,3.19016428161277e-05,"derived"
487178021879.462,11.6876876876877,2.73122591534258e-17,3.06380415636719e-05,"derived"
501996513311.008,11.7007007007007,2.54538650018278e-17,2.9421860082609e-05,"derived"
517265738721.602,11.7137137137137,2.37197998612903e-17,2.8251429177293e-05,"derived"
532999408084.408,11.7267267267267,2.21018932093697e-17,2.71251339563719e-05,"derived"
549211648388.779,11.7397397397397,2.05925013959929e-17,2.60414122384842e-05,"derived"
565917016324.623,11.7527527527528,1.91844743460084e-17,2.4998752998358e-05,"derived"
583130511352.622,11.7657657657658,1.78711243212241e-17,2.39956948525153e-05,"derived"
600867589171.969,11.7787787787788,1.66461966174753e-17,2.30308245837973e-05,"derived"
619144175597.783,11.7917917917918,1.55038420795849e-17,2.21027757039316e-05,"derived"
637976680860.628,11.8048048048048,1.44385913240079e-17,2.12102270533697e-05,"derived"
657382014340.96,11.8178178178178,1.34453305654608e-17,2.03519014376326e-05,"derived"
677377599751.775,11.8308308308308,1.25192789499838e-17,1.95265642994103e-05,"derived"
697981390783.067,11.8438438438438,1.16559673026669e-17,1.87330224256677e-05,"derived"
719211887222.118,11.8568568568569,1.08512182037348e-17,1.79701226890228e-05,"derived"
741088151564.157,11.8698698698699,1.01011273118114e-17,1.72367508226644e-05,"derived"
763629826128.226,11.8828828828829,9.40204585803741e-18,1.65318302280942e-05,"derived"
786857150693.684,11.8958958958959,8.75056423926461e-18,1.58543208149803e-05,"derived"
810790980673.169,11.9089089089089,8.14349664285072e-18,1.52032178724216e-05,"derived"
835452805838.285,11.9219219219219,7.57786663962102e-18,1.45775509709332e-05,"derived"
860864769614.924,11.9349349349349,7.050893685369e-18,1.39763828944681e-05,"derived"
887049688965.442,11.9479479479479,6.5599804748572e-18,1.33988086018043e-05,"derived"
914031074875.622,11.960960960961,6.10270109565098e-18,1.28439542166348e-05,"derived"
941833153464.796,11.973973973974,5.67678993229744e-18,1.23109760457052e-05,"derived"
970480887738.029,11.986986986987,5.28013127435193e-18,1.17990596243585e-05,"derived"
1e+12,12,4.91074958456706e-18,1.13074187888508e-05,"derived"
0.1,-1,1.00904533187875e-05,2.32341273933924e-06,"combined"
0.103041699495059,-0.986986986986987,1.03660564106855e-05,2.45947419119323e-06,"combined"
0.1061759183483,-0.973973973973974,1.06477398708295e-05,2.6031497203572e-06,"combined"
0.109405470720574,-0.960960960960961,1.09355913218704e-05,2.75484392740589e-06,"combined"
0.112733256371049,-0.947947947947948,1.1229698212659e-05,2.91498165491131e-06,"combined"
0.11616226326085,-0.934934934934935,1.15301477653709e-05,3.08400892935106e-06,"combined"
0.119695570235904,-0.921921921921922,1.18370269213632e-05,3.26239394302493e-06,"combined"
0.123336349791378,-0.908908908908909,1.21504222857712e-05,3.45062807748193e-06,"combined"
0.127087870920206,-0.895895895895896,1.2470420070859e-05,3.64922697000587e-06,"combined"
0.130953502048267,-0.882882882882883,1.27971060381364e-05,3.8587316247557e-06,"combined"
0.134936714058831,-0.86986986986987,1.31305654392577e-05,4.0797095702049e-06,"combined"
0.139041083409007,-0.856856856856857,1.34708829557199e-05,4.3127560645739e-06,"combined"
0.143270295340983,-0.843843843843844,1.3818142637377e-05,4.55849535099978e-06,"combined"
0.147628147190939,-0.830830830830831,1.41724278397915e-05,4.81758196423916e-06,"combined"
0.15211855179861,-0.817817817817818,1.45338211604446e-05,5.09070209075175e-06,"combined"
0.15674554102056,-0.804804804804805,1.49024043738287e-05,5.37857498406644e-06,"combined"
0.161513269350309,-0.791791791791792,1.52782583654454e-05,5.68195443738451e-06,"combined"
0.16642601764859,-0.778778778778779,1.56614630647385e-05,6.00163031543088e-06,"combined"
0.171488196987054,-0.765765765765766,1.60520973769869e-05,6.3384301476189e-06,"combined"
0.176704352608895,-0.752752752752753,1.64502391141909e-05,6.69322078465224e-06,"combined"
0.182079168009946,-0.73973973973974,1.68559649249811e-05,7.06691012074402e-06,"combined"
0.187617469143912,-0.726726726726727,1.7269350223584e-05,7.46044888369193e-06,"combined"
0.193324228755505,-0.713713713713714,1.76904691178814e-05,7.87483249510723e-06,"combined"
0.199204570845387,-0.700700700700701,1.81193943365969e-05,8.31110300315585e-06,"combined"
0.205263775270925,-0.687687687687688,1.85561971556523e-05,8.77035109022935e-06,"combined"
0.21150728248688,-0.674674674674675,1.9000947323731e-05,9.25371815802616e-06,"combined"
0.217940698430295,-0.661661661661662,1.94537129870937e-05,9.76239849258363e-06,"combined"
0.224569799553977,-0.648648648648649,1.99145606136868e-05,1.02976415118658e-05,"combined"
0.231400538013065,-0.635635635635636,2.03835549165933e-05,1.08607540985734e-05,"combined"
0.238439047009372,-0.622622622622623,2.08607587768697e-05,1.14531030209066e-05,"combined"
0.245691646298279,-0.60960960960961,2.13462331658212e-05,1.20761174440754e-05,"combined"
0.253164847863135,-0.596596596596597,2.18400370667642e-05,1.27312915354156e-05,"combined"
0.260865361762255,-0.583583583583584,2.23422273963288e-05,1.34201871660351e-05,"combined"
0.268800102153761,-0.570570570570571,2.28528589253574e-05,1.41444367119774e-05,"combined"
0.276976193503689,-0.557557557557558,2.33719841994517e-05,1.49057459579571e-05,"combined"
0.285400976982924,-0.544544544544544,2.38996534592291e-05,1.57058971067857e-05,"combined"
0.294082017058706,-0.531531531531532,2.44359145603462e-05,1.65467518976713e-05,"combined"
0.30302710828664,-0.518518518518519,2.49808128933489e-05,1.7430254836642e-05,"combined"
0.312244282309286,-0.505505505505506,2.55343913034132e-05,1.83584365424079e-05,"combined"
0.321741815067637,-0.492492492492492,2.60966900100401e-05,1.93334172110395e-05,"combined"
0.331528234231942,-0.479479479479479,2.6667746526768e-05,2.03574102029091e-05,"combined"
0.341612326858553,-0.466466466466467,2.72475955809708e-05,2.14327257554007e-05,"combined"
0.352003147279668,-0.453453453453453,2.78362690338106e-05,2.25617748249624e-05,"combined"
0.362710025233065,-0.44044044044044,2.84337958004114e-05,2.3747073062136e-05,"combined"
0.373742574239106,-0.427427427427427,2.90402017703275e-05,2.49912449232618e-05,"combined"
0.385110700232557,-0.414414414414414,2.96555097283757e-05,2.62970279226167e-05,"combined"
0.396824610456948,-0.401401401401402,3.02797392759073e-05,2.76672770288079e-05,"combined"
0.408894822629486,-0.388388388388388,3.09129067525914e-05,2.91049692092991e-05,"combined"
0.421332174384729,-0.375375375375375,3.15550251587863e-05,3.06132081270101e-05,"combined"
0.434147833005509,-0.362362362362362,3.22061040785764e-05,3.21952289929823e-05,"combined"
0.447353305449847,-0.349349349349349,3.28661496035477e-05,3.38544035791631e-05,"combined"
0.460960448682843,-0.336336336336336,3.35351642573857e-05,3.55942453954114e-05,"combined"
0.47498148032285,-0.323323323323323,3.42131469213706e-05,3.7418415034884e-05,"combined"
0.489428989611453,-0.31031031031031,3.49000927608506e-05,3.93307256920071e-05,"combined"
0.504315948717136,-0.297297297297297,3.55959931527756e-05,4.13351488572903e-05,"combined"
0.519655724382766,-0.284284284284284,3.63008356143688e-05,4.34358201932827e-05,"combined"
0.535462089927361,-0.271271271271271,3.70146037330224e-05,4.5637045596017e-05,"combined"
0.551749237612913,-0.258258258258258,3.77372770974943e-05,4.79433074463242e-05,"combined"
0.568531791387375,-0.245245245245245,3.84688312304931e-05,5.03592710554469e-05,"combined"
0.585824820015254,-0.232232232232232,3.92092375227312e-05,5.28897913094051e-05,"combined"
0.603643850607587,-0.219219219219219,3.99584631685294e-05,5.55399195166055e-05,"combined"
0.622004882563471,-0.206206206206206,4.07164711030578e-05,5.83149104632151e-05,"combined"
0.640924401935645,-0.193193193193193,4.14832199412928e-05,6.12202296808388e-05,"combined"
0.66041939623303,-0.18018018018018,4.22586639187778e-05,6.42615609310708e-05,"combined"
0.680507369673521,-0.167167167167167,4.30427528342645e-05,6.74448139114922e-05,"combined"
0.701206358900718,-0.154154154154154,4.38354319943256e-05,7.07761321877182e-05,"combined"
0.722534949178721,-0.141141141141141,4.46366421600132e-05,7.4261901356091e-05,"combined"
0.744512291079514,-0.128128128128128,4.54463194956486e-05,7.79087574416255e-05,"combined"
0.76715811767793,-0.115115115115115,4.62643955198257e-05,8.1723595535813e-05,"combined"
0.790492762269642,-0.102102102102102,4.70907970587075e-05,8.57135786788778e-05,"combined"
0.814537176628074,-0.0890890890890891,4.79254462016947e-05,8.9886146991076e-05,"combined"
0.839312949816636,-0.0760760760760762,4.87682602595472e-05,9.42490270576002e-05,"combined"
0.864842327573172,-0.0630630630630631,4.96191517250381e-05,9.88102415716349e-05,"combined"
0.89114823228402,-0.05005005005005,5.04780282362107e-05,0.000103578119240076,"combined"
0.918254283565628,-0.0370370370370371,5.13447925423257e-05,0.000108561304956396,"combined"
0.9461848194722,-0.0240240240240241,5.22193424725624e-05,0.000113768770245083,"combined"
0.974964918348409,-0.011011011011011,5.31015709075539e-05,0.000119209823982035,"combined"
1.00462042134681,0.00200200200200195,5.39913657538273e-05,0.000124894123395248,"combined"
1.03517795563018,0.015015015015015,5.48886099212169e-05,0.000130831685350046,"combined"
1.06666495827954,0.0280280280280281,5.57931813033224e-05,0.000137032897923047,"combined"
1.0991097009295,0.0410410410410411,5.67049527610773e-05,0.000143508532268971,"combined"
1.13254131515281,0.0540540540540539,5.76237921094934e-05,0.000150269754784303,"combined"
1.16698981861715,0.067067067067067,5.8549562107644e-05,0.000157328139571743,"combined"
1.20248614203741,0.08008008008008,5.94821204519472e-05,0.000164695681209232,"combined"
1.23906215694792,0.0930930930930931,6.04213197728097e-05,0.000172384807827273,"combined"
1.27675070431927,0.106106106106106,6.13670076346846e-05,0.000180408394498099,"combined"
1.3155856240457,0.119119119119119,6.23190265396014e-05,0.000188779776940123,"combined"
1.35560178532937,0.132132132132132,6.32772139342168e-05,0.000197512765540967,"combined"
1.39683511798874,0.145145145145145,6.42414022204387e-05,0.00020662165970218,"combined"
1.43932264471941,0.158158158158158,6.52114187696658e-05,0.000216121262508625,"combined"
1.4831025143361,0.171171171171171,6.61870859406927e-05,0.000226026895725304,"combined"
1.52821403602587,0.184184184184184,6.7168221101315e-05,0.000236354415124219,"combined"
1.57469771464309,0.197197197197197,6.81546366536788e-05,0.000247120226143666,"combined"
1.62259528707809,0.21021021021021,6.91461400634037e-05,0.000258341299882125,"combined"
1.67194975973199,0.223223223223223,7.01425338925171e-05,0.000270035189428707,"combined"
1.72280544713139,0.236236236236236,7.11436158362251e-05,0.000282220046531874,"combined"
1.77520801171764,0.249249249249249,7.21491787635445e-05,0.000294914638607876,"combined"
1.82920450484629,0.262262262262262,7.31590107618247e-05,0.000308138366090132,"combined"
1.8848434090338,0.275275275275275,7.41728951851692e-05,0.000321911280120443,"combined"
1.94217468148903,0.288288288288288,7.51906107067793e-05,0.000336254100582693,"combined"
2.00124979896904,0.301301301301301,7.62119313752301e-05,0.000351188234479338,"combined"
2.06212180399914,0.314314314314314,7.72366266746838e-05,0.00036673579465071,"combined"
2.12484535249888,0.327327327327327,7.82644615890498e-05,0.000382919618836802,"combined"
2.18947676285662,0.34034034034034,7.92951966700889e-05,0.000399763289080845,"combined"
2.25607406649686,0.353353353353353,8.03285881094618e-05,0.00041729115147366,"combined"
2.32469705998565,0.366366366366366,8.13643878147106e-05,0.00043552833623736,"combined"
2.39540735872088,0.379379379379379,8.24023434891688e-05,0.000454500778146595,"combined"
2.46826845225569,0.392392392392392,8.34421987157798e-05,0.000474235237285127,"combined"
2.54334576130465,0.405405405405405,8.44836930448099e-05,0.000494759320135105,"combined"
2.62070669648385,0.418418418418418,8.552656208543e-05,0.000516101500995953,"combined"
2.70042071883777,0.431431431431431,8.6570537601142e-05,0.000538291143729353,"combined"
2.78255940220712,0.444444444444444,8.76153476090193e-05,0.000561358523826311,"combined"
2.86719649749377,0.457457457457457,8.86607164827253e-05,0.000585334850791837,"combined"
2.95440799888038,0.47047047047047,8.97063650592745e-05,0.000610252290842242,"combined"
3.0442722120643,0.483483483483484,9.07520107494909e-05,0.000636143989909551,"combined"
3.13686982456688,0.496496496496496,9.17973676521185e-05,0.000663044096946988,"combined"
3.23228397818138,0.509509509509509,9.28421466715337e-05,0.000690987787528961,"combined"
3.33060034362459,0.522522522522523,9.38860556390053e-05,0.000720011287738369,"combined"
3.43190719745904,0.535535535535536,9.4928799437441e-05,0.000750151898333527,"combined"
3.53629550135504,0.548548548548549,9.59700801295617e-05,0.000781448019186335,"combined"
3.64385898376354,0.561561561561561,9.70095970894334e-05,0.000813939173982782,"combined"
3.75469422407333,0.574574574574575,9.80470471372888e-05,0.000847666035176183,"combined"
3.86890073932798,0.587587587587588,9.90821246775636e-05,0.000882670449182933,"combined"
3.98658107358044,0.600600600600601,0.000100114521840067,0.000918995461809888,"combined"
4.10784088996565,0.613613613613614,0.000101143928624205,0.000956685343901828,"combined"
4.23278906557355,0.626626626626627,0.00010217003304618,0.000995785617196718,"combined"
4.361537789208,0.63963963963964,0.000103192521289051,0.00103634308037584,"combined"
4.49420266211914,0.652652652652653,0.000104211077855598,0.00107840583529511,"combined"
4.63090280179974,0.665665665665666,0.000105225385723862,0.00112202331338312,"combined"
4.77176094893875,0.678678678678679,0.000106235126505273,0.00116724630219078,"combined"
4.91690357762803,0.691691691691692,0.000107239980605267,0.00121412697207666,"combined"
5.06646100892127,0.704704704704705,0.000108239627386269,0.00126271890301122,"combined"
5.22056752784697,0.717717717717718,0.000109233745332953,0.00131307711148252,"combined"
5.3793615039807,0.730730730730731,0.000110222012219641,0.00136525807748512,"combined"
5.54298551568467,0.743743743743744,0.000111204105279745,0.00141931977157291,"combined"
5.71158647812643,0.756756756756757,0.000112179701377113,0.00147532168195615,"combined"
5.88531577519145,0.76976976976977,0.00011314847717918,0.00153332484162178,"combined"
6.06432939540806,0.782782782782783,0.000114110109331767,0.00159339185545539,"combined"
6.24878807200689,0.795795795795796,0.000115064274635428,0.00165558692734246,"combined"
6.43885742724042,0.808808808808809,0.000116010650223201,0.00171997588722542,"combined"
6.63470812109235,0.821821821821822,0.000116948913739624,0.00178662621809242,"combined"
6.83651600451024,0.834834834834835,0.000117878743520892,0.00185560708287255,"combined"
7.04446227729904,0.847847847847848,0.000118799818776012,0.00192698935121172,"combined"
7.25873365081725,0.860860860860861,0.00011971181976881,0.00200084562610218,"combined"
7.47952251562182,0.873873873873874,0.000120614428000661,0.00207725027033791,"combined"
7.7070271142123,0.886886886886887,0.000121507326393781,0.00215627943276731,"combined"
7.94145171902934,0.8998998998999,0.000122390199474951,0.00223801107431343,"combined"
8.18300681586739,0.912912912912913,0.000123262733559517,0.0023225249937315,"combined"
8.43190929286625,0.925925925925926,0.00012412461693552,0.002409902853072,"combined"
8.68838263525118,0.938938938938939,0.000124975540047804,0.0025002282028174,"combined"
8.9526571259964,0.951951951951952,0.000125815195681959,0.00259358650665897,"combined"
9.22497005259217,0.964964964964965,0.000126643279147934,0.00269006516587981,"combined"
9.5055659201012,0.977977977977978,0.000127459488463178,0.00278975354330893,"combined"
9.7946966706954,0.990990990990991,0.000128263524535157,0.00289274298681057,"combined"
10.0926219098705,1.004004004004,0.000129055091343087,0.00299912685227194,"combined"
10.3996091395412,1.01701701701702,0.000129833896118724,0.00310900052605162,"combined"
10.7159339982267,1.03003003003003,0.000130599649526083,0.00322246144685028,"combined"
11.0418805085416,1.04304304304304,0.000131352065839894,0.00333960912696399,"combined"
11.3777413322149,1.05605605605606,0.00013209086312268,0.00346054517288031,"combined"
11.723818032866,1.06906906906907,0.000132815763400271,0.00358537330517553,"combined"
12.0804213467733,1.08208208208208,0.00013352649283563,0.00371419937767171,"combined"
12.4478714618791,1.0950950950951,0.000134222781900815,0.00384713139581031,"combined"
12.8264983052806,1.10810810810811,0.000134904365546942,0.00398427953419929,"combined"
13.2166418394661,1.12112112112112,0.000135570983371996,0.0041257561532892,"combined"
13.6186523675608,1.13413413413413,0.000136222379786336,0.00427167581513328,"combined"
14.0328908478587,1.14714714714715,0.000136858304175753,0.00442215529818595,"combined"
14.4597292179202,1.16016016016016,0.000137478511061933,0.00457731361109314,"combined"
14.8995507285285,1.17317317317317,0.000138082760260186,0.00473727200542742,"combined"
15.3527502878042,1.18618618618619,0.000138670817034287,0.00490215398732022,"combined"
15.819734815786,1.1991991991992,0.000139242452248307,0.00507208532794271,"combined"
16.3009236097974,1.21221221221221,0.000139797442515281,0.00524719407278654,"combined"
16.7967487209265,1.22522522522523,0.000140335570342587,0.00542761054969484,"combined"
17.3076553419573,1.23823823823824,0.0001408566242739,0.00561346737559363,"combined"
17.8341022071001,1.25125125125125,0.000141360399027597,0.00580489946187303,"combined"
18.3765620038817,1.26426426426426,0.000141846695631472,0.00600204401836765,"combined"
18.935521797563,1.27727727727728,0.000142315321553661,0.00620504055588452,"combined"
19.5114834684662,1.29029029029029,0.000142766090829629,0.00641403088722731,"combined"
20.104964162605,1.3033033033033,0.000143198824185121,0.00662915912666466,"combined"
20.7164967560207,1.31631631631632,0.000143613349154965,0.00685057168779061,"combined"
21.3466303332424,1.32932932932933,0.000144009500197594,0.00707841727972467,"combined"
21.9959306803007,1.34234234234234,0.000144387118805209,0.00731284690159896,"combined"
22.6649807927369,1.35535535535536,0.000144746053609459,0.00755401383527984,"combined"
23.3543813990648,1.36836836836837,0.000145086160482556,0.00780207363627144,"combined"
24.0647515001542,1.38138138138138,0.000145407302633713,0.00805718412274816,"combined"
24.7967289250216,1.39439439439439,0.000145709350700831,0.00831950536266383,"combined"
25.5509709035251,1.40740740740741,0.000145992182837339,0.00858919965888482,"combined"
26.3281546564802,1.42042042042042,0.000146255684794107,0.00886643153229492,"combined"
27.1289780037247,1.43343343343343,0.000146499749996358,0.00915136770282001,"combined"
27.9541599906786,1.44644644644645,0.000146724279615505,0.00944417706832062,"combined"
28.804441533963,1.45945945945946,0.000146929182635842,0.00974503068130137,"combined"
29.680586086656,1.47247247247247,0.000147114375916033,0.010054101723386,"combined"
30.5833803237843,1.48548548548549,0.000147279784245335,0.010371565477508,"combined"
31.5136348486648,1.4984984984985,0.000147425340394501,0.0106975992977672,"combined"
32.4721849207313,1.51151151151151,0.000147550985161319,0.0110323825769027,"combined"
33.4598912054998,1.52452452452452,0.000147656667410746,0.0113760967113343,"combined"
34.4776405473446,1.53753753753754,0.000147742344109586,0.0117289250637248,"combined"
35.5263467657814,1.55055055055055,0.0001478079803557,0.0120910529230168,"combined"
36.606951475969,1.56356356356356,0.000147853549401694,0.0124626674618983,"combined"
37.72042493417,1.57657657657658,0.000147879032673093,0.0128439576916515,"combined"
38.8677669089267,1.58958958958959,0.000147884419780953,0.0132351144143443,"combined"
40.0500075787361,1.6026026026026,0.000147869708528919,0.0136363301723184,"combined"
41.2682084570295,1.61561561561562,0.000147834904914723,0.0140477991949367,"combined"
42.5234633452868,1.62862862862863,0.000147780023126104,0.0144697173425484,"combined"
43.8168993151419,1.64164164164164,0.000147705085531171,0.014902282047635,"combined"
45.149677720361,1.65465465465465,0.000147610122663209,0.0153456922531001,"combined"
46.5229952396019,1.66766766766767,0.000147495173199944,0.0158001483476686,"combined"
47.9380849508911,1.68068068068068,0.000147360283937291,0.0162658520983625,"combined"
49.3962174387832,1.69369369369369,0.000147205509757604,0.0167430065800223,"combined"
50.8987019351968,1.70670670670671,0.00014703091359246,0.0172318161018437,"combined"
52.4468874949512,1.71971971971972,0.000146836566380016,0.0177324861309042,"combined"
54.0421642070592,1.73273273273273,0.000146622547016973,0.0182452232126534,"combined"
55.6859644428641,1.74574574574575,0.000146388942305196,0.0187702348883439,"combined"
57.3797641421413,1.75875875875876,0.000146135846893049,0.0193077296093833,"combined"
59.1250841383188,1.77177177177177,0.000145863363211475,0.0198579166485883,"combined"
60.9234915240071,1.78478478478478,0.000145571601404919,0.0204210060083251,"combined"
62.776601058065,1.7977977977978,0.000145260679257122,0.0209972083255236,"combined"
64.6860766154633,1.81081081081081,0.000144930722111881,0.021586734773554,"combined"
66.6536326812491,1.82382382382382,0.000144581862788839,0.0221897969609591,"combined"
68.681035889953,1.83683683683684,0.00014421424149439,0.0228066068270355,"combined"
70.7701066118189,1.84984984984985,0.00014382800572777,0.0234373765342639,"combined"
72.9227205872831,1.86286286286286,0.000143423310182445,0.0240823183575876,"combined"
75.1408106111697,1.87587587587588,0.000143000316642862,0.0247416445705434,"combined"
77.4263682681127,1.88888888888889,0.000142559193876677,0.025415567328253,"combined"
79.7814457207662,1.9019019019019,0.000142100117522558,0.0261042985472839,"combined"
82.2081575524054,1.91491491491491,0.000141623269973661,0.0268080497823945,"combined"
84.708682665574,1.92792792792793,0.000141128840256893,0.0275270321001795,"combined"
87.2852662384838,1.94094094094094,0.000140617023908068,0.0282614559496366,"combined"
89.9402217409204,1.95395395395395,0.000140088022843085,0.0290115310296782,"combined"
92.6759330114688,1.96696696696697,0.000139542045225224,0.0297774661536159,"combined"
95.4948563979197,1.97997997997998,0.000138979305328707,0.0305594691106484,"combined"
98.3995229627823,1.99299299299299,0.000138400023398627,0.0313577465243884,"combined"
101.392540755882,2.00600600600601,0.000137804425507393,0.0321725037084672,"combined"
104.47659715608,2.01901901901902,0.000137192743407807,0.0330039445192584,"combined"
107.654461284232,2.03203203203203,0.00013656521438291,0.0338522712057688,"combined"
110.928986489522,2.04504504504505,0.000135922081092737,0.0347176842567455,"combined"
114.303112911448,2.05805805805806,0.000135263591418122,0.0356003822450543,"combined"
117.779870119712,2.07107107107107,0.000134589998301681,0.0365005616693872,"combined"
121.362379834424,2.08408408408408,0.000133901559586125,0.037418416793362,"combined"
125.053858729039,2.0970970970971,0.000133198537850053,0.0383541394820803,"combined"
128.857621318552,2.11011011011011,0.000132481200241355,0.0393079190362147,"combined"
132.777082935543,2.12312312312312,0.000131749818308387,0.040279942023699,"combined"
136.815762796747,2.13613613613614,0.000131004667829057,0.0412703921091031,"combined"
140.977287162897,2.14914914914915,0.000130246028637987,0.0422794498807719,"combined"
145.265392594678,2.16216216216216,0.000129474184451877,0.0433072926758198,"combined"
149.683929307726,2.17517517517518,0.000128689422693252,0.044354094403069,"combined"
154.236864629663,2.18818818818819,0.000127892034312724,0.0454200253640298,"combined"
158.928286562298,2.2012012012012,0.000127082313609931,0.0465052520720218,"combined"
163.762407452169,2.21421421421421,0.000126260558053299,0.0476099370695408,"combined"
168.743567772738,2.22722722722723,0.000125427068098803,0.0487342387439798,"combined"
173.876240021625,2.24024024024024,0.00012458214700784,0.0498783111418168,"combined"
179.16503273639,2.25325325325325,0.000123726100664414,0.0510423037813866,"combined"
184.614694632455,2.26626626626627,0.000122859237391754,0.052226361464357,"combined"
190.230118866894,2.27927927927928,0.000121981867768523,0.0534306240860349,"combined"
196.016347431919,2.29229229229229,0.000121094304444788,0.0546552264446314,"combined"
201.978575681988,2.30530530530531,0.000120196861957878,0.0559002980496194,"combined"
208.122156998634,2.31831831831832,0.000119289856548298,0.0571659629293198,"combined"
214.452607597167,2.33133133133133,0.000118373605975837,0.0584523394378587,"combined"
220.97561147959,2.34434434434434,0.000117448429336028,0.0597595400616394,"combined"
227.697025538168,2.35735735735736,0.000116514646877098,0.0610876712254779,"combined"
234.622884814226,2.37037037037037,0.000115572579817553,0.062436833098555,"combined"
241.759407916913,2.38338338338338,0.000114622550164554,0.0638071194003394,"combined"
249.113002606779,2.3963963963964,0.000113664880533205,0.065198617206643,"combined"
256.690271549195,2.40940940940941,0.000112699893966906,0.0666114067559696,"combined"
264.498018242772,2.42242242242242,0.00011172791375891,0.0680455612563237,"combined"
272.543253128103,2.43543543543544,0.000110749263275207,0.0695011466926487,"combined"
280.833199882317,2.44844844844845,0.000109764265778879,0.0709782216350672,"combined"
289.375301905095,2.46146146146146,0.000108773244256045,0.072476837048097,"combined"
298.177229001967,2.47447447447447,0.00010777652124354,0.0739970361010243,"combined"
307.2468842709,2.48748748748749,0.000106774418658433,0.07553885397961,"combined"
316.592411198352,2.5005005005005,0.000105767257629514,0.0771023176993181,"combined"
326.222200971167,2.51351351351351,0.000104755358330882,0.0786874459202467,"combined"
336.144900010876,2.52652652652653,0.00010373903981772,0.0802942487639532,"combined"
346.369417737173,2.53953953953954,0.000102718619864399,0.0819227276323622,"combined"
356.904934567523,2.55255255255255,0.000101694414805003,0.083572875028948,"combined"
367.760910160103,2.56556556556557,0.000100666739376387,0.0852446743823868,"combined"
378.947091907467,2.57857857857858,9.96359065638683e-05,0.0869380998728717,"combined"
390.473523688556,2.59159159159159,9.86022274496498e-05,0.088653116261289,"combined"
402.350554886929,2.6046046046046,9.75660110640757e-05,0.0903896787214538,"combined"
414.588849683291,2.61761761761762,9.65275642398023e-05,0.0921477326756013,"combined"
427.199396630678,2.63063063063063,9.54871914689802e-05,0.0939272136333375,"combined"
440.193518520887,2.64364364364364,9.44451947635275e-05,0.0957280470342453,"combined"
453.582882551019,2.65665665665666,9.34018735185764e-05,0.0975501480943507,"combined"
467.379510799246,2.66966966966967,9.23575243791677e-05,0.0993934216566469,"combined"
481.595791019235,2.68268268268268,9.13124411102693e-05,0.101257762045878,"combined"
496.244487762891,2.6956956956957,9.0266914470183e-05,0.103143052927786,"combined"
511.338753841433,2.70870870870871,8.92212320874084e-05,0.105049167173015,"combined"
526.892142135067,2.72172172172172,8.8175678341022e-05,0.106975966725876,"combined"
542.918617761894,2.73473473473473,8.71305342446291e-05,0.108923302478173,"combined"
559.432570616938,2.74774774774775,8.60860773339416e-05,0.110891014148285,"combined"
576.448828292588,2.76076076076076,8.5042581558029e-05,0.112878930165692,"combined"
593.982669392036,2.77377377377377,8.40003171742896e-05,0.114886867561162,"combined"
612.04983724767,2.78678678678679,8.29595506471792e-05,0.116914631862758,"combined"
630.66655405674,2.7997997997998,8.19205445507366e-05,0.118962016997891,"combined"
649.849535446989,2.81281281281281,8.08835574749376e-05,0.121028805201576,"combined"
669.616005485322,2.82582582582583,7.98488439359043e-05,0.123114766931099,"combined"
689.983712143002,2.83883883883884,7.88166542899972e-05,0.12521966078726,"combined"
710.970943231243,2.85185185185185,7.77872346518074e-05,0.127343233442385,"combined"
732.596542821523,2.86486486486486,7.67608268160681e-05,0.129485219575276,"combined"
754.879928165343,2.87787787787788,7.57376681834962e-05,0.131645341813265,"combined"
777.841107128649,2.89089089089089,7.47179916905734e-05,0.133823310681557,"combined"
801.50069615654,2.9039039039039,7.37020257432718e-05,0.136018824560012,"combined"
825.879938784426,2.91691691691692,7.26899941547251e-05,0.138231569647524,"combined"
851.000724712225,2.92992992992993,7.16821160868423e-05,0.140461219934169,"combined"
876.885609458743,2.94294294294294,7.06786059958582e-05,0.142707437181252,"combined"
903.557834613893,2.95595595595596,6.96796735818104e-05,0.14496987090941,"combined"
931.041348706908,2.96896896896897,6.86855237419289e-05,0.147248158394911,"combined"
959.360828709315,2.98198198198198,6.76963565279224e-05,0.149541924674274,"combined"
988.541702191957,2.994994994995,6.67123671071395e-05,0.151850782557347,"combined"
1018.61017015598,3.00800800800801,6.5733745727582e-05,0.154174332648965,"combined"
1049.59323055823,3.02102102102102,6.47606776867419e-05,0.156512163379294,"combined"
1081.51870255229,3.03403403403403,6.37933433042337e-05,0.158863851042983,"combined"
1114.41525146679,3.04704704704705,6.28319178981865e-05,0.161228959847219,"combined"
1148.31241454351,3.06006006006006,6.18765717653602e-05,0.163607041968782,"combined"
1183.24062745838,3.07307307307307,6.09274701649467e-05,0.165997637620188,"combined"
1219.23125164911,3.08608608608609,5.99847733060127e-05,0.168400275125002,"combined"
1256.31660247412,3.0990990990991,5.904863633854e-05,0.170814471002398,"combined"
1294.52997822792,3.11211211211211,5.81192093480142e-05,0.173239730061017,"combined"
1333.90569003906,3.12512512512513,5.71966373535123e-05,0.175675545502204,"combined"
1374.47909267754,3.13813813813814,5.62810603092353e-05,0.178121399032651,"combined"
1416.2866162992,3.15115115115115,5.53726131094313e-05,0.180576760986504,"combined"
1459.36579915576,3.16416416416416,5.44714255966499e-05,0.183041090456952,"combined"
1503.75532129974,3.17717717717718,5.357762257327e-05,0.185513835437338,"combined"
1549.49503931463,3.19019019019019,5.26913238162366e-05,0.187994432971791,"combined"
1596.62602210143,3.2032032032032,5.18126440949434e-05,0.1904823093154,"combined"
1645.19058775366,3.21621621621622,5.0941693192196e-05,0.192976880103915,"combined"
1695.23234155412,3.22922922922923,5.0078575928186e-05,0.195477550532974,"combined"
1746.79621512725,3.24224224224224,4.92233921874086e-05,0.197983715546826,"combined"
1799.92850678248,3.25525525525526,4.837623694845e-05,0.200494760036524,"combined"
1854.6769230847,3.26826826826827,4.75372003165736e-05,0.203010059047549,"combined"
1911.09062168914,3.28128128128128,4.6706367559031e-05,0.205528977996811,"combined"
1969.22025547917,3.29429429429429,4.58838191430207e-05,0.208050872898975,"combined"
2029.11801804668,3.30730730730731,4.50696307762199e-05,0.21057509060203,"combined"
2090.83769055575,3.32032032032032,4.42638734498103e-05,0.213100969032046,"combined"
2154.43469003188,3.33333333333333,4.34666134839196e-05,0.215627837447001,"combined"
2219.96611911995,3.34634634634635,4.26779125753996e-05,0.218155016699606,"combined"
2287.4908173557,3.35935935935936,4.18978278478598e-05,0.220681819509003,"combined"
2357.06941399673,3.37237237237237,4.11264119038755e-05,0.223207550741229,"combined"
2428.76438246045,3.38538538538539,4.03637128792896e-05,0.225731507698313,"combined"
2502.64009641792,3.3983983983984,3.96097744995249e-05,0.228252980415869,"combined"
2578.7628875938,3.41141141141141,3.88646361378254e-05,0.230771251969045,"combined"
2657.20110532451,3.42442442442442,3.81283328753424e-05,0.233285598786656,"combined"
2738.02517792786,3.43743743743744,3.74008955629841e-05,0.235795290973358,"combined"
2821.30767593947,3.45045045045045,3.66823508849447e-05,0.238299592639665,"combined"
2907.12337727258,3.46346346346346,3.59727214238289e-05,0.240797762239641,"combined"
2995.54933435982,3.47647647647648,3.52720257272915e-05,0.243289052916054,"combined"
3086.66494333727,3.48948948948949,3.45802783761059e-05,0.245772712852815,"combined"
3180.55201533292,3.5025025025025,3.38974900535813e-05,0.248247985634464,"combined"
3277.29484992338,3.51551551551552,3.32236676162453e-05,0.250714110612492,"combined"
3376.98031082509,3.52852852852853,3.25588141657101e-05,0.253170323278272,"combined"
3479.6979038877,3.54154154154154,3.19029291216412e-05,0.255615855642354,"combined"
3585.53985745982,3.55455455455455,3.12560082957475e-05,0.258049936619879,"combined"
3694.6012051993,3.56756756756757,3.06180439667124e-05,0.260471792421855,"combined"
3806.97987140228,3.58058058058058,2.99890249559871e-05,0.262880646952031,"combined"
3922.77675892772,3.59359359359359,2.93689367043676e-05,0.2652757222091,"combined"
4042.09583979631,3.60660660660661,2.87577613492758e-05,0.267656238693951,"combined"
4165.04424854518,3.61961961961962,2.81554778026709e-05,0.270021415821673,"combined"
4291.73237842216,3.63263263263263,2.75620618295122e-05,0.272370472338035,"combined"
4422.2739805059,3.64564564564565,2.69774861267004e-05,0.274702626740128,"combined"
4556.78626584106,3.65865865865866,2.64017204024234e-05,0.277017097700863,"combined"
4695.39001068006,3.67167167167167,2.58347314558328e-05,0.279313104497014,"combined"
4838.20966492596,3.68468468468468,2.52764832569824e-05,0.281589867440486,"combined"
4985.37346387389,3.6976976976977,2.4726937026955e-05,0.283846608312477,"combined"
5137.01354335134,3.71071071071071,2.41860513181131e-05,0.28608255080021,"combined"
5293.26605836056,3.72372372372372,2.36537820944021e-05,0.28829692093589,"combined"
5454.27130532984,3.73673673673674,2.31300828116424e-05,0.290488947537557,"combined"
5620.17384808319,3.74974974974975,2.26149044977463e-05,0.292657862651469,"combined"
5791.12264764176,3.76276276276276,2.21081958327939e-05,0.294802901995687,"combined"
5967.27119597331,3.77577577577578,2.16099032289102e-05,0.296923305404495,"combined"
6148.77765381002,3.78878878878879,2.11199709098804e-05,0.2990183172733,"combined"
6335.80499265825,3.8018018018018,2.06383409904469e-05,0.301087187003648,"combined"
6528.52114112785,3.81481481481481,2.01649535552306e-05,0.303129169448004,"combined"
6727.09913571234,3.82782782782783,1.9699746737221e-05,0.305143525353918,"combined"
6931.7172761554,3.84084084084084,1.9242656795783e-05,0.307129521807216,"combined"
7142.55928554312,3.85385385385385,1.87936181941266e-05,0.309086432673844,"combined"
7359.81447526577,3.86686686686687,1.83525636761916e-05,0.311013539039995,"combined"
7583.67791499719,3.87987987987988,1.79194243428973e-05,0.312910129650154,"combined"
7814.35060784454,3.89289289289289,1.74941297277115e-05,0.314775501342676,"combined"
8052.03967082547,3.90590590590591,1.70766078714935e-05,0.316608959482537,"combined"
8296.95852083491,3.91891891891892,1.66667853965676e-05,0.318409818390887,"combined"
8549.32706626838,3.93193193193193,1.62645875799871e-05,0.320177401771024,"combined"
8809.37190447399,3.94494494494494,1.58699384259465e-05,0.32191104313043,"combined"
9077.32652521022,3.95795795795796,1.54827607373074e-05,0.323610086198499,"combined"
9353.43152029238,3.97097097097097,1.51029761861986e-05,0.32527388533959,"combined"
9637.9347996158,3.98398398398398,1.47305053836582e-05,0.326901805961041,"combined"
9931.0918137498,3.996996996997,1.43652679482845e-05,0.328493224915788,"combined"
10233.1657833024,4.01001001001001,1.40071825738633e-05,0.330047530899228,"combined"
10544.4279352617,4.02302302302302,1.36561670959449e-05,0.331564124839977,"combined"
10865.1577465254,4.03603603603604,1.33121385573414e-05,0.333042420284166,"combined"
11195.6431948388,4.04904904904905,1.29750132725185e-05,0.334481843772944,"combined"
11536.1810173648,4.06206206206206,1.26447068908591e-05,0.335881835212831,"combined"
11887.076977119,4.07507507507508,1.2321134458774e-05,0.337241848238605,"combined"
12248.6461375093,4.08808808808809,1.20042104806414e-05,0.338561350568373,"combined"
12621.2131452255,4.1011011011011,1.16938489785538e-05,0.339839824350529,"combined"
13005.1125217341,4.11411411411411,1.13899635508562e-05,0.341076766502258,"combined"
13400.6889636395,4.12712712712713,1.1092467429458e-05,0.342271689039287,"combined"
13808.2976521809,4.14014014014014,1.08012735359066e-05,0.34342411939659,"combined"
14228.3045721435,4.15315315315315,1.05162945362072e-05,0.344533600739734,"combined"
14661.0868404698,4.16616616616617,1.0237442894379e-05,0.345599692266589,"combined"
15107.0330448666,4.17917917917918,9.96463092473741e-06,0.346621969499125,"combined"
15566.5435927106,4.19219219219219,9.69777084289366e-06,0.347600024565018,"combined"
16040.0310705682,4.2052052052052,9.43677481546524e-06,0.348533466468814,"combined"
16527.9206146489,4.21821821821822,9.18155500849108e-06,0.349421921352385,"combined"
17030.6502925284,4.23123123123123,8.93202363454744e-06,0.35026503274445,"combined"
17548.6714964815,4.24424424424424,8.68809299856155e-06,0.35106246179891,"combined"
18082.4493487795,4.25725725725726,8.44967554232137e-06,0.351813887521796,"combined"
18632.4631193156,4.27027027027027,8.21668388768097e-06,0.352519006986591,"combined"
19199.2066559328,4.28328328328328,7.98903087846274e-06,0.353177535537751,"combined"
19783.1888278416,4.2962962962963,7.76662962105808e-06,0.353789206982207,"combined"
20384.9339825246,4.30930930930931,7.5493935237301e-06,0.354353773768694,"combined"
21004.9824165392,4.32232232232232,7.33723633462271e-06,0.354871007154715,"combined"
21643.8908606402,4.33533533533534,7.13007217848118e-06,0.355340697360996,"combined"
22302.2329796594,4.34834834834835,6.92781559209122e-06,0.355762653713281,"combined"
22980.5998875885,4.36136136136136,6.73038155844371e-06,0.356136704771337,"combined"
23679.6006783308,4.37437437437437,6.53768553963371e-06,0.35646269844504,"combined"
24399.8629725955,4.38738738738739,6.34964350850335e-06,0.356740502097437,"combined"
25142.033481428,4.4004004004004,6.16617197903863e-06,0.356970002634683,"combined"
25906.7785868801,4.41341341341341,5.98718803553183e-06,0.357151106582777,"combined"
26694.7849403432,4.42642642642643,5.81260936052113e-06,0.357283740151007,"combined"
27506.7600790807,4.43943943943944,5.64235426152076e-06,0.357367849282056,"combined"
28343.4330615131,4.45245245245245,5.47634169655489e-06,0.357403399688727,"combined"
29205.5551218275,4.46546546546547,5.31449129850997e-06,0.357390376877232,"combined"
30093.9003444972,4.47847847847848,5.15672339832037e-06,0.357328786157041,"combined"
31009.2663593193,4.49149149149149,5.00295904700303e-06,0.357218652637275,"combined"
31952.4750575921,4.5045045045045,4.85312003655762e-06,0.357060021209648,"combined"
32924.3733300777,4.51751751751752,4.70712891974875e-06,0.356852956517965,"combined"
33925.8338274099,4.53053053053053,4.56490902878806e-06,0.356597542914227,"combined"
34957.7557436327,4.54354354354354,4.42638449293383e-06,0.356293884401357,"combined"
36021.0656235707,4.55655655655656,4.29148025502676e-06,0.355942104562622,"combined"
37116.7181947577,4.56956956956957,4.16012208698066e-06,0.355542346477813,"combined"
38245.69722467,4.58258258258258,4.03223660424727e-06,0.355094772626255,"combined"
39409.0164040345,4.5955955955956,3.90775127927503e-06,0.354599564776748,"combined"
40607.7202570036,4.60860860860861,3.7865944539817e-06,0.354056923864541,"combined"
41842.8850790158,4.62162162162162,3.66869535126103e-06,0.353467069855454,"combined"
43115.6199031823,4.63463463463463,3.55398408554433e-06,0.352830241597276,"combined"
44427.0674960688,4.64764764764765,3.44239167243738e-06,0.352146696658583,"combined"
45778.4053837662,4.66066066066066,3.33385003745413e-06,0.351416711155124,"combined"
47170.8469091701,4.67367367367367,3.22829202386815e-06,0.350640579563945,"combined"
48605.6423214214,4.68668668668669,3.12565139970332e-06,0.349818614525417,"combined"
50084.0798984821,4.6996996996997,3.02586286388532e-06,0.348951146633364,"combined"
51607.4871038591,4.71271271271271,2.9288620515755e-06,0.348038524213478,"combined"
53177.2317785097,4.72572572572573,2.83458553870884e-06,0.347081113090244,"combined"
54794.7233690028,4.73873873873874,2.74297084575785e-06,0.346079296342576,"combined"
56461.4141930367,4.75175175175175,2.65395644074408e-06,0.3450334740484,"combined"
58178.8007434494,4.76476476476476,2.56748174151917e-06,0.343944063018429,"combined"
59948.4250318941,4.77777777777778,2.4834871173371e-06,0.342811496519369,"combined"
61771.8759733849,4.79079079079079,2.40191388973946e-06,0.341636223986813,"combined"
63650.7908129556,4.8038038038038,2.32270433277537e-06,0.340418710728094,"combined"
65586.8565957144,4.81681681681682,2.24580167257768e-06,0.339159437615375,"combined"
67581.8116816111,4.82982982982983,2.17115008631689e-06,0.337858900769246,"combined"
69637.4473062822,4.84284284284284,2.09869470055417e-06,0.336517611233137,"combined"
71755.6091893692,4.85585585585586,2.02838158901467e-06,0.335136094638827,"combined"
73938.1991917586,4.86886886886887,1.96015776980222e-06,0.333714890863375,"combined"
76187.17702323,4.88188188188188,1.89397120207625e-06,0.33225455367777,"combined"
78504.5620020451,4.8948948948949,1.82977078221168e-06,0.330755650387626,"combined"
80892.4348680594,4.90790790790791,1.76750633946207e-06,0.329218761466255,"combined"
83352.9396509819,4.92092092092092,1.70712863114656e-06,0.327644480180435,"combined"
85888.2855954626,4.93393393393393,1.64858933738029e-06,0.326033412209221,"combined"
88500.7491447344,4.94694694694695,1.59184105536837e-06,0.324386175256146,"combined"
91192.675984593,4.95995995995996,1.53683729328253e-06,0.322703398655141,"combined"
93966.4831495469,4.97297297297297,1.48353246374002e-06,0.320985722970542,"combined"
96824.6611930311,4.98598598598599,1.4318818769034e-06,0.319233799591537,"combined"
99769.7764236321,4.998998998999,1.38184173322002e-06,0.3174482903214,"combined"
102804.473209331,5.01201201201201,1.33336911581942e-06,0.315629866961891,"combined"
105931.476351837,5.02502502502503,1.28642198258664e-06,0.313779210893169,"combined"
109153.593533139,5.03803803803804,1.2409591579292e-06,0.311897012649601,"combined"
112473.717836475,5.05105105105105,1.19694032425496e-06,0.309983971491819,"combined"
115894.830343981,5.06406406406406,1.15432601317803e-06,0.308040794975412,"combined"
119420.002813353,5.07707707707708,1.1130775964692e-06,0.306068198516608,"combined"
123052.400435926,5.09009009009009,1.07315727676732e-06,0.304066904955331,"combined"
126795.284678643,5.1031031031031,1.0345280780676e-06,0.302037644115987,"combined"
130652.016212472,5.11611611611612,9.97153836002272e-07,0.29998115236638,"combined"
134626.057929891,5.12912912912913,9.60999187928988e-07,0.297898172175089,"combined"
138720.978054162,5.14214214214214,9.2602956284177e-07,0.295789451667718,"combined"
142940.453343176,5.15515515515516,8.9221117111893e-07,0.293655744182346,"combined"
147288.27239075,5.16816816816817,8.5951099412218e-07,0.291497807824586,"combined"
151768.33902834,5.18118118118118,8.27896773660595e-07,0.289316405022575,"combined"
156384.675830225,5.19419419419419,7.97337001332837e-07,0.287112302082293,"combined"
161141.427725302,5.20720720720721,7.6780090776062e-07,0.284886268743547,"combined"
166042.865718753,5.22022022022022,7.39258451726017e-07,0.282639077736984,"combined"
171093.390726901,5.23323323323323,7.11680309224886e-07,0.280371504342486,"combined"
176297.53752872,5.24624624624625,6.85037862448238e-07,0.278084325949292,"combined"
181659.978837533,5.25925925925926,6.59303188703082e-07,0.275778321618189,"combined"
187185.529496558,5.27227227227227,6.34449049283839e-07,0.273454271646121,"combined"
192879.150802078,5.28528528528529,6.10448878305089e-07,0.271112957133534,"combined"
198745.954958098,5.2982982982983,5.8727677150604e-07,0.268755159554798,"combined"
204791.209666508,5.31131131131131,5.64907475036733e-07,0.266381660332026,"combined"
211020.34285686,5.32432432432432,5.43316374235653e-07,0.263993240412606,"combined"
217438.947560008,5.33733733733734,5.22479482408037e-07,0.261590679850751,"combined"
224052.786930002,5.35035035035035,5.02373429613821e-07,0.259174757393382,"combined"
230867.799418717,5.36336336336336,4.82975451473855e-07,0.256746250070637,"combined"
237890.104107889,5.37637637637638,4.64263378002592e-07,0.254305932791291,"combined"
245126.006203334,5.38938938938939,4.46215622475199e-07,0.251854577943375,"combined"
252582.002696278,5.4024024024024,4.28811170336643e-07,0.249392955000272,"combined"
260264.7881969,5.41541541541542,4.12029568159985e-07,0.246921830132551,"combined"
268181.260945301,5.42842842842843,3.95850912660827e-07,0.244441965825801,"combined"
276338.529005317,5.44144144144144,3.80255839774459e-07,0.241954120504723,"combined"
284743.916646725,5.45445445445445,3.65225513802034e-07,0.239459048163708,"combined"
293404.970921579,5.46746746746747,3.50741616631681e-07,0.236957498004156,"combined"
302329.468440578,5.48048048048048,3.36786337040267e-07,0.23445021407874,"combined"
311525.422355548,5.49349349349349,3.23342360081132e-07,0.231937934942849,"combined"
321001.089554317,5.50650650650651,3.10392856562901e-07,0.229421393313407,"combined"
330764.978074424,5.51951951951952,2.97921472624122e-07,0.226901315735276,"combined"
340825.854742345,5.53253253253253,2.85912319408263e-07,0.224378422255422,"combined"
351192.753045073,5.54554554554555,2.74349962843282e-07,0.22185342610503,"combined"
361874.981241128,5.55855855855856,2.63219413529737e-07,0.21932703338974,"combined"
372882.130718284,5.57157157157157,2.52506116741143e-07,0.216799942788157,"combined"
384224.084605506,5.58458458458458,2.42195942540019e-07,0.214272845258801,"combined"
395911.026646846,5.5975975975976,2.32275176012821e-07,0.211746423755618,"combined"
407953.450345245,5.61061061061061,2.22730507626737e-07,0.209221352952205,"combined"
420362.168384471,5.62362362362362,2.13549023711057e-07,0.206698298974852,"combined"
433148.32233764,5.63663663663664,2.04718197065616e-07,0.204177919144531,"combined"
446323.39267104,5.64964964964965,1.96225877698597e-07,0.20166086172792,"combined"
459899.209052244,5.66266266266266,1.88060283695745e-07,0.199147765697564,"combined"
473887.960971765,5.67567567567568,1.80209992222862e-07,0.196639260501251,"combined"
488302.208687787,5.68868868868869,1.72663930663219e-07,0.194135965840679,"combined"
503154.894503806,5.7017017017017,1.65411367891371e-07,0.191638491459474,"combined"
518459.354389291,5.71471471471471,1.58441905684618e-07,0.189147436940624,"combined"
534229.329953835,5.72772772772773,1.51745470273224e-07,0.18666339151335,"combined"
550478.980785497,5.74074074074074,1.45312304030303e-07,0.184186933869478,"combined"
567222.897164454,5.75375375375375,1.39132957302124e-07,0.181718631989319,"combined"
584476.113163364,5.76676676676677,1.33198280379405e-07,0.179259042977069,"combined"
602254.120146193,5.77977977977978,1.27499415610054e-07,0.176808712905757,"combined"
620572.88067765,5.79279279279279,1.22027789653597e-07,0.174368176671719,"combined"
639448.842855694,5.8058058058058,1.16775105877472e-07,0.171937957858593,"combined"
658898.955079994,5.81881881881882,1.11733336895152e-07,0.169518568610819,"combined"
678940.681269611,5.83183183183183,1.06894717245975e-07,0.167110509516611,"combined"
699592.016543537,5.84484484484484,1.02251736216434e-07,0.164714269500363,"combined"
720871.503378213,5.85785785785786,9.77971308025175e-08,0.162330325724451,"combined"
742798.248256491,5.87087087087087,9.35238788126348e-08,0.159959143500362,"combined"
765391.938823014,5.88388388388388,8.94251921105e-08,0.157601176209104,"combined"
788672.861561416,5.8968968968969,8.54945099972771e-08,0.155256865230824,"combined"
812661.920009195,5.90990990990991,8.1725492732175e-08,0.152926639883539,"combined"
837380.653526649,5.92292292292292,7.81120151905907e-08,0.150610917370927,"combined"
862851.256636689,5.93593593593594,7.4648160658815e-08,0.148310102739055,"combined"
889096.598952917,5.94894894894895,7.13282147642239e-08,0.146024588841961,"combined"
916140.245713852,5.96196196196196,6.81466595398083e-08,0.143754756315983,"combined"
944006.47894176,5.97497497497497,6.50981676218119e-08,0.14150097356272,"combined"
972720.319245054,5.98798798798799,6.21775965791877e-08,0.139263596740497,"combined"
1002307.54828386,6.001001001001,5.93799833735103e-08,0.137042969764231,"combined"
1032794.73191895,6.01401401401401,5.67005389479235e-08,0.134839424313538,"combined"
1064209.24406472,6.02702702702703,5.41346429436503e-08,0.132653279848971,"combined"
1096579.29126781,6.04004004004004,5.16778385425308e-08,0.130484843636224,"combined"
1129933.93803322,6.05305305305305,4.93258274340167e-08,0.128334410778173,"combined"
1164303.13292088,6.06606606606607,4.70744649049964e-08,0.126202264254582,"combined"
1199717.73543589,6.07907907907908,4.49197550507921e-08,0.124088674969341,"combined"
1236209.54373677,6.09209209209209,4.28578461056266e-08,0.121993901805043,"combined"
1273811.32318648,6.1051051051051,4.08850258908282e-08,0.119918191684764,"combined"
1312556.83577184,6.11811811811812,3.89977173790115e-08,0.117861779640854,"combined"
1352480.87041787,6.13113113113113,3.71924743724425e-08,0.115824888890578,"combined"
1393619.27422414,6.14414414414414,3.54659772937748e-08,0.113807730918421,"combined"
1436008.98465126,6.15715715715716,3.38150290873231e-08,0.111810505564879,"combined"
1479688.0626864,6.17017017017017,3.2236551229019e-08,0.109833401121555,"combined"
1524695.72701757,6.18318318318318,3.07275798431842e-08,0.107876594432372,"combined"
1571072.38924745,6.1961961961962,2.92852619242397e-08,0.105940251000707,"combined"
1618859.6901782,6.20920920920921,2.79068516614607e-08,0.104024525102268,"combined"
1668100.53720006,6.22222222222222,2.65897068648812e-08,0.102129559903506,"combined"
1718839.14281715,6.23523523523524,2.53312854904438e-08,0.100255487585381,"combined"
1771121.06434509,6.24824824824825,2.41291422624932e-08,0.0984024294722706,"combined"
1824993.24481615,6.26126126126126,2.29809253917036e-08,0.0965704961658387,"combined"
1880504.05512858,6.27427427427427,2.18843733865384e-08,0.0947597876836512,"combined"
1937703.33747799,6.28728728728729,2.08373119563419e-08,0.092970393602349,"combined"
1996642.45010979,6.3003003003003,1.98376510041639e-08,0.0912023932051718,"combined"
2057374.31343291,6.31331331331331,1.88833817074332e-08,0.0894558556336359,"combined"
2119953.45753607,6.32632632632633,1.79725736845965e-08,0.0877308400431621,"combined"
2184436.07114943,6.33933933933934,1.71033722458549e-08,0.0860273957624548,"combined"
2250880.05209546,6.35235235235235,1.62739957261396e-08,0.0843455624564317,"combined"
2319345.05927443,6.36536536536537,1.54827328984823e-08,0.0826853702925016,"combined"
2389892.56623105,6.37837837837838,1.47279404659495e-08,0.0810468401099952,"combined"
2462585.91635054,6.39139139139139,1.40080406303268e-08,0.0794299835925469,"combined"
2537490.37973357,6.4044044044044,1.33215187357554e-08,0.077834803443232,"combined"
2614673.21180109,6.41741741741742,1.2666920985541e-08,0.0762612935622635,"combined"
2694203.71368188,6.43043043043043,1.20428522303738e-08,0.0747094392270524,"combined"
2776153.2944368,6.44344344344344,1.14479738262207e-08,0.0731792172744409,"combined"
2860595.53517574,6.45645645645646,1.08810015601673e-08,0.071670596284916,"combined"
2947606.25512486,6.46946946946947,1.03407036425129e-08,0.0701835367686151,"combined"
3037263.57970331,6.48248248248248,9.82589876344247e-09,0.0687179913529362,"combined"
3129648.01067075,6.4954954954955,9.33545421262076e-09,0.0672739049715696,"combined"
3224842.49840844,6.50850850850851,8.8682840600817e-09,0.0658512150547668,"combined"
3322932.51639898,6.52152152152152,8.42334739680559e-09,0.0644498517206704,"combined"
3424006.13797143,6.53453453453453,7.9996466334047e-09,0.063069737967525,"combined"
3528154.11538088,6.54754754754755,7.59622585536102e-09,0.061710789866598,"combined"
3635469.96129332,6.56056056056056,7.21216923328679e-09,0.060372916755638,"combined"
3746050.03274899,6.57357357357357,6.84659948670316e-09,0.0590560214327041,"combined"
3859993.61767977,6.58658658658659,6.49867639985916e-09,0.0577600003502017,"combined"
3977403.02405804,6.5995995995996,6.16759538813928e-09,0.0564847438089631,"combined"
4098383.67175726,6.61261261261261,5.85258611363451e-09,0.0552301361522165,"combined"
4223044.18720667,6.62562562562563,5.55291114847871e-09,0.0539960559592883,"combined"
4351496.50092505,6.63863863863864,5.26786468457878e-09,0.0527823762388898,"combined"
4483855.94802119,6.65165165165165,4.99677128839406e-09,0.05158896462184,"combined"
4620241.37175131,6.66466466466466,4.7389846994477e-09,0.0504156835530835,"combined"
4760775.23022637,6.67767767767768,4.49388667127922e-09,0.0492623904828627,"combined"
4905583.70636505,6.69069069069069,4.26088585357521e-09,0.0481289380569109,"combined"
5054796.82119124,6.7037037037037,4.03941671424124e-09,0.0470151743055349,"combined"
5208548.55057767,6.71671671671672,3.82893850020567e-09,0.0459209428314589,"combined"
5366976.94554048,6.72972972972973,3.62893423577223e-09,0.0448460829963086,"combined"
5530224.2561929,6.74274274274274,3.43890975736509e-09,0.0437904301056155,"combined"
5698437.05946914,6.75575575575576,3.2583927835369e-09,0.0427538155922271,"combined"
5871766.39073325,6.76876876876877,3.08693201913583e-09,0.0417360671980124,"combined"
6050367.87939122,6.78178178178178,2.92409629255451e-09,0.0407370091537566,"combined"
6234401.88862786,6.7947947947948,2.76947372500908e-09,0.0397564623571436,"combined"
6424033.65939419,6.80780780780781,2.62267093082228e-09,0.038794244548726,"combined"
6619433.45877439,6.82082082082082,2.48331224771019e-09,0.0378501704857925,"combined"
6820776.73286568,6.83383383383383,2.35103899609665e-09,0.0369240521140404,"combined"
7028244.26430835,6.84684684684685,2.22550876650486e-09,0.0360156987369694,"combined"
7242022.33460732,6.85985985985986,2.10639473409967e-09,0.0351249171829157,"combined"
7462302.89139111,6.87287287287287,1.99338499947818e-09,0.0342515119696488,"combined"
7689283.72075831,6.88588588588589,1.88618195483063e-09,0.0333952854664595,"combined"
7923168.62486625,6.8988988988989,1.7845016746163e-09,0.0325560380536699,"combined"
8164167.60492147,6.91191191191191,1.68807332992276e-09,0.0317335682795009,"combined"
8412497.04973612,6.92492492492492,1.59663862569951e-09,0.0309276730142384,"combined"
8668379.93001977,6.93793793793794,1.50995126007908e-09,0.0301381476016391,"combined"
8932045.99858096,6.95095095095095,1.42777640502132e-09,0.0293647860075274,"combined"
9203731.99661823,6.96396396396396,1.34989020753753e-09,0.0286073809655323,"combined"
9483681.86628593,6.97697697697698,1.27607931077293e-09,0.0278657241199205,"combined"
9772146.96972572,6.98998998998999,1.20614039424638e-09,0.0271396061654871,"combined"
10069386.3147603,7.003003003003,1.1398797325671e-09,0.0264288169844643,"combined"
10375666.7874518,7.01601601601602,1.07711277196789e-09,0.0257331457804179,"combined"
10691263.3917348,7.02902902902903,1.01766372401415e-09,0.0250523812091003,"combined"
11016459.4963365,7.04204204204204,9.61365175867438e-10,0.024386311506236,"combined"
11351547.08921,7.05505505505506,9.08057716500758e-10,0.0237347246122163,"combined"
11696827.0397039,7.06806806806807,8.57589578281734e-10,0.0230974082936855,"combined"
12052609.3687084,7.08108108108108,8.09816293357432e-10,0.0224741502620031,"combined"
12419213.5270178,7.0940940940941,7.6460036429253e-10,0.0218647382885697,"combined"
12796968.6821594,7.10710710710711,7.21810948429828e-10,0.021268960317009,"combined"
13186214.0139475,7.12012012012012,6.81323555458626e-10,0.0206866045722,"combined"
13587299.0190271,7.13313313313313,6.43019757693445e-10,0.0201174596661569,"combined"
14000583.824681,7.14614614614615,6.06786912581169e-10,0.0195613147007577,"combined"
14426439.5121816,7.15915915915916,5.72517896970723e-10,0.019017959367325,"combined"
14865248.4499785,7.17217217217217,5.40110852694517e-10,0.0184871840430668,"combined"
15317404.6370208,7.18518518518519,5.09468943025811e-10,0.0179687798843829,"combined"
15783314.0565212,7.1981981981982,4.80500119590805e-10,0.0174625389170547,"combined"
16263395.0404819,7.21121121121121,4.5311689932822e-10,0.0169682541233272,"combined"
16758078.6453077,7.22422422422422,4.27236151103117e-10,0.0164857195259035,"combined"
17267809.0388435,7.23723723723724,4.02778891595008e-10,0.016014730268871,"combined"
17793043.8991858,7.25025025025025,3.79670090093373e-10,0.0155550826955801,"combined"
18334254.8256229,7.26326326326326,3.57838481846456e-10,0.0151065744235003,"combined"
18891927.7620766,7.27627627627628,3.37216389621502e-10,0.0146690044160794,"combined"
19466563.4334226,7.28928928928929,3.17739553146615e-10,0.0142421730516342,"combined"
20058677.7950823,7.3023023023023,2.99346966116142e-10,0.0138258821893038,"combined"
20668802.4962908,7.31531531531532,2.81980720452666e-10,0.0134199352320951,"combined"
21297485.3574552,7.32832832832833,2.65585857529903e-10,0.0130241371870581,"combined"
21945290.8620331,7.34134134134134,2.50110226071245e-10,0.0126382947226233,"combined"
22612800.6633728,7.35435435435435,2.35504346449224e-10,0.0122622162231399,"combined"
23300614.1069692,7.36736736736737,2.21721281121165e-10,0.0118957118406537,"combined"
24009348.7686065,7.38038038038038,2.08716510945962e-10,0.0115385935439645,"combined"
24739641.0088682,7.39339339339339,1.96447817136518e-10,0.0111906751650045,"combined"
25492146.5445142,7.40640640640641,1.84875168611358e-10,0.0108517724425806,"combined"
26267541.0372384,7.41941941941942,1.73960614517942e-10,0.0105217030635245,"combined"
27066520.7003324,7.43243243243243,1.63668181708698e-10,0.0102002867012966,"combined"
27889802.9238044,7.44544544544545,1.53963776959144e-10,0.00988734505208765,"combined"
28738126.9185107,7.45845845845846,1.44815093725512e-10,0.00958270186846835,"combined"
29612254.3798803,7.47147147147147,1.36191523247057e-10,0.00928618299063178,"combined"
30512970.1718287,7.48448448448448,1.28064069805758e-10,0.0089976163752792,"combined"
31441083.0314726,7.4974974974975,1.20405269963455e-10,0.00871683212219859,"combined"
32397426.295282,7.51051051051051,1.13189115603385e-10,0.00844366249858482,"combined"
33382858.6473176,7.52352352352352,1.06390980610028e-10,0.00817794196115364,"combined"
34398264.8902292,7.53653653653654,9.99875510276123e-11,0.00791950717609924,"combined"
35444556.7397044,7.54954954954955,9.39567585440498e-11,0.00766819703694775,"combined"
36522673.6430817,7.56256256256256,8.82777171531929e-11,0.00742385268035842,"combined"
37633583.6228653,7.57557557557558,8.29306628541658e-11,0.0071863174999243,"combined"
38778284.1458946,7.58858858858859,7.78968962523081e-11,0.00695543715802541,"combined"
39957803.0189527,7.6016016016016,7.31587279316979e-11,0.00673105959578632,"combined"
41173199.3116168,7.61461461461461,6.86994264745854e-11,0.00651303504119122,"combined"
42425564.3071777,7.62762762762763,6.45031690081638e-11,0.00630121601540915,"combined"
43716022.482485,7.64064064064064,6.05549941640321e-11,0.00609545733738172,"combined"
45045732.5175946,7.65365365365365,5.68407573404867e-11,0.00589561612672633,"combined"
46415888.3361277,7.66666666666667,5.33470881623263e-11,0.00570155180500707,"combined"
47827720.1772749,7.67967967967968,5.00613500372909e-11,0.00551312609542557,"combined"
49282495.700405,7.69269269269269,4.69716017125011e-11,0.00533020302098417,"combined"
50781521.1232767,7.7057057057057,4.40665607383394e-11,0.00515264890117263,"combined"
52326142.3948667,7.71871871871872,4.13355687511686e-11,0.00498033234723043,"combined"
53917746.4038749,7.73173173173173,3.8768558490059e-11,0.00481312425603521,"combined"
55557762.2239888,7.74474474474474,3.63560224663371e-11,0.00465089780266818,"combined"
57247662.3970219,7.75775775775776,3.40889832082864e-11,0.00449352843170699,"combined"
58988964.2550849,7.77077077077077,3.19589650066728e-11,0.00434089384729531,"combined"
60783231.2829724,7.78378378378378,2.99579670900287e-11,0.00419287400203841,"combined"
62632074.5219868,7.7967967967968,2.80784381617259e-11,0.00404935108477382,"combined"
64537154.016467,7.80980980980981,2.6313252233856e-11,0.00391020950726427,"combined"
66500180.3043113,7.82282282282282,2.46556856958132e-11,0.00377533588986116,"combined"
68522915.9528406,7.83583583583584,2.30993955582223e-11,0.00364461904618465,"combined"
70607177.1413778,7.84884884884885,2.1638398815502e-11,0.00351794996686668,"combined"
72754835.2919622,7.86186186186186,2.02670528728957e-11,0.00339522180240248,"combined"
74967818.7496688,7.87487487487487,1.89800369862286e-11,0.00327632984515462,"combined"
77248114.5140342,7.88788788788789,1.77723346649971e-11,0.00316117151055415,"combined"
79597770.0231498,7.9009009009009,1.66392169916261e-11,0.00304964631754125,"combined"
82018894.9920221,7.91391391391391,1.55762268118845e-11,0.00294165586828818,"combined"
84513663.306847,7.92692692692693,1.45791637535087e-11,0.00283710382724574,"combined"
87084314.9769072,7.93993993993994,1.36440700320496e-11,0.00273589589955389,"combined"
89733158.1458354,7.95295295295295,1.276721700486e-11,0.00263793980885651,"combined"
92462571.1640573,7.96596596596597,1.19450924359397e-11,0.00254314527455902,"combined"
95275004.724273,7.97897897897898,1.11743884360963e-11,0.00245142398856706,"combined"
98172984.0618882,7.99199199199199,1.04519900445395e-11,0.00236268959154348,"combined"
101159111.222383,8.005005005005,9.77496441961061e-12,0.00227685764871981,"combined"
104236067.39764,8.01801801801802,9.14055060787907e-12,0.00219384562529779,"combined"
107406615.333343,8.03103103103103,8.54614986228233e-12,0.00211357286147546,"combined"
110673601.809597,8.04404404404404,7.98931648138653e-12,0.00203596054713124,"combined"
114039960.197003,8.05705705705706,7.4677491431713e-12,0.00196093169619911,"combined"
117508713.090481,8.07007007007007,6.97928270801555e-12,0.00188841112076632,"combined"
121082975.023204,8.08308308308308,6.5218804667792e-12,0.00181832540492482,"combined"
124765955.263087,8.0960960960961,6.09362681103702e-12,0.00175060287840626,"combined"
128560960.69433,8.10910910910911,5.69272030363141e-12,0.00168517359002965,"combined"
132471398.786611,8.12212212212212,5.31746712877443e-12,0.00162196928099007,"combined"
136500780.654601,8.13513513513514,4.96627490193882e-12,0.00156092335801544,"combined"
140652724.210524,8.14814814814815,4.63764682075015e-12,0.001501970866418,"combined"
144930957.412621,8.16116116116116,4.33017613901182e-12,0.00144504846306584,"combined"
149339321.612425,8.17417417417417,4.04254094687868e-12,0.0013900943892992,"combined"
153881775.003834,8.18718718718719,3.77349924103643e-12,0.00133704844381528,"combined"
158562396.177114,8.2002002002002,3.52188426954433e-12,0.00128585195554438,"combined"
163385387.780986,8.21321321321321,3.28660013676726e-12,0.0012364477565395,"combined"
168355080.29612,8.22622622622623,3.06661765455045e-12,0.00118878015490041,"combined"
173475935.923393,8.23923923923924,2.86097042648786e-12,0.00114279490775269,"combined"
178752552.590423,8.25225225225225,2.66875115279781e-12,0.00109843919430115,"combined"
184189668.079971,8.26526526526527,2.48910814395163e-12,0.00105566158897624,"combined"
189792164.28391,8.27827827827828,2.32124203180356e-12,0.00101441203469152,"combined"
195565071.586595,8.29129129129129,2.16440266754382e-12,0.00097464181622901,"combined"
201513573.381556,8.3043043043043,2.01788619634273e-12,0.00093630353376888,"combined"
207643010.725577,8.31731731731732,1.88103229907516e-12,0.000899351076579027,"combined"
213958887.134342,8.33033033033033,1.75322159200804e-12,0.000863739596879114,"combined"
220466873.523941,8.34334334334334,1.63387317580699e-12,0.00082942548389331,"combined"
227172813.30269,8.35635635635636,1.52244232566515e-12,0.000796366338104863,"combined"
234082727.617829,8.36936936936937,1.41841831478473e-12,0.000764520945725161,"combined"
241202820.7618,8.38238238238238,1.32132236384782e-12,0.000733849253389183,"combined"
248539485.74298,8.3953953953954,1.2307057094983e-12,0.000704312343088435,"combined"
256099310.025846,8.40840840840841,1.14614778522453e-12,0.00067587240735203,"combined"
263889081.445751,8.42142142142142,1.06725450838063e-12,0.000648492724685693,"combined"
271915794.303602,8.43443443443443,9.93656667416197e-13,0.000622137635277932,"combined"
280186655.645919,8.44744744744745,9.25008403699158e-13,0.000596772516982092,"combined"
288709091.735923,8.46046046046046,8.60985782615669e-13,0.000572363761582141,"combined"
297490754.721444,8.47347347347347,8.0128544891541e-13,0.000548878751349779,"combined"
306539529.505652,8.48648648648649,7.45623361540448e-13,0.000526285835899588,"combined"
315863540.826782,8.4994994994995,6.93733603432117e-13,0.000504554309348569,"combined"
325471160.553184,8.51251251251251,6.45367262053823e-13,0.000483654387785845,"combined"
335371015.200293,8.52552552552553,6.00291376598266e-13,0.000463557187057673,"combined"
345571993.676214,8.53853853853854,5.58287948066954e-13,0.000444234700872572,"combined"
356083255.262927,8.55155155155155,5.19153008617485e-13,0.000425659779230715,"combined"
366914237.840249,8.56456456456456,4.8269574677128e-13,0.000407806107181368,"combined"
378074666.359934,8.57757757757758,4.48737685261484e-13,0.000390648183911668,"combined"
389574561.57755,8.59059059059059,4.17111908477676e-13,0.000374161302169538,"combined"
401424249.049933,8.6036036036036,3.87662336632427e-13,0.000358321528023192,"combined"
413634368.406327,8.61661661661662,3.60243043933573e-13,0.000343105680959195,"combined"
426215882.901532,8.62962962962963,3.34717618197194e-13,0.000328491314320672,"combined"
439180089.259608,8.64264264264264,3.10958559479108e-13,0.000314456696086909,"combined"
452538627.817017,8.65565565565566,2.88846715438009e-13,0.000300980789995135,"combined"
466303492.974274,8.66866866866867,2.68270751271715e-13,0.000288043237005024,"combined"
480487043.965512,8.68168168168168,2.49126652189151e-13,0.000275624337106026,"combined"
495102015.955635,8.6946946946947,2.31317256495809e-13,0.000263705031467368,"combined"
510161531.474982,8.70770770770771,2.14751817479e-13,0.000252266884930232,"combined"
525679112.201842,8.72072072072072,1.99345592382161e-13,0.000241292068841318,"combined"
541668691.103316,8.73373373373373,1.85019456854849e-13,0.000230763344226736,"combined"
558144624.945495,8.74674674674675,1.71699543357079e-13,0.000220664045304859,"combined"
575121707.184161,8.75975975975976,1.59316902083764e-13,0.000210978063336567,"combined"
592615181.247556,8.77277277277277,1.47807183057365e-13,0.00020168983081103,"combined"
610640754.223204,8.78578578578579,1.37110338114646e-13,0.00019278430596495,"combined"
629214610.961035,8.7987987987988,1.27170341587022e-13,0.000184246957632967,"combined"
648353428.605471,8.81181181181181,1.17934928543519e-13,0.000176063750426755,"combined"
668074391.569561,8.82482482482482,1.09355349530986e-13,0.000168221130240068,"combined"
688395206.964551,8.83783783783784,1.01386140808327e-13,0.000160706010076898,"combined"
709334120.498799,8.85085085085085,9.39849091300201e-14,0.000153505756199669,"combined"
730909932.860292,8.86386386386386,8.71121301895934e-14,0.000146608174594252,"combined"
753142016.597436,8.87687687687688,8.07309598859427e-14,0.000140001497748457,"combined"
776050333.513357,8.88988988988989,7.48070576246545e-14,0.00013367437174046,"combined"
799655452.589236,8.9029029029029,6.93084209130701e-14,0.000127615843633567,"combined"
823978568.452851,8.91591591591592,6.42052305517054e-14,0.000121815349173524,"combined"
849041520.408876,8.92892892892893,5.94697057660628e-14,0.000116262700784521,"combined"
874866812.04799,8.94194194194194,5.50759686619604e-14,0.000110948075859914,"combined"
901477631.452492,8.95495495495495,5.09999174243048e-14,0.000105862005343593,"combined"
928897872.016452,8.96796796796797,4.72191077140156e-14,0.000100995362597851,"combined"
957152153.899186,8.98098098098098,4.37126417505141e-14,9.63393525535247e-05,"combined"
986265846.131283,8.99399399399399,4.04610645980771e-14,9.18855011381069e-05,"combined"
1016265089.39299,9.00700700700701,3.74462672034343e-14,8.76256449774776e-05,"combined"
1047176819.48552,9.02002002002002,3.46513957593688e-14,8.35519213668324e-05,"combined"
1079028791.51619,9.03303303303303,3.20607669949251e-14,7.96567585063687e-05,"combined"
1111849604.81927,9.04604604604605,2.96597890171017e-14,7.593286599721e-05,"combined"
1145668728.63487,9.05905905905906,2.74348873518212e-14,7.23732255930525e-05,"combined"
1180516528.5688,9.07207207207207,2.53734358535084e-14,6.89710822029734e-05,"combined"
1216424293.85737,9.08508508508509,2.34636921728931e-14,6.57199351408204e-05,"combined"
1253424265.4614,9.0980980980981,2.16947374917481e-14,6.26135296165934e-05,"combined"
1291549665.01488,9.11111111111111,2.00564202512345e-14,5.9645848465213e-05,"combined"
1330834724.65408,9.12412412412412,1.85393036174199e-14,5.68111041080731e-05,"combined"
1371314717.75394,9.13713713713714,1.71346164434463e-14,5.41037307427751e-05,"combined"
1413025990.59953,9.15015015015015,1.58342075027513e-14,5.15183767564375e-05,"combined"
1456005995.02065,9.16316316316316,1.46305027818242e-14,4.90498973580045e-05,"combined"
1500293322.01922,9.17617617617618,1.35164656341758e-14,4.66933474249705e-05,"combined"
1545927736.41948,9.18918918918919,1.24855596096295e-14,4.44439745599732e-05,"combined"
1592950212.57212,9.2022022022022,1.15317137847127e-14,4.22972123527255e-05,"combined"
1641402971.14447,9.21521521521522,1.06492904308887e-14,4.02486738427751e-05,"combined"
1691329517.02965,9.22822822822823,9.8330548676808e-15,3.82941451786288e-05,"combined"
1742774678.40892,9.24124124124124,9.07814735740658e-15,3.64295794687934e-05,"combined"
1795784647.0021,9.25425425425425,8.38005690733654e-15,3.46510908203324e-05,"combined"
1850407019.5423,9.26726726726727,7.73459685361794e-15,3.29549485605777e-05,"combined"
1906690840.51225,9.28028028028028,7.13788210931518e-15,3.1337571637669e-05,"combined"
1964686646.18045,9.29329329329329,6.58630796643737e-15,2.97955231956505e-05,"combined"
2024446509.9768,9.30630630630631,6.0765303488756e-15,2.83255053198896e-05,"combined"
2086024089.2485,9.31931931931932,5.60544741979316e-15,2.69243539486399e-05,"combined"
2149474673.43798,9.33233233233233,5.17018245322131e-15,2.55890339466212e-05,"combined"
2214855233.72636,9.34534534534535,4.76806788543429e-15,2.43166343365358e-05,"combined"
2282224474.1869,9.35835835835836,4.39663046714159e-15,2.31043636845047e-05,"combined"
2351642884.49435,9.37137137137137,4.0535774426532e-15,2.1949545635456e-05,"combined"
2423172794.2376,9.38438438438438,3.73678368697419e-15,2.08496145945595e-05,"combined"
2496878428.88432,9.3973973973974,3.44427973628429e-15,1.9802111550861e-05,"combined"
2572825967.44793,9.41041041041041,3.17424065147176e-15,1.88046800393257e-05,"combined"
2651083601.90854,9.42342342342342,2.92497565834303e-15,1.78550622375678e-05,"combined"
2731721598.44137,9.43643643643644,2.69491851182683e-15,1.69510951935991e-05,"combined"
2814812360.50758,9.44944944944945,2.482618534959e-15,1.60907071809964e-05,"combined"
2900430493.86399,9.46246246246246,2.28673228667797e-15,1.52719141779508e-05,"combined"
2988652873.55038,9.47547547547548,2.10601581549899e-15,1.44928164667212e-05,"combined"
3079558712.91423,9.48848848848849,1.93931745898046e-15,1.37515953500887e-05,"combined"
3173229634.73497,9.5015015015015,1.78557115155562e-15,1.30465099814608e-05,"combined"
3269749744.51177,9.51451451451451,1.6437902057957e-15,1.237589430535e-05,"combined"
3369205705.98026,9.52752752752753,1.51306153449997e-15,1.17381541050116e-05,"combined"
3471686818.92656,9.54054054054054,1.39254028318854e-15,1.11317641540903e-05,"combined"
3577285099.36788,9.55355355355355,1.28144484461279e-15,1.05552654691945e-05,"combined"
3686095362.17215,9.56656656656657,1.17905222880527e-15,1.00072626603762e-05,"combined"
3798215306.19074,9.57957957957958,1.08469376397295e-15,9.48642137656604e-06,"combined"
3913745601.98038,9.59259259259259,9.97751105205387e-16,8.99146584307402e-06,"combined"
4032789982.1937,9.6056056056056,9.1765252952552e-16,8.5211764883295e-06,"combined"
4155455334.71888,9.61861861861862,8.43869497267759e-16,8.07438765710363e-06,"combined"
4281851798.65241,9.63163163163163,7.75913461126801e-16,7.6499854075155e-06,"combined"
4412092863.19119,9.64464464464464,7.13332905491816e-16,7.2469053891893e-06,"combined"
4546295469.53239,9.65765765765766,6.55710599866893e-16,6.86413079999323e-06,"combined"
4684580115.87304,9.67067067067067,6.02661051286485e-16,6.50069041884979e-06,"combined"
4827070965.60319,9.68368368368368,5.53828141669658e-16,6.15565671217324e-06,"combined"
4973895958.79006,9.6966966966967,5.08882937022211e-16,5.82814401154615e-06,"combined"
5125186927.05333,9.70970970970971,4.67521656297533e-16,5.51730676031066e-06,"combined"
5281079711.93432,9.72272272272272,4.29463788568109e-16,5.22233782680834e-06,"combined"
5441714286.86589,9.73573573573574,3.94450347944441e-16,4.94246688206056e-06,"combined"
5607234882.85204,9.74874874874875,3.62242256410499e-16,4.67695883974059e-06,"combined"
5777790117.9705,9.76176176176176,3.32618845427597e-16,4.4251123563445e-06,"combined"
5953533130.81437,9.77477477477477,3.05376467795549e-16,4.1862583895249e-06,"combined"
6134621717.99252,9.78778778778779,2.80327211853888e-16,3.95975881260733e-06,"combined"
6321218475.81245,9.8008008008008,2.57297710659314e-16,3.74500508336232e-06,"combined"
6513490946.27281,9.81381381381381,2.36128039291757e-16,3.54141696516104e-06,"combined"
6711611767.49627,9.82682682682683,2.16670693922256e-16,3.34844129869497e-06,"combined"
6915758828.73852,9.83983983983984,1.98789646723824e-16,3.16555082249088e-06,"combined"
7126115430.11176,9.85285285285285,1.82359471124118e-16,2.99224304050468e-06,"combined"
7342870447.16676,9.86586586586587,1.67264532287327e-16,2.82803913512626e-06,"combined"
7566218500.48106,9.87887887887888,1.53398238074972e-16,2.67248292397737e-06,"combined"
7796360130.40522,9.89189189189189,1.40662346072414e-16,2.52513985893223e-06,"combined"
8033501977.12473,9.9049049049049,1.28966322581766e-16,2.385596065837e-06,"combined"
8277856966.19849,9.91791791791792,1.18226749774151e-16,2.25345742345162e-06,"combined"
8529644499.74102,9.93093093093093,1.08366777466146e-16,2.1283486801812e-06,"combined"
8789090653.41996,9.94394394394394,9.93156162382958e-17,2.009912607209e-06,"combined"
9056428379.44528,9.95695695695696,9.10080688490641e-17,1.89780918668633e-06,"combined"
9331897715.73324,9.96996996996997,8.33840971164714e-17,1.79171483367596e-06,"combined"
9615746001.43212,9.98298298298298,7.63884216434752e-17,1.69132165058819e-06,"combined"
9908228099.00379,9.995995995996,6.99701519524292e-17,1.5963367128875e-06,"combined"
10209606623.0605,10.009009009009,6.4082444770117e-17,1.50648138488815e-06,"combined"
10520152176.1616,10.022022022022,5.86821883685302e-17,1.42149066449487e-06,"combined"
10840143591.7833,10.035035035035,5.37297110186714e-17,1.34111255578229e-06,"combined"
11169868184.6782,10.048048048048,4.91885117560946e-17,1.26510746834326e-06,"combined"
11509622008.8503,10.0610610610611,4.50250117881893e-17,1.19324764237168e-06,"combined"
11859710123.3767,10.0740740740741,4.12083249952978e-17,1.12531659848029e-06,"combined"
12220446866.3149,10.0870870870871,3.77100460910628e-17,1.06110861128734e-06,"combined"
12592156136.9415,10.1001001001001,3.45040551126627e-17,1.00042820583907e-06,"combined"
12975171686.5759,10.1131131131131,3.15663370093275e-17,9.43089675966869e-07,"combined"
13369837418.2495,10.1261261261261,2.88748151882479e-17,8.88916623708964e-07,"combined"
13776507695.4905,10.1391391391391,2.6409197961203e-17,8.37741518956929e-07,"combined"
14195547660.501,10.1521521521522,2.41508369133911e-17,7.89405278516527e-07,"combined"
14627333562.0113,10.1651651651652,2.20825962884517e-17,7.43756863800932e-07,"combined"
15072253093.1076,10.1781781781782,2.01887325509575e-17,7.00652896402394e-07,"combined"
15530705739.3346,10.1911911911912,1.84547833500492e-17,6.5995729081502e-07,"combined"
16003103137.387,10.2042042042042,1.6867465165763e-17,6.21540903607704e-07,"combined"
16489869444.7106,10.2172172172172,1.5414578973278e-17,5.85281198371661e-07,"combined"
16991441720.3463,10.2302302302302,1.40849233100467e-17,5.51061925791445e-07,"combined"
17508270317.3573,10.2432432432432,1.28682141769152e-17,5.1877281821248e-07,"combined"
18040819287.1938,10.2562562562563,1.17550112470708e-17,4.88309298101046e-07,"combined"
18589566796.3569,10.2692692692693,1.07366498962752e-17,4.5957219981526e-07,"combined"
19155005555.7352,10.2822822822823,9.80517860454254e-18,4.32467504127366e-07,"combined"
19737643263.0026,10.2952952952953,8.95330131341351e-18,4.06906084958487e-07,"combined"
20338003058.4698,10.3083083083083,8.17432435447869e-18,3.82803467807694e-07,"combined"
20956623994.8043,10.3213213213213,7.46210759395283e-18,3.60079599376719e-07,"combined"
21594061521.0357,10.3343343343343,6.81101946511357e-18,3.38658627910905e-07,"combined"
22250887981.2836,10.3473473473473,6.2158955854089e-18,3.18468693795422e-07,"combined"
22927693128.6565,10.3603603603604,5.67200067817591e-18,2.99441729963583e-07,"combined"
23625084654.7795,10.3733733733734,5.17499354032629e-18,2.8151327169149e-07,"combined"
24343688735.4311,10.3863863863864,4.72089481716623e-18,2.64622275369838e-07,"combined"
25084150592.7754,10.3993993993994,4.30605736384746e-18,2.48710945859867e-07,"combined"
25847135074.6956,10.4124124124124,3.92713898990429e-18,2.33724572056091e-07,"combined"
26633327251.7498,10.4254254254254,3.58107739900782e-18,2.19611370293364e-07,"combined"
27443433032.2837,10.4384384384384,3.26506715057452e-18,2.06322335250535e-07,"combined"
28278179796.2534,10.4514514514515,2.97653848326733e-18,1.93811098016784e-07,"combined"
29138317048.3279,10.4644644644645,2.71313785282395e-18,1.820337910004e-07,"combined"
30024617090.8554,10.4774774774775,2.4727100481001e-18,1.70948919372764e-07,"combined"
30937875717.3014,10.4904904904905,2.25328175979867e-18,1.60517238752857e-07,"combined"
31878912926.7765,10.5035035035035,2.05304648613861e-18,1.50701638849781e-07,"combined"
32848573660.3004,10.5165165165165,1.87035066874892e-18,1.41467032792458e-07,"combined"
33847728559.4598,10.5295295295295,1.70368096042014e-18,1.32780251886936e-07,"combined"
34877274748.1417,10.5425425425425,1.55165253405131e-18,1.24609945552597e-07,"combined"
35938136638.0463,10.5555555555556,1.41299834924641e-18,1.16926486198974e-07,"combined"
37031266758.6993,10.5685685685686,1.28655929958381e-18,1.09701878814998e-07,"combined"
38157646612.7124,10.5815815815816,1.17127516964618e-18,1.02909675052145e-07,"combined"
39318287557.0577,10.5945945945946,1.06617633649455e-18,9.6524891592248e-08,"combined"
40514231711.1464,10.6076076076076,9.70376155435133e-19,9.05239325997888e-08,"combined"
41746552892.5313,10.6206206206206,8.83063974690806e-19,8.48845160669823e-08,"combined"
43016357581.068,10.6336336336336,8.03498727985898e-19,7.95856038683772e-08,"combined"
44324785912.4039,10.6466466466466,7.31003058105129e-19,7.46073353495663e-08,"combined"
45673012701.6875,10.6596596596597,6.64957928226655e-19,6.9930964282317e-08,"combined"
47062248498.4127,10.6726726726727,6.04797681275646e-19,6.55387990257697e-08,"combined"
48493740673.3523,10.6856856856857,5.5000551072187e-19,6.14141457404073e-08,"combined"
49968774538.5489,10.6986986986987,5.00109309174065e-19,5.75412545083064e-08,"combined"
51488674501.3749,10.7117117117117,4.54677863822157e-19,5.39052682196745e-08,"combined"
53054805253.6957,10.7247247247247,4.13317370265932e-19,5.04921740919413e-08,"combined"
54668572997.2017,10.7377377377377,3.75668238559589e-19,4.72887576936796e-08,"combined"
56331426706.0135,10.7507507507508,3.41402167412102e-19,4.42825593513597e-08,"combined"
58044859427.6898,10.7637637637638,3.10219464427145e-19,4.14618328224998e-08,"combined"
59810409623.8093,10.7767767767768,2.81846592056089e-19,3.88155061240326e-08,"combined"
61629662551.3294,10.7897897897898,2.56033920585441e-19,3.63331444098098e-08,"combined"
63504251685.9597,10.8028028028028,2.32553670997209e-19,3.40049147960173e-08,"combined"
65435860188.8323,10.8158158158158,2.11198031936697e-19,3.18215530379333e-08,"combined"
67426222417.7835,10.8288288288288,1.91777436307196e-19,2.97743319659351e-08,"combined"
69477125484.6022,10.8418418418418,1.74118984193312e-19,2.78550315929297e-08,"combined"
71590410859.6489,10.8548548548549,1.58064999902063e-19,2.60559108094766e-08,"combined"
73767976025.2775,10.8678678678679,1.43471711911486e-19,2.43696805867998e-08,"combined"
76011776179.5532,10.8808808808809,1.30208045436306e-19,2.27894786116264e-08,"combined"
78323825991.792,10.8938938938939,1.18154518166304e-19,2.13088452803854e-08,"combined"
80706201411.4949,10.9069069069069,1.07202230510764e-19,1.99217009837362e-08,"combined"
83161041532.3096,10.9199199199199,9.72519423972704e-20,1.86223246156712e-08,"combined"
85690550512.6837,10.9329329329329,8.82132293302827e-20,1.7405333244592e-08,"combined"
88296999554.9408,10.9459459459459,8.00037110187029e-20,1.62656628867452e-08,"combined"
90982728944.5557,10.958958958959,7.25483464364204e-20,1.51985503252858e-08,"combined"
93750150151.4527,10.971971971972,6.57787896895502e-20,1.41995159209734e-08,"combined"
96601747995.2265,10.984984984985,5.96328015320966e-20,1.32643473631244e-08,"combined"
99540082876.2154,10.997997997998,5.40537118017571e-20,1.23890843119498e-08,"combined"
102567793074.442,11.011011011011,4.8989928442279e-20,1.15700038857936e-08,"combined"
105687597118.48,11.024024024024,4.43944891411767e-20,1.08036069490716e-08,"combined"
108902296226.373,11.037037037037,4.02246519442971e-20,1.00866051588848e-08,"combined"
112214776820.798,11.05005005005,3.64415215139703e-20,9.41590873036101e-09,"combined"
115628013120.738,11.0630630630631,3.30097079776907e-20,8.78861488276146e-09,"combined"
119145069811.977,11.0760760760761,2.98970155712568e-20,8.201996930278e-09,"combined"
122769104798.836,11.0890890890891,2.70741585161245e-20,7.65349398325262e-09,"combined"
126503372039.59,11.1021021021021,2.45145017869758e-20,7.14070122726957e-09,"combined"
130351224468.151,11.1151151151151,2.21938246238322e-20,6.66136074920793e-09,"combined"
134316117004.602,11.1281281281281,2.00901048249018e-20,6.21335288090842e-09,"combined"
138401609657.313,11.1411411411411,1.81833220230411e-20,5.79468803259342e-09,"combined"
142611370719.413,11.1541541541542,1.64552783015439e-20,5.40349898959883e-09,"combined"
146949180062.481,11.1671671671672,1.48894346450059e-20,5.03803364732809e-09,"combined"
151418932530.435,11.1801801801802,1.34707618493449e-20,4.69664816062271e-09,"combined"
156024641436.637,11.1931931931932,1.21856046326389e-20,4.37780048497056e-09,"combined"
160770442167.382,11.2062062062062,1.10215577961401e-20,4.08004428813702e-09,"combined"
165660595894.992,11.2192192192192,9.96735338347516e-21,3.80202321191427e-09,"combined"
170699493403.84,11.2322322322322,9.01275787638012e-21,3.54246546474028e-09,"combined"
175891659032.773,11.2452452452452,8.14847854802301e-21,3.30017872694042e-09,"combined"
181241754737.424,11.2582582582583,7.36607817070279e-21,3.07404535130292e-09,"combined"
186754584276.107,11.2712712712713,6.65789734401044e-21,2.86301784260443e-09,"combined"
192435097523.033,11.2842842842843,6.01698377298028e-21,2.66611460056704e-09,"combined"
198288394912.707,11.2972972972973,5.43702788379862e-21,2.48241591154782e-09,"combined"
204319732019.527,11.3103103103103,4.91230421773862e-21,2.31106017504117e-09,"combined"
210534524276.671,11.3233233233233,4.43761809257296e-21,2.1512403518162e-09,"combined"
216938351838.518,11.3363363363363,4.00825706513929e-21,2.00220062121379e-09,"combined"
223536964590.98,11.3493493493493,3.61994676936723e-21,1.86323323579673e-09,"combined"
230336287314.213,11.3623623623624,3.26881074122187e-21,1.73367556218131e-09,"combined"
237342425002.387,11.3753753753754,2.95133387598087e-21,1.61290729747985e-09,"combined"
244561668345.245,11.3883883883884,2.66432919430311e-21,1.50034785135692e-09,"combined"
252000499376.409,11.4014014014014,2.40490762191708e-21,1.39545388424308e-09,"combined"
259665597293.487,11.4144144144144,2.17045051367825e-21,1.29771699276568e-09,"combined"
267563844455.204,11.4274274274274,1.95858467643065e-21,1.20666153394408e-09,"combined"
275702332560.958,11.4404404404404,1.76715966673854e-21,1.12184258015968e-09,"combined"
284088369018.331,11.4534534534535,1.59422715931742e-21,1.04284399735041e-09,"combined"
292729483504.281,11.4664664664665,1.43802220003408e-21,9.69276639295256e-10,"combined"
301633434725.92,11.4794794794795,1.29694617382269e-21,9.00776651249102e-10,"combined"
310808217386.906,11.4924924924925,1.16955133290452e-21,8.37003876562042e-10,"combined"
320262069365.765,11.5055055055055,1.05452674442475e-21,7.77640360271142e-10,"combined"
330003479112.529,11.5185185185185,9.50685529152321e-22,7.22388943988678e-10,"combined"
340041193270.37,11.5315315315315,8.5695327431758e-22,6.70971946728112e-10,"combined"
350384224529.068,11.5445445445445,7.72357514095609e-22,6.23129926610194e-10,"combined"
361041859717.333,11.5575575575576,6.96018180755925e-22,5.78620518676484e-10,"combined"
372023668141.307,11.5705705705706,6.27138938177859e-22,5.37217344306817e-10,"combined"
383339510176.66,11.5835835835836,5.64999317344208e-22,4.98708987992905e-10,"combined"
394999546122.064,11.5965965965966,5.08947580641195e-22,4.62898037461085e-10,"combined"
407014245321.944,11.6096096096096,4.58394248370602e-22,4.29600183366e-10,"combined"
419394395566.718,11.6226226226226,4.12806226875594e-22,3.98643374992812e-10,"combined"
432151112778.976,11.6356356356356,3.71701483145981e-22,3.69867028609665e-10,"combined"
445295850994.266,11.6486486486486,3.34644215747744e-22,3.43121285305429e-10,"combined"
458840412645.475,11.6616616616617,3.01240476457972e-22,3.18266315329989e-10,"combined"
472796959160.039,11.6746746746747,2.71134201118621e-22,2.95171666127055e-10,"combined"
487178021879.462,11.6876876876877,2.44003611986281e-22,2.73715651412309e-10,"combined"
501996513311.008,11.7007007007007,2.19557957282426e-22,2.53784778803653e-10,"combined"
517265738721.602,11.7137137137137,1.9753455676945e-22,2.35273213655877e-10,"combined"
532999408084.408,11.7267267267267,1.77696125018726e-22,2.18082276889192e-10,"combined"
549211648388.779,11.7397397397397,1.59828346622991e-22,2.02119974730923e-10,"combined"
565917016324.623,11.7527527527528,1.43737679958804e-22,1.87300558411954e-10,"combined"
583130511352.622,11.7657657657658,1.29249368246431e-22,1.73544111975003e-10,"combined"
600867589171.969,11.7787787787788,1.16205638602966e-22,1.60776166460957e-10,"combined"
619144175597.783,11.7917917917918,1.0446407155692e-22,1.48927338842184e-10,"combined"
637976680860.628,11.8048048048048,9.38961251046282e-23,1.37932994168848e-10,"combined"
657382014340.96,11.8178178178178,8.43857988548788e-23,1.27732929485733e-10,"combined"
677377599751.775,11.8308308308308,7.58284251411784e-23,1.18271078163342e-10,"combined"
697981390783.067,11.8438438438438,6.81295751928813e-23,1.09495233368358e-10,"combined"
719211887222.118,11.8568568568569,6.12040695580816e-23,1.01356789475274e-10,"combined"
741088151564.157,11.8698698698699,5.49750829721409e-23,9.38105002931768e-11,"combined"
763629826128.226,11.8828828828829,4.93733347756366e-23,8.68142530498211e-11,"combined"
786857150693.684,11.8958958958959,4.43363568118958e-23,8.03288571391941e-11,"combined"
810790980673.169,11.9089089089089,3.98078314852594e-23,7.43178466992259e-11,"combined"
835452805838.285,11.9219219219219,3.57369933431394e-23,6.87472961431745e-11,"combined"
860864769614.924,11.9349349349349,3.20780881642818e-23,6.35856478217545e-11,"combined"
887049688965.442,11.9479479479479,2.87898840980451e-23,5.88035510435313e-11,"combined"
914031074875.622,11.960960960961,2.58352299100013e-23,5.43737117285268e-11,"combined"
941833153464.796,11.973973973974,2.31806558526629e-23,5.02707520146642e-11,"combined"
970480887738.029,11.986986986987,2.07960131007137e-23,4.64710791786853e-11,"combined"
1e+12,12,1.86541480718253e-23,4.29527632726881e-11,"combined"
